cell_id,scenario,foreground_flows,hot_path_groups,background_utilization,seed,run_id,flow_id,round_index,event_seq,event_time_ps,aligned_time_ps,F_ps,S_ps,S_ref_ps,actual_cwnd_bytes,actual_state,hold,round_complete_marker
coarse-f16-h6-u25,persistent,16,6,0.25,101,confirmation_coarse-f16-h6-u25_s101,12,0,22634,295473121,14522400,575040,28471520,28714560,262926,hold,1,1
coarse-f16-h6-u25,persistent,16,6,0.25,101,confirmation_coarse-f16-h6-u25_s101,5,0,22756,296801121,14608000,1827680,29980960,29530880,262926,hold,1,1
coarse-f16-h6-u25,persistent,16,6,0.25,101,confirmation_coarse-f16-h6-u25_s101,9,0,22780,297006721,14396000,1903040,28815520,31360320,262926,hold,1,0
coarse-f16-h6-u25,persistent,16,6,0.25,101,confirmation_coarse-f16-h6-u25_s101,9,0,24009,311450721,28840000,2927040,23781120,31360320,262926,hold,1,1
coarse-f16-h6-u25,persistent,16,6,0.25,101,confirmation_coarse-f16-h6-u25_s101,4,0,23000,299446881,14602880,349120,21056320,18164160,262926,hold,1,0
coarse-f16-h6-u25,persistent,16,6,0.25,101,confirmation_coarse-f16-h6-u25_s101,4,0,24234,314133601,29289600,0,20173280,18164160,262926,hold,1,1
coarse-f16-h6-u25,persistent,16,6,0.25,101,confirmation_coarse-f16-h6-u25_s101,8,0,23203,301849601,15503040,253280,33249120,30627840,262926,hold,1,0
coarse-f16-h6-u25,persistent,16,6,0.25,101,confirmation_coarse-f16-h6-u25_s101,8,0,24457,316614721,30268160,833440,32951840,30627840,262926,hold,1,1
coarse-f16-h6-u25,persistent,16,6,0.25,101,confirmation_coarse-f16-h6-u25_s101,2,0,23274,302670561,15350240,646880,22165280,22507520,262926,hold,1,0
coarse-f16-h6-u25,persistent,16,6,0.25,101,confirmation_coarse-f16-h6-u25_s101,2,0,24519,317470721,30150400,585280,22063840,22507520,262926,hold,1,0
coarse-f16-h6-u25,persistent,16,6,0.25,101,confirmation_coarse-f16-h6-u25_s101,2,0,25769,332466561,45146240,1137440,26666080,22507520,262926,hold,1,0
coarse-f16-h6-u25,persistent,16,6,0.25,101,confirmation_coarse-f16-h6-u25_s101,2,0,27053,348293281,60972960,1305120,33144160,22507520,262926,hold,1,0
coarse-f16-h6-u25,persistent,16,6,0.25,101,confirmation_coarse-f16-h6-u25_s101,2,0,28409,363897281,76576960,3519840,35052160,22507520,262926,hold,1,0
coarse-f16-h6-u25,persistent,16,6,0.25,101,confirmation_coarse-f16-h6-u25_s101,2,0,29708,378558721,91238400,3573280,38496160,22507520,262926,hold,1,0
coarse-f16-h6-u25,persistent,16,6,0.25,101,confirmation_coarse-f16-h6-u25_s101,2,0,31055,393445281,106124960,1302720,41005280,22507520,262926,hold,1,0
coarse-f16-h6-u25,persistent,16,6,0.25,101,confirmation_coarse-f16-h6-u25_s101,2,0,32363,408053281,120732960,1249280,43187840,22507520,262926,hold,1,0
coarse-f16-h6-u25,persistent,16,6,0.25,101,confirmation_coarse-f16-h6-u25_s101,2,0,33593,422457281,135136960,974560,48542720,22507520,262926,hold,1,0
coarse-f16-h6-u25,persistent,16,6,0.25,101,confirmation_coarse-f16-h6-u25_s101,2,0,34820,437065281,149744960,1576160,47813120,22507520,262926,hold,1,0
coarse-f16-h6-u25,persistent,16,6,0.25,101,confirmation_coarse-f16-h6-u25_s101,2,0,36107,452389441,165069120,335839,48517441,22507520,262926,hold,1,0
coarse-f16-h6-u25,persistent,16,6,0.25,101,confirmation_coarse-f16-h6-u25_s101,2,0,37396,467329441,180009120,1628320,46686240,22507520,262926,hold,1,0
coarse-f16-h6-u25,persistent,16,6,0.25,101,confirmation_coarse-f16-h6-u25_s101,2,0,38614,481818561,194498240,3573280,45749280,22507520,262926,hold,1,0
coarse-f16-h6-u25,persistent,16,6,0.25,101,confirmation_coarse-f16-h6-u25_s101,2,0,39888,496545441,209225120,4896160,47329280,22507520,262926,hold,1,0
coarse-f16-h6-u25,persistent,16,6,0.25,101,confirmation_coarse-f16-h6-u25_s101,2,0,41145,511433281,224112960,917280,49833280,22507520,262926,hold,1,0
coarse-f16-h6-u25,persistent,16,6,0.25,101,confirmation_coarse-f16-h6-u25_s101,2,0,42469,525910561,238590240,253280,51465120,22507520,262926,hold,1,0
coarse-f16-h6-u25,persistent,16,6,0.25,101,confirmation_coarse-f16-h6-u25_s101,2,0,43749,540474721,253154400,253280,34677120,22507520,262926,hold,1,0
coarse-f16-h6-u25,persistent,16,6,0.25,101,confirmation_coarse-f16-h6-u25_s101,2,0,45073,554929441,267609120,315840,58142720,22507520,262926,hold,1,0
coarse-f16-h6-u25,persistent,16,6,0.25,101,confirmation_coarse-f16-h6-u25_s101,2,0,46374,569538401,282218080,764000,57873280,22507520,262926,hold,1,0
coarse-f16-h6-u25,persistent,16,6,0.25,101,confirmation_coarse-f16-h6-u25_s101,2,0,47668,584145441,296825120,1249280,52239840,22507520,262926,hold,1,0
coarse-f16-h6-u25,persistent,16,6,0.25,101,confirmation_coarse-f16-h6-u25_s101,2,0,49009,599085441,311765120,1913280,50397440,22507520,262926,hold,1,0
coarse-f16-h6-u25,persistent,16,6,0.25,101,confirmation_coarse-f16-h6-u25_s101,2,0,50312,613578561,326258240,1913280,50195840,22507520,262926,hold,1,0
coarse-f16-h6-u25,persistent,16,6,0.25,101,confirmation_coarse-f16-h6-u25_s101,2,0,51581,628301441,340981120,4377440,47731680,22507520,262926,hold,1,0
coarse-f16-h6-u25,persistent,16,6,0.25,101,confirmation_coarse-f16-h6-u25_s101,2,0,52880,642909441,355589120,1580320,48547520,22507520,262926,hold,1,0
coarse-f16-h6-u25,persistent,16,6,0.25,101,confirmation_coarse-f16-h6-u25_s101,2,0,54097,657513281,370192960,316000,50477440,22507520,262926,hold,1,0
coarse-f16-h6-u25,persistent,16,6,0.25,101,confirmation_coarse-f16-h6-u25_s101,2,0,55381,671868001,384547680,0,50820000,22507520,262926,hold,1,0
coarse-f16-h6-u25,persistent,16,6,0.25,101,confirmation_coarse-f16-h6-u25_s101,2,0,56752,686808001,399487680,326880,55559840,22507520,262926,hold,1,0
coarse-f16-h6-u25,persistent,16,6,0.25,101,confirmation_coarse-f16-h6-u25_s101,2,0,58120,701416001,414095680,1249280,56721120,22507520,262926,hold,1,0
coarse-f16-h6-u25,persistent,16,6,0.25,101,confirmation_coarse-f16-h6-u25_s101,2,0,59444,716688001,429367680,2909280,49130880,22507520,262926,hold,1,0
coarse-f16-h6-u25,persistent,16,6,0.25,101,confirmation_coarse-f16-h6-u25_s101,2,0,60666,731106561,443786240,178720,52534720,22507520,262926,hold,1,0
coarse-f16-h6-u25,persistent,16,6,0.25,101,confirmation_coarse-f16-h6-u25_s101,2,0,61867,745600161,458279840,0,50310720,22507520,262926,hold,1,0
coarse-f16-h6-u25,persistent,16,6,0.25,101,confirmation_coarse-f16-h6-u25_s101,2,0,63122,760418561,473098240,1134880,34199680,22507520,262926,hold,1,0
coarse-f16-h6-u25,persistent,16,6,0.25,101,confirmation_coarse-f16-h6-u25_s101,2,0,64431,775341281,488020960,2765280,46862560,22507520,262926,hold,1,0
coarse-f16-h6-u25,persistent,16,6,0.25,101,confirmation_coarse-f16-h6-u25_s101,2,0,65752,789756161,502435840,3573280,50023840,22507520,262926,hold,1,0
coarse-f16-h6-u25,persistent,16,6,0.25,101,confirmation_coarse-f16-h6-u25_s101,2,0,67008,804125120,516804799,485119,52718561,22507520,262926,hold,1,0
coarse-f16-h6-u25,persistent,16,6,0.25,101,confirmation_coarse-f16-h6-u25_s101,2,0,68318,818718881,531398560,30240,51546719,22507520,262926,hold,1,0
coarse-f16-h6-u25,persistent,16,6,0.25,101,confirmation_coarse-f16-h6-u25_s101,2,0,69580,833365441,546045120,1240960,45941600,22507520,262926,hold,1,0
coarse-f16-h6-u25,persistent,16,6,0.25,101,confirmation_coarse-f16-h6-u25_s101,2,0,70873,848026561,560706240,1951840,45369600,22507520,262926,hold,1,0
coarse-f16-h6-u25,persistent,16,6,0.25,101,confirmation_coarse-f16-h6-u25_s101,2,0,72108,862706561,575386240,0,45408160,22507520,262926,hold,1,0
coarse-f16-h6-u25,persistent,16,6,0.25,101,confirmation_coarse-f16-h6-u25_s101,2,0,73410,877600161,590279840,745440,49107520,22507520,262926,hold,1,0
coarse-f16-h6-u25,persistent,16,6,0.25,101,confirmation_coarse-f16-h6-u25_s101,2,0,74799,893204161,605883840,3097280,48401280,22507520,262926,hold,1,0
coarse-f16-h6-u25,persistent,16,6,0.25,101,confirmation_coarse-f16-h6-u25_s101,2,0,76134,907866561,620546240,1583680,53914720,22507520,262926,hold,1,0
coarse-f16-h6-u25,persistent,16,6,0.25,101,confirmation_coarse-f16-h6-u25_s101,2,0,77447,923105441,635785120,187840,55802560,22507520,262926,hold,1,0
coarse-f16-h6-u25,persistent,16,6,0.25,101,confirmation_coarse-f16-h6-u25_s101,2,0,78727,937608161,650287840,392160,54134240,22507520,262926,hold,1,0
coarse-f16-h6-u25,persistent,16,6,0.25,101,confirmation_coarse-f16-h6-u25_s101,2,0,80009,952548161,665227840,1144000,49723680,22507520,262926,hold,1,0
coarse-f16-h6-u25,persistent,16,6,0.25,101,confirmation_coarse-f16-h6-u25_s101,2,0,81343,967156161,679835840,3558880,48352800,22507520,262926,hold,1,0
coarse-f16-h6-u25,persistent,16,6,0.25,101,confirmation_coarse-f16-h6-u25_s101,2,0,82680,982096161,694775840,446400,53120480,22507520,262926,hold,1,0
coarse-f16-h6-u25,persistent,16,6,0.25,101,confirmation_coarse-f16-h6-u25_s101,2,0,83925,996782561,709462240,298720,51839840,22507520,262926,hold,1,0
coarse-f16-h6-u25,persistent,16,6,0.25,101,confirmation_coarse-f16-h6-u25_s101,2,0,85174,1011353441,724033120,245120,53492320,22507520,262926,hold,1,0
coarse-f16-h6-u25,persistent,16,6,0.25,101,confirmation_coarse-f16-h6-u25_s101,2,0,86500,1026008161,738687840,300000,56806560,22507520,262926,hold,1,0
coarse-f16-h6-u25,persistent,16,6,0.25,101,confirmation_coarse-f16-h6-u25_s101,2,0,87882,1040542561,753222240,276000,56837280,22507520,262926,hold,1,0
coarse-f16-h6-u25,persistent,16,6,0.25,101,confirmation_coarse-f16-h6-u25_s101,2,0,89297,1055273441,767953120,626560,58525120,22507520,262926,hold,1,0
coarse-f16-h6-u25,persistent,16,6,0.25,101,confirmation_coarse-f16-h6-u25_s101,2,0,90586,1069881441,782561120,1249280,54904000,22507520,262926,hold,1,0
coarse-f16-h6-u25,persistent,16,6,0.25,101,confirmation_coarse-f16-h6-u25_s101,2,0,91839,1084469441,797149120,202720,56790560,22507520,262926,hold,1,0
coarse-f16-h6-u25,persistent,16,6,0.25,101,confirmation_coarse-f16-h6-u25_s101,2,0,93085,1098910561,811590240,565280,53958400,22507520,262926,hold,1,0
coarse-f16-h6-u25,persistent,16,6,0.25,101,confirmation_coarse-f16-h6-u25_s101,2,0,94393,1113452161,826131840,1249280,52650400,22507520,262926,hold,1,0
coarse-f16-h6-u25,persistent,16,6,0.25,101,confirmation_coarse-f16-h6-u25_s101,2,0,95854,1129720161,842399840,3506880,49945120,22507520,262926,hold,1,0
coarse-f16-h6-u25,persistent,16,6,0.25,101,confirmation_coarse-f16-h6-u25_s101,2,0,97181,1144992161,857671840,2146560,46702400,22507520,262926,hold,1,0
coarse-f16-h6-u25,persistent,16,6,0.25,101,confirmation_coarse-f16-h6-u25_s101,2,0,98389,1159501441,872181120,486560,55444000,22507520,262926,hold,1,0
coarse-f16-h6-u25,persistent,16,6,0.25,101,confirmation_coarse-f16-h6-u25_s101,2,0,99654,1174537120,887216799,165280,57468000,22507520,262926,hold,1,0
coarse-f16-h6-u25,persistent,16,6,0.25,101,confirmation_coarse-f16-h6-u25_s101,2,0,100956,1189104161,901783840,7839,56021441,22507520,262926,hold,1,0
coarse-f16-h6-u25,persistent,16,6,0.25,101,confirmation_coarse-f16-h6-u25_s101,2,0,102189,1203493601,916173280,661280,52449440,22507520,262926,hold,1,0
coarse-f16-h6-u25,persistent,16,6,0.25,101,confirmation_coarse-f16-h6-u25_s101,2,0,103481,1217933441,930613120,2664320,51442400,22507520,262926,hold,1,0
coarse-f16-h6-u25,persistent,16,6,0.25,101,confirmation_coarse-f16-h6-u25_s101,2,0,104831,1232377601,945057280,2306400,51524320,22507520,262926,hold,1,0
coarse-f16-h6-u25,persistent,16,6,0.25,101,confirmation_coarse-f16-h6-u25_s101,2,0,106175,1247149441,959829120,125280,53993120,22507520,262926,hold,1,0
coarse-f16-h6-u25,persistent,16,6,0.25,101,confirmation_coarse-f16-h6-u25_s101,2,0,107446,1261595841,974275520,1581280,50691040,22507520,262926,hold,1,0
coarse-f16-h6-u25,persistent,16,6,0.25,101,confirmation_coarse-f16-h6-u25_s101,2,0,108651,1276502881,989182560,199840,49710400,22507520,262926,hold,1,0
coarse-f16-h6-u25,persistent,16,6,0.25,101,confirmation_coarse-f16-h6-u25_s101,2,0,109900,1291330561,1004010240,48000,48698400,22507520,262926,hold,1,0
coarse-f16-h6-u25,persistent,16,6,0.25,101,confirmation_coarse-f16-h6-u25_s101,2,0,111161,1305718881,1018398560,610400,49457600,22507520,262926,hold,1,0
coarse-f16-h6-u25,persistent,16,6,0.25,101,confirmation_coarse-f16-h6-u25_s101,2,0,112428,1320189441,1032869120,3020320,46200800,22507520,262926,hold,1,0
coarse-f16-h6-u25,persistent,16,6,0.25,101,confirmation_coarse-f16-h6-u25_s101,2,0,113712,1334602881,1047282560,2909280,49790720,22507520,262926,hold,1,0
coarse-f16-h6-u25,persistent,16,6,0.25,101,confirmation_coarse-f16-h6-u25_s101,2,0,115051,1349210881,1061890560,2382720,43354560,22507520,262926,hold,1,0
coarse-f16-h6-u25,persistent,16,6,0.25,101,confirmation_coarse-f16-h6-u25_s101,2,0,116380,1363582561,1076262240,447840,55501440,22507520,262926,hold,1,0
coarse-f16-h6-u25,persistent,16,6,0.25,101,confirmation_coarse-f16-h6-u25_s101,2,0,117734,1378243841,1090923520,1079840,53717120,22507520,262926,hold,1,0
coarse-f16-h6-u25,persistent,16,6,0.25,101,confirmation_coarse-f16-h6-u25_s101,2,0,119120,1393724001,1106403680,1965280,56081120,22507520,262926,hold,1,0
coarse-f16-h6-u25,persistent,16,6,0.25,101,confirmation_coarse-f16-h6-u25_s101,2,0,120424,1409328001,1122007680,1457440,55017280,22507520,262926,hold,1,0
coarse-f16-h6-u25,persistent,16,6,0.25,101,confirmation_coarse-f16-h6-u25_s101,2,0,121679,1423936001,1136615680,3905280,52813120,22507520,262926,hold,1,0
coarse-f16-h6-u25,persistent,16,6,0.25,101,confirmation_coarse-f16-h6-u25_s101,2,0,123000,1439045441,1151725120,2720,55794560,22507520,262926,hold,1,0
coarse-f16-h6-u25,persistent,16,6,0.25,101,confirmation_coarse-f16-h6-u25_s101,2,0,124346,1454353281,1167032960,60160,53613280,22507520,262926,hold,1,0
coarse-f16-h6-u25,persistent,16,6,0.25,101,confirmation_coarse-f16-h6-u25_s101,2,0,125645,1469293281,1181972960,377120,44569440,22507520,262926,hold,1,0
coarse-f16-h6-u25,persistent,16,6,0.25,101,confirmation_coarse-f16-h6-u25_s101,2,0,126987,1483901281,1196580960,2134560,53768000,22507520,262926,hold,1,0
coarse-f16-h6-u25,persistent,16,6,0.25,101,confirmation_coarse-f16-h6-u25_s101,2,0,128431,1499266561,1211946240,3364160,52538400,22507520,262926,hold,1,0
coarse-f16-h6-u25,persistent,16,6,0.25,101,confirmation_coarse-f16-h6-u25_s101,2,0,129861,1514671840,1227351519,756000,55141440,22507520,262926,hold,1,0
coarse-f16-h6-u25,persistent,16,6,0.25,101,confirmation_coarse-f16-h6-u25_s101,2,0,131214,1530275840,1242955519,0,54151840,22507520,262926,hold,1,0
coarse-f16-h6-u25,persistent,16,6,0.25,101,confirmation_coarse-f16-h6-u25_s101,2,0,132445,1544738561,1257418240,108001,55090399,22507520,262926,hold,1,0
coarse-f16-h6-u25,persistent,16,6,0.25,101,confirmation_coarse-f16-h6-u25_s101,2,0,133766,1559902560,1272582239,73119,57257440,22507520,262926,hold,1,0
coarse-f16-h6-u25,persistent,16,6,0.25,101,confirmation_coarse-f16-h6-u25_s101,2,0,135054,1574326881,1287006560,1644001,57662559,22507520,262926,hold,1,0
coarse-f16-h6-u25,persistent,16,6,0.25,101,confirmation_coarse-f16-h6-u25_s101,2,0,136455,1589272001,1301951680,2593279,54824001,22507520,262926,hold,1,0
coarse-f16-h6-u25,persistent,16,6,0.25,101,confirmation_coarse-f16-h6-u25_s101,2,0,137791,1604538881,1317218560,4237280,50006560,22507520,262926,hold,1,0
coarse-f16-h6-u25,persistent,16,6,0.25,101,confirmation_coarse-f16-h6-u25_s101,2,0,139040,1619146881,1331826560,4717601,51203678,22507520,262926,hold,1,0
coarse-f16-h6-u25,persistent,16,6,0.25,101,confirmation_coarse-f16-h6-u25_s101,2,0,140272,1633606560,1346286239,2581281,56691999,22507520,262926,hold,1,0
coarse-f16-h6-u25,persistent,16,6,0.25,101,confirmation_coarse-f16-h6-u25_s101,2,0,141648,1648982561,1361662240,1017280,60776000,22507520,262926,hold,1,0
coarse-f16-h6-u25,persistent,16,6,0.25,101,confirmation_coarse-f16-h6-u25_s101,2,0,143023,1664029441,1376709120,226880,58418401,22507520,262926,hold,1,0
coarse-f16-h6-u25,persistent,16,6,0.25,101,confirmation_coarse-f16-h6-u25_s101,14,0,23303,302941441,15350720,167680,36684320,40757280,262926,hold,1,1
coarse-f16-h6-u25,persistent,16,6,0.25,101,confirmation_coarse-f16-h6-u25_s101,13,0,23248,302370881,14448160,681120,26225600,22261120,262926,hold,1,1
coarse-f16-h6-u25,persistent,16,6,0.25,101,confirmation_coarse-f16-h6-u25_s101,1,0,23470,304854721,15604000,3000000,24730560,29638720,262926,hold,1,0
coarse-f16-h6-u25,persistent,16,6,0.25,101,confirmation_coarse-f16-h6-u25_s101,1,0,24710,319794721,30544000,1913280,24078560,29638720,262926,hold,1,1
coarse-f16-h6-u25,persistent,16,6,0.25,101,confirmation_coarse-f16-h6-u25_s101,10,0,23557,306054721,15898720,1208160,33844160,29441920,262926,hold,1,0
coarse-f16-h6-u25,persistent,16,6,0.25,101,confirmation_coarse-f16-h6-u25_s101,10,0,24821,321070721,30914720,1021280,35036000,29441920,262926,hold,1,1
coarse-f16-h6-u25,persistent,16,6,0.25,101,confirmation_coarse-f16-h6-u25_s101,3,0,23554,306013281,15520160,0,37019680,37267840,262926,hold,1,0
coarse-f16-h6-u25,persistent,16,6,0.25,101,confirmation_coarse-f16-h6-u25_s101,3,0,24824,321085281,30592160,345440,34506560,37267840,262926,hold,1,0
coarse-f16-h6-u25,persistent,16,6,0.25,101,confirmation_coarse-f16-h6-u25_s101,3,0,26011,335454721,44961600,265280,30996160,37267840,262926,hold,1,0
coarse-f16-h6-u25,persistent,16,6,0.25,101,confirmation_coarse-f16-h6-u25_s101,3,0,27237,350398561,59905440,274560,31524160,37267840,262926,hold,1,0
coarse-f16-h6-u25,persistent,16,6,0.25,101,confirmation_coarse-f16-h6-u25_s101,3,0,28510,365022721,74529600,121440,39349280,37267840,262926,hold,1,0
coarse-f16-h6-u25,persistent,16,6,0.25,101,confirmation_coarse-f16-h6-u25_s101,3,0,29816,379790721,89297600,1409280,41133440,37267840,262926,hold,1,0
coarse-f16-h6-u25,persistent,16,6,0.25,101,confirmation_coarse-f16-h6-u25_s101,3,0,31168,394650721,104157600,1529280,42249440,37267840,262926,hold,1,0
coarse-f16-h6-u25,persistent,16,6,0.25,101,confirmation_coarse-f16-h6-u25_s101,3,0,32469,409298721,118805600,5117280,44556160,37267840,262926,hold,1,0
coarse-f16-h6-u25,persistent,16,6,0.25,101,confirmation_coarse-f16-h6-u25_s101,3,0,33713,423826721,133333600,4877280,47412000,37267840,262926,hold,1,0
coarse-f16-h6-u25,persistent,16,6,0.25,101,confirmation_coarse-f16-h6-u25_s101,3,0,34951,438502721,148009600,4029280,50880000,37267840,262926,hold,1,0
coarse-f16-h6-u25,persistent,16,6,0.25,101,confirmation_coarse-f16-h6-u25_s101,3,0,36207,453566721,163073600,3061280,47532000,37267840,262926,hold,1,0
coarse-f16-h6-u25,persistent,16,6,0.25,101,confirmation_coarse-f16-h6-u25_s101,3,0,37487,468334721,177841600,3033280,47312000,37267840,262926,hold,1,0
coarse-f16-h6-u25,persistent,16,6,0.25,101,confirmation_coarse-f16-h6-u25_s101,3,0,38696,482770721,192277600,2369280,49212000,37267840,262926,hold,1,0
coarse-f16-h6-u25,persistent,16,6,0.25,101,confirmation_coarse-f16-h6-u25_s101,3,0,39981,497566721,207073600,2461280,51472000,37267840,262926,hold,1,0
coarse-f16-h6-u25,persistent,16,6,0.25,101,confirmation_coarse-f16-h6-u25_s101,3,0,41242,512602721,222109600,1797280,50624000,37267840,262926,hold,1,0
coarse-f16-h6-u25,persistent,16,6,0.25,101,confirmation_coarse-f16-h6-u25_s101,3,0,42590,527194721,236701600,1501280,49664000,37267840,262926,hold,1,0
coarse-f16-h6-u25,persistent,16,6,0.25,101,confirmation_coarse-f16-h6-u25_s101,3,0,43879,541934721,251441600,1741280,53676000,37267840,262926,hold,1,0
coarse-f16-h6-u25,persistent,16,6,0.25,101,confirmation_coarse-f16-h6-u25_s101,3,0,45214,556554721,266061600,3189280,55572160,37267840,262926,hold,1,0
coarse-f16-h6-u25,persistent,16,6,0.25,101,confirmation_coarse-f16-h6-u25_s101,3,0,46546,571266721,280773600,4185280,55364000,37267840,262926,hold,1,0
coarse-f16-h6-u25,persistent,16,6,0.25,101,confirmation_coarse-f16-h6-u25_s101,3,0,47841,586090721,295597600,6713280,51544000,37267840,262926,hold,1,0
coarse-f16-h6-u25,persistent,16,6,0.25,101,confirmation_coarse-f16-h6-u25_s101,3,0,49185,600978721,310485600,5053280,51184000,37267840,262926,hold,1,0
coarse-f16-h6-u25,persistent,16,6,0.25,101,confirmation_coarse-f16-h6-u25_s101,3,0,50528,615866721,325373600,3881280,52052000,37267840,262926,hold,1,0
coarse-f16-h6-u25,persistent,16,6,0.25,101,confirmation_coarse-f16-h6-u25_s101,3,0,51770,630442721,339949600,3181280,48576000,37267840,262926,hold,1,0
coarse-f16-h6-u25,persistent,16,6,0.25,101,confirmation_coarse-f16-h6-u25_s101,3,0,53091,645542721,355049600,3329280,48004000,37267840,262926,hold,1,0
coarse-f16-h6-u25,persistent,16,6,0.25,101,confirmation_coarse-f16-h6-u25_s101,3,0,54337,660190721,369697600,1557280,51436000,37267840,262926,hold,1,0
coarse-f16-h6-u25,persistent,16,6,0.25,101,confirmation_coarse-f16-h6-u25_s101,3,0,55644,674902721,384409600,1197280,53096000,37267840,262926,hold,1,0
coarse-f16-h6-u25,persistent,16,6,0.25,101,confirmation_coarse-f16-h6-u25_s101,3,0,57042,689882721,399389600,2377280,56592000,37267840,262926,hold,1,0
coarse-f16-h6-u25,persistent,16,6,0.25,101,confirmation_coarse-f16-h6-u25_s101,3,0,58404,704622721,414129600,5449280,56720000,37267840,262926,hold,1,0
coarse-f16-h6-u25,persistent,16,6,0.25,101,confirmation_coarse-f16-h6-u25_s101,3,0,59648,719270721,428777600,4545280,58296000,37267840,262926,hold,1,0
coarse-f16-h6-u25,persistent,16,6,0.25,101,confirmation_coarse-f16-h6-u25_s101,3,0,60905,734122721,443629600,6253280,50704000,37267840,262926,hold,1,0
coarse-f16-h6-u25,persistent,16,6,0.25,101,confirmation_coarse-f16-h6-u25_s101,3,0,62122,748762721,458269600,2333280,52928000,37267840,262926,hold,1,0
coarse-f16-h6-u25,persistent,16,6,0.25,101,confirmation_coarse-f16-h6-u25_s101,3,0,63416,763530721,473037600,2277280,49360000,37267840,262926,hold,1,0
coarse-f16-h6-u25,persistent,16,6,0.25,101,confirmation_coarse-f16-h6-u25_s101,3,0,64704,778298721,487805600,2673280,49684000,37267840,262926,hold,1,0
coarse-f16-h6-u25,persistent,16,6,0.25,101,confirmation_coarse-f16-h6-u25_s101,3,0,66026,792974721,502481600,2581280,52460000,37267840,262926,hold,1,0
coarse-f16-h6-u25,persistent,16,6,0.25,101,confirmation_coarse-f16-h6-u25_s101,3,0,67350,807982721,517489600,3909280,53453440,37267840,262926,hold,1,0
coarse-f16-h6-u25,persistent,16,6,0.25,101,confirmation_coarse-f16-h6-u25_s101,3,0,68700,823046721,532553600,3245280,48520000,37267840,262926,hold,1,0
coarse-f16-h6-u25,persistent,16,6,0.25,101,confirmation_coarse-f16-h6-u25_s101,3,0,69950,837694721,547201600,3181280,48040000,37267840,262926,hold,1,0
coarse-f16-h6-u25,persistent,16,6,0.25,101,confirmation_coarse-f16-h6-u25_s101,3,0,71229,852278721,561785600,3725280,46804000,37267840,262926,hold,1,0
coarse-f16-h6-u25,persistent,16,6,0.25,101,confirmation_coarse-f16-h6-u25_s101,3,0,72487,866834721,576341600,4269280,46104000,37267840,262926,hold,1,0
coarse-f16-h6-u25,persistent,16,6,0.25,101,confirmation_coarse-f16-h6-u25_s101,3,0,73737,881454721,590961600,3789280,48908000,37267840,262926,hold,1,0
coarse-f16-h6-u25,persistent,16,6,0.25,101,confirmation_coarse-f16-h6-u25_s101,3,0,75098,896434721,605941600,4065280,26548000,37267840,262926,hold,1,0
coarse-f16-h6-u25,persistent,16,6,0.25,101,confirmation_coarse-f16-h6-u25_s101,3,0,76406,911082721,620589600,3217280,56148000,37267840,262926,hold,1,0
coarse-f16-h6-u25,persistent,16,6,0.25,101,confirmation_coarse-f16-h6-u25_s101,3,0,77679,925786721,635293600,4785280,55604000,37267840,262926,hold,1,0
coarse-f16-h6-u25,persistent,16,6,0.25,101,confirmation_coarse-f16-h6-u25_s101,3,0,78984,940694721,650201600,4381280,54864000,37267840,262926,hold,1,0
coarse-f16-h6-u25,persistent,16,6,0.25,101,confirmation_coarse-f16-h6-u25_s101,3,0,80283,955342721,664849600,1549280,51056000,37267840,262926,hold,1,0
coarse-f16-h6-u25,persistent,16,6,0.25,101,confirmation_coarse-f16-h6-u25_s101,3,0,81578,969934721,679441600,1565280,53364000,37267840,262926,hold,1,0
coarse-f16-h6-u25,persistent,16,6,0.25,101,confirmation_coarse-f16-h6-u25_s101,3,0,82907,984434721,693941600,2193280,54212000,37267840,262926,hold,1,0
coarse-f16-h6-u25,persistent,16,6,0.25,101,confirmation_coarse-f16-h6-u25_s101,3,0,84121,999110721,708617600,3669280,54728000,37267840,262926,hold,1,0
coarse-f16-h6-u25,persistent,16,6,0.25,101,confirmation_coarse-f16-h6-u25_s101,3,0,85403,1013786721,723293600,2397280,52964000,37267840,262926,hold,1,0
coarse-f16-h6-u25,persistent,16,6,0.25,101,confirmation_coarse-f16-h6-u25_s101,3,0,86749,1028462721,737969600,2341280,32976000,37267840,262926,hold,1,0
coarse-f16-h6-u25,persistent,16,6,0.25,101,confirmation_coarse-f16-h6-u25_s101,3,0,88116,1042926721,752433600,4389280,55816000,37267840,262926,hold,1,0
coarse-f16-h6-u25,persistent,16,6,0.25,101,confirmation_coarse-f16-h6-u25_s101,3,0,89484,1057362721,766869600,4417280,55908000,37267840,262926,hold,1,0
coarse-f16-h6-u25,persistent,16,6,0.25,101,confirmation_coarse-f16-h6-u25_s101,3,0,90766,1071918721,781425600,6381280,53880000,37267840,262926,hold,1,0
coarse-f16-h6-u25,persistent,16,6,0.25,101,confirmation_coarse-f16-h6-u25_s101,3,0,92009,1086474721,795981600,5297120,56200160,37267840,262926,hold,1,0
coarse-f16-h6-u25,persistent,16,6,0.25,101,confirmation_coarse-f16-h6-u25_s101,3,0,93270,1100994721,810501600,1853280,61184000,37267840,262926,hold,1,0
coarse-f16-h6-u25,persistent,16,6,0.25,101,confirmation_coarse-f16-h6-u25_s101,3,0,94644,1116122721,825629600,773280,54332000,37267840,262926,hold,1,0
coarse-f16-h6-u25,persistent,16,6,0.25,101,confirmation_coarse-f16-h6-u25_s101,3,0,95917,1130530721,840037600,1077280,54000000,37267840,262926,hold,1,0
coarse-f16-h6-u25,persistent,16,6,0.25,101,confirmation_coarse-f16-h6-u25_s101,3,0,97187,1145150721,854657600,2433280,50144000,37267840,262926,hold,1,0
coarse-f16-h6-u25,persistent,16,6,0.25,101,confirmation_coarse-f16-h6-u25_s101,3,0,98437,1160066721,869573600,5421280,53096000,37267840,262926,hold,1,0
coarse-f16-h6-u25,persistent,16,6,0.25,101,confirmation_coarse-f16-h6-u25_s101,3,0,99664,1174706721,884213600,4473280,55668000,37267840,262926,hold,1,0
coarse-f16-h6-u25,persistent,16,6,0.25,101,confirmation_coarse-f16-h6-u25_s101,3,0,100977,1189318721,898825600,2512320,57508960,37267840,262926,hold,1,0
coarse-f16-h6-u25,persistent,16,6,0.25,101,confirmation_coarse-f16-h6-u25_s101,3,0,102234,1203994721,913501600,1825280,54069120,37267840,262926,hold,1,0
coarse-f16-h6-u25,persistent,16,6,0.25,101,confirmation_coarse-f16-h6-u25_s101,3,0,103531,1218522721,928029600,3909280,53632000,37267840,262926,hold,1,0
coarse-f16-h6-u25,persistent,16,6,0.25,101,confirmation_coarse-f16-h6-u25_s101,3,0,104882,1232958721,942465600,4813280,53724000,37267840,262926,hold,1,0
coarse-f16-h6-u25,persistent,16,6,0.25,101,confirmation_coarse-f16-h6-u25_s101,3,0,106211,1247514721,957021600,4121280,53908000,37267840,262926,hold,1,0
coarse-f16-h6-u25,persistent,16,6,0.25,101,confirmation_coarse-f16-h6-u25_s101,3,0,107505,1262254721,971761600,4149280,52412000,37267840,262926,hold,1,0
coarse-f16-h6-u25,persistent,16,6,0.25,101,confirmation_coarse-f16-h6-u25_s101,3,0,108676,1276802721,986309600,2424160,50789120,37267840,262926,hold,1,0
coarse-f16-h6-u25,persistent,16,6,0.25,101,confirmation_coarse-f16-h6-u25_s101,3,0,109917,1291529441,1001036320,117120,48350880,37267840,262926,hold,1,0
coarse-f16-h6-u25,persistent,16,6,0.25,101,confirmation_coarse-f16-h6-u25_s101,3,0,111196,1306137281,1015644160,397600,48694240,37267840,262926,hold,1,0
coarse-f16-h6-u25,persistent,16,6,0.25,101,confirmation_coarse-f16-h6-u25_s101,3,0,112471,1320601281,1030108160,1677280,49942560,37267840,262926,hold,1,0
coarse-f16-h6-u25,persistent,16,6,0.25,101,confirmation_coarse-f16-h6-u25_s101,3,0,113766,1335195681,1044702560,3362720,52749120,37267840,262926,hold,1,0
coarse-f16-h6-u25,persistent,16,6,0.25,101,confirmation_coarse-f16-h6-u25_s101,3,0,115109,1349777281,1059284160,4389280,56094560,37267840,262926,hold,1,0
coarse-f16-h6-u25,persistent,16,6,0.25,101,confirmation_coarse-f16-h6-u25_s101,3,0,116454,1364417281,1073924160,1853280,29332000,37267840,262926,hold,1,0
coarse-f16-h6-u25,persistent,16,6,0.25,101,confirmation_coarse-f16-h6-u25_s101,3,0,117823,1379302561,1088809440,349280,56231840,37267840,262926,hold,1,0
coarse-f16-h6-u25,persistent,16,6,0.25,101,confirmation_coarse-f16-h6-u25_s101,3,0,119131,1393914561,1103421440,2910560,55300000,37267840,262926,hold,1,0
coarse-f16-h6-u25,persistent,16,6,0.25,101,confirmation_coarse-f16-h6-u25_s101,3,0,120388,1408922561,1118429440,4509280,55113280,37267840,262926,hold,1,0
coarse-f16-h6-u25,persistent,16,6,0.25,101,confirmation_coarse-f16-h6-u25_s101,3,0,121653,1423570561,1133077440,5597280,54745280,37267840,262926,hold,1,0
coarse-f16-h6-u25,persistent,16,6,0.25,101,confirmation_coarse-f16-h6-u25_s101,3,0,122931,1438310561,1147817440,2405280,29112000,37267840,262926,hold,1,0
coarse-f16-h6-u25,persistent,16,6,0.25,101,confirmation_coarse-f16-h6-u25_s101,3,0,124285,1453677441,1163184320,0,53148160,37267840,262926,hold,1,0
coarse-f16-h6-u25,persistent,16,6,0.25,101,confirmation_coarse-f16-h6-u25_s101,3,0,125593,1468713441,1178220320,1065440,54314720,37267840,262926,hold,1,0
coarse-f16-h6-u25,persistent,16,6,0.25,101,confirmation_coarse-f16-h6-u25_s101,3,0,126898,1483149441,1192656320,2341280,54274880,37267840,262926,hold,1,0
coarse-f16-h6-u25,persistent,16,6,0.25,101,confirmation_coarse-f16-h6-u25_s101,3,0,128295,1497825441,1207332320,5265280,54062880,37267840,262926,hold,1,0
coarse-f16-h6-u25,persistent,16,6,0.25,101,confirmation_coarse-f16-h6-u25_s101,3,0,129655,1512317441,1221824320,3817280,54690880,37267840,262926,hold,1,0
coarse-f16-h6-u25,persistent,16,6,0.25,101,confirmation_coarse-f16-h6-u25_s101,3,0,130960,1526965441,1236472320,5053280,53468000,37267840,262926,hold,1,0
coarse-f16-h6-u25,persistent,16,6,0.25,101,confirmation_coarse-f16-h6-u25_s101,3,0,132194,1541797441,1251304320,4121280,54940000,37267840,262926,hold,1,0
coarse-f16-h6-u25,persistent,16,6,0.25,101,confirmation_coarse-f16-h6-u25_s101,3,0,133504,1556925441,1266432320,4305280,56140000,37267840,262926,hold,1,0
coarse-f16-h6-u25,persistent,16,6,0.25,101,confirmation_coarse-f16-h6-u25_s101,3,0,134789,1571453441,1280960320,6105280,56240000,37267840,262926,hold,1,0
coarse-f16-h6-u25,persistent,16,6,0.25,101,confirmation_coarse-f16-h6-u25_s101,3,0,136250,1587265441,1296772320,1217280,60134400,37267840,262926,hold,1,0
coarse-f16-h6-u25,persistent,16,6,0.25,101,confirmation_coarse-f16-h6-u25_s101,3,0,137574,1601941441,1311448320,2333280,55180000,37267840,262926,hold,1,0
coarse-f16-h6-u25,persistent,16,6,0.25,101,confirmation_coarse-f16-h6-u25_s101,3,0,138812,1616525441,1326032320,4389280,26880000,37267840,262926,hold,1,0
coarse-f16-h6-u25,persistent,16,6,0.25,101,confirmation_coarse-f16-h6-u25_s101,3,0,140038,1631017441,1340524320,4389280,56796000,37267840,262926,hold,1,0
coarse-f16-h6-u25,persistent,16,6,0.25,101,confirmation_coarse-f16-h6-u25_s101,3,0,141371,1646117441,1355624320,4057280,62432000,37267840,262926,hold,1,0
coarse-f16-h6-u25,persistent,16,6,0.25,101,confirmation_coarse-f16-h6-u25_s101,3,0,142686,1660581441,1370088320,3817280,58548000,37267840,262926,hold,1,0
coarse-f16-h6-u25,persistent,16,6,0.25,101,confirmation_coarse-f16-h6-u25_s101,11,0,23774,308653441,14429600,905280,20613120,30888000,262926,hold,1,1
coarse-f16-h6-u25,persistent,16,6,0.25,101,confirmation_coarse-f16-h6-u25_s101,16,0,23823,309170721,14524160,258400,35850880,37516000,262926,hold,1,0
coarse-f16-h6-u25,persistent,16,6,0.25,101,confirmation_coarse-f16-h6-u25_s101,16,0,25032,323646561,29000000,57440,33727840,37516000,262926,hold,1,0
coarse-f16-h6-u25,persistent,16,6,0.25,101,confirmation_coarse-f16-h6-u25_s101,16,0,26256,338333281,43686720,0,31250400,37516000,262926,hold,1,1
coarse-f16-h6-u25,persistent,16,6,0.25,101,confirmation_coarse-f16-h6-u25_s101,15,0,23836,309485601,14809760,2265440,18999680,20994720,262926,hold,1,0
coarse-f16-h6-u25,persistent,16,6,0.25,101,confirmation_coarse-f16-h6-u25_s101,15,0,25058,323873441,29197600,1148320,19953120,20994720,262926,hold,1,1
coarse-f16-h6-u25,persistent,16,6,0.25,101,confirmation_coarse-f16-h6-u25_s101,12,1,23892,310081121,14608000,3994240,23719200,28471520,262926,hold,1,1
coarse-f16-h6-u25,persistent,16,6,0.25,101,confirmation_coarse-f16-h6-u25_s101,5,1,23989,311162721,14361600,4071040,21987520,29980960,262926,hold,1,0
coarse-f16-h6-u25,persistent,16,6,0.25,101,confirmation_coarse-f16-h6-u25_s101,5,1,25214,325770721,28969600,4821120,20659040,29980960,262926,hold,1,1
coarse-f16-h6-u25,persistent,16,6,0.25,101,confirmation_coarse-f16-h6-u25_s101,13,1,24484,317082881,14712000,2492160,27917280,26225600,262926,hold,1,0
coarse-f16-h6-u25,persistent,16,6,0.25,101,confirmation_coarse-f16-h6-u25_s101,13,1,25692,331554881,29184000,3373280,27876160,26225600,262926,hold,1,1
coarse-f16-h6-u25,persistent,16,6,0.25,101,confirmation_coarse-f16-h6-u25_s101,14,1,24543,317802721,14861280,6308000,27481120,36684320,262926,hold,1,0
coarse-f16-h6-u25,persistent,16,6,0.25,101,confirmation_coarse-f16-h6-u25_s101,14,1,25873,333730561,30789120,258400,30666720,36684320,262926,hold,1,0
coarse-f16-h6-u25,persistent,16,6,0.25,101,confirmation_coarse-f16-h6-u25_s101,14,1,27083,348646561,45705120,525280,28224160,36684320,262926,hold,1,0
coarse-f16-h6-u25,persistent,16,6,0.25,101,confirmation_coarse-f16-h6-u25_s101,14,1,28383,363582721,60641280,60160,25513280,36684320,262926,hold,1,1
coarse-f16-h6-u25,persistent,16,6,0.25,101,confirmation_coarse-f16-h6-u25_s101,11,1,25016,323441441,14788000,2584160,30869120,20613120,262926,hold,1,1
coarse-f16-h6-u25,persistent,16,6,0.25,101,confirmation_coarse-f16-h6-u25_s101,12,2,25131,324689121,14608000,4566720,13765120,23719200,262926,increase,0,1
coarse-f16-h6-u25,persistent,16,6,0.25,101,confirmation_coarse-f16-h6-u25_s101,9,1,25221,325894721,14444000,3889280,23109760,23781120,262926,hold,1,0
coarse-f16-h6-u25,persistent,16,6,0.25,101,confirmation_coarse-f16-h6-u25_s101,9,1,26434,340570721,29120000,4129280,21768000,23781120,262926,hold,1,1
coarse-f16-h6-u25,persistent,16,6,0.25,101,confirmation_coarse-f16-h6-u25_s101,4,1,25487,329078721,14945120,174560,21313440,20173280,262926,hold,1,1
coarse-f16-h6-u25,persistent,16,6,0.25,101,confirmation_coarse-f16-h6-u25_s101,8,1,25719,331985441,15370720,904000,32260160,32951840,262926,hold,1,0
coarse-f16-h6-u25,persistent,16,6,0.25,101,confirmation_coarse-f16-h6-u25_s101,8,1,26901,346541441,29926720,444000,32676160,32951840,262926,hold,1,1
coarse-f16-h6-u25,persistent,16,6,0.25,101,confirmation_coarse-f16-h6-u25_s101,1,1,25970,334928001,15133280,1249280,19920000,24078560,262926,hold,1,0
coarse-f16-h6-u25,persistent,16,6,0.25,101,confirmation_coarse-f16-h6-u25_s101,1,1,27171,349674721,29880000,917280,22244000,24078560,262926,hold,1,0
coarse-f16-h6-u25,persistent,16,6,0.25,101,confirmation_coarse-f16-h6-u25_s101,1,1,28448,364282721,44488000,1581280,22576000,24078560,262926,hold,1,1
coarse-f16-h6-u25,persistent,16,6,0.25,101,confirmation_coarse-f16-h6-u25_s101,10,1,26030,335718721,14648000,3069280,31562880,35036000,262926,hold,1,0
coarse-f16-h6-u25,persistent,16,6,0.25,101,confirmation_coarse-f16-h6-u25_s101,10,1,27244,350458721,29388000,5209280,32026880,35036000,262926,hold,1,1
coarse-f16-h6-u25,persistent,16,6,0.25,101,confirmation_coarse-f16-h6-u25_s101,11,2,26232,338054721,14613280,3241280,25564000,30869120,262926,hold,1,0
coarse-f16-h6-u25,persistent,16,6,0.25,101,confirmation_coarse-f16-h6-u25_s101,11,2,27423,352572001,29130560,4993280,27353600,30869120,262926,hold,1,1
coarse-f16-h6-u25,persistent,16,6,0.25,101,confirmation_coarse-f16-h6-u25_s101,15,1,26249,338296001,14422560,1361120,21277440,19953120,262926,hold,1,1
coarse-f16-h6-u25,persistent,16,6,0.25,101,confirmation_coarse-f16-h6-u25_s101,5,2,26415,340383841,14613120,2154560,18768320,20659040,262926,hold,1,1
coarse-f16-h6-u25,persistent,16,6,0.25,101,confirmation_coarse-f16-h6-u25_s101,4,2,26710,344018721,14940000,522240,24485600,21313440,262926,hold,1,0
coarse-f16-h6-u25,persistent,16,6,0.25,101,confirmation_coarse-f16-h6-u25_s101,4,2,27965,358808161,29729440,3851519,21819201,21313440,262926,hold,1,1
coarse-f16-h6-u25,persistent,16,6,0.25,101,confirmation_coarse-f16-h6-u25_s101,13,2,26895,346506881,14952000,5033280,17604160,27876160,262926,hold,1,0
coarse-f16-h6-u25,persistent,16,6,0.25,101,confirmation_coarse-f16-h6-u25_s101,13,2,28183,361366881,29812000,3697280,15680000,27876160,262926,hold,1,1
coarse-f16-h6-u25,persistent,16,6,0.25,101,confirmation_coarse-f16-h6-u25_s101,7,0,27096,348861120,14367679,439840,19015679,15604000,262926,hold,1,0
coarse-f16-h6-u25,persistent,16,6,0.25,101,confirmation_coarse-f16-h6-u25_s101,7,0,28370,363386721,28893280,2004959,17450560,15604000,262926,hold,1,1
coarse-f16-h6-u25,persistent,16,6,0.25,101,confirmation_coarse-f16-h6-u25_s101,15,2,27453,352904001,14608000,3055840,19344000,21277440,262926,hold,1,0
coarse-f16-h6-u25,persistent,16,6,0.25,101,confirmation_coarse-f16-h6-u25_s101,15,2,28704,367270721,28974720,1340000,21157280,21277440,262926,hold,1,1
coarse-f16-h6-u25,persistent,16,6,0.25,101,confirmation_coarse-f16-h6-u25_s101,16,1,27466,352994721,14661440,74720,27002880,31250400,262926,hold,1,0
coarse-f16-h6-u25,persistent,16,6,0.25,101,confirmation_coarse-f16-h6-u25_s101,16,1,28730,367549281,29216000,2523840,27024160,31250400,262926,hold,1,1
coarse-f16-h6-u25,persistent,16,6,0.25,101,confirmation_coarse-f16-h6-u25_s101,12,3,27571,354237121,14940000,2491680,20479040,19876480,262926,hold,1,0
coarse-f16-h6-u25,persistent,16,6,0.25,101,confirmation_coarse-f16-h6-u25_s101,12,3,28846,368851681,29554560,306720,25183680,19876480,262926,hold,1,1
coarse-f16-h6-u25,persistent,16,6,0.25,101,confirmation_coarse-f16-h6-u25_s101,5,3,27632,354901121,14517280,3236160,19507520,18768320,262926,hold,1,0
coarse-f16-h6-u25,persistent,16,6,0.25,101,confirmation_coarse-f16-h6-u25_s101,5,3,28901,369509121,29125280,3905280,20825280,18768320,262926,hold,1,0
coarse-f16-h6-u25,persistent,16,6,0.25,101,confirmation_coarse-f16-h6-u25_s101,5,3,30221,384117121,43733280,3905280,18174400,18768320,262926,hold,1,1
coarse-f16-h6-u25,persistent,16,6,0.25,101,confirmation_coarse-f16-h6-u25_s101,9,2,27716,355930721,15360000,6861280,20948000,21768000,262926,hold,1,0
coarse-f16-h6-u25,persistent,16,6,0.25,101,confirmation_coarse-f16-h6-u25_s101,9,2,28998,370754721,30184000,9049280,20560000,21768000,262926,hold,1,0
coarse-f16-h6-u25,persistent,16,6,0.25,101,confirmation_coarse-f16-h6-u25_s101,9,2,30351,385550721,44980000,5893280,25820000,21768000,262926,hold,1,0
coarse-f16-h6-u25,persistent,16,6,0.25,101,confirmation_coarse-f16-h6-u25_s101,9,2,31661,400134721,59564000,3117280,28596000,21768000,262926,hold,1,1
coarse-f16-h6-u25,persistent,16,6,0.25,101,confirmation_coarse-f16-h6-u25_s101,8,2,28235,361909441,15368000,2693280,31655840,32676160,262926,hold,1,0
coarse-f16-h6-u25,persistent,16,6,0.25,101,confirmation_coarse-f16-h6-u25_s101,8,2,29557,376889441,30348000,4933280,31724000,32676160,262926,hold,1,1
coarse-f16-h6-u25,persistent,16,6,0.25,101,confirmation_coarse-f16-h6-u25_s101,6,0,28218,361717441,14378720,812160,18033120,18345600,262926,hold,1,0
coarse-f16-h6-u25,persistent,16,6,0.25,101,confirmation_coarse-f16-h6-u25_s101,6,0,29571,376989441,29650720,1249280,13944000,18345600,262926,increase,0,1
coarse-f16-h6-u25,persistent,16,6,0.25,101,confirmation_coarse-f16-h6-u25_s101,10,2,28529,365198721,14740000,5329280,13052000,32026880,262926,increase,0,0
coarse-f16-h6-u25,persistent,16,6,0.25,101,confirmation_coarse-f16-h6-u25_s101,11,3,28710,367275841,14703840,2577280,27905120,27353600,262926,hold,1,1
coarse-f16-h6-u25,persistent,16,6,0.25,101,confirmation_coarse-f16-h6-u25_s101,4,3,29217,373346721,14538560,676959,24790721,21819201,262926,hold,1,0
coarse-f16-h6-u25,persistent,16,6,0.25,101,confirmation_coarse-f16-h6-u25_s101,4,3,30560,387954721,29146560,33280,29390720,21819201,262926,hold,1,1
coarse-f16-h6-u25,persistent,16,6,0.25,101,confirmation_coarse-f16-h6-u25_s101,13,3,29470,375894881,14528000,3189280,17600000,15680000,262926,hold,1,1
coarse-f16-h6-u25,persistent,16,6,0.25,101,confirmation_coarse-f16-h6-u25_s101,7,1,29688,378317441,14930720,3158881,10715679,17450560,262926,increase,0,0
coarse-f16-h6-u25,persistent,16,6,0.25,101,confirmation_coarse-f16-h6-u25_s101,14,2,29663,378118721,14536000,1562560,25538880,25513280,262926,hold,1,1
coarse-f16-h6-u25,persistent,16,6,0.25,101,confirmation_coarse-f16-h6-u25_s101,1,2,29821,379886721,15604000,2914400,21574880,22576000,262926,hold,1,0
coarse-f16-h6-u25,persistent,16,6,0.25,101,confirmation_coarse-f16-h6-u25_s101,1,2,31131,394241441,29958720,1740480,16519520,22576000,262926,hold,1,0
coarse-f16-h6-u25,persistent,16,6,0.25,101,confirmation_coarse-f16-h6-u25_s101,1,2,32430,408849441,44566720,1992000,17594880,22576000,262926,hold,1,1
coarse-f16-h6-u25,persistent,16,6,0.25,101,confirmation_coarse-f16-h6-u25_s101,15,3,30004,381908161,14637440,344000,24236000,21157280,262926,hold,1,0
coarse-f16-h6-u25,persistent,16,6,0.25,101,confirmation_coarse-f16-h6-u25_s101,15,3,31333,396486721,29216000,0,28564000,21157280,262926,hold,1,1
coarse-f16-h6-u25,persistent,16,6,0.25,101,confirmation_coarse-f16-h6-u25_s101,11,4,30012,381945441,14669600,509280,30236000,27905120,262926,hold,1,1
coarse-f16-h6-u25,persistent,16,6,0.25,101,confirmation_coarse-f16-h6-u25_s101,16,2,30008,381938561,14389280,972000,32009280,27024160,262926,hold,1,1
coarse-f16-h6-u25,persistent,16,6,0.25,101,confirmation_coarse-f16-h6-u25_s101,12,4,30164,383566401,14714720,28000,27155680,25183680,262926,hold,1,1
coarse-f16-h6-u25,persistent,16,6,0.25,101,confirmation_coarse-f16-h6-u25_s101,13,4,30767,390422881,14528000,3309280,19349600,17600000,262926,hold,1,1
coarse-f16-h6-u25,persistent,16,6,0.25,101,confirmation_coarse-f16-h6-u25_s101,8,3,30861,391381441,14492000,4813280,35164000,31724000,262926,hold,1,0
coarse-f16-h6-u25,persistent,16,6,0.25,101,confirmation_coarse-f16-h6-u25_s101,8,3,32179,406057441,29168000,5773280,36316000,31724000,262926,hold,1,0
coarse-f16-h6-u25,persistent,16,6,0.25,101,confirmation_coarse-f16-h6-u25_s101,8,3,33445,420733441,43844000,4721280,35708000,31724000,262926,hold,1,1
coarse-f16-h6-u25,persistent,16,6,0.25,101,confirmation_coarse-f16-h6-u25_s101,14,3,30989,392766721,14648000,5457280,22604000,25538880,262926,hold,1,0
coarse-f16-h6-u25,persistent,16,6,0.25,101,confirmation_coarse-f16-h6-u25_s101,14,3,32303,407238721,29120000,6205280,19112160,25538880,262926,hold,1,0
coarse-f16-h6-u25,persistent,16,6,0.25,101,confirmation_coarse-f16-h6-u25_s101,14,3,33550,422006721,43888000,5541280,19684000,25538880,262926,hold,1,0
coarse-f16-h6-u25,persistent,16,6,0.25,101,confirmation_coarse-f16-h6-u25_s101,14,3,34829,437134721,59016000,4545280,19776000,25538880,262926,hold,1,0
coarse-f16-h6-u25,persistent,16,6,0.25,101,confirmation_coarse-f16-h6-u25_s101,14,3,36079,452170721,74052000,2969280,20348000,25538880,262926,hold,1,1
coarse-f16-h6-u25,persistent,16,6,0.25,101,confirmation_coarse-f16-h6-u25_s101,10,3,31174,394670721,14980000,3549280,35560000,30844000,262926,hold,1,1
coarse-f16-h6-u25,persistent,16,6,0.25,101,confirmation_coarse-f16-h6-u25_s101,16,3,31337,396488001,14549440,2026560,17205440,32009280,262926,hold,1,0
coarse-f16-h6-u25,persistent,16,6,0.25,101,confirmation_coarse-f16-h6-u25_s101,16,3,32627,411041281,29102720,1136000,34641280,32009280,262926,hold,1,1
coarse-f16-h6-u25,persistent,16,6,0.25,101,confirmation_coarse-f16-h6-u25_s101,11,5,31346,396570561,14625120,2240160,34533120,30236000,262926,hold,1,0
coarse-f16-h6-u25,persistent,16,6,0.25,101,confirmation_coarse-f16-h6-u25_s101,11,5,32632,411094721,29149280,5565280,29310560,30236000,262926,hold,1,0
coarse-f16-h6-u25,persistent,16,6,0.25,101,confirmation_coarse-f16-h6-u25_s101,11,5,33852,425561441,43616000,1695840,32089440,30236000,262926,hold,1,1
coarse-f16-h6-u25,persistent,16,6,0.25,101,confirmation_coarse-f16-h6-u25_s101,12,5,31492,398146721,14580320,148000,29401760,27155680,262926,hold,1,0
coarse-f16-h6-u25,persistent,16,6,0.25,101,confirmation_coarse-f16-h6-u25_s101,12,5,32765,412669121,29102720,1661760,33727519,27155680,262926,hold,1,1
coarse-f16-h6-u25,persistent,16,6,0.25,101,confirmation_coarse-f16-h6-u25_s101,5,4,31544,398725121,14608000,1581280,18342880,18174400,262926,hold,1,0
coarse-f16-h6-u25,persistent,16,6,0.25,101,confirmation_coarse-f16-h6-u25_s101,5,4,32815,413333121,29216000,1249280,19920000,18174400,262926,hold,1,1
coarse-f16-h6-u25,persistent,16,6,0.25,101,confirmation_coarse-f16-h6-u25_s101,4,4,31916,402894721,14940000,580160,30147680,29390720,262926,hold,1,1
coarse-f16-h6-u25,persistent,16,6,0.25,101,confirmation_coarse-f16-h6-u25_s101,13,5,32082,404802881,14380000,4213280,22368000,19349600,262926,hold,1,0
coarse-f16-h6-u25,persistent,16,6,0.25,101,confirmation_coarse-f16-h6-u25_s101,13,5,33385,419986881,29564000,6621280,18724000,19349600,262926,hold,1,0
coarse-f16-h6-u25,persistent,16,6,0.25,101,confirmation_coarse-f16-h6-u25_s101,13,5,34628,434782881,44360000,7341280,16640000,19349600,262926,hold,1,0
coarse-f16-h6-u25,persistent,16,6,0.25,101,confirmation_coarse-f16-h6-u25_s101,13,5,35862,449486881,59064000,7913280,14372000,19349600,262926,hold,1,0
coarse-f16-h6-u25,persistent,16,6,0.25,101,confirmation_coarse-f16-h6-u25_s101,13,5,37100,464014881,73592000,5957280,16272000,19349600,262926,hold,1,0
coarse-f16-h6-u25,persistent,16,6,0.25,101,confirmation_coarse-f16-h6-u25_s101,13,5,38366,478690881,88268000,3697280,18652000,19349600,262926,hold,1,1
coarse-f16-h6-u25,persistent,16,6,0.25,101,confirmation_coarse-f16-h6-u25_s101,6,1,32299,407210721,15272000,2916160,13946400,14949280,262926,increase,0,0
coarse-f16-h6-u25,persistent,16,6,0.25,101,confirmation_coarse-f16-h6-u25_s101,7,2,32355,407874721,14608000,917280,16932000,15945280,262926,hold,1,0
coarse-f16-h6-u25,persistent,16,6,0.25,101,confirmation_coarse-f16-h6-u25_s101,7,2,33628,422814721,29548000,1581280,12616000,15945280,262926,increase,0,1
coarse-f16-h6-u25,persistent,16,6,0.25,101,confirmation_coarse-f16-h6-u25_s101,10,4,32472,409318721,14648000,4121280,36556000,35560000,262926,hold,1,0
coarse-f16-h6-u25,persistent,16,6,0.25,101,confirmation_coarse-f16-h6-u25_s101,10,4,33716,423846721,29176000,6233280,36372000,35560000,262926,hold,1,0
coarse-f16-h6-u25,persistent,16,6,0.25,101,confirmation_coarse-f16-h6-u25_s101,10,4,34964,438670721,44000000,7525280,33548000,35560000,262926,hold,1,0
coarse-f16-h6-u25,persistent,16,6,0.25,101,confirmation_coarse-f16-h6-u25_s101,10,4,36210,453586721,58916000,7461280,33484000,35560000,262926,hold,1,0
coarse-f16-h6-u25,persistent,16,6,0.25,101,confirmation_coarse-f16-h6-u25_s101,10,4,37475,468226721,73556000,7369280,39924000,35560000,262926,hold,1,0
coarse-f16-h6-u25,persistent,16,6,0.25,101,confirmation_coarse-f16-h6-u25_s101,10,4,38680,482598721,87928000,4629280,43448000,35560000,262926,hold,1,0
coarse-f16-h6-u25,persistent,16,6,0.25,101,confirmation_coarse-f16-h6-u25_s101,10,4,39950,497182721,102512000,3273280,44444000,35560000,262926,hold,1,1
coarse-f16-h6-u25,persistent,16,6,0.25,101,confirmation_coarse-f16-h6-u25_s101,15,4,32636,411094721,14608000,1883840,25679040,28564000,262926,hold,1,0
coarse-f16-h6-u25,persistent,16,6,0.25,101,confirmation_coarse-f16-h6-u25_s101,15,4,33873,425721441,29234720,1908160,18592000,28564000,262926,hold,1,1
coarse-f16-h6-u25,persistent,16,6,0.25,101,confirmation_coarse-f16-h6-u25_s101,9,3,32942,414846721,14712000,2645280,35588000,28596000,262926,hold,1,1
coarse-f16-h6-u25,persistent,16,6,0.25,101,confirmation_coarse-f16-h6-u25_s101,4,5,33183,417562721,14668000,750560,31315520,30147680,262926,hold,1,0
coarse-f16-h6-u25,persistent,16,6,0.25,101,confirmation_coarse-f16-h6-u25_s101,4,5,34441,432584001,29689280,1486560,31572160,30147680,262926,hold,1,1
coarse-f16-h6-u25,persistent,16,6,0.25,101,confirmation_coarse-f16-h6-u25_s101,1,3,33679,423477120,14627679,4256959,16678720,17594880,262926,hold,1,0
coarse-f16-h6-u25,persistent,16,6,0.25,101,confirmation_coarse-f16-h6-u25_s101,1,3,34991,439081120,30231679,3592959,14940000,17594880,262926,hold,1,1
coarse-f16-h6-u25,persistent,16,6,0.25,101,confirmation_coarse-f16-h6-u25_s101,16,4,33867,425649281,14608000,1195840,36573440,34641280,262926,hold,1,1
coarse-f16-h6-u25,persistent,16,6,0.25,101,confirmation_coarse-f16-h6-u25_s101,12,6,33981,427035841,14366720,5141440,30635840,33727519,262926,hold,1,0
coarse-f16-h6-u25,persistent,16,6,0.25,101,confirmation_coarse-f16-h6-u25_s101,12,6,35218,441745120,29075999,1249280,17177120,33727519,262926,hold,1,1
coarse-f16-h6-u25,persistent,16,6,0.25,101,confirmation_coarse-f16-h6-u25_s101,5,5,34062,428026721,14693600,3905280,16182400,19920000,262926,hold,1,0
coarse-f16-h6-u25,persistent,16,6,0.25,101,confirmation_coarse-f16-h6-u25_s101,5,5,35312,442881121,29548000,5650880,10870400,19920000,262926,increase,0,0
coarse-f16-h6-u25,persistent,16,6,0.25,101,confirmation_coarse-f16-h6-u25_s101,9,4,34149,429254721,14408000,3281280,35948000,35588000,262926,hold,1,0
coarse-f16-h6-u25,persistent,16,6,0.25,101,confirmation_coarse-f16-h6-u25_s101,9,4,35374,443626721,28780000,4665280,35108000,35588000,262926,hold,1,0
coarse-f16-h6-u25,persistent,16,6,0.25,101,confirmation_coarse-f16-h6-u25_s101,9,4,36610,458246721,43400000,4665280,19620000,35588000,262926,hold,1,1
coarse-f16-h6-u25,persistent,16,6,0.25,101,confirmation_coarse-f16-h6-u25_s101,8,4,34695,435529441,14796000,2369280,33272000,35708000,262926,hold,1,0
coarse-f16-h6-u25,persistent,16,6,0.25,101,confirmation_coarse-f16-h6-u25_s101,8,4,35922,450261441,29528000,3273280,36492000,35708000,262926,hold,1,1
coarse-f16-h6-u25,persistent,16,6,0.25,101,confirmation_coarse-f16-h6-u25_s101,11,6,35138,440642721,15081280,2245280,31534880,32089440,262926,hold,1,0
coarse-f16-h6-u25,persistent,16,6,0.25,101,confirmation_coarse-f16-h6-u25_s101,11,6,36485,456578721,31017280,253280,39508000,32089440,262926,hold,1,1
coarse-f16-h6-u25,persistent,16,6,0.25,101,confirmation_coarse-f16-h6-u25_s101,16,5,35097,440155840,14506559,151839,35512161,36573440,262926,hold,1,1
coarse-f16-h6-u25,persistent,16,6,0.25,101,confirmation_coarse-f16-h6-u25_s101,15,5,35105,440310721,14589280,4237280,13625600,18592000,262926,increase,0,1
coarse-f16-h6-u25,persistent,16,6,0.25,101,confirmation_coarse-f16-h6-u25_s101,4,6,35675,447129441,14545440,1913280,30510560,31572160,262926,hold,1,0
coarse-f16-h6-u25,persistent,16,6,0.25,101,confirmation_coarse-f16-h6-u25_s101,4,6,36927,462069441,29485440,1850720,30011040,31572160,262926,hold,1,1
coarse-f16-h6-u25,persistent,16,6,0.25,101,confirmation_coarse-f16-h6-u25_s101,1,4,36222,453689120,14608000,917280,14276000,14940000,262926,hold,1,0
coarse-f16-h6-u25,persistent,16,6,0.25,101,confirmation_coarse-f16-h6-u25_s101,1,4,37504,468516001,29434881,2577280,15936000,14940000,262926,hold,1,1
coarse-f16-h6-u25,persistent,16,6,0.25,101,confirmation_coarse-f16-h6-u25_s101,16,6,36306,454597441,14441601,210880,30650560,35512161,262926,hold,1,1
coarse-f16-h6-u25,persistent,16,6,0.25,101,confirmation_coarse-f16-h6-u25_s101,12,7,36508,456825121,15080001,2321281,28953759,17177120,262926,hold,1,0
coarse-f16-h6-u25,persistent,16,6,0.25,101,confirmation_coarse-f16-h6-u25_s101,12,7,37796,471934721,30189601,346880,32924001,17177120,262926,hold,1,1
coarse-f16-h6-u25,persistent,16,6,0.25,101,confirmation_coarse-f16-h6-u25_s101,8,5,37163,464725441,14464000,4869280,42424000,36492000,262926,hold,1,0
coarse-f16-h6-u25,persistent,16,6,0.25,101,confirmation_coarse-f16-h6-u25_s101,8,5,38401,479133441,28872000,4601280,44056000,36492000,262926,hold,1,0
coarse-f16-h6-u25,persistent,16,6,0.25,101,confirmation_coarse-f16-h6-u25_s101,8,5,39689,493993441,43732000,3069280,42572000,36492000,262926,hold,1,1
coarse-f16-h6-u25,persistent,16,6,0.25,101,confirmation_coarse-f16-h6-u25_s101,14,4,37363,467030721,14860000,2821280,24472000,20348000,262926,hold,1,0
coarse-f16-h6-u25,persistent,16,6,0.25,101,confirmation_coarse-f16-h6-u25_s101,14,4,38584,481438721,29268000,5237280,25764000,20348000,262926,hold,1,0
coarse-f16-h6-u25,persistent,16,6,0.25,101,confirmation_coarse-f16-h6-u25_s101,14,4,39854,496206721,44036000,5025280,26160000,20348000,262926,hold,1,0
coarse-f16-h6-u25,persistent,16,6,0.25,101,confirmation_coarse-f16-h6-u25_s101,14,4,41115,511030721,58860000,5413280,19840000,20348000,262926,hold,1,1
coarse-f16-h6-u25,persistent,16,6,0.25,101,confirmation_coarse-f16-h6-u25_s101,16,7,37603,469653441,15056000,1414881,31349118,30650560,262926,hold,1,0
coarse-f16-h6-u25,persistent,16,6,0.25,101,confirmation_coarse-f16-h6-u25_s101,16,7,38819,484261441,29664000,3444161,33049279,30650560,262926,hold,1,1
coarse-f16-h6-u25,persistent,16,6,0.25,101,confirmation_coarse-f16-h6-u25_s101,15,6,37584,469450560,14531839,500000,19246399,19697440,262926,hold,1,0
coarse-f16-h6-u25,persistent,16,6,0.25,101,confirmation_coarse-f16-h6-u25_s101,15,6,38810,484209281,29290560,3475840,26970720,19697440,262926,hold,1,1
coarse-f16-h6-u25,persistent,16,6,0.25,101,confirmation_coarse-f16-h6-u25_s101,11,7,37814,472165441,15586720,1505119,42060001,39508000,262926,hold,1,0
coarse-f16-h6-u25,persistent,16,6,0.25,101,confirmation_coarse-f16-h6-u25_s101,11,7,39026,486640001,30061280,3604000,40673120,39508000,262926,hold,1,1
coarse-f16-h6-u25,persistent,16,6,0.25,101,confirmation_coarse-f16-h6-u25_s101,5,6,37819,472175841,14601120,65600,19190400,14276000,262926,hold,1,1
coarse-f16-h6-u25,persistent,16,6,0.25,101,confirmation_coarse-f16-h6-u25_s101,9,5,37886,472950721,14704000,3061280,32340000,19620000,262926,hold,1,0
coarse-f16-h6-u25,persistent,16,6,0.25,101,confirmation_coarse-f16-h6-u25_s101,9,5,39132,487774721,29528000,4085280,34564000,19620000,262926,hold,1,1
coarse-f16-h6-u25,persistent,16,6,0.25,101,confirmation_coarse-f16-h6-u25_s101,4,7,38281,477673441,15604000,3241280,29895840,30011040,262926,hold,1,1
coarse-f16-h6-u25,persistent,16,6,0.25,101,confirmation_coarse-f16-h6-u25_s101,1,5,38921,485462721,16946720,1008161,20062720,15936000,262926,hold,1,0
coarse-f16-h6-u25,persistent,16,6,0.25,101,confirmation_coarse-f16-h6-u25_s101,1,5,40193,500070721,31554720,600000,20470881,15936000,262926,hold,1,1
coarse-f16-h6-u25,persistent,16,6,0.25,101,confirmation_coarse-f16-h6-u25_s101,12,8,39001,486382560,14447839,625119,35166720,32924001,262926,hold,1,1
coarse-f16-h6-u25,persistent,16,6,0.25,101,confirmation_coarse-f16-h6-u25_s101,5,7,39033,486714560,14538719,1118560,20461440,19190400,262926,hold,1,0
coarse-f16-h6-u25,persistent,16,6,0.25,101,confirmation_coarse-f16-h6-u25_s101,5,7,40308,501322560,29146719,2175999,16346720,19190400,262926,hold,1,0
coarse-f16-h6-u25,persistent,16,6,0.25,101,confirmation_coarse-f16-h6-u25_s101,5,7,41560,516006721,43830880,5641441,10292000,19190400,262926,increase,0,0
coarse-f16-h6-u25,persistent,16,6,0.25,101,confirmation_coarse-f16-h6-u25_s101,4,8,39562,492669441,14996000,257280,33465440,29895840,262926,hold,1,1
coarse-f16-h6-u25,persistent,16,6,0.25,101,confirmation_coarse-f16-h6-u25_s101,13,6,39598,493070881,14380000,5837280,18992000,18652000,262926,hold,1,0
coarse-f16-h6-u25,persistent,16,6,0.25,101,confirmation_coarse-f16-h6-u25_s101,13,6,40892,507978881,29288000,7229280,19168000,18652000,262926,hold,1,0
coarse-f16-h6-u25,persistent,16,6,0.25,101,confirmation_coarse-f16-h6-u25_s101,13,6,42215,523198881,44508000,8301280,12360000,18652000,262926,increase,0,0
coarse-f16-h6-u25,persistent,16,6,0.25,101,confirmation_coarse-f16-h6-u25_s101,15,7,40075,498742721,14533440,2909280,27481440,26970720,262926,hold,1,0
coarse-f16-h6-u25,persistent,16,6,0.25,101,confirmation_coarse-f16-h6-u25_s101,15,7,41317,513350721,29141440,430720,25273120,26970720,262926,hold,1,1
coarse-f16-h6-u25,persistent,16,6,0.25,101,confirmation_coarse-f16-h6-u25_s101,16,8,40099,498869441,14608000,3573280,33584160,33049279,262926,hold,1,1
coarse-f16-h6-u25,persistent,16,6,0.25,101,confirmation_coarse-f16-h6-u25_s101,12,9,40283,501066721,14684161,2316321,33258560,35166720,262926,hold,1,1
coarse-f16-h6-u25,persistent,16,6,0.25,101,confirmation_coarse-f16-h6-u25_s101,11,8,40279,501033441,14393440,6153119,37666881,40673120,262926,hold,1,0
coarse-f16-h6-u25,persistent,16,6,0.25,101,confirmation_coarse-f16-h6-u25_s101,11,8,41521,515498401,28858400,0,40718880,40673120,262926,hold,1,1
coarse-f16-h6-u25,persistent,16,6,0.25,101,confirmation_coarse-f16-h6-u25_s101,9,6,40440,502598721,14824000,3245280,37220000,34564000,262926,hold,1,1
coarse-f16-h6-u25,persistent,16,6,0.25,101,confirmation_coarse-f16-h6-u25_s101,4,9,40827,507198721,14529280,427520,32419040,33465440,262926,hold,1,0
coarse-f16-h6-u25,persistent,16,6,0.25,101,confirmation_coarse-f16-h6-u25_s101,4,9,42077,521650721,28981280,1075040,30871520,33465440,262926,hold,1,1
coarse-f16-h6-u25,persistent,16,6,0.25,101,confirmation_coarse-f16-h6-u25_s101,8,6,40945,508624161,14630720,873280,43780000,42572000,262926,hold,1,0
coarse-f16-h6-u25,persistent,16,6,0.25,101,confirmation_coarse-f16-h6-u25_s101,8,6,42198,523062721,29069280,1300000,40236000,42572000,262926,hold,1,1
coarse-f16-h6-u25,persistent,16,6,0.25,101,confirmation_coarse-f16-h6-u25_s101,10,5,41201,512042721,14860000,2157280,41640000,44444000,262926,hold,1,1
coarse-f16-h6-u25,persistent,16,6,0.25,101,confirmation_coarse-f16-h6-u25_s101,16,9,41321,513425281,14555840,0,19048161,33584160,262926,hold,1,1
coarse-f16-h6-u25,persistent,16,6,0.25,101,confirmation_coarse-f16-h6-u25_s101,1,6,41533,515679841,15609120,917280,15082720,20470881,262926,hold,1,0
coarse-f16-h6-u25,persistent,16,6,0.25,101,confirmation_coarse-f16-h6-u25_s101,1,6,42945,531278721,31208000,590400,17590880,20470881,262926,hold,1,1
coarse-f16-h6-u25,persistent,16,6,0.25,101,confirmation_coarse-f16-h6-u25_s101,12,10,41511,515449441,14382720,1652321,29787680,33258560,262926,hold,1,1
coarse-f16-h6-u25,persistent,16,6,0.25,101,confirmation_coarse-f16-h6-u25_s101,9,7,41648,517007841,14409120,3873280,31796000,37220000,262926,hold,1,0
coarse-f16-h6-u25,persistent,16,6,0.25,101,confirmation_coarse-f16-h6-u25_s101,9,7,42989,531774721,29176000,6205280,31576000,37220000,262926,hold,1,0
coarse-f16-h6-u25,persistent,16,6,0.25,101,confirmation_coarse-f16-h6-u25_s101,9,7,44283,546146721,43548000,4685280,34276000,37220000,262926,hold,1,1
coarse-f16-h6-u25,persistent,16,6,0.25,101,confirmation_coarse-f16-h6-u25_s101,14,5,42450,525678721,14648000,2305280,21704000,19840000,262926,hold,1,0
coarse-f16-h6-u25,persistent,16,6,0.25,101,confirmation_coarse-f16-h6-u25_s101,14,5,43740,540418721,29388000,2101280,26308000,19840000,262926,hold,1,1
coarse-f16-h6-u25,persistent,16,6,0.25,101,confirmation_coarse-f16-h6-u25_s101,10,6,42571,526966721,14924000,1409280,41740000,41640000,262926,hold,1,1
coarse-f16-h6-u25,persistent,16,6,0.25,101,confirmation_coarse-f16-h6-u25_s101,15,8,42664,527958721,14608000,740960,22748480,25273120,262926,hold,1,1
coarse-f16-h6-u25,persistent,16,6,0.25,101,confirmation_coarse-f16-h6-u25_s101,16,10,42670,528033281,14608000,201120,34346880,19048161,262926,hold,1,1
coarse-f16-h6-u25,persistent,16,6,0.25,101,confirmation_coarse-f16-h6-u25_s101,12,11,42826,529950721,14501280,3016000,29773280,29787680,262926,hold,1,1
coarse-f16-h6-u25,persistent,16,6,0.25,101,confirmation_coarse-f16-h6-u25_s101,11,9,42904,530770401,15272000,1770240,21869920,40718880,262926,hold,1,1
coarse-f16-h6-u25,persistent,16,6,0.25,101,confirmation_coarse-f16-h6-u25_s101,4,10,43377,536161441,14510720,1425280,32084000,30871520,262926,hold,1,0
coarse-f16-h6-u25,persistent,16,6,0.25,101,confirmation_coarse-f16-h6-u25_s101,4,10,44680,550534721,28884000,1913280,32029760,30871520,262926,hold,1,1
coarse-f16-h6-u25,persistent,16,6,0.25,101,confirmation_coarse-f16-h6-u25_s101,8,7,43516,537830721,14768000,2675840,43446720,40236000,262926,hold,1,0
coarse-f16-h6-u25,persistent,16,6,0.25,101,confirmation_coarse-f16-h6-u25_s101,8,7,44845,552442721,29380000,5625280,41881280,40236000,262926,hold,1,0
coarse-f16-h6-u25,persistent,16,6,0.25,101,confirmation_coarse-f16-h6-u25_s101,8,7,46166,567202721,44140000,7277280,37269280,40236000,262926,hold,1,0
coarse-f16-h6-u25,persistent,16,6,0.25,101,confirmation_coarse-f16-h6-u25_s101,8,7,47455,581722721,58660000,5857280,34020000,40236000,262926,hold,1,0
coarse-f16-h6-u25,persistent,16,6,0.25,101,confirmation_coarse-f16-h6-u25_s101,8,7,48792,596518721,73456000,3937280,32896000,40236000,262926,hold,1,1
coarse-f16-h6-u25,persistent,16,6,0.25,101,confirmation_coarse-f16-h6-u25_s101,10,7,43847,541494721,14528000,4093280,42708000,41740000,262926,hold,1,1
coarse-f16-h6-u25,persistent,16,6,0.25,101,confirmation_coarse-f16-h6-u25_s101,15,9,43923,542390401,14431680,1913280,22572160,22748480,262926,hold,1,1
coarse-f16-h6-u25,persistent,16,6,0.25,101,confirmation_coarse-f16-h6-u25_s101,16,11,43937,542498561,14465280,174560,36350720,34346880,262926,hold,1,0
coarse-f16-h6-u25,persistent,16,6,0.25,101,confirmation_coarse-f16-h6-u25_s101,16,11,45244,556917281,28884000,446560,44547840,34346880,262926,hold,1,1
coarse-f16-h6-u25,persistent,16,6,0.25,101,confirmation_coarse-f16-h6-u25_s101,12,12,44108,544404161,14453440,1170881,32122880,29773280,262926,hold,1,1
coarse-f16-h6-u25,persistent,16,6,0.25,101,confirmation_coarse-f16-h6-u25_s101,5,8,44183,545125441,14510720,580160,22560001,17928000,262926,hold,1,1
coarse-f16-h6-u25,persistent,16,6,0.25,101,confirmation_coarse-f16-h6-u25_s101,11,10,44269,546105441,15335040,6456000,31024161,21869920,262926,hold,1,0
coarse-f16-h6-u25,persistent,16,6,0.25,101,confirmation_coarse-f16-h6-u25_s101,11,10,45596,560826721,30056320,6032320,31636801,21869920,262926,hold,1,0
coarse-f16-h6-u25,persistent,16,6,0.25,101,confirmation_coarse-f16-h6-u25_s101,11,10,46889,575258401,44488000,3568320,31694240,21869920,262926,hold,1,1
coarse-f16-h6-u25,persistent,16,6,0.25,101,confirmation_coarse-f16-h6-u25_s101,1,7,44365,547214721,15936000,1913280,20916000,17590880,262926,hold,1,0
coarse-f16-h6-u25,persistent,16,6,0.25,101,confirmation_coarse-f16-h6-u25_s101,1,7,45678,561569441,30290720,253280,23240000,17590880,262926,hold,1,1
coarse-f16-h6-u25,persistent,16,6,0.25,101,confirmation_coarse-f16-h6-u25_s101,13,7,44870,552678881,14740000,3125280,21372000,18496000,262926,hold,1,1
coarse-f16-h6-u25,persistent,16,6,0.25,101,confirmation_coarse-f16-h6-u25_s101,14,6,45067,554890721,14472000,3373280,28836000,26308000,262926,hold,1,1
coarse-f16-h6-u25,persistent,16,6,0.25,101,confirmation_coarse-f16-h6-u25_s101,10,8,45174,556106721,14612000,6353280,39544000,42708000,262926,hold,1,0
coarse-f16-h6-u25,persistent,16,6,0.25,101,confirmation_coarse-f16-h6-u25_s101,10,8,46482,570690721,29196000,8605280,12148000,42708000,262926,increase,0,0
coarse-f16-h6-u25,persistent,16,6,0.25,101,confirmation_coarse-f16-h6-u25_s101,15,10,45239,556842721,14452320,4896160,23245120,22572160,262926,hold,1,0
coarse-f16-h6-u25,persistent,16,6,0.25,101,confirmation_coarse-f16-h6-u25_s101,15,10,46587,571785441,29395040,3570880,27169120,22572160,262926,hold,1,1
coarse-f16-h6-u25,persistent,16,6,0.25,101,confirmation_coarse-f16-h6-u25_s101,12,13,45415,558898721,14494560,2358560,25500000,32122880,262926,hold,1,0
coarse-f16-h6-u25,persistent,16,6,0.25,101,confirmation_coarse-f16-h6-u25_s101,12,13,46744,573546721,29142560,4779840,24646720,32122880,262926,hold,1,1
coarse-f16-h6-u25,persistent,16,6,0.25,101,confirmation_coarse-f16-h6-u25_s101,5,9,45495,559733441,14608000,580160,23556001,22560001,262926,hold,1,1
coarse-f16-h6-u25,persistent,16,6,0.25,101,confirmation_coarse-f16-h6-u25_s101,9,8,45590,560702721,14556000,2941280,29508000,34276000,262926,hold,1,0
coarse-f16-h6-u25,persistent,16,6,0.25,101,confirmation_coarse-f16-h6-u25_s101,9,8,46879,575174721,29028000,3789280,28024000,34276000,262926,hold,1,1
coarse-f16-h6-u25,persistent,16,6,0.25,101,confirmation_coarse-f16-h6-u25_s101,4,11,46020,565474721,14940000,1012160,29121120,32029760,262926,hold,1,0
coarse-f16-h6-u25,persistent,16,6,0.25,101,confirmation_coarse-f16-h6-u25_s101,4,11,47304,579985441,29450720,2010560,23572000,32029760,262926,hold,1,1
coarse-f16-h6-u25,persistent,16,6,0.25,101,confirmation_coarse-f16-h6-u25_s101,13,8,46189,567326881,14648000,3881280,22488000,21372000,262926,hold,1,1
coarse-f16-h6-u25,persistent,16,6,0.25,101,confirmation_coarse-f16-h6-u25_s101,14,7,46406,569870721,14980000,3973280,29212000,28836000,262926,hold,1,0
coarse-f16-h6-u25,persistent,16,6,0.25,101,confirmation_coarse-f16-h6-u25_s101,14,7,47709,584574721,29684000,7225600,28727680,28836000,262926,hold,1,0
coarse-f16-h6-u25,persistent,16,6,0.25,101,confirmation_coarse-f16-h6-u25_s101,14,7,49055,599638721,44748000,8181280,28576000,28836000,262926,hold,1,0
coarse-f16-h6-u25,persistent,16,6,0.25,101,confirmation_coarse-f16-h6-u25_s101,14,7,50374,614130721,59240000,6493280,26548000,28836000,262926,hold,1,0
coarse-f16-h6-u25,persistent,16,6,0.25,101,confirmation_coarse-f16-h6-u25_s101,14,7,51625,628834721,73944000,5053280,30156000,28836000,262926,hold,1,0
coarse-f16-h6-u25,persistent,16,6,0.25,101,confirmation_coarse-f16-h6-u25_s101,14,7,52960,643842721,88952000,5957280,24012000,28836000,262926,hold,1,0
coarse-f16-h6-u25,persistent,16,6,0.25,101,confirmation_coarse-f16-h6-u25_s101,14,7,54194,658518721,103628000,5837280,25044000,28836000,262926,hold,1,1
coarse-f16-h6-u25,persistent,16,6,0.25,101,confirmation_coarse-f16-h6-u25_s101,16,12,46561,571525281,14608000,728000,46669280,44547840,262926,hold,1,0
coarse-f16-h6-u25,persistent,16,6,0.25,101,confirmation_coarse-f16-h6-u25_s101,16,12,47836,586058881,29141600,917280,47394880,44547840,262926,hold,1,1
coarse-f16-h6-u25,persistent,16,6,0.25,101,confirmation_coarse-f16-h6-u25_s101,5,10,46804,574341441,14608000,1576160,21253120,23556001,262926,hold,1,1
coarse-f16-h6-u25,persistent,16,6,0.25,101,confirmation_coarse-f16-h6-u25_s101,1,8,46971,576177441,14608000,996000,19920000,23240000,262926,hold,1,0
coarse-f16-h6-u25,persistent,16,6,0.25,101,confirmation_coarse-f16-h6-u25_s101,1,8,48330,591529441,29960000,5976000,8380000,23240000,262926,increase,0,0
coarse-f16-h6-u25,persistent,16,6,0.25,101,confirmation_coarse-f16-h6-u25_s101,13,9,47472,581882881,14556000,6741280,18992000,22488000,262926,hold,1,0
coarse-f16-h6-u25,persistent,16,6,0.25,101,confirmation_coarse-f16-h6-u25_s101,13,9,48798,596678881,29352000,7857280,17148000,22488000,262926,hold,1,0
coarse-f16-h6-u25,persistent,16,6,0.25,101,confirmation_coarse-f16-h6-u25_s101,13,9,50114,611318881,43992000,9057280,15552000,22488000,262926,hold,1,0
coarse-f16-h6-u25,persistent,16,6,0.25,101,confirmation_coarse-f16-h6-u25_s101,13,9,51398,626086881,58760000,8485280,13652000,22488000,262926,increase,0,0
coarse-f16-h6-u25,persistent,16,6,0.25,101,confirmation_coarse-f16-h6-u25_s101,15,11,47889,586548161,14762720,76000,26510560,27169120,262926,hold,1,1
coarse-f16-h6-u25,persistent,16,6,0.25,101,confirmation_coarse-f16-h6-u25_s101,12,14,48068,588562721,15016000,3909280,27222560,24646720,262926,hold,1,0
coarse-f16-h6-u25,persistent,16,6,0.25,101,confirmation_coarse-f16-h6-u25_s101,12,14,49389,603225441,29678720,6616000,24020000,24646720,262926,hold,1,1
coarse-f16-h6-u25,persistent,16,6,0.25,101,confirmation_coarse-f16-h6-u25_s101,5,11,48071,588714721,14373280,3573280,20578880,21253120,262926,hold,1,0
coarse-f16-h6-u25,persistent,16,6,0.25,101,confirmation_coarse-f16-h6-u25_s101,5,11,49395,603327841,28986400,4993440,14613120,21253120,262926,hold,1,0
coarse-f16-h6-u25,persistent,16,6,0.25,101,confirmation_coarse-f16-h6-u25_s101,5,11,50713,617930721,43589280,2572160,15272000,21253120,262926,hold,1,1
coarse-f16-h6-u25,persistent,16,6,0.25,101,confirmation_coarse-f16-h6-u25_s101,9,9,48161,589638721,14464000,4969280,29104000,28024000,262926,hold,1,1
coarse-f16-h6-u25,persistent,16,6,0.25,101,confirmation_coarse-f16-h6-u25_s101,11,11,48217,590198401,14940000,4790560,27848000,31694240,262926,hold,1,1
coarse-f16-h6-u25,persistent,16,6,0.25,101,confirmation_coarse-f16-h6-u25_s101,4,12,48598,594386721,14401280,2937280,25620000,23572000,262926,hold,1,1
coarse-f16-h6-u25,persistent,16,6,0.25,101,confirmation_coarse-f16-h6-u25_s101,10,9,49123,600310721,14980000,6945280,33632000,36988000,262926,hold,1,0
coarse-f16-h6-u25,persistent,16,6,0.25,101,confirmation_coarse-f16-h6-u25_s101,10,9,50460,615050721,29720000,5689280,35948000,36988000,262926,hold,1,0
coarse-f16-h6-u25,persistent,16,6,0.25,101,confirmation_coarse-f16-h6-u25_s101,10,9,51700,629698721,44368000,5597280,37036000,36988000,262926,hold,1,0
coarse-f16-h6-u25,persistent,16,6,0.25,101,confirmation_coarse-f16-h6-u25_s101,10,9,52997,644282721,58952000,6261280,34748000,36988000,262926,hold,1,0
coarse-f16-h6-u25,persistent,16,6,0.25,101,confirmation_coarse-f16-h6-u25_s101,10,9,54236,659078721,73748000,7701280,31408000,36988000,262926,hold,1,0
coarse-f16-h6-u25,persistent,16,6,0.25,101,confirmation_coarse-f16-h6-u25_s101,10,9,55527,673606721,88276000,6408160,32185120,36988000,262926,hold,1,1
coarse-f16-h6-u25,persistent,16,6,0.25,101,confirmation_coarse-f16-h6-u25_s101,16,13,49143,600418561,14359680,1581280,44293280,47394880,262926,hold,1,0
coarse-f16-h6-u25,persistent,16,6,0.25,101,confirmation_coarse-f16-h6-u25_s101,16,13,50486,615349281,29290400,1322880,42229120,47394880,262926,hold,1,0
coarse-f16-h6-u25,persistent,16,6,0.25,101,confirmation_coarse-f16-h6-u25_s101,16,13,51724,629957281,43898400,2577280,27224000,47394880,262926,hold,1,1
coarse-f16-h6-u25,persistent,16,6,0.25,101,confirmation_coarse-f16-h6-u25_s101,15,12,49195,600998721,14450560,278880,25533280,26510560,262926,hold,1,0
coarse-f16-h6-u25,persistent,16,6,0.25,101,confirmation_coarse-f16-h6-u25_s101,15,12,50512,615606721,29058560,1574880,24574400,26510560,262926,hold,1,1
coarse-f16-h6-u25,persistent,16,6,0.25,101,confirmation_coarse-f16-h6-u25_s101,9,10,49457,604074721,14436000,5597280,26824000,29104000,262926,hold,1,0
coarse-f16-h6-u25,persistent,16,6,0.25,101,confirmation_coarse-f16-h6-u25_s101,9,10,50788,618750721,29112000,3908160,33697120,29104000,262926,hold,1,1
coarse-f16-h6-u25,persistent,16,6,0.25,101,confirmation_coarse-f16-h6-u25_s101,11,12,49500,604553121,14354720,1425600,33200000,27848000,262926,hold,1,0
coarse-f16-h6-u25,persistent,16,6,0.25,101,confirmation_coarse-f16-h6-u25_s101,11,12,50812,619021441,28823040,1676000,34872960,27848000,262926,hold,1,1
coarse-f16-h6-u25,persistent,16,6,0.25,101,confirmation_coarse-f16-h6-u25_s101,4,13,49891,608998721,14612000,257280,29908000,25620000,262926,hold,1,1
coarse-f16-h6-u25,persistent,16,6,0.25,101,confirmation_coarse-f16-h6-u25_s101,8,8,50069,610954721,14436000,1861280,34732000,32896000,262926,hold,1,0
coarse-f16-h6-u25,persistent,16,6,0.25,101,confirmation_coarse-f16-h6-u25_s101,8,8,51402,626118721,29600000,2073280,37544000,32896000,262926,hold,1,1
coarse-f16-h6-u25,persistent,16,6,0.25,101,confirmation_coarse-f16-h6-u25_s101,12,15,50759,618358721,15133280,4545280,27441280,24020000,262926,hold,1,1
coarse-f16-h6-u25,persistent,16,6,0.25,101,confirmation_coarse-f16-h6-u25_s101,4,14,51194,623606721,14608000,257280,29576000,29908000,262926,hold,1,1
coarse-f16-h6-u25,persistent,16,6,0.25,101,confirmation_coarse-f16-h6-u25_s101,15,13,51750,630219841,14613120,910880,21249280,24574400,262926,hold,1,0
coarse-f16-h6-u25,persistent,16,6,0.25,101,confirmation_coarse-f16-h6-u25_s101,15,13,53033,644749441,29142720,2570880,16042720,24574400,262926,hold,1,1
coarse-f16-h6-u25,persistent,16,6,0.25,101,confirmation_coarse-f16-h6-u25_s101,5,12,51983,632870721,14940000,682560,18162720,15272000,262926,hold,1,0
coarse-f16-h6-u25,persistent,16,6,0.25,101,confirmation_coarse-f16-h6-u25_s101,5,12,53231,647481441,29550720,3573280,17696000,15272000,262926,hold,1,1
coarse-f16-h6-u25,persistent,16,6,0.25,101,confirmation_coarse-f16-h6-u25_s101,12,16,52012,633302721,14944000,350560,32043840,27441280,262926,hold,1,1
coarse-f16-h6-u25,persistent,16,6,0.25,101,confirmation_coarse-f16-h6-u25_s101,9,11,52024,633334721,14584000,4509280,33272000,33697120,262926,hold,1,0
coarse-f16-h6-u25,persistent,16,6,0.25,101,confirmation_coarse-f16-h6-u25_s101,9,11,53342,648850721,30100000,4445280,27516000,33697120,262926,hold,1,1
coarse-f16-h6-u25,persistent,16,6,0.25,101,confirmation_coarse-f16-h6-u25_s101,11,13,52031,633545441,14524000,2674880,32854080,34872960,262926,hold,1,0
coarse-f16-h6-u25,persistent,16,6,0.25,101,confirmation_coarse-f16-h6-u25_s101,11,13,53288,648177441,29156000,3249280,28067040,34872960,262926,hold,1,1
coarse-f16-h6-u25,persistent,16,6,0.25,101,confirmation_coarse-f16-h6-u25_s101,4,15,52483,638514721,14908000,584000,25493280,29576000,262926,hold,1,1
coarse-f16-h6-u25,persistent,16,6,0.25,101,confirmation_coarse-f16-h6-u25_s101,8,9,52679,640682721,14564000,2709280,33060000,37544000,262926,hold,1,0
coarse-f16-h6-u25,persistent,16,6,0.25,101,confirmation_coarse-f16-h6-u25_s101,8,9,53887,655210721,29092000,2709280,32856000,37544000,262926,hold,1,1
coarse-f16-h6-u25,persistent,16,6,0.25,101,confirmation_coarse-f16-h6-u25_s101,16,14,53028,644725121,14767840,2241120,33234720,27224000,262926,hold,1,0
coarse-f16-h6-u25,persistent,16,6,0.25,101,confirmation_coarse-f16-h6-u25_s101,16,14,54276,659505281,29548000,89760,36676960,27224000,262926,hold,1,1
coarse-f16-h6-u25,persistent,16,6,0.25,101,confirmation_coarse-f16-h6-u25_s101,12,17,53259,647813441,14510720,2580000,26669280,32043840,262926,hold,1,1
coarse-f16-h6-u25,persistent,16,6,0.25,101,confirmation_coarse-f16-h6-u25_s101,1,9,53527,650861441,14608000,648000,21421280,17517280,262926,hold,1,0
coarse-f16-h6-u25,persistent,16,6,0.25,101,confirmation_coarse-f16-h6-u25_s101,1,9,54869,666465441,30212000,1913280,20234720,17517280,262926,hold,1,0
coarse-f16-h6-u25,persistent,16,6,0.25,101,confirmation_coarse-f16-h6-u25_s101,1,9,56294,681853441,45600000,11840,18011840,17517280,262926,hold,1,0
coarse-f16-h6-u25,persistent,16,6,0.25,101,confirmation_coarse-f16-h6-u25_s101,1,9,57701,696946721,60693280,585280,19193280,17517280,262926,hold,1,0
coarse-f16-h6-u25,persistent,16,6,0.25,101,confirmation_coarse-f16-h6-u25_s101,1,9,59040,711886721,75633280,910720,23341440,17517280,262926,hold,1,0
coarse-f16-h6-u25,persistent,16,6,0.25,101,confirmation_coarse-f16-h6-u25_s101,1,9,60313,726826721,90573280,585280,25326880,17517280,262926,hold,1,0
coarse-f16-h6-u25,persistent,16,6,0.25,101,confirmation_coarse-f16-h6-u25_s101,1,9,61587,742430721,106177280,585280,14940000,17517280,262926,hold,1,0
coarse-f16-h6-u25,persistent,16,6,0.25,101,confirmation_coarse-f16-h6-u25_s101,1,9,62949,758366721,122113280,682880,18494400,17517280,262926,hold,1,0
coarse-f16-h6-u25,persistent,16,6,0.25,101,confirmation_coarse-f16-h6-u25_s101,1,9,64279,773638721,137385280,917280,22244000,17517280,262926,hold,1,0
coarse-f16-h6-u25,persistent,16,6,0.25,101,confirmation_coarse-f16-h6-u25_s101,1,9,65635,788512001,152258560,253280,23070560,17517280,262926,hold,1,0
coarse-f16-h6-u25,persistent,16,6,0.25,101,confirmation_coarse-f16-h6-u25_s101,1,9,66963,803518721,167265280,2792000,21630560,17517280,262926,hold,1,0
coarse-f16-h6-u25,persistent,16,6,0.25,101,confirmation_coarse-f16-h6-u25_s101,1,9,68313,818674721,182421280,320000,22841280,17517280,262926,hold,1,0
coarse-f16-h6-u25,persistent,16,6,0.25,101,confirmation_coarse-f16-h6-u25_s101,1,9,69574,833282721,197029280,2129280,15006720,17517280,262926,hold,1,0
coarse-f16-h6-u25,persistent,16,6,0.25,101,confirmation_coarse-f16-h6-u25_s101,1,9,70934,848749121,212495680,585280,16885600,17517280,262926,hold,1,0
coarse-f16-h6-u25,persistent,16,6,0.25,101,confirmation_coarse-f16-h6-u25_s101,1,9,72189,863610721,227357280,1111680,13944000,17517280,262926,increase,0,0
coarse-f16-h6-u25,persistent,16,6,0.25,101,confirmation_coarse-f16-h6-u25_s101,6,2,53679,652561441,14630720,1182560,20994720,16612000,262926,hold,1,0
coarse-f16-h6-u25,persistent,16,6,0.25,101,confirmation_coarse-f16-h6-u25_s101,6,2,54944,667301121,29370400,3264000,14518560,16612000,262926,hold,1,1
coarse-f16-h6-u25,persistent,16,6,0.25,101,confirmation_coarse-f16-h6-u25_s101,4,16,53719,653122721,14608000,5200000,21580000,25493280,262926,hold,1,0
coarse-f16-h6-u25,persistent,16,6,0.25,101,confirmation_coarse-f16-h6-u25_s101,4,16,55035,668297121,29782400,1165440,28836960,25493280,262926,hold,1,1
coarse-f16-h6-u25,persistent,16,6,0.25,101,confirmation_coarse-f16-h6-u25_s101,7,3,53890,655217441,15604000,2014720,19817280,16934400,262926,hold,1,0
coarse-f16-h6-u25,persistent,16,6,0.25,101,confirmation_coarse-f16-h6-u25_s101,7,3,55202,670054721,30441280,688000,15934720,16934400,262926,hold,1,0
coarse-f16-h6-u25,persistent,16,6,0.25,101,confirmation_coarse-f16-h6-u25_s101,7,3,56599,685154721,45541280,2474560,12444000,16934400,262926,increase,0,1
coarse-f16-h6-u25,persistent,16,6,0.25,101,confirmation_coarse-f16-h6-u25_s101,15,14,54255,659205441,14456000,3803680,17465920,16042720,262926,hold,1,1
coarse-f16-h6-u25,persistent,16,6,0.25,101,confirmation_coarse-f16-h6-u25_s101,5,13,54504,662089441,14608000,5562880,16038400,17696000,262926,hold,1,0
coarse-f16-h6-u25,persistent,16,6,0.25,101,confirmation_coarse-f16-h6-u25_s101,5,13,55819,676697441,29216000,2577280,16600000,17696000,262926,hold,1,1
coarse-f16-h6-u25,persistent,16,6,0.25,101,confirmation_coarse-f16-h6-u25_s101,12,18,54533,662421441,14608000,929600,27725120,26669280,262926,hold,1,0
coarse-f16-h6-u25,persistent,16,6,0.25,101,confirmation_coarse-f16-h6-u25_s101,12,18,55850,677026721,29213280,1913280,27224000,26669280,262926,hold,1,1
coarse-f16-h6-u25,persistent,16,6,0.25,101,confirmation_coarse-f16-h6-u25_s101,11,14,54558,662750721,14573280,3489440,30257280,28067040,262926,hold,1,1
coarse-f16-h6-u25,persistent,16,6,0.25,101,confirmation_coarse-f16-h6-u25_s101,9,12,54638,663738721,14888000,4629280,28356000,27516000,262926,hold,1,0
coarse-f16-h6-u25,persistent,16,6,0.25,101,confirmation_coarse-f16-h6-u25_s101,9,12,55984,678506721,29656000,4481280,28772000,27516000,262926,hold,1,1
coarse-f16-h6-u25,persistent,16,6,0.25,101,confirmation_coarse-f16-h6-u25_s101,8,10,55218,670190721,14980000,5265280,34884000,32856000,262926,hold,1,0
coarse-f16-h6-u25,persistent,16,6,0.25,101,confirmation_coarse-f16-h6-u25_s101,8,10,56575,684922721,29712000,3873280,34156000,32856000,262926,hold,1,1
coarse-f16-h6-u25,persistent,16,6,0.25,101,confirmation_coarse-f16-h6-u25_s101,13,10,55162,669634881,14380000,4397280,18228000,15100000,262926,hold,1,0
coarse-f16-h6-u25,persistent,16,6,0.25,101,confirmation_coarse-f16-h6-u25_s101,13,10,56515,684282881,29028000,3189280,21096000,15100000,262926,hold,1,0
coarse-f16-h6-u25,persistent,16,6,0.25,101,confirmation_coarse-f16-h6-u25_s101,13,10,57887,698902881,43648000,7829280,18540000,15100000,262926,hold,1,0
coarse-f16-h6-u25,persistent,16,6,0.25,101,confirmation_coarse-f16-h6-u25_s101,13,10,59196,713782881,58528000,8549280,16068000,15100000,262926,hold,1,0
coarse-f16-h6-u25,persistent,16,6,0.25,101,confirmation_coarse-f16-h6-u25_s101,13,10,60448,728366881,73112000,10385280,12176000,15100000,262926,increase,0,0
coarse-f16-h6-u25,persistent,16,6,0.25,101,confirmation_coarse-f16-h6-u25_s101,14,8,55509,673314721,14796000,2489280,29232000,25044000,262926,hold,1,0
coarse-f16-h6-u25,persistent,16,6,0.25,101,confirmation_coarse-f16-h6-u25_s101,14,8,56833,687694721,29176000,2589280,30220000,25044000,262926,hold,1,1
coarse-f16-h6-u25,persistent,16,6,0.25,101,confirmation_coarse-f16-h6-u25_s101,15,15,55543,673706721,14501280,1824320,10519520,17465920,262926,increase,0,1
coarse-f16-h6-u25,persistent,16,6,0.25,101,confirmation_coarse-f16-h6-u25_s101,16,15,55605,674445281,14940000,0,40421120,36676960,262926,hold,1,1
coarse-f16-h6-u25,persistent,16,6,0.25,101,confirmation_coarse-f16-h6-u25_s101,11,15,55874,677274881,14524160,3786720,31149120,30257280,262926,hold,1,1
coarse-f16-h6-u25,persistent,16,6,0.25,101,confirmation_coarse-f16-h6-u25_s101,6,3,56374,682852161,15551040,1860320,14739680,14518560,262926,hold,1,0
coarse-f16-h6-u25,persistent,16,6,0.25,101,confirmation_coarse-f16-h6-u25_s101,6,3,57787,697792161,30491040,2192320,14075680,14518560,262926,hold,1,0
coarse-f16-h6-u25,persistent,16,6,0.25,101,confirmation_coarse-f16-h6-u25_s101,6,3,59140,713064161,45763040,3984000,14144320,14518560,262926,hold,1,1
coarse-f16-h6-u25,persistent,16,6,0.25,101,confirmation_coarse-f16-h6-u25_s101,4,17,56377,682852161,14555040,1098720,26722560,28836960,262926,hold,1,1
coarse-f16-h6-u25,persistent,16,6,0.25,101,confirmation_coarse-f16-h6-u25_s101,10,10,56883,688226721,14620000,4997280,33688000,32185120,262926,hold,1,0
coarse-f16-h6-u25,persistent,16,6,0.25,101,confirmation_coarse-f16-h6-u25_s101,10,10,58306,703510721,29904000,4997280,32008000,32185120,262926,hold,1,0
coarse-f16-h6-u25,persistent,16,6,0.25,101,confirmation_coarse-f16-h6-u25_s101,10,10,59566,718270721,44664000,5633280,29296000,32185120,262926,hold,1,0
coarse-f16-h6-u25,persistent,16,6,0.25,101,confirmation_coarse-f16-h6-u25_s101,10,10,60803,732734721,59128000,4685280,29240000,32185120,262926,hold,1,1
coarse-f16-h6-u25,persistent,16,6,0.25,101,confirmation_coarse-f16-h6-u25_s101,16,16,56952,689025441,14580160,150720,46222720,40421120,262926,hold,1,1
coarse-f16-h6-u25,persistent,16,6,0.25,101,confirmation_coarse-f16-h6-u25_s101,5,14,57158,691052161,14354720,253280,19002720,16600000,262926,hold,1,1
coarse-f16-h6-u25,persistent,16,6,0.25,101,confirmation_coarse-f16-h6-u25_s101,12,19,57202,691634721,14608000,1241440,26799840,27224000,262926,hold,1,0
coarse-f16-h6-u25,persistent,16,6,0.25,101,confirmation_coarse-f16-h6-u25_s101,12,19,58566,706324161,29297440,2377280,26265280,27224000,262926,hold,1,1
coarse-f16-h6-u25,persistent,16,6,0.25,101,confirmation_coarse-f16-h6-u25_s101,11,16,57237,691973441,14698560,4321120,28463040,31149120,262926,hold,1,0
coarse-f16-h6-u25,persistent,16,6,0.25,101,confirmation_coarse-f16-h6-u25_s101,11,16,58649,707238721,29963840,2717600,25423680,31149120,262926,hold,1,1
coarse-f16-h6-u25,persistent,16,6,0.25,101,confirmation_coarse-f16-h6-u25_s101,9,13,57332,693090721,14584000,2277280,29148000,28772000,262926,hold,1,0
coarse-f16-h6-u25,persistent,16,6,0.25,101,confirmation_coarse-f16-h6-u25_s101,9,13,58677,707646721,29140000,1853280,27848000,28772000,262926,hold,1,1
coarse-f16-h6-u25,persistent,16,6,0.25,101,confirmation_coarse-f16-h6-u25_s101,4,18,57733,697325441,14473280,1027840,25966880,26722560,262926,hold,1,0
coarse-f16-h6-u25,persistent,16,6,0.25,101,confirmation_coarse-f16-h6-u25_s101,4,18,59073,712293601,29441440,1429280,25874720,26722560,262926,hold,1,1
coarse-f16-h6-u25,persistent,16,6,0.25,101,confirmation_coarse-f16-h6-u25_s101,8,11,57975,699782721,14860000,2997280,33068000,34156000,262926,hold,1,0
coarse-f16-h6-u25,persistent,16,6,0.25,101,confirmation_coarse-f16-h6-u25_s101,8,11,59275,714846721,29924000,4333280,29472000,34156000,262926,hold,1,0
coarse-f16-h6-u25,persistent,16,6,0.25,101,confirmation_coarse-f16-h6-u25_s101,8,11,60577,729966721,45044000,3265280,30652000,34156000,262926,hold,1,1
coarse-f16-h6-u25,persistent,16,6,0.25,101,confirmation_coarse-f16-h6-u25_s101,14,9,58196,702286721,14592000,3161280,34176000,30220000,262926,hold,1,0
coarse-f16-h6-u25,persistent,16,6,0.25,101,confirmation_coarse-f16-h6-u25_s101,14,9,59479,717110721,29416000,4185280,34120000,30220000,262926,hold,1,0
coarse-f16-h6-u25,persistent,16,6,0.25,101,confirmation_coarse-f16-h6-u25_s101,14,9,60758,732210721,44516000,7397280,29156000,30220000,262926,hold,1,0
coarse-f16-h6-u25,persistent,16,6,0.25,101,confirmation_coarse-f16-h6-u25_s101,14,9,61974,746970721,59276000,6529280,29388000,30220000,262926,hold,1,0
coarse-f16-h6-u25,persistent,16,6,0.25,101,confirmation_coarse-f16-h6-u25_s101,14,9,63239,761610721,73916000,3929280,30044000,30220000,262926,hold,1,1
coarse-f16-h6-u25,persistent,16,6,0.25,101,confirmation_coarse-f16-h6-u25_s101,15,16,58255,703001441,14686720,2318880,21169280,25789280,262926,hold,1,1
coarse-f16-h6-u25,persistent,16,6,0.25,101,confirmation_coarse-f16-h6-u25_s101,16,17,58297,703436161,14410720,720000,48636320,46222720,262926,hold,1,0
coarse-f16-h6-u25,persistent,16,6,0.25,101,confirmation_coarse-f16-h6-u25_s101,16,17,59599,718680001,29654560,1716000,42913600,46222720,262926,hold,1,1
coarse-f16-h6-u25,persistent,16,6,0.25,101,confirmation_coarse-f16-h6-u25_s101,5,15,58510,705660161,14608000,1657600,21168960,19002720,262926,hold,1,0
coarse-f16-h6-u25,persistent,16,6,0.25,101,confirmation_coarse-f16-h6-u25_s101,5,15,59734,720268161,29216000,3905280,20328320,19002720,262926,hold,1,1
coarse-f16-h6-u25,persistent,16,6,0.25,101,confirmation_coarse-f16-h6-u25_s101,7,4,59296,715034721,14940000,3241280,12673280,14276000,262926,increase,0,0
coarse-f16-h6-u25,persistent,16,6,0.25,101,confirmation_coarse-f16-h6-u25_s101,15,17,59514,717609441,14608000,3241280,17669600,21169280,262926,hold,1,1
coarse-f16-h6-u25,persistent,16,6,0.25,101,confirmation_coarse-f16-h6-u25_s101,12,20,59794,720850721,14526560,3556160,26973120,26265280,262926,hold,1,0
coarse-f16-h6-u25,persistent,16,6,0.25,101,confirmation_coarse-f16-h6-u25_s101,12,20,61013,735414721,29090560,5150720,25646560,26265280,262926,hold,1,0
coarse-f16-h6-u25,persistent,16,6,0.25,101,confirmation_coarse-f16-h6-u25_s101,12,20,62348,751466721,45142560,2985600,24307680,26265280,262926,hold,1,1
coarse-f16-h6-u25,persistent,16,6,0.25,101,confirmation_coarse-f16-h6-u25_s101,11,17,59885,721925441,14686720,2542560,27674560,25423680,262926,hold,1,0
coarse-f16-h6-u25,persistent,16,6,0.25,101,confirmation_coarse-f16-h6-u25_s101,11,17,61122,736786721,29548000,2988000,29998560,25423680,262926,hold,1,1
coarse-f16-h6-u25,persistent,16,6,0.25,101,confirmation_coarse-f16-h6-u25_s101,9,14,59911,722238721,14592000,3429280,30468000,27848000,262926,hold,1,1
coarse-f16-h6-u25,persistent,16,6,0.25,101,confirmation_coarse-f16-h6-u25_s101,4,19,60317,726826721,14533120,1908160,24386560,25874720,262926,hold,1,1
coarse-f16-h6-u25,persistent,16,6,0.25,101,confirmation_coarse-f16-h6-u25_s101,6,4,60382,727593441,14529280,5486560,4648000,14144320,262926,increase,0,0
coarse-f16-h6-u25,persistent,16,6,0.25,101,confirmation_coarse-f16-h6-u25_s101,15,18,60750,732138721,14529280,581280,15677600,17669600,262926,hold,1,1
coarse-f16-h6-u25,persistent,16,6,0.25,101,confirmation_coarse-f16-h6-u25_s101,16,18,60898,733980161,15300160,422720,41657440,42913600,262926,hold,1,1
coarse-f16-h6-u25,persistent,16,6,0.25,101,confirmation_coarse-f16-h6-u25_s101,5,16,60988,735126721,14858560,5233280,12948000,20328320,262926,increase,0,0
coarse-f16-h6-u25,persistent,16,6,0.25,101,confirmation_coarse-f16-h6-u25_s101,9,15,61114,736738721,14500000,4157280,29868000,30468000,262926,hold,1,0
coarse-f16-h6-u25,persistent,16,6,0.25,101,confirmation_coarse-f16-h6-u25_s101,9,15,62351,751470721,29232000,5181280,27608000,30468000,262926,hold,1,0
coarse-f16-h6-u25,persistent,16,6,0.25,101,confirmation_coarse-f16-h6-u25_s101,9,15,63627,766054721,43816000,5857600,28215680,30468000,262926,hold,1,0
coarse-f16-h6-u25,persistent,16,6,0.25,101,confirmation_coarse-f16-h6-u25_s101,9,15,64904,780546721,58308000,5137280,28328000,30468000,262926,hold,1,0
coarse-f16-h6-u25,persistent,16,6,0.25,101,confirmation_coarse-f16-h6-u25_s101,9,15,66229,795222721,72984000,4149280,27564000,30468000,262926,hold,1,1
coarse-f16-h6-u25,persistent,16,6,0.25,101,confirmation_coarse-f16-h6-u25_s101,4,20,61548,741977441,15150720,1025120,26300160,24386560,262926,hold,1,0
coarse-f16-h6-u25,persistent,16,6,0.25,101,confirmation_coarse-f16-h6-u25_s101,4,20,62814,756864161,30037440,335840,27556000,24386560,262926,hold,1,1
coarse-f16-h6-u25,persistent,16,6,0.25,101,confirmation_coarse-f16-h6-u25_s101,8,12,61763,744430721,14464000,3357280,33568000,30652000,262926,hold,1,1
coarse-f16-h6-u25,persistent,16,6,0.25,101,confirmation_coarse-f16-h6-u25_s101,15,19,61971,746957441,14818720,0,20173280,15677600,262926,hold,1,1
coarse-f16-h6-u25,persistent,16,6,0.25,101,confirmation_coarse-f16-h6-u25_s101,10,11,61993,747254721,14520000,5349280,32884000,29240000,262926,hold,1,0
coarse-f16-h6-u25,persistent,16,6,0.25,101,confirmation_coarse-f16-h6-u25_s101,10,11,63264,761838721,29104000,5321280,40220000,29240000,262926,hold,1,0
coarse-f16-h6-u25,persistent,16,6,0.25,101,confirmation_coarse-f16-h6-u25_s101,10,11,64530,776422721,43688000,5441280,41124000,29240000,262926,hold,1,0
coarse-f16-h6-u25,persistent,16,6,0.25,101,confirmation_coarse-f16-h6-u25_s101,10,11,65860,791070721,58336000,4029280,39768000,29240000,262926,hold,1,1
coarse-f16-h6-u25,persistent,16,6,0.25,101,confirmation_coarse-f16-h6-u25_s101,16,19,62112,748674561,14694400,238560,37230720,41657440,262926,hold,1,1
coarse-f16-h6-u25,persistent,16,6,0.25,101,confirmation_coarse-f16-h6-u25_s101,11,18,62384,751857441,15070720,1425280,23526720,29998560,262926,hold,1,1
coarse-f16-h6-u25,persistent,16,6,0.25,101,confirmation_coarse-f16-h6-u25_s101,13,11,62877,757478881,14408000,6408320,14252960,14012000,262926,hold,1,0
coarse-f16-h6-u25,persistent,16,6,0.25,101,confirmation_coarse-f16-h6-u25_s101,13,11,64136,772062881,28992000,3033280,17239040,14012000,262926,hold,1,1
coarse-f16-h6-u25,persistent,16,6,0.25,101,confirmation_coarse-f16-h6-u25_s101,8,13,63009,759070721,14640000,2185280,40396000,33568000,262926,hold,1,0
coarse-f16-h6-u25,persistent,16,6,0.25,101,confirmation_coarse-f16-h6-u25_s101,8,13,64289,773718721,29288000,2757280,45616000,33568000,262926,hold,1,1
coarse-f16-h6-u25,persistent,16,6,0.25,101,confirmation_coarse-f16-h6-u25_s101,15,20,63225,761481441,14524000,249280,27221600,20173280,262926,hold,1,1
coarse-f16-h6-u25,persistent,16,6,0.25,101,confirmation_coarse-f16-h6-u25_s101,16,20,63412,763528161,14853600,1242079,33407521,37230720,262926,hold,1,1
coarse-f16-h6-u25,persistent,16,6,0.25,101,confirmation_coarse-f16-h6-u25_s101,12,21,63635,766150721,14684000,1346720,28265440,24307680,262926,hold,1,1
coarse-f16-h6-u25,persistent,16,6,0.25,101,confirmation_coarse-f16-h6-u25_s101,11,19,63665,766492161,14634720,3037280,39712000,23526720,262926,hold,1,1
coarse-f16-h6-u25,persistent,16,6,0.25,101,confirmation_coarse-f16-h6-u25_s101,4,21,64064,771261601,14397440,202720,28656000,27556000,262926,hold,1,1
coarse-f16-h6-u25,persistent,16,6,0.25,101,confirmation_coarse-f16-h6-u25_s101,15,21,64482,775962721,14481280,2325600,16772960,27221600,262926,hold,1,0
coarse-f16-h6-u25,persistent,16,6,0.25,101,confirmation_coarse-f16-h6-u25_s101,15,21,65816,790570721,29089280,3747840,27049440,27221600,262926,hold,1,1
coarse-f16-h6-u25,persistent,16,6,0.25,101,confirmation_coarse-f16-h6-u25_s101,14,10,64523,776378721,14768000,3025280,26696000,30044000,262926,hold,1,1
coarse-f16-h6-u25,persistent,16,6,0.25,101,confirmation_coarse-f16-h6-u25_s101,16,21,64691,778136161,14608000,3282560,35145600,33407521,262926,hold,1,0
coarse-f16-h6-u25,persistent,16,6,0.25,101,confirmation_coarse-f16-h6-u25_s101,16,21,66020,792937281,29409120,1908160,37838400,33407521,262926,hold,1,1
coarse-f16-h6-u25,persistent,16,6,0.25,101,confirmation_coarse-f16-h6-u25_s101,5,17,64794,779364161,15021440,493280,21590560,16434720,262926,hold,1,1
coarse-f16-h6-u25,persistent,16,6,0.25,101,confirmation_coarse-f16-h6-u25_s101,12,22,64926,780792161,14641440,45280,29898880,28265440,262926,hold,1,1
coarse-f16-h6-u25,persistent,16,6,0.25,101,confirmation_coarse-f16-h6-u25_s101,11,20,64939,780942721,14450560,2604000,39154400,39712000,262926,hold,1,1
coarse-f16-h6-u25,persistent,16,6,0.25,101,confirmation_coarse-f16-h6-u25_s101,4,22,65376,785693441,14431840,1631840,25940320,28656000,262926,hold,1,1
coarse-f16-h6-u25,persistent,16,6,0.25,101,confirmation_coarse-f16-h6-u25_s101,13,12,65450,786654881,14592000,3789280,19712000,17239040,262926,hold,1,0
coarse-f16-h6-u25,persistent,16,6,0.25,101,confirmation_coarse-f16-h6-u25_s101,13,12,66769,801266881,29204000,5053280,19232000,17239040,262926,hold,1,0
coarse-f16-h6-u25,persistent,16,6,0.25,101,confirmation_coarse-f16-h6-u25_s101,13,12,68068,816006881,43944000,5294240,18299040,17239040,262926,hold,1,1
coarse-f16-h6-u25,persistent,16,6,0.25,101,confirmation_coarse-f16-h6-u25_s101,8,14,65641,788606721,14888000,3817280,44224000,45616000,262926,hold,1,1
coarse-f16-h6-u25,persistent,16,6,0.25,101,confirmation_coarse-f16-h6-u25_s101,14,11,65867,791090721,14712000,4037280,26632000,26696000,262926,hold,1,1
coarse-f16-h6-u25,persistent,16,6,0.25,101,confirmation_coarse-f16-h6-u25_s101,5,18,66121,793990721,14626560,0,25580160,21590560,262926,hold,1,1
coarse-f16-h6-u25,persistent,16,6,0.25,101,confirmation_coarse-f16-h6-u25_s101,12,23,66318,796158721,15366560,286720,26497120,29898880,262926,hold,1,0
coarse-f16-h6-u25,persistent,16,6,0.25,101,confirmation_coarse-f16-h6-u25_s101,12,23,67603,810809441,30017280,2369280,22636000,29898880,262926,hold,1,1
coarse-f16-h6-u25,persistent,16,6,0.25,101,confirmation_coarse-f16-h6-u25_s101,11,21,66256,795376161,14433440,3849280,35380000,39154400,262926,hold,1,0
coarse-f16-h6-u25,persistent,16,6,0.25,101,confirmation_coarse-f16-h6-u25_s101,11,21,67538,810037441,29094720,493440,32959840,39154400,262926,hold,1,1
coarse-f16-h6-u25,persistent,16,6,0.25,101,confirmation_coarse-f16-h6-u25_s101,4,23,66730,800796001,15102560,532000,25564960,25940320,262926,hold,1,1
coarse-f16-h6-u25,persistent,16,6,0.25,101,confirmation_coarse-f16-h6-u25_s101,8,15,66948,803438721,14832000,2885280,37968000,44224000,262926,hold,1,0
coarse-f16-h6-u25,persistent,16,6,0.25,101,confirmation_coarse-f16-h6-u25_s101,8,15,68305,818602721,29996000,4065280,31676000,44224000,262926,hold,1,1
coarse-f16-h6-u25,persistent,16,6,0.25,101,confirmation_coarse-f16-h6-u25_s101,15,22,67108,805178721,14608000,922400,28546880,27049440,262926,hold,1,1
coarse-f16-h6-u25,persistent,16,6,0.25,101,confirmation_coarse-f16-h6-u25_s101,10,12,67141,805570721,14500000,5809280,36788000,39768000,262926,hold,1,0
coarse-f16-h6-u25,persistent,16,6,0.25,101,confirmation_coarse-f16-h6-u25_s101,10,12,68431,820042721,28972000,4913280,30856000,39768000,262926,hold,1,0
coarse-f16-h6-u25,persistent,16,6,0.25,101,confirmation_coarse-f16-h6-u25_s101,10,12,69722,835022721,43952000,3189280,30116000,39768000,262926,hold,1,1
coarse-f16-h6-u25,persistent,16,6,0.25,101,confirmation_coarse-f16-h6-u25_s101,14,12,67164,805858721,14768000,3825280,27876000,26632000,262926,hold,1,0
coarse-f16-h6-u25,persistent,16,6,0.25,101,confirmation_coarse-f16-h6-u25_s101,14,12,68468,820442721,29352000,5957280,27432000,26632000,262926,hold,1,0
coarse-f16-h6-u25,persistent,16,6,0.25,101,confirmation_coarse-f16-h6-u25_s101,14,12,69751,835350721,44260000,4649280,27560000,26632000,262926,hold,1,0
coarse-f16-h6-u25,persistent,16,6,0.25,101,confirmation_coarse-f16-h6-u25_s101,14,12,71041,850026721,58936000,4085280,26540000,26632000,262926,hold,1,0
coarse-f16-h6-u25,persistent,16,6,0.25,101,confirmation_coarse-f16-h6-u25_s101,14,12,72277,864582721,73492000,4389280,27232000,26632000,262926,hold,1,1
coarse-f16-h6-u25,persistent,16,6,0.25,101,confirmation_coarse-f16-h6-u25_s101,16,22,67288,807352161,14414880,585280,43160000,37838400,262926,hold,1,1
coarse-f16-h6-u25,persistent,16,6,0.25,101,confirmation_coarse-f16-h6-u25_s101,5,19,67402,808498721,14508000,2595840,23561440,25580160,262926,hold,1,1
coarse-f16-h6-u25,persistent,16,6,0.25,101,confirmation_coarse-f16-h6-u25_s101,9,16,67517,809870721,14648000,5173280,25312000,27564000,262926,hold,1,1
coarse-f16-h6-u25,persistent,16,6,0.25,101,confirmation_coarse-f16-h6-u25_s101,4,24,68011,815374721,14578720,657440,24521120,25564960,262926,hold,1,0
coarse-f16-h6-u25,persistent,16,6,0.25,101,confirmation_coarse-f16-h6-u25_s101,4,24,69305,830260161,29464160,833440,24680960,25564960,262926,hold,1,1
coarse-f16-h6-u25,persistent,16,6,0.25,101,confirmation_coarse-f16-h6-u25_s101,6,5,68145,816980161,14524160,996000,16600000,15434560,262926,hold,1,0
coarse-f16-h6-u25,persistent,16,6,0.25,101,confirmation_coarse-f16-h6-u25_s101,6,5,69424,831588161,29132160,1660000,16268000,15434560,262926,hold,1,1
coarse-f16-h6-u25,persistent,16,6,0.25,101,confirmation_coarse-f16-h6-u25_s101,15,23,68438,820118721,14940000,648000,25956000,28546880,262926,hold,1,1
coarse-f16-h6-u25,persistent,16,6,0.25,101,confirmation_coarse-f16-h6-u25_s101,7,5,68419,819889441,14608000,1242560,16274720,14690720,262926,hold,1,0
coarse-f16-h6-u25,persistent,16,6,0.25,101,confirmation_coarse-f16-h6-u25_s101,7,5,69709,834908161,29626720,612000,16320000,14690720,262926,hold,1,0
coarse-f16-h6-u25,persistent,16,6,0.25,101,confirmation_coarse-f16-h6-u25_s101,7,5,71048,850180161,44898720,1913280,14029440,14690720,262926,hold,1,1
coarse-f16-h6-u25,persistent,16,6,0.25,101,confirmation_coarse-f16-h6-u25_s101,16,23,68649,822370881,15018720,326240,42777440,43160000,262926,hold,1,1
coarse-f16-h6-u25,persistent,16,6,0.25,101,confirmation_coarse-f16-h6-u25_s101,5,20,68705,823082721,14584000,3230560,18497280,23561440,262926,hold,1,1
coarse-f16-h6-u25,persistent,16,6,0.25,101,confirmation_coarse-f16-h6-u25_s101,9,17,68844,824638721,14768000,5809280,23928000,25312000,262926,hold,1,0
coarse-f16-h6-u25,persistent,16,6,0.25,101,confirmation_coarse-f16-h6-u25_s101,9,17,70099,839286721,29416000,4361280,24776000,25312000,262926,hold,1,1
coarse-f16-h6-u25,persistent,16,6,0.25,101,confirmation_coarse-f16-h6-u25_s101,11,22,68853,824766721,14729280,1217280,30244000,32959840,262926,hold,1,1
coarse-f16-h6-u25,persistent,16,6,0.25,101,confirmation_coarse-f16-h6-u25_s101,12,24,68909,825430721,14621280,2625120,20812160,22636000,262926,hold,1,1
coarse-f16-h6-u25,persistent,16,6,0.25,101,confirmation_coarse-f16-h6-u25_s101,13,13,69327,830506881,14500000,5993280,20312000,18299040,262926,hold,1,0
coarse-f16-h6-u25,persistent,16,6,0.25,101,confirmation_coarse-f16-h6-u25_s101,13,13,70643,845274881,29268000,6777280,20432000,18299040,262926,hold,1,0
coarse-f16-h6-u25,persistent,16,6,0.25,101,confirmation_coarse-f16-h6-u25_s101,13,13,71876,860006881,44000000,6649280,20772000,18299040,262926,hold,1,0
coarse-f16-h6-u25,persistent,16,6,0.25,101,confirmation_coarse-f16-h6-u25_s101,13,13,73174,874832001,58825120,5377280,18236000,18299040,262926,hold,1,0
coarse-f16-h6-u25,persistent,16,6,0.25,101,confirmation_coarse-f16-h6-u25_s101,13,13,74494,889787841,73780960,5505280,20340000,18299040,262926,hold,1,0
coarse-f16-h6-u25,persistent,16,6,0.25,101,confirmation_coarse-f16-h6-u25_s101,13,13,75836,904698881,88692000,4241280,21241600,18299040,262926,hold,1,1
coarse-f16-h6-u25,persistent,16,6,0.25,101,confirmation_coarse-f16-h6-u25_s101,8,16,69585,833398721,14796000,3973280,30956000,31676000,262926,hold,1,0
coarse-f16-h6-u25,persistent,16,6,0.25,101,confirmation_coarse-f16-h6-u25_s101,8,16,70890,848314721,29712000,5962400,30258880,31676000,262926,hold,1,0
coarse-f16-h6-u25,persistent,16,6,0.25,101,confirmation_coarse-f16-h6-u25_s101,8,16,72142,862990721,44388000,5865280,32580000,31676000,262926,hold,1,0
coarse-f16-h6-u25,persistent,16,6,0.25,101,confirmation_coarse-f16-h6-u25_s101,8,16,73395,877482721,58880000,5625280,31880000,31676000,262926,hold,1,0
coarse-f16-h6-u25,persistent,16,6,0.25,101,confirmation_coarse-f16-h6-u25_s101,8,16,74686,891946721,73344000,5893280,33448000,31676000,262926,hold,1,0
coarse-f16-h6-u25,persistent,16,6,0.25,101,confirmation_coarse-f16-h6-u25_s101,8,16,76048,906862721,88260000,2461280,37388000,31676000,262926,hold,1,1
coarse-f16-h6-u25,persistent,16,6,0.25,101,confirmation_coarse-f16-h6-u25_s101,15,24,69699,834726721,14608000,522560,24625600,25956000,262926,hold,1,1
coarse-f16-h6-u25,persistent,16,6,0.25,101,confirmation_coarse-f16-h6-u25_s101,16,24,69891,837017441,14646560,923040,41489120,42777440,262926,hold,1,1
coarse-f16-h6-u25,persistent,16,6,0.25,101,confirmation_coarse-f16-h6-u25_s101,5,21,69954,837701441,14618720,1913280,18478720,18497280,262926,hold,1,1
coarse-f16-h6-u25,persistent,16,6,0.25,101,confirmation_coarse-f16-h6-u25_s101,11,23,70127,839566401,14799680,4537120,25293280,30244000,262926,hold,1,0
coarse-f16-h6-u25,persistent,16,6,0.25,101,confirmation_coarse-f16-h6-u25_s101,11,23,71426,854646721,29880000,6742720,24655840,30244000,262926,hold,1,0
coarse-f16-h6-u25,persistent,16,6,0.25,101,confirmation_coarse-f16-h6-u25_s101,11,23,72686,869125441,44358720,5543680,26677600,30244000,262926,hold,1,1
coarse-f16-h6-u25,persistent,16,6,0.25,101,confirmation_coarse-f16-h6-u25_s101,12,25,70145,839862721,14432000,1913280,25720000,20812160,262926,hold,1,1
coarse-f16-h6-u25,persistent,16,6,0.25,101,confirmation_coarse-f16-h6-u25_s101,4,25,70628,845141441,14881280,834720,27056000,24680960,262926,hold,1,1
coarse-f16-h6-u25,persistent,16,6,0.25,101,confirmation_coarse-f16-h6-u25_s101,6,6,70738,846449441,14861280,1997120,15436320,16268000,262926,hold,1,0
coarse-f16-h6-u25,persistent,16,6,0.25,101,confirmation_coarse-f16-h6-u25_s101,6,6,71964,861057441,29469280,5154560,9960000,16268000,262926,increase,0,0
coarse-f16-h6-u25,persistent,16,6,0.25,101,confirmation_coarse-f16-h6-u25_s101,15,25,70978,849334721,14608000,88000,23254720,24625600,262926,hold,1,1
coarse-f16-h6-u25,persistent,16,6,0.25,101,confirmation_coarse-f16-h6-u25_s101,10,13,71023,849818721,14796000,2609280,30752000,30116000,262926,hold,1,1
coarse-f16-h6-u25,persistent,16,6,0.25,101,confirmation_coarse-f16-h6-u25_s101,16,25,71172,851625441,14608000,917280,41500000,41489120,262926,hold,1,1
coarse-f16-h6-u25,persistent,16,6,0.25,101,confirmation_coarse-f16-h6-u25_s101,5,22,71237,852309441,14608000,1916000,19898880,18478720,262926,hold,1,0
coarse-f16-h6-u25,persistent,16,6,0.25,101,confirmation_coarse-f16-h6-u25_s101,5,22,72515,867249441,29548000,2242880,15287680,18478720,262926,hold,1,1
coarse-f16-h6-u25,persistent,16,6,0.25,101,confirmation_coarse-f16-h6-u25_s101,9,18,71382,854146721,14860000,2224800,27548480,24776000,262926,hold,1,1
coarse-f16-h6-u25,persistent,16,6,0.25,101,confirmation_coarse-f16-h6-u25_s101,12,26,71394,854303841,14441120,2068000,19313440,25720000,262926,hold,1,1
coarse-f16-h6-u25,persistent,16,6,0.25,101,confirmation_coarse-f16-h6-u25_s101,4,26,71857,859733441,14592000,848320,27551680,27056000,262926,hold,1,0
coarse-f16-h6-u25,persistent,16,6,0.25,101,confirmation_coarse-f16-h6-u25_s101,4,26,73111,874089281,28947840,2657120,24229760,27056000,262926,hold,1,1
coarse-f16-h6-u25,persistent,16,6,0.25,101,confirmation_coarse-f16-h6-u25_s101,15,26,72208,863797281,14462560,3573280,22388000,23254720,262926,hold,1,1
coarse-f16-h6-u25,persistent,16,6,0.25,101,confirmation_coarse-f16-h6-u25_s101,10,14,72273,864558721,14740000,5321280,32772000,30752000,262926,hold,1,0
coarse-f16-h6-u25,persistent,16,6,0.25,101,confirmation_coarse-f16-h6-u25_s101,10,14,73565,879438721,29620000,7949280,33180000,30752000,262926,hold,1,0
coarse-f16-h6-u25,persistent,16,6,0.25,101,confirmation_coarse-f16-h6-u25_s101,10,14,74897,894198721,44380000,7573280,35024000,30752000,262926,hold,1,0
coarse-f16-h6-u25,persistent,16,6,0.25,101,confirmation_coarse-f16-h6-u25_s101,10,14,76195,908690721,58872000,6040160,36641120,30752000,262926,hold,1,0
coarse-f16-h6-u25,persistent,16,6,0.25,101,confirmation_coarse-f16-h6-u25_s101,10,14,77467,923366721,73548000,3153280,38948000,30752000,262926,hold,1,1
coarse-f16-h6-u25,persistent,16,6,0.25,101,confirmation_coarse-f16-h6-u25_s101,7,6,72384,865784161,15604000,2245280,13026720,14029440,262926,increase,0,1
coarse-f16-h6-u25,persistent,16,6,0.25,101,confirmation_coarse-f16-h6-u25_s101,16,26,72479,866785281,15159840,1118400,38316000,41500000,262926,hold,1,0
coarse-f16-h6-u25,persistent,16,6,0.25,101,confirmation_coarse-f16-h6-u25_s101,16,26,73720,881252161,29626720,917280,41173120,41500000,262926,hold,1,1
coarse-f16-h6-u25,persistent,16,6,0.25,101,confirmation_coarse-f16-h6-u25_s101,9,19,72639,868730721,14584000,3125280,27184000,27548480,262926,hold,1,0
coarse-f16-h6-u25,persistent,16,6,0.25,101,confirmation_coarse-f16-h6-u25_s101,9,19,73908,883406721,29260000,4481280,27424000,27548480,262926,hold,1,0
coarse-f16-h6-u25,persistent,16,6,0.25,101,confirmation_coarse-f16-h6-u25_s101,9,19,75258,898230721,44084000,5173280,30764000,27548480,262926,hold,1,0
coarse-f16-h6-u25,persistent,16,6,0.25,101,confirmation_coarse-f16-h6-u25_s101,9,19,76555,912814721,58668000,7009280,27996000,27548480,262926,hold,1,0
coarse-f16-h6-u25,persistent,16,6,0.25,101,confirmation_coarse-f16-h6-u25_s101,9,19,77866,927730721,73584000,5201280,28808000,27548480,262926,hold,1,0
coarse-f16-h6-u25,persistent,16,6,0.25,101,confirmation_coarse-f16-h6-u25_s101,9,19,79106,942102721,87956000,2941280,29592000,27548480,262926,hold,1,1
coarse-f16-h6-u25,persistent,16,6,0.25,101,confirmation_coarse-f16-h6-u25_s101,12,27,72658,868894721,14590880,3552000,24589280,19313440,262926,hold,1,0
coarse-f16-h6-u25,persistent,16,6,0.25,101,confirmation_coarse-f16-h6-u25_s101,12,27,73918,883530721,29226880,5616000,23033280,19313440,262926,hold,1,0
coarse-f16-h6-u25,persistent,16,6,0.25,101,confirmation_coarse-f16-h6-u25_s101,12,27,75250,898162721,43858880,609280,28372000,19313440,262926,hold,1,1
coarse-f16-h6-u25,persistent,16,6,0.25,101,confirmation_coarse-f16-h6-u25_s101,15,27,73464,878218721,14421440,398720,22093440,22388000,262926,hold,1,0
coarse-f16-h6-u25,persistent,16,6,0.25,101,confirmation_coarse-f16-h6-u25_s101,15,27,74762,892826721,29029440,1913280,27888000,22388000,262926,hold,1,1
coarse-f16-h6-u25,persistent,16,6,0.25,101,confirmation_coarse-f16-h6-u25_s101,14,13,73526,878990721,14408000,1889280,30488000,27232000,262926,hold,1,0
coarse-f16-h6-u25,persistent,16,6,0.25,101,confirmation_coarse-f16-h6-u25_s101,14,13,74844,893702721,29120000,1741280,34960000,27232000,262926,hold,1,1
coarse-f16-h6-u25,persistent,16,6,0.25,101,confirmation_coarse-f16-h6-u25_s101,5,23,73806,882202721,14953280,5910560,13793600,15287680,262926,increase,0,0
coarse-f16-h6-u25,persistent,16,6,0.25,101,confirmation_coarse-f16-h6-u25_s101,11,24,73944,883777441,14652000,817280,33149440,26677600,262926,hold,1,1
coarse-f16-h6-u25,persistent,16,6,0.25,101,confirmation_coarse-f16-h6-u25_s101,4,27,74396,888697281,14608000,3236160,25964960,24229760,262926,hold,1,0
coarse-f16-h6-u25,persistent,16,6,0.25,101,confirmation_coarse-f16-h6-u25_s101,4,27,75750,903734721,29645440,326880,29538240,24229760,262926,hold,1,1
coarse-f16-h6-u25,persistent,16,6,0.25,101,confirmation_coarse-f16-h6-u25_s101,1,10,74833,893597281,15046560,585280,18260000,16130400,262926,hold,1,0
coarse-f16-h6-u25,persistent,16,6,0.25,101,confirmation_coarse-f16-h6-u25_s101,1,10,76219,908869281,30318560,1023840,20916000,16130400,262926,hold,1,1
coarse-f16-h6-u25,persistent,16,6,0.25,101,confirmation_coarse-f16-h6-u25_s101,16,27,75039,895748001,14495840,473120,45342880,41173120,262926,hold,1,1
coarse-f16-h6-u25,persistent,16,6,0.25,101,confirmation_coarse-f16-h6-u25_s101,11,25,75304,898817441,15040000,1581280,34538720,33149440,262926,hold,1,0
coarse-f16-h6-u25,persistent,16,6,0.25,101,confirmation_coarse-f16-h6-u25_s101,11,25,76616,913477441,29700000,2585280,35404000,33149440,262926,hold,1,1
coarse-f16-h6-u25,persistent,16,6,0.25,101,confirmation_coarse-f16-h6-u25_s101,15,28,76099,907434721,14608000,1908160,27958400,27888000,262926,hold,1,1
coarse-f16-h6-u25,persistent,16,6,0.25,101,confirmation_coarse-f16-h6-u25_s101,14,14,76160,908174721,14472000,4729280,33972000,34960000,262926,hold,1,0
coarse-f16-h6-u25,persistent,16,6,0.25,101,confirmation_coarse-f16-h6-u25_s101,14,14,77422,922730721,29028000,5993280,32136000,34960000,262926,hold,1,0
coarse-f16-h6-u25,persistent,16,6,0.25,101,confirmation_coarse-f16-h6-u25_s101,14,14,78704,937398721,43696000,3745280,28324000,34960000,262926,hold,1,0
coarse-f16-h6-u25,persistent,16,6,0.25,101,confirmation_coarse-f16-h6-u25_s101,14,14,79965,951982721,58280000,4021280,22968000,34960000,262926,hold,1,1
coarse-f16-h6-u25,persistent,16,6,0.25,101,confirmation_coarse-f16-h6-u25_s101,16,28,76327,910157441,14409440,718720,46044000,45342880,262926,hold,1,0
coarse-f16-h6-u25,persistent,16,6,0.25,101,confirmation_coarse-f16-h6-u25_s101,16,28,77598,924806561,29058560,78400,47235040,45342880,262926,hold,1,1
coarse-f16-h6-u25,persistent,16,6,0.25,101,confirmation_coarse-f16-h6-u25_s101,5,24,76484,912016001,15202560,578880,21934400,21822720,262926,hold,1,1
coarse-f16-h6-u25,persistent,16,6,0.25,101,confirmation_coarse-f16-h6-u25_s101,12,28,76548,912680001,14517280,256000,29174560,28372000,262926,hold,1,1
coarse-f16-h6-u25,persistent,16,6,0.25,101,confirmation_coarse-f16-h6-u25_s101,4,28,77008,918170721,14436000,590400,27783200,29538240,262926,hold,1,0
coarse-f16-h6-u25,persistent,16,6,0.25,101,confirmation_coarse-f16-h6-u25_s101,4,28,78306,932926881,29192160,1918400,26004320,29538240,262926,hold,1,1
coarse-f16-h6-u25,persistent,16,6,0.25,101,confirmation_coarse-f16-h6-u25_s101,13,14,77128,919438881,14740000,3245280,22756000,21241600,262926,hold,1,1
coarse-f16-h6-u25,persistent,16,6,0.25,101,confirmation_coarse-f16-h6-u25_s101,8,17,77298,921378721,14516000,1157280,37944000,37388000,262926,hold,1,1
coarse-f16-h6-u25,persistent,16,6,0.25,101,confirmation_coarse-f16-h6-u25_s101,15,29,77363,922052961,14618240,1576160,31545120,27958400,262926,hold,1,0
coarse-f16-h6-u25,persistent,16,6,0.25,101,confirmation_coarse-f16-h6-u25_s101,15,29,78637,936589121,29154400,3422720,26373440,27958400,262926,hold,1,1
coarse-f16-h6-u25,persistent,16,6,0.25,101,confirmation_coarse-f16-h6-u25_s101,1,11,77564,924381441,15512160,1142720,19469120,20916000,262926,hold,1,0
coarse-f16-h6-u25,persistent,16,6,0.25,101,confirmation_coarse-f16-h6-u25_s101,1,11,78878,939321441,30452160,1821440,19920000,20916000,262926,hold,1,0
coarse-f16-h6-u25,persistent,16,6,0.25,101,confirmation_coarse-f16-h6-u25_s101,1,11,80275,955326561,46457280,4626400,11770720,20916000,262926,increase,0,0
coarse-f16-h6-u25,persistent,16,6,0.25,101,confirmation_coarse-f16-h6-u25_s101,5,25,77761,926624001,14608000,2175840,22592000,21934400,262926,hold,1,0
coarse-f16-h6-u25,persistent,16,6,0.25,101,confirmation_coarse-f16-h6-u25_s101,5,25,79035,941298721,29282720,4232160,15604000,21934400,262926,hold,1,0
coarse-f16-h6-u25,persistent,16,6,0.25,101,confirmation_coarse-f16-h6-u25_s101,5,25,80344,955840001,43824000,6624000,10296000,21934400,262926,increase,0,1
coarse-f16-h6-u25,persistent,16,6,0.25,101,confirmation_coarse-f16-h6-u25_s101,12,29,77806,927121441,14441440,265280,28486560,29174560,262926,hold,1,0
coarse-f16-h6-u25,persistent,16,6,0.25,101,confirmation_coarse-f16-h6-u25_s101,12,29,79070,941674561,28994560,1330560,27901440,29174560,262926,hold,1,1
coarse-f16-h6-u25,persistent,16,6,0.25,101,confirmation_coarse-f16-h6-u25_s101,11,26,78031,929533281,16055840,5518560,32396160,35404000,262926,hold,1,0
coarse-f16-h6-u25,persistent,16,6,0.25,101,confirmation_coarse-f16-h6-u25_s101,11,26,79265,943954721,30477280,6354560,25584160,35404000,262926,hold,1,0
coarse-f16-h6-u25,persistent,16,6,0.25,101,confirmation_coarse-f16-h6-u25_s101,11,26,80558,958309441,44832000,0,32589280,35404000,262926,hold,1,1
coarse-f16-h6-u25,persistent,16,6,0.25,101,confirmation_coarse-f16-h6-u25_s101,13,15,78401,933930881,14492000,4241280,22332000,22756000,262926,hold,1,0
coarse-f16-h6-u25,persistent,16,6,0.25,101,confirmation_coarse-f16-h6-u25_s101,13,15,79677,948578881,29140000,7101280,20676320,22756000,262926,hold,1,0
coarse-f16-h6-u25,persistent,16,6,0.25,101,confirmation_coarse-f16-h6-u25_s101,13,15,80986,962978881,43540000,3324160,21801120,22756000,262926,hold,1,1
coarse-f16-h6-u25,persistent,16,6,0.25,101,confirmation_coarse-f16-h6-u25_s101,8,18,78587,936062721,14684000,1765280,35036000,37944000,262926,hold,1,0
coarse-f16-h6-u25,persistent,16,6,0.25,101,confirmation_coarse-f16-h6-u25_s101,8,18,79877,951006721,29628000,2893280,34764000,37944000,262926,hold,1,1
coarse-f16-h6-u25,persistent,16,6,0.25,101,confirmation_coarse-f16-h6-u25_s101,10,15,78778,938198721,14832000,3393280,34768000,38948000,262926,hold,1,0
coarse-f16-h6-u25,persistent,16,6,0.25,101,confirmation_coarse-f16-h6-u25_s101,10,15,80064,953086721,29720000,4665280,33964000,38948000,262926,hold,1,0
coarse-f16-h6-u25,persistent,16,6,0.25,101,confirmation_coarse-f16-h6-u25_s101,10,15,81388,967762721,44396000,6621280,36620000,38948000,262926,hold,1,0
coarse-f16-h6-u25,persistent,16,6,0.25,101,confirmation_coarse-f16-h6-u25_s101,10,15,82702,982402721,59036000,4804160,42109120,38948000,262926,hold,1,1
coarse-f16-h6-u25,persistent,16,6,0.25,101,confirmation_coarse-f16-h6-u25_s101,16,29,78926,939932161,15125600,344160,46300160,47235040,262926,hold,1,1
coarse-f16-h6-u25,persistent,16,6,0.25,101,confirmation_coarse-f16-h6-u25_s101,4,29,79602,947788161,14861280,662880,28885120,26004320,262926,hold,1,0
coarse-f16-h6-u25,persistent,16,6,0.25,101,confirmation_coarse-f16-h6-u25_s101,4,29,80937,962396161,29469280,1397120,31977440,26004320,262926,hold,1,1
coarse-f16-h6-u25,persistent,16,6,0.25,101,confirmation_coarse-f16-h6-u25_s101,15,30,79887,951121441,14532320,4165440,18924000,26373440,262926,hold,1,0
coarse-f16-h6-u25,persistent,16,6,0.25,101,confirmation_coarse-f16-h6-u25_s101,15,30,81233,965945441,29356320,577280,26968480,26373440,262926,hold,1,1
coarse-f16-h6-u25,persistent,16,6,0.25,101,confirmation_coarse-f16-h6-u25_s101,16,30,80194,954406561,14474400,1766880,40544960,46300160,262926,hold,1,0
coarse-f16-h6-u25,persistent,16,6,0.25,101,confirmation_coarse-f16-h6-u25_s101,16,30,81499,968957601,29025440,196320,40722080,46300160,262926,hold,1,1
coarse-f16-h6-u25,persistent,16,6,0.25,101,confirmation_coarse-f16-h6-u25_s101,7,7,80336,955834881,14608000,1913280,11445440,14686720,262926,increase,0,0
coarse-f16-h6-u25,persistent,16,6,0.25,101,confirmation_coarse-f16-h6-u25_s101,12,30,80415,956682561,15008000,1702400,29797440,27901440,262926,hold,1,1
coarse-f16-h6-u25,persistent,16,6,0.25,101,confirmation_coarse-f16-h6-u25_s101,9,20,80390,956482721,14380000,2821280,30256000,29592000,262926,hold,1,0
coarse-f16-h6-u25,persistent,16,6,0.25,101,confirmation_coarse-f16-h6-u25_s101,9,20,81689,971250721,29148000,4785280,33420000,29592000,262926,hold,1,0
coarse-f16-h6-u25,persistent,16,6,0.25,101,confirmation_coarse-f16-h6-u25_s101,9,20,83038,985870721,43768000,3853280,35504000,29592000,262926,hold,1,1
coarse-f16-h6-u25,persistent,16,6,0.25,101,confirmation_coarse-f16-h6-u25_s101,8,19,81243,965978721,14972000,2665280,36828000,34764000,262926,hold,1,1
coarse-f16-h6-u25,persistent,16,6,0.25,101,confirmation_coarse-f16-h6-u25_s101,14,15,81333,967026721,15044000,4305280,26568000,22968000,262926,hold,1,0
coarse-f16-h6-u25,persistent,16,6,0.25,101,confirmation_coarse-f16-h6-u25_s101,14,15,82647,981766721,29784000,6565280,26696000,22968000,262926,hold,1,0
coarse-f16-h6-u25,persistent,16,6,0.25,101,confirmation_coarse-f16-h6-u25_s101,14,15,83936,996830721,44848000,3633280,25144000,22968000,262926,hold,1,1
coarse-f16-h6-u25,persistent,16,6,0.25,101,confirmation_coarse-f16-h6-u25_s101,12,31,81756,972174721,15492160,549440,33701120,29797440,262926,hold,1,0
coarse-f16-h6-u25,persistent,16,6,0.25,101,confirmation_coarse-f16-h6-u25_s101,12,31,83151,987238721,30556160,1254400,33101280,29797440,262926,hold,1,1
coarse-f16-h6-u25,persistent,16,6,0.25,101,confirmation_coarse-f16-h6-u25_s101,11,27,81815,972675841,14366400,996000,39446400,32589280,262926,hold,1,0
coarse-f16-h6-u25,persistent,16,6,0.25,101,confirmation_coarse-f16-h6-u25_s101,11,27,83239,988292161,29982720,3821440,36705120,32589280,262926,hold,1,1
coarse-f16-h6-u25,persistent,16,6,0.25,101,confirmation_coarse-f16-h6-u25_s101,4,30,82193,976829601,14433440,876160,33319840,31977440,262926,hold,1,0
coarse-f16-h6-u25,persistent,16,6,0.25,101,confirmation_coarse-f16-h6-u25_s101,4,30,83467,991201441,28805280,1677120,29452160,31977440,262926,hold,1,1
coarse-f16-h6-u25,persistent,16,6,0.25,101,confirmation_coarse-f16-h6-u25_s101,13,16,82268,977570881,14592000,3421280,22156000,21801120,262926,hold,1,0
coarse-f16-h6-u25,persistent,16,6,0.25,101,confirmation_coarse-f16-h6-u25_s101,13,16,83567,992366881,29388000,7829280,17868000,21801120,262926,hold,1,1
coarse-f16-h6-u25,persistent,16,6,0.25,101,confirmation_coarse-f16-h6-u25_s101,15,31,82514,980417441,14472000,498560,29620160,26968480,262926,hold,1,0
coarse-f16-h6-u25,persistent,16,6,0.25,101,confirmation_coarse-f16-h6-u25_s101,15,31,83758,994829441,28884000,2773280,29356320,26968480,262926,hold,1,1
coarse-f16-h6-u25,persistent,16,6,0.25,101,confirmation_coarse-f16-h6-u25_s101,8,20,82545,980710721,14732000,1973280,44024000,36828000,262926,hold,1,0
coarse-f16-h6-u25,persistent,16,6,0.25,101,confirmation_coarse-f16-h6-u25_s101,8,20,83800,995238721,29260000,3605280,42220000,36828000,262926,hold,1,1
coarse-f16-h6-u25,persistent,16,6,0.25,101,confirmation_coarse-f16-h6-u25_s101,16,31,82813,983512161,14554560,568000,40640160,40722080,262926,hold,1,0
coarse-f16-h6-u25,persistent,16,6,0.25,101,confirmation_coarse-f16-h6-u25_s101,16,31,84043,998120161,29162560,542720,41469280,40722080,262926,hold,1,1
coarse-f16-h6-u25,persistent,16,6,0.25,101,confirmation_coarse-f16-h6-u25_s101,1,12,82966,985122721,14608000,501440,24637120,18909280,262926,hold,1,1
coarse-f16-h6-u25,persistent,16,6,0.25,101,confirmation_coarse-f16-h6-u25_s101,5,26,82991,985454721,14940000,996000,24556000,20584000,262926,hold,1,0
coarse-f16-h6-u25,persistent,16,6,0.25,101,confirmation_coarse-f16-h6-u25_s101,5,26,84200,999897601,29382880,806560,22753440,20584000,262926,hold,1,1
coarse-f16-h6-u25,persistent,16,6,0.25,101,confirmation_coarse-f16-h6-u25_s101,10,16,83980,997438721,15036000,6225280,42404000,42109120,262926,hold,1,0
coarse-f16-h6-u25,persistent,16,6,0.25,101,confirmation_coarse-f16-h6-u25_s101,10,16,85243,1012063841,29661120,5053280,39140000,42109120,262926,hold,1,1
coarse-f16-h6-u25,persistent,16,6,0.25,101,confirmation_coarse-f16-h6-u25_s101,1,13,84248,1000399841,15277120,1249280,22492160,24637120,262926,hold,1,0
coarse-f16-h6-u25,persistent,16,6,0.25,101,confirmation_coarse-f16-h6-u25_s101,1,13,85520,1015334721,30212000,1913280,14529280,24637120,262926,hold,1,1
coarse-f16-h6-u25,persistent,16,6,0.25,101,confirmation_coarse-f16-h6-u25_s101,9,21,84269,1000666721,14796000,2673280,33520000,35504000,262926,hold,1,1
coarse-f16-h6-u25,persistent,16,6,0.25,101,confirmation_coarse-f16-h6-u25_s101,12,32,84469,1003058721,15820000,660160,32740160,33101280,262926,hold,1,1
coarse-f16-h6-u25,persistent,16,6,0.25,101,confirmation_coarse-f16-h6-u25_s101,11,28,84446,1002797441,14505280,1731840,37360320,36705120,262926,hold,1,1
coarse-f16-h6-u25,persistent,16,6,0.25,101,confirmation_coarse-f16-h6-u25_s101,4,31,84720,1006045601,14844160,3997760,27559360,29452160,262926,hold,1,1
coarse-f16-h6-u25,persistent,16,6,0.25,101,confirmation_coarse-f16-h6-u25_s101,13,17,84799,1006978881,14612000,3993280,22100000,17868000,262926,hold,1,0
coarse-f16-h6-u25,persistent,16,6,0.25,101,confirmation_coarse-f16-h6-u25_s101,13,17,86078,1021418561,29051680,5625280,18864000,17868000,262926,hold,1,0
coarse-f16-h6-u25,persistent,16,6,0.25,101,confirmation_coarse-f16-h6-u25_s101,13,17,87478,1035942881,43576000,4933280,20884000,17868000,262926,hold,1,1
coarse-f16-h6-u25,persistent,16,6,0.25,101,confirmation_coarse-f16-h6-u25_s101,15,32,85004,1009358721,14529280,2033280,28353280,29356320,262926,hold,1,1
coarse-f16-h6-u25,persistent,16,6,0.25,101,confirmation_coarse-f16-h6-u25_s101,8,21,85034,1009738721,14500000,4601280,41704000,42220000,262926,hold,1,0
coarse-f16-h6-u25,persistent,16,6,0.25,101,confirmation_coarse-f16-h6-u25_s101,8,21,86339,1024330721,29092000,2709280,41400000,42220000,262926,hold,1,1
coarse-f16-h6-u25,persistent,16,6,0.25,101,confirmation_coarse-f16-h6-u25_s101,14,16,85199,1011626721,14796000,3033280,29112000,25144000,262926,hold,1,1
coarse-f16-h6-u25,persistent,16,6,0.25,101,confirmation_coarse-f16-h6-u25_s101,16,32,85359,1013392161,15272000,585280,43912000,41469280,262926,hold,1,0
coarse-f16-h6-u25,persistent,16,6,0.25,101,confirmation_coarse-f16-h6-u25_s101,16,32,86695,1027977441,29857280,230560,46899840,41469280,262926,hold,1,1
coarse-f16-h6-u25,persistent,16,6,0.25,101,confirmation_coarse-f16-h6-u25_s101,5,27,85435,1014338721,14441120,3440160,19224000,22753440,262926,hold,1,1
coarse-f16-h6-u25,persistent,16,6,0.25,101,confirmation_coarse-f16-h6-u25_s101,9,22,85513,1015314721,14648000,4269280,32192000,33520000,262926,hold,1,0
coarse-f16-h6-u25,persistent,16,6,0.25,101,confirmation_coarse-f16-h6-u25_s101,9,22,86872,1029714721,29048000,6225280,31648000,33520000,262926,hold,1,0
coarse-f16-h6-u25,persistent,16,6,0.25,101,confirmation_coarse-f16-h6-u25_s101,9,22,88295,1044778721,44112000,5533280,29712000,33520000,262926,hold,1,1
coarse-f16-h6-u25,persistent,16,6,0.25,101,confirmation_coarse-f16-h6-u25_s101,11,29,85723,1017572321,14774880,585280,38122880,37360320,262926,hold,1,1
coarse-f16-h6-u25,persistent,16,6,0.25,101,confirmation_coarse-f16-h6-u25_s101,12,33,85730,1017663841,14605120,3660160,28964000,32740160,262926,hold,1,1
coarse-f16-h6-u25,persistent,16,6,0.25,101,confirmation_coarse-f16-h6-u25_s101,4,32,86040,1021064321,15018720,0,30205120,27559360,262926,hold,1,0
coarse-f16-h6-u25,persistent,16,6,0.25,101,confirmation_coarse-f16-h6-u25_s101,4,32,87443,1035593601,29548000,506560,28800320,27559360,262926,hold,1,1
coarse-f16-h6-u25,persistent,16,6,0.25,101,confirmation_coarse-f16-h6-u25_s101,15,33,86305,1023921441,14562720,253280,28385120,28353280,262926,hold,1,1
coarse-f16-h6-u25,persistent,16,6,0.25,101,confirmation_coarse-f16-h6-u25_s101,14,17,86547,1026550721,14924000,1953280,33208000,29112000,262926,hold,1,0
coarse-f16-h6-u25,persistent,16,6,0.25,101,confirmation_coarse-f16-h6-u25_s101,14,17,87939,1041170721,29544000,4849280,33565440,29112000,262926,hold,1,0
coarse-f16-h6-u25,persistent,16,6,0.25,101,confirmation_coarse-f16-h6-u25_s101,14,17,89361,1055938721,44312000,6777280,32072000,29112000,262926,hold,1,0
coarse-f16-h6-u25,persistent,16,6,0.25,101,confirmation_coarse-f16-h6-u25_s101,14,17,90637,1070430721,58804000,6253280,31028000,29112000,262926,hold,1,0
coarse-f16-h6-u25,persistent,16,6,0.25,101,confirmation_coarse-f16-h6-u25_s101,14,17,91881,1084950721,73324000,2213280,31952000,29112000,262926,hold,1,1
coarse-f16-h6-u25,persistent,16,6,0.25,101,confirmation_coarse-f16-h6-u25_s101,10,17,86562,1026650721,14586880,3761280,39924000,39140000,262926,hold,1,0
coarse-f16-h6-u25,persistent,16,6,0.25,101,confirmation_coarse-f16-h6-u25_s101,10,17,87930,1041058721,28994880,1925280,39000000,39140000,262926,hold,1,1
coarse-f16-h6-u25,persistent,16,6,0.25,101,confirmation_coarse-f16-h6-u25_s101,5,28,86777,1028781601,14442880,4237280,16268000,19224000,262926,hold,1,1
coarse-f16-h6-u25,persistent,16,6,0.25,101,confirmation_coarse-f16-h6-u25_s101,1,14,86895,1029961441,14626720,761600,11457280,14529280,262926,increase,0,0
coarse-f16-h6-u25,persistent,16,6,0.25,101,confirmation_coarse-f16-h6-u25_s101,11,30,87122,1032180321,14608000,498880,37764160,38122880,262926,hold,1,0
coarse-f16-h6-u25,persistent,16,6,0.25,101,confirmation_coarse-f16-h6-u25_s101,11,30,88471,1046705281,29132960,1079840,38330560,38122880,262926,hold,1,1
coarse-f16-h6-u25,persistent,16,6,0.25,101,confirmation_coarse-f16-h6-u25_s101,12,34,87135,1032282721,14618880,1098400,30856640,28964000,262926,hold,1,1
coarse-f16-h6-u25,persistent,16,6,0.25,101,confirmation_coarse-f16-h6-u25_s101,15,34,87702,1038574721,14653280,298560,27666400,28385120,262926,hold,1,1
coarse-f16-h6-u25,persistent,16,6,0.25,101,confirmation_coarse-f16-h6-u25_s101,8,22,87726,1038858721,14528000,1169280,37984000,41400000,262926,hold,1,0
coarse-f16-h6-u25,persistent,16,6,0.25,101,confirmation_coarse-f16-h6-u25_s101,8,22,89124,1053590721,29260000,4905280,37828000,41400000,262926,hold,1,1
coarse-f16-h6-u25,persistent,16,6,0.25,101,confirmation_coarse-f16-h6-u25_s101,6,7,88030,1042002561,15301120,2441280,18064000,15585120,262926,hold,1,0
coarse-f16-h6-u25,persistent,16,6,0.25,101,confirmation_coarse-f16-h6-u25_s101,6,7,89566,1058265441,31564000,4593280,15604000,15585120,262926,hold,1,0
coarse-f16-h6-u25,persistent,16,6,0.25,101,confirmation_coarse-f16-h6-u25_s101,6,7,90842,1072873441,46172000,3905280,14276000,15585120,262926,hold,1,0
coarse-f16-h6-u25,persistent,16,6,0.25,101,confirmation_coarse-f16-h6-u25_s101,6,7,92154,1088128321,61426880,1249280,16932000,15585120,262926,hold,1,1
coarse-f16-h6-u25,persistent,16,6,0.25,101,confirmation_coarse-f16-h6-u25_s101,16,33,88067,1042384161,14406720,619680,48516320,46899840,262926,hold,1,1
coarse-f16-h6-u25,persistent,16,6,0.25,101,confirmation_coarse-f16-h6-u25_s101,5,29,88171,1043389601,14608000,1249280,21534880,16268000,262926,hold,1,0
coarse-f16-h6-u25,persistent,16,6,0.25,101,confirmation_coarse-f16-h6-u25_s101,5,29,89543,1058018721,29237120,1621280,21722880,16268000,262926,hold,1,1
coarse-f16-h6-u25,persistent,16,6,0.25,101,confirmation_coarse-f16-h6-u25_s101,12,35,88478,1046838721,14556000,1743040,26982240,30856640,262926,hold,1,1
coarse-f16-h6-u25,persistent,16,6,0.25,101,confirmation_coarse-f16-h6-u25_s101,7,8,88525,1047309441,14940000,1220000,19791840,18607680,262926,hold,1,0
coarse-f16-h6-u25,persistent,16,6,0.25,101,confirmation_coarse-f16-h6-u25_s101,7,8,89887,1061864161,29494720,1586400,18913760,18607680,262926,hold,1,0
coarse-f16-h6-u25,persistent,16,6,0.25,101,confirmation_coarse-f16-h6-u25_s101,7,8,91169,1076525441,44156000,532000,17981280,18607680,262926,hold,1,0
coarse-f16-h6-u25,persistent,16,6,0.25,101,confirmation_coarse-f16-h6-u25_s101,7,8,92500,1092076161,59706720,864000,17649280,18607680,262926,hold,1,0
coarse-f16-h6-u25,persistent,16,6,0.25,101,confirmation_coarse-f16-h6-u25_s101,7,8,93786,1106684161,74314720,585280,13890720,18607680,262926,increase,0,0
coarse-f16-h6-u25,persistent,16,6,0.25,101,confirmation_coarse-f16-h6-u25_s101,4,33,88794,1050244161,14650560,33280,29877280,28800320,262926,hold,1,0
coarse-f16-h6-u25,persistent,16,6,0.25,101,confirmation_coarse-f16-h6-u25_s101,4,33,90219,1065629281,30035680,2040000,29818880,28800320,262926,hold,1,1
coarse-f16-h6-u25,persistent,16,6,0.25,101,confirmation_coarse-f16-h6-u25_s101,13,18,88821,1050498881,14556000,4389280,22396000,20884000,262926,hold,1,1
coarse-f16-h6-u25,persistent,16,6,0.25,101,confirmation_coarse-f16-h6-u25_s101,15,35,89118,1053514721,14940000,461120,31585440,27666400,262926,hold,1,0
coarse-f16-h6-u25,persistent,16,6,0.25,101,confirmation_coarse-f16-h6-u25_s101,15,35,90435,1068122721,29548000,1908160,23701120,27666400,262926,hold,1,1
coarse-f16-h6-u25,persistent,16,6,0.25,101,confirmation_coarse-f16-h6-u25_s101,10,18,89370,1055974721,14916000,3613280,38640000,39000000,262926,hold,1,1
coarse-f16-h6-u25,persistent,16,6,0.25,101,confirmation_coarse-f16-h6-u25_s101,16,34,89448,1056933441,14549280,634560,47813120,48516320,262926,hold,1,0
coarse-f16-h6-u25,persistent,16,6,0.25,101,confirmation_coarse-f16-h6-u25_s101,16,34,90709,1071288161,28904000,1240160,49165120,48516320,262926,hold,1,1
coarse-f16-h6-u25,persistent,16,6,0.25,101,confirmation_coarse-f16-h6-u25_s101,9,23,89671,1059362721,14584000,5681280,27904000,29712000,262926,hold,1,0
coarse-f16-h6-u25,persistent,16,6,0.25,101,confirmation_coarse-f16-h6-u25_s101,9,23,90950,1074102721,29324000,4361280,29584000,29712000,262926,hold,1,1
coarse-f16-h6-u25,persistent,16,6,0.25,101,confirmation_coarse-f16-h6-u25_s101,1,15,89736,1060154721,14940000,1537280,16638880,16717600,262926,hold,1,0
coarse-f16-h6-u25,persistent,16,6,0.25,101,confirmation_coarse-f16-h6-u25_s101,1,15,91023,1074940161,29725440,1249280,15585280,16717600,262926,hold,1,1
coarse-f16-h6-u25,persistent,16,6,0.25,101,confirmation_coarse-f16-h6-u25_s101,11,31,89835,1061150721,14445440,3486560,33286720,38330560,262926,hold,1,0
coarse-f16-h6-u25,persistent,16,6,0.25,101,confirmation_coarse-f16-h6-u25_s101,11,31,91105,1075844321,29139040,324000,30082400,38330560,262926,hold,1,1
coarse-f16-h6-u25,persistent,16,6,0.25,101,confirmation_coarse-f16-h6-u25_s101,12,36,89844,1061274721,14436000,415040,30014240,26982240,262926,hold,1,0
coarse-f16-h6-u25,persistent,16,6,0.25,101,confirmation_coarse-f16-h6-u25_s101,12,36,91131,1076106721,29268000,1861280,26689120,26982240,262926,hold,1,1
coarse-f16-h6-u25,persistent,16,6,0.25,101,confirmation_coarse-f16-h6-u25_s101,13,19,90189,1065242561,14743680,3365280,23635680,22396000,262926,hold,1,1
coarse-f16-h6-u25,persistent,16,6,0.25,101,confirmation_coarse-f16-h6-u25_s101,8,23,90482,1068626721,15036000,8965280,33160000,37828000,262926,hold,1,0
coarse-f16-h6-u25,persistent,16,6,0.25,101,confirmation_coarse-f16-h6-u25_s101,8,23,91743,1083394721,29804000,4961280,31704000,37828000,262926,hold,1,0
coarse-f16-h6-u25,persistent,16,6,0.25,101,confirmation_coarse-f16-h6-u25_s101,8,23,93015,1098098721,44508000,4177280,28236000,37828000,262926,hold,1,1
coarse-f16-h6-u25,persistent,16,6,0.25,101,confirmation_coarse-f16-h6-u25_s101,10,19,90690,1071074721,15100000,4361280,35568000,38640000,262926,hold,1,1
coarse-f16-h6-u25,persistent,16,6,0.25,101,confirmation_coarse-f16-h6-u25_s101,5,30,90822,1072605601,14586880,4404160,22077120,21722880,262926,hold,1,0
coarse-f16-h6-u25,persistent,16,6,0.25,101,confirmation_coarse-f16-h6-u25_s101,5,30,92078,1087218721,29200000,2410400,20917760,21722880,262926,hold,1,1
coarse-f16-h6-u25,persistent,16,6,0.25,101,confirmation_coarse-f16-h6-u25_s101,13,20,91445,1079886881,14644320,3641280,25376000,23635680,262926,hold,1,0
coarse-f16-h6-u25,persistent,16,6,0.25,101,confirmation_coarse-f16-h6-u25_s101,13,20,92712,1094526881,29284320,7313280,19288000,23635680,262926,hold,1,0
coarse-f16-h6-u25,persistent,16,6,0.25,101,confirmation_coarse-f16-h6-u25_s101,13,20,93985,1108898881,43656320,7277280,18540000,23635680,262926,hold,1,0
coarse-f16-h6-u25,persistent,16,6,0.25,101,confirmation_coarse-f16-h6-u25_s101,13,20,95315,1123546881,58304320,7129280,16484000,23635680,262926,hold,1,0
coarse-f16-h6-u25,persistent,16,6,0.25,101,confirmation_coarse-f16-h6-u25_s101,13,20,96616,1138342881,73100320,5505280,17684000,23635680,262926,hold,1,1
coarse-f16-h6-u25,persistent,16,6,0.25,101,confirmation_coarse-f16-h6-u25_s101,4,34,91494,1080456161,14826880,2756321,24959679,29818880,262926,hold,1,1
coarse-f16-h6-u25,persistent,16,6,0.25,101,confirmation_coarse-f16-h6-u25_s101,15,36,91678,1082565441,14442720,1495680,24698880,23701120,262926,hold,1,0
coarse-f16-h6-u25,persistent,16,6,0.25,101,confirmation_coarse-f16-h6-u25_s101,15,36,92919,1097017441,28894720,3074880,15776000,23701120,262926,hold,1,1
coarse-f16-h6-u25,persistent,16,6,0.25,101,confirmation_coarse-f16-h6-u25_s101,10,20,91973,1085934721,14860000,5929280,28116000,35568000,262926,hold,1,0
coarse-f16-h6-u25,persistent,16,6,0.25,101,confirmation_coarse-f16-h6-u25_s101,10,20,93258,1100878721,29804000,8761280,27212000,35568000,262926,hold,1,0
coarse-f16-h6-u25,persistent,16,6,0.25,101,confirmation_coarse-f16-h6-u25_s101,10,20,94592,1115638721,44564000,7545280,16252000,35568000,262926,hold,1,0
coarse-f16-h6-u25,persistent,16,6,0.25,101,confirmation_coarse-f16-h6-u25_s101,10,20,95941,1130702721,59628000,6041280,32904000,35568000,262926,hold,1,0
coarse-f16-h6-u25,persistent,16,6,0.25,101,confirmation_coarse-f16-h6-u25_s101,10,20,97211,1145350721,74276000,4961280,41428000,35568000,262926,hold,1,1
coarse-f16-h6-u25,persistent,16,6,0.25,101,confirmation_coarse-f16-h6-u25_s101,16,35,91952,1085797441,14509280,2216160,47530880,49165120,262926,hold,1,0
coarse-f16-h6-u25,persistent,16,6,0.25,101,confirmation_coarse-f16-h6-u25_s101,16,35,93282,1101069441,29781280,1581280,50161280,49165120,262926,hold,1,1
coarse-f16-h6-u25,persistent,16,6,0.25,101,confirmation_coarse-f16-h6-u25_s101,9,24,92227,1088934721,14832000,3549280,29924000,29584000,262926,hold,1,0
coarse-f16-h6-u25,persistent,16,6,0.25,101,confirmation_coarse-f16-h6-u25_s101,9,24,93499,1103554721,29452000,5089280,29600000,29584000,262926,hold,1,0
coarse-f16-h6-u25,persistent,16,6,0.25,101,confirmation_coarse-f16-h6-u25_s101,9,24,94814,1117962721,43860000,3973280,29360000,29584000,262926,hold,1,1
coarse-f16-h6-u25,persistent,16,6,0.25,101,confirmation_coarse-f16-h6-u25_s101,1,16,92417,1091208161,16268000,2422720,11620000,15585280,262926,increase,0,0
coarse-f16-h6-u25,persistent,16,6,0.25,101,confirmation_coarse-f16-h6-u25_s101,11,32,92385,1090861281,15016960,1413280,25912160,30082400,262926,hold,1,0
coarse-f16-h6-u25,persistent,16,6,0.25,101,confirmation_coarse-f16-h6-u25_s101,11,32,93662,1105317441,29473120,5265601,28530399,30082400,262926,hold,1,1
coarse-f16-h6-u25,persistent,16,6,0.25,101,confirmation_coarse-f16-h6-u25_s101,12,37,92371,1090698721,14592000,2893280,26238880,26689120,262926,hold,1,0
coarse-f16-h6-u25,persistent,16,6,0.25,101,confirmation_coarse-f16-h6-u25_s101,12,37,93672,1105402721,29296000,265280,29140000,26689120,262926,hold,1,1
coarse-f16-h6-u25,persistent,16,6,0.25,101,confirmation_coarse-f16-h6-u25_s101,4,35,92765,1095100321,14644160,1053120,27682720,24959679,262926,hold,1,0
coarse-f16-h6-u25,persistent,16,6,0.25,101,confirmation_coarse-f16-h6-u25_s101,4,35,94034,1109476001,29019840,446560,28352000,24959679,262926,hold,1,1
coarse-f16-h6-u25,persistent,16,6,0.25,101,confirmation_coarse-f16-h6-u25_s101,14,18,93171,1099958721,15008000,3301280,29740000,31952000,262926,hold,1,0
coarse-f16-h6-u25,persistent,16,6,0.25,101,confirmation_coarse-f16-h6-u25_s101,14,18,94557,1115326721,30376000,5533280,28412000,31952000,262926,hold,1,0
coarse-f16-h6-u25,persistent,16,6,0.25,101,confirmation_coarse-f16-h6-u25_s101,14,18,95892,1130122721,45172000,5505280,30072000,31952000,262926,hold,1,0
coarse-f16-h6-u25,persistent,16,6,0.25,101,confirmation_coarse-f16-h6-u25_s101,14,18,97157,1144734721,59784000,4325280,32544000,31952000,262926,hold,1,1
coarse-f16-h6-u25,persistent,16,6,0.25,101,confirmation_coarse-f16-h6-u25_s101,5,31,93328,1101582721,14364000,2670400,15732000,20917760,262926,hold,1,1
coarse-f16-h6-u25,persistent,16,6,0.25,101,confirmation_coarse-f16-h6-u25_s101,6,8,93425,1102736321,14608000,253280,14940000,16932000,262926,hold,1,0
coarse-f16-h6-u25,persistent,16,6,0.25,101,confirmation_coarse-f16-h6-u25_s101,6,8,94751,1117344321,29216000,2577280,13262880,16932000,262926,increase,0,0
coarse-f16-h6-u25,persistent,16,6,0.25,101,confirmation_coarse-f16-h6-u25_s101,15,37,94235,1111777281,14759840,1733120,19172640,15776000,262926,hold,1,0
coarse-f16-h6-u25,persistent,16,6,0.25,101,confirmation_coarse-f16-h6-u25_s101,15,37,95554,1126233441,29216000,2245280,21096160,15776000,262926,hold,1,1
coarse-f16-h6-u25,persistent,16,6,0.25,101,confirmation_coarse-f16-h6-u25_s101,8,24,94323,1112682721,14584000,3845280,33448000,28236000,262926,hold,1,1
coarse-f16-h6-u25,persistent,16,6,0.25,101,confirmation_coarse-f16-h6-u25_s101,16,36,94574,1115444161,14374720,2676000,45073280,50161280,262926,hold,1,1
coarse-f16-h6-u25,persistent,16,6,0.25,101,confirmation_coarse-f16-h6-u25_s101,5,32,94652,1116176321,14593600,513280,18093120,15732000,262926,hold,1,0
coarse-f16-h6-u25,persistent,16,6,0.25,101,confirmation_coarse-f16-h6-u25_s101,5,32,95936,1130666881,29084160,897760,17478560,15732000,262926,hold,1,1
coarse-f16-h6-u25,persistent,16,6,0.25,101,confirmation_coarse-f16-h6-u25_s101,11,33,95020,1120277441,14960000,2065120,31550720,28530399,262926,hold,1,1
coarse-f16-h6-u25,persistent,16,6,0.25,101,confirmation_coarse-f16-h6-u25_s101,12,38,94978,1119838721,14436000,174720,28553120,29140000,262926,hold,1,1
coarse-f16-h6-u25,persistent,16,6,0.25,101,confirmation_coarse-f16-h6-u25_s101,4,36,95356,1123917441,14441440,558560,30011840,28352000,262926,hold,1,0
coarse-f16-h6-u25,persistent,16,6,0.25,101,confirmation_coarse-f16-h6-u25_s101,4,36,96657,1138762881,29286880,917280,33042400,28352000,262926,hold,1,1
coarse-f16-h6-u25,persistent,16,6,0.25,101,confirmation_coarse-f16-h6-u25_s101,8,25,95688,1127930721,15248000,3449280,33816000,33448000,262926,hold,1,0
coarse-f16-h6-u25,persistent,16,6,0.25,101,confirmation_coarse-f16-h6-u25_s101,8,25,96955,1142458721,29776000,4269280,40440000,33448000,262926,hold,1,0
coarse-f16-h6-u25,persistent,16,6,0.25,101,confirmation_coarse-f16-h6-u25_s101,8,25,98202,1157134721,44452000,1981280,44628000,33448000,262926,hold,1,1
coarse-f16-h6-u25,persistent,16,6,0.25,101,confirmation_coarse-f16-h6-u25_s101,16,37,95873,1129953441,14509280,1814560,40340320,45073280,262926,hold,1,0
coarse-f16-h6-u25,persistent,16,6,0.25,101,confirmation_coarse-f16-h6-u25_s101,16,37,97139,1144561441,29117280,1482560,37282720,45073280,262926,hold,1,1
coarse-f16-h6-u25,persistent,16,6,0.25,101,confirmation_coarse-f16-h6-u25_s101,9,25,96135,1132962721,15000000,4969280,27644000,29360000,262926,hold,1,0
coarse-f16-h6-u25,persistent,16,6,0.25,101,confirmation_coarse-f16-h6-u25_s101,9,25,97412,1147574721,29612000,6493280,32488000,29360000,262926,hold,1,0
coarse-f16-h6-u25,persistent,16,6,0.25,101,confirmation_coarse-f16-h6-u25_s101,9,25,98622,1162066721,44104000,4353280,34536000,29360000,262926,hold,1,0
coarse-f16-h6-u25,persistent,16,6,0.25,101,confirmation_coarse-f16-h6-u25_s101,9,25,99852,1176742721,58780000,1733280,31696000,29360000,262926,hold,1,1
coarse-f16-h6-u25,persistent,16,6,0.25,101,confirmation_coarse-f16-h6-u25_s101,12,39,96274,1134522721,14684000,2129280,29787040,28553120,262926,hold,1,0
coarse-f16-h6-u25,persistent,16,6,0.25,101,confirmation_coarse-f16-h6-u25_s101,12,39,97544,1149158721,29320000,684000,32998880,28553120,262926,hold,1,1
coarse-f16-h6-u25,persistent,16,6,0.25,101,confirmation_coarse-f16-h6-u25_s101,11,34,96346,1135349281,15071840,1525120,37780000,31550720,262926,hold,1,0
coarse-f16-h6-u25,persistent,16,6,0.25,101,confirmation_coarse-f16-h6-u25_s101,11,34,97611,1149805441,29528000,5233280,39236000,31550720,262926,hold,1,0
coarse-f16-h6-u25,persistent,16,6,0.25,101,confirmation_coarse-f16-h6-u25_s101,11,34,98811,1164247841,43970400,6893280,36700160,31550720,262926,hold,1,0
coarse-f16-h6-u25,persistent,16,6,0.25,101,confirmation_coarse-f16-h6-u25_s101,11,34,100022,1178745441,58468000,5289280,32492160,31550720,262926,hold,1,1
coarse-f16-h6-u25,persistent,16,6,0.25,101,confirmation_coarse-f16-h6-u25_s101,1,17,96497,1137053441,16026720,1426881,18082399,14569601,262926,hold,1,0
coarse-f16-h6-u25,persistent,16,6,0.25,101,confirmation_coarse-f16-h6-u25_s101,1,17,97778,1151786721,30760000,0,19929280,14569601,262926,hold,1,1
coarse-f16-h6-u25,persistent,16,6,0.25,101,confirmation_coarse-f16-h6-u25_s101,15,38,96808,1140661281,14427840,2245280,25229440,21096160,262926,hold,1,0
coarse-f16-h6-u25,persistent,16,6,0.25,101,confirmation_coarse-f16-h6-u25_s101,15,38,98059,1155217441,28984000,2409120,28140000,21096160,262926,hold,1,1
coarse-f16-h6-u25,persistent,16,6,0.25,101,confirmation_coarse-f16-h6-u25_s101,5,33,97238,1145669441,15002560,3123840,17244480,17478560,262926,hold,1,0
coarse-f16-h6-u25,persistent,16,6,0.25,101,confirmation_coarse-f16-h6-u25_s101,5,33,98455,1160214881,29548000,6553120,12837280,17478560,262926,increase,0,0
coarse-f16-h6-u25,persistent,16,6,0.25,101,confirmation_coarse-f16-h6-u25_s101,13,21,97880,1152926881,14584000,4177280,19648000,17684000,262926,hold,1,0
coarse-f16-h6-u25,persistent,16,6,0.25,101,confirmation_coarse-f16-h6-u25_s101,13,21,99072,1167546881,29204000,4121280,21308000,17684000,262926,hold,1,1
coarse-f16-h6-u25,persistent,16,6,0.25,101,confirmation_coarse-f16-h6-u25_s101,4,37,97989,1154366881,15604000,2052000,32347840,33042400,262926,hold,1,0
coarse-f16-h6-u25,persistent,16,6,0.25,101,confirmation_coarse-f16-h6-u25_s101,4,37,99212,1169174721,30411840,235840,33620320,33042400,262926,hold,1,1
coarse-f16-h6-u25,persistent,16,6,0.25,101,confirmation_coarse-f16-h6-u25_s101,16,38,98462,1160261441,15700000,580160,26479520,37282720,262926,hold,1,1
coarse-f16-h6-u25,persistent,16,6,0.25,101,confirmation_coarse-f16-h6-u25_s101,14,19,98398,1159538721,14804000,3965280,31336000,32544000,262926,hold,1,0
coarse-f16-h6-u25,persistent,16,6,0.25,101,confirmation_coarse-f16-h6-u25_s101,14,19,99624,1174250721,29516000,4157280,26824000,32544000,262926,hold,1,1
coarse-f16-h6-u25,persistent,16,6,0.25,101,confirmation_coarse-f16-h6-u25_s101,10,21,98434,1159998721,14648000,3669280,43144000,41428000,262926,hold,1,0
coarse-f16-h6-u25,persistent,16,6,0.25,101,confirmation_coarse-f16-h6-u25_s101,10,21,99693,1175006721,29656000,5265280,41280000,41428000,262926,hold,1,0
coarse-f16-h6-u25,persistent,16,6,0.25,101,confirmation_coarse-f16-h6-u25_s101,10,21,101002,1189562721,44212000,6169280,35652000,41428000,262926,hold,1,1
coarse-f16-h6-u25,persistent,16,6,0.25,101,confirmation_coarse-f16-h6-u25_s101,12,40,98762,1163738721,14580000,47840,33312000,32998880,262926,hold,1,1
coarse-f16-h6-u25,persistent,16,6,0.25,101,confirmation_coarse-f16-h6-u25_s101,1,18,99048,1167266561,15479840,674881,17050239,19929280,262926,hold,1,0
coarse-f16-h6-u25,persistent,16,6,0.25,101,confirmation_coarse-f16-h6-u25_s101,1,18,100388,1182662721,30876000,0,22122560,19929280,262926,hold,1,1
coarse-f16-h6-u25,persistent,16,6,0.25,101,confirmation_coarse-f16-h6-u25_s101,15,39,99280,1169969441,14752000,529440,27043840,28140000,262926,hold,1,0
coarse-f16-h6-u25,persistent,16,6,0.25,101,confirmation_coarse-f16-h6-u25_s101,15,39,100579,1184761441,29544000,2393280,22352000,28140000,262926,hold,1,1
coarse-f16-h6-u25,persistent,16,6,0.25,101,confirmation_coarse-f16-h6-u25_s101,8,26,99423,1171746721,14612000,1945280,43188000,44628000,262926,hold,1,1
coarse-f16-h6-u25,persistent,16,6,0.25,101,confirmation_coarse-f16-h6-u25_s101,16,39,99672,1174773441,14512000,585280,41829280,26479520,262926,hold,1,0
coarse-f16-h6-u25,persistent,16,6,0.25,101,confirmation_coarse-f16-h6-u25_s101,16,39,101030,1189881601,29620160,252959,41497921,26479520,262926,hold,1,1
coarse-f16-h6-u25,persistent,16,6,0.25,101,confirmation_coarse-f16-h6-u25_s101,12,41,99984,1178346721,14608000,789120,30008160,33312000,262926,hold,1,1
coarse-f16-h6-u25,persistent,16,6,0.25,101,confirmation_coarse-f16-h6-u25_s101,13,22,100374,1182526881,14980000,5209280,20340000,21308000,262926,hold,1,0
coarse-f16-h6-u25,persistent,16,6,0.25,101,confirmation_coarse-f16-h6-u25_s101,13,22,101671,1197258881,29712000,5893280,20080000,21308000,262926,hold,1,0
coarse-f16-h6-u25,persistent,16,6,0.25,101,confirmation_coarse-f16-h6-u25_s101,13,22,102963,1212174881,44628000,4989280,17480000,21308000,262926,hold,1,0
coarse-f16-h6-u25,persistent,16,6,0.25,101,confirmation_coarse-f16-h6-u25_s101,13,22,104331,1227034881,59488000,5929280,18228000,21308000,262926,hold,1,1
coarse-f16-h6-u25,persistent,16,6,0.25,101,confirmation_coarse-f16-h6-u25_s101,4,38,100479,1183582881,14408160,934720,30426880,33620320,262926,hold,1,1
coarse-f16-h6-u25,persistent,16,6,0.25,101,confirmation_coarse-f16-h6-u25_s101,8,27,100736,1186606721,14860000,3541280,35716000,43188000,262926,hold,1,1
coarse-f16-h6-u25,persistent,16,6,0.25,101,confirmation_coarse-f16-h6-u25_s101,14,20,100937,1188918721,14668000,3449280,24452000,26824000,262926,hold,1,1
coarse-f16-h6-u25,persistent,16,6,0.25,101,confirmation_coarse-f16-h6-u25_s101,5,34,100970,1189302721,14581440,2245280,21185440,17365280,262926,hold,1,1
coarse-f16-h6-u25,persistent,16,6,0.25,101,confirmation_coarse-f16-h6-u25_s101,9,26,101166,1191334721,14592000,3041280,31300000,31696000,262926,hold,1,0
coarse-f16-h6-u25,persistent,16,6,0.25,101,confirmation_coarse-f16-h6-u25_s101,9,26,102405,1205890721,29148000,4157280,33448000,31696000,262926,hold,1,1
coarse-f16-h6-u25,persistent,16,6,0.25,101,confirmation_coarse-f16-h6-u25_s101,6,9,101222,1192048161,14940000,1913280,15674720,15604000,262926,hold,1,1
coarse-f16-h6-u25,persistent,16,6,0.25,101,confirmation_coarse-f16-h6-u25_s101,12,42,101281,1192750881,14404160,585280,31336160,30008160,262926,hold,1,0
coarse-f16-h6-u25,persistent,16,6,0.25,101,confirmation_coarse-f16-h6-u25_s101,12,42,102536,1207314721,28968000,3080000,19867040,30008160,262926,hold,1,1
coarse-f16-h6-u25,persistent,16,6,0.25,101,confirmation_coarse-f16-h6-u25_s101,11,35,101347,1193449281,14703840,3725120,36368160,32492160,262926,hold,1,1
coarse-f16-h6-u25,persistent,16,6,0.25,101,confirmation_coarse-f16-h6-u25_s101,7,9,101454,1194717441,14454560,2109280,14080000,15604000,262926,hold,1,0
coarse-f16-h6-u25,persistent,16,6,0.25,101,confirmation_coarse-f16-h6-u25_s101,7,9,102819,1210321441,30058560,2909280,7482560,15604000,262926,increase,0,1
coarse-f16-h6-u25,persistent,16,6,0.25,101,confirmation_coarse-f16-h6-u25_s101,1,19,101705,1197638721,14976000,745440,22571840,22122560,262926,hold,1,0
coarse-f16-h6-u25,persistent,16,6,0.25,101,confirmation_coarse-f16-h6-u25_s101,1,19,102972,1212246721,29584000,2245280,18296000,22122560,262926,hold,1,0
coarse-f16-h6-u25,persistent,16,6,0.25,101,confirmation_coarse-f16-h6-u25_s101,1,19,104418,1227850721,45188000,1913280,12284000,22122560,262926,increase,0,0
coarse-f16-h6-u25,persistent,16,6,0.25,101,confirmation_coarse-f16-h6-u25_s101,4,39,101755,1198190881,14608000,2706880,29585120,30426880,262926,hold,1,1
coarse-f16-h6-u25,persistent,16,6,0.25,101,confirmation_coarse-f16-h6-u25_s101,15,40,101856,1199425281,14663840,4145120,21660000,22352000,262926,hold,1,1
coarse-f16-h6-u25,persistent,16,6,0.25,101,confirmation_coarse-f16-h6-u25_s101,8,28,102018,1201402721,14796000,5901280,38328000,35716000,262926,hold,1,0
coarse-f16-h6-u25,persistent,16,6,0.25,101,confirmation_coarse-f16-h6-u25_s101,8,28,103311,1216050721,29444000,6861280,41201120,35716000,262926,hold,1,0
coarse-f16-h6-u25,persistent,16,6,0.25,101,confirmation_coarse-f16-h6-u25_s101,8,28,104712,1231058721,44452000,4241280,43032000,35716000,262926,hold,1,1
coarse-f16-h6-u25,persistent,16,6,0.25,101,confirmation_coarse-f16-h6-u25_s101,14,21,102211,1203714721,14796000,2933280,24692000,24452000,262926,hold,1,1
coarse-f16-h6-u25,persistent,16,6,0.25,101,confirmation_coarse-f16-h6-u25_s101,5,35,102227,1203910721,14608000,3214720,19614560,21185440,262926,hold,1,0
coarse-f16-h6-u25,persistent,16,6,0.25,101,confirmation_coarse-f16-h6-u25_s101,5,35,103517,1218314881,29012160,5693440,14811840,21185440,262926,hold,1,0
coarse-f16-h6-u25,persistent,16,6,0.25,101,confirmation_coarse-f16-h6-u25_s101,5,35,104866,1232794721,43492000,742720,19297440,21185440,262926,hold,1,1
coarse-f16-h6-u25,persistent,16,6,0.25,101,confirmation_coarse-f16-h6-u25_s101,10,22,102253,1204238721,14676000,6169280,38696000,35652000,262926,hold,1,0
coarse-f16-h6-u25,persistent,16,6,0.25,101,confirmation_coarse-f16-h6-u25_s101,10,22,103590,1219034721,29472000,6861280,39720000,35652000,262926,hold,1,0
coarse-f16-h6-u25,persistent,16,6,0.25,101,confirmation_coarse-f16-h6-u25_s101,10,22,104948,1233710721,44148000,5413280,38004000,35652000,262926,hold,1,0
coarse-f16-h6-u25,persistent,16,6,0.25,101,confirmation_coarse-f16-h6-u25_s101,10,22,106284,1248238721,58676000,5745280,32822560,35652000,262926,hold,1,0
coarse-f16-h6-u25,persistent,16,6,0.25,101,confirmation_coarse-f16-h6-u25_s101,10,22,107553,1262914721,73352000,5929280,35320000,35652000,262926,hold,1,0
coarse-f16-h6-u25,persistent,16,6,0.25,101,confirmation_coarse-f16-h6-u25_s101,10,22,108758,1277710721,88148000,4029280,40928000,35652000,262926,hold,1,1
coarse-f16-h6-u25,persistent,16,6,0.25,101,confirmation_coarse-f16-h6-u25_s101,16,40,102266,1204325441,14443840,421440,40665440,41497921,262926,hold,1,0
coarse-f16-h6-u25,persistent,16,6,0.25,101,confirmation_coarse-f16-h6-u25_s101,16,40,103599,1219261441,29379840,2745440,37184000,41497921,262926,hold,1,1
coarse-f16-h6-u25,persistent,16,6,0.25,101,confirmation_coarse-f16-h6-u25_s101,6,10,102606,1207984161,15936000,1581280,10956000,15674720,262926,increase,0,1
coarse-f16-h6-u25,persistent,16,6,0.25,101,confirmation_coarse-f16-h6-u25_s101,11,36,102639,1208389281,14940000,1880320,38336960,36368160,262926,hold,1,0
coarse-f16-h6-u25,persistent,16,6,0.25,101,confirmation_coarse-f16-h6-u25_s101,11,36,103946,1223177441,29728160,1997120,38660160,36368160,262926,hold,1,1
coarse-f16-h6-u25,persistent,16,6,0.25,101,confirmation_coarse-f16-h6-u25_s101,4,40,103007,1212686721,14495840,3124000,29576000,29585120,262926,hold,1,1
coarse-f16-h6-u25,persistent,16,6,0.25,101,confirmation_coarse-f16-h6-u25_s101,15,41,103133,1214033281,14608000,2577280,25139840,21660000,262926,hold,1,1
coarse-f16-h6-u25,persistent,16,6,0.25,101,confirmation_coarse-f16-h6-u25_s101,14,22,103523,1218334721,14620000,5449280,26872000,24692000,262926,hold,1,0
coarse-f16-h6-u25,persistent,16,6,0.25,101,confirmation_coarse-f16-h6-u25_s101,14,22,104894,1233102721,29388000,6113280,26992000,24692000,262926,hold,1,0
coarse-f16-h6-u25,persistent,16,6,0.25,101,confirmation_coarse-f16-h6-u25_s101,14,22,106218,1247538721,43824000,5717280,24204000,24692000,262926,hold,1,0
coarse-f16-h6-u25,persistent,16,6,0.25,101,confirmation_coarse-f16-h6-u25_s101,14,22,107500,1262178721,58464000,6225280,24176000,24692000,262926,hold,1,0
coarse-f16-h6-u25,persistent,16,6,0.25,101,confirmation_coarse-f16-h6-u25_s101,14,22,108709,1277150721,73436000,4297280,27572000,24692000,262926,hold,1,0
coarse-f16-h6-u25,persistent,16,6,0.25,101,confirmation_coarse-f16-h6-u25_s101,14,22,109942,1291762721,88048000,2693280,25312000,24692000,262926,hold,1,1
coarse-f16-h6-u25,persistent,16,6,0.25,101,confirmation_coarse-f16-h6-u25_s101,9,27,103744,1220806721,14916000,5385280,33401120,33448000,262926,hold,1,0
coarse-f16-h6-u25,persistent,16,6,0.25,101,confirmation_coarse-f16-h6-u25_s101,9,27,105127,1235786721,29896000,6409280,14556000,33448000,262926,hold,1,0
coarse-f16-h6-u25,persistent,16,6,0.25,101,confirmation_coarse-f16-h6-u25_s101,9,27,106513,1250766721,44876000,4269280,29204000,33448000,262926,hold,1,1
coarse-f16-h6-u25,persistent,16,6,0.25,101,confirmation_coarse-f16-h6-u25_s101,12,43,103846,1221966881,14652160,1041280,32817760,19867040,262926,hold,1,1
coarse-f16-h6-u25,persistent,16,6,0.25,101,confirmation_coarse-f16-h6-u25_s101,4,41,104361,1227318881,14632160,253280,31052000,29576000,262926,hold,1,1
coarse-f16-h6-u25,persistent,16,6,0.25,101,confirmation_coarse-f16-h6-u25_s101,15,42,104500,1228641281,14608000,580160,11288000,25139840,262926,increase,0,0
coarse-f16-h6-u25,persistent,16,6,0.25,101,confirmation_coarse-f16-h6-u25_s101,16,41,104946,1233705601,14444160,421440,40172000,37184000,262926,hold,1,0
coarse-f16-h6-u25,persistent,16,6,0.25,101,confirmation_coarse-f16-h6-u25_s101,16,41,106329,1248809441,29548000,145120,42108320,37184000,262926,hold,1,1
coarse-f16-h6-u25,persistent,16,6,0.25,101,confirmation_coarse-f16-h6-u25_s101,12,44,105187,1236446721,14479840,293280,31628160,32817760,262926,hold,1,0
coarse-f16-h6-u25,persistent,16,6,0.25,101,confirmation_coarse-f16-h6-u25_s101,12,44,106535,1250982721,29015840,477120,29393760,32817760,262926,hold,1,1
coarse-f16-h6-u25,persistent,16,6,0.25,101,confirmation_coarse-f16-h6-u25_s101,11,37,105454,1239492161,16314720,1677600,30437440,38660160,262926,hold,1,1
coarse-f16-h6-u25,persistent,16,6,0.25,101,confirmation_coarse-f16-h6-u25_s101,13,23,105649,1241738881,14704000,5173280,18808000,18228000,262926,hold,1,1
coarse-f16-h6-u25,persistent,16,6,0.25,101,confirmation_coarse-f16-h6-u25_s101,4,42,105676,1241871681,14552800,1262720,28445440,31052000,262926,hold,1,1
coarse-f16-h6-u25,persistent,16,6,0.25,101,confirmation_coarse-f16-h6-u25_s101,8,29,106033,1245586721,14528000,2941280,34120000,43032000,262926,hold,1,0
coarse-f16-h6-u25,persistent,16,6,0.25,101,confirmation_coarse-f16-h6-u25_s101,8,29,107325,1260234721,29176000,3097280,35864000,43032000,262926,hold,1,1
coarse-f16-h6-u25,persistent,16,6,0.25,101,confirmation_coarse-f16-h6-u25_s101,5,36,106196,1247402721,14608000,248160,22249120,19297440,262926,hold,1,1
coarse-f16-h6-u25,persistent,16,6,0.25,101,confirmation_coarse-f16-h6-u25_s101,11,38,106811,1254032161,14540000,2016000,32052160,30437440,262926,hold,1,0
coarse-f16-h6-u25,persistent,16,6,0.25,101,confirmation_coarse-f16-h6-u25_s101,11,38,107996,1268661441,29169280,1329280,37864320,30437440,262926,hold,1,1
coarse-f16-h6-u25,persistent,16,6,0.25,101,confirmation_coarse-f16-h6-u25_s101,13,24,107015,1256358881,14620000,4057280,20948000,18808000,262926,hold,1,1
coarse-f16-h6-u25,persistent,16,6,0.25,101,confirmation_coarse-f16-h6-u25_s101,4,43,107008,1256290881,14419200,3573280,25344160,28445440,262926,hold,1,0
coarse-f16-h6-u25,persistent,16,6,0.25,101,confirmation_coarse-f16-h6-u25_s101,4,43,108182,1270800161,28928480,4281760,24967680,28445440,262926,hold,1,1
coarse-f16-h6-u25,persistent,16,6,0.25,101,confirmation_coarse-f16-h6-u25_s101,15,43,107144,1257944161,14846720,3084320,22576000,23752160,262926,hold,1,1
coarse-f16-h6-u25,persistent,16,6,0.25,101,confirmation_coarse-f16-h6-u25_s101,1,20,107227,1259097441,15642720,624000,17636000,15604000,262926,hold,1,0
coarse-f16-h6-u25,persistent,16,6,0.25,101,confirmation_coarse-f16-h6-u25_s101,1,20,108458,1274156161,30701440,1541280,14686720,15604000,262926,hold,1,1
coarse-f16-h6-u25,persistent,16,6,0.25,101,confirmation_coarse-f16-h6-u25_s101,5,37,107474,1262010721,14608000,248160,23116960,22249120,262926,hold,1,0
coarse-f16-h6-u25,persistent,16,6,0.25,101,confirmation_coarse-f16-h6-u25_s101,5,37,108643,1276444161,29041440,742720,21574880,22249120,262926,hold,1,1
coarse-f16-h6-u25,persistent,16,6,0.25,101,confirmation_coarse-f16-h6-u25_s101,16,42,107633,1264081441,15272000,3068000,39402400,42108320,262926,hold,1,0
coarse-f16-h6-u25,persistent,16,6,0.25,101,confirmation_coarse-f16-h6-u25_s101,16,42,108840,1278718561,29909120,585280,43836960,42108320,262926,hold,1,1
coarse-f16-h6-u25,persistent,16,6,0.25,101,confirmation_coarse-f16-h6-u25_s101,9,28,107747,1265654721,14888000,4001280,30440000,29204000,262926,hold,1,0
coarse-f16-h6-u25,persistent,16,6,0.25,101,confirmation_coarse-f16-h6-u25_s101,9,28,108951,1280154721,29388000,5385280,32644000,29204000,262926,hold,1,0
coarse-f16-h6-u25,persistent,16,6,0.25,101,confirmation_coarse-f16-h6-u25_s101,9,28,110237,1295098721,44332000,5837280,29388000,29204000,262926,hold,1,1
coarse-f16-h6-u25,persistent,16,6,0.25,101,confirmation_coarse-f16-h6-u25_s101,12,45,107741,1265493281,14510560,658880,30172800,29393760,262926,hold,1,1
coarse-f16-h6-u25,persistent,16,6,0.25,101,confirmation_coarse-f16-h6-u25_s101,13,25,108179,1270766881,14408000,6777280,19316000,20948000,262926,hold,1,0
coarse-f16-h6-u25,persistent,16,6,0.25,101,confirmation_coarse-f16-h6-u25_s101,13,25,109394,1285618881,29260000,7257280,20496000,20948000,262926,hold,1,0
coarse-f16-h6-u25,persistent,16,6,0.25,101,confirmation_coarse-f16-h6-u25_s101,13,25,110695,1300414881,44056000,10109280,13691680,20948000,262926,increase,0,0
coarse-f16-h6-u25,persistent,16,6,0.25,101,confirmation_coarse-f16-h6-u25_s101,15,44,108353,1272749441,14805280,4237280,28209760,22576000,262926,hold,1,0
coarse-f16-h6-u25,persistent,16,6,0.25,101,confirmation_coarse-f16-h6-u25_s101,15,44,109590,1287917441,29973280,5233280,26625280,22576000,262926,hold,1,0
coarse-f16-h6-u25,persistent,16,6,0.25,101,confirmation_coarse-f16-h6-u25_s101,15,44,110865,1302345281,44401120,2065120,22450400,22576000,262926,hold,1,1
coarse-f16-h6-u25,persistent,16,6,0.25,101,confirmation_coarse-f16-h6-u25_s101,8,30,108494,1274670721,14436000,4241280,41254880,35864000,262926,hold,1,0
coarse-f16-h6-u25,persistent,16,6,0.25,101,confirmation_coarse-f16-h6-u25_s101,8,30,109713,1289218721,28984000,5321280,41416000,35864000,262926,hold,1,0
coarse-f16-h6-u25,persistent,16,6,0.25,101,confirmation_coarse-f16-h6-u25_s101,8,30,110994,1303866721,43632000,5441280,33668000,35864000,262926,hold,1,0
coarse-f16-h6-u25,persistent,16,6,0.25,101,confirmation_coarse-f16-h6-u25_s101,8,30,112270,1318394721,58160000,4241280,36400000,35864000,262926,hold,1,1
coarse-f16-h6-u25,persistent,16,6,0.25,101,confirmation_coarse-f16-h6-u25_s101,12,46,108931,1279938721,14445440,454720,31670560,30172800,262926,hold,1,1
coarse-f16-h6-u25,persistent,16,6,0.25,101,confirmation_coarse-f16-h6-u25_s101,11,39,109236,1283601441,14940000,3370560,38529440,37864320,262926,hold,1,1
coarse-f16-h6-u25,persistent,16,6,0.25,101,confirmation_coarse-f16-h6-u25_s101,6,11,109269,1284001441,14916000,640000,16853280,14289280,262926,hold,1,0
coarse-f16-h6-u25,persistent,16,6,0.25,101,confirmation_coarse-f16-h6-u25_s101,6,11,110531,1298609441,29524000,1165440,16939680,14289280,262926,hold,1,1
coarse-f16-h6-u25,persistent,16,6,0.25,101,confirmation_coarse-f16-h6-u25_s101,4,44,109377,1285408161,14608000,5466560,23197280,24967680,262926,hold,1,0
coarse-f16-h6-u25,persistent,16,6,0.25,101,confirmation_coarse-f16-h6-u25_s101,4,44,110639,1299857441,29057280,2664000,23557120,24967680,262926,hold,1,1
coarse-f16-h6-u25,persistent,16,6,0.25,101,confirmation_coarse-f16-h6-u25_s101,1,21,109697,1289078721,14922560,780000,14630560,14686720,262926,hold,1,0
coarse-f16-h6-u25,persistent,16,6,0.25,101,confirmation_coarse-f16-h6-u25_s101,1,21,111011,1304018721,29862560,1018560,16600000,14686720,262926,hold,1,0
coarse-f16-h6-u25,persistent,16,6,0.25,101,confirmation_coarse-f16-h6-u25_s101,1,21,112282,1318537281,44381120,1513280,14524000,14686720,262926,hold,1,1
coarse-f16-h6-u25,persistent,16,6,0.25,101,confirmation_coarse-f16-h6-u25_s101,5,38,109864,1290894721,14450560,2572160,16449120,21574880,262926,hold,1,1
coarse-f16-h6-u25,persistent,16,6,0.25,101,confirmation_coarse-f16-h6-u25_s101,10,23,110002,1292478721,14768000,4057280,41048000,40928000,262926,hold,1,0
coarse-f16-h6-u25,persistent,16,6,0.25,101,confirmation_coarse-f16-h6-u25_s101,10,23,111261,1306886721,29176000,5117280,34896000,40928000,262926,hold,1,0
coarse-f16-h6-u25,persistent,16,6,0.25,101,confirmation_coarse-f16-h6-u25_s101,10,23,112582,1321866721,44156000,4933280,34961120,40928000,262926,hold,1,0
coarse-f16-h6-u25,persistent,16,6,0.25,101,confirmation_coarse-f16-h6-u25_s101,10,23,113860,1336238721,58528000,6685280,38844000,40928000,262926,hold,1,0
coarse-f16-h6-u25,persistent,16,6,0.25,101,confirmation_coarse-f16-h6-u25_s101,10,23,115240,1351182721,73472000,4777280,42080000,40928000,262926,hold,1,1
coarse-f16-h6-u25,persistent,16,6,0.25,101,confirmation_coarse-f16-h6-u25_s101,16,43,110131,1293961441,15242880,70880,17203360,43836960,262926,hold,1,1
coarse-f16-h6-u25,persistent,16,6,0.25,101,confirmation_coarse-f16-h6-u25_s101,12,47,110257,1295368161,15429440,1737440,28423840,31670560,262926,hold,1,1
coarse-f16-h6-u25,persistent,16,6,0.25,101,confirmation_coarse-f16-h6-u25_s101,11,40,110505,1298209441,14608000,4901280,28933120,38529440,262926,hold,1,0
coarse-f16-h6-u25,persistent,16,6,0.25,101,confirmation_coarse-f16-h6-u25_s101,11,40,111756,1312637281,29035840,1578720,34065280,38529440,262926,hold,1,1
coarse-f16-h6-u25,persistent,16,6,0.25,101,confirmation_coarse-f16-h6-u25_s101,7,10,110737,1300957441,14940000,905280,17276000,14608000,262926,hold,1,0
coarse-f16-h6-u25,persistent,16,6,0.25,101,confirmation_coarse-f16-h6-u25_s101,7,10,112015,1315565441,29548000,2245280,11608000,14608000,262926,increase,0,0
coarse-f16-h6-u25,persistent,16,6,0.25,101,confirmation_coarse-f16-h6-u25_s101,5,39,111153,1305660161,14765440,2245280,16425440,16449120,262926,hold,1,0
coarse-f16-h6-u25,persistent,16,6,0.25,101,confirmation_coarse-f16-h6-u25_s101,5,39,112436,1320268161,29373440,5214720,18610560,16449120,262926,hold,1,0
coarse-f16-h6-u25,persistent,16,6,0.25,101,confirmation_coarse-f16-h6-u25_s101,5,39,113721,1334718721,43824000,7225280,13304000,16449120,262926,increase,0,1
coarse-f16-h6-u25,persistent,16,6,0.25,101,confirmation_coarse-f16-h6-u25_s101,14,23,111205,1306262721,14500000,2545280,27184000,25312000,262926,hold,1,1
coarse-f16-h6-u25,persistent,16,6,0.25,101,confirmation_coarse-f16-h6-u25_s101,16,44,111535,1310134561,16173120,638880,39562720,17203360,262926,hold,1,1
coarse-f16-h6-u25,persistent,16,6,0.25,101,confirmation_coarse-f16-h6-u25_s101,9,29,111529,1310014721,14916000,6373280,27460000,29388000,262926,hold,1,1
coarse-f16-h6-u25,persistent,16,6,0.25,101,confirmation_coarse-f16-h6-u25_s101,12,48,111500,1309778721,14410560,2734720,26928000,28423840,262926,hold,1,0
coarse-f16-h6-u25,persistent,16,6,0.25,101,confirmation_coarse-f16-h6-u25_s101,12,48,112822,1324584161,29216000,5165280,29840000,28423840,262926,hold,1,1
coarse-f16-h6-u25,persistent,16,6,0.25,101,confirmation_coarse-f16-h6-u25_s101,6,12,111927,1314545441,15936000,3905280,7636000,16939680,262926,increase,0,0
coarse-f16-h6-u25,persistent,16,6,0.25,101,confirmation_coarse-f16-h6-u25_s101,4,45,111931,1314606721,14749280,744000,28768000,23557120,262926,hold,1,0
coarse-f16-h6-u25,persistent,16,6,0.25,101,confirmation_coarse-f16-h6-u25_s101,4,45,113242,1329405441,29548000,1249280,30586720,23557120,262926,hold,1,1
coarse-f16-h6-u25,persistent,16,6,0.25,101,confirmation_coarse-f16-h6-u25_s101,15,45,112139,1316868161,14522880,173280,27224000,22450400,262926,hold,1,0
coarse-f16-h6-u25,persistent,16,6,0.25,101,confirmation_coarse-f16-h6-u25_s101,15,45,113456,1331640001,29294720,1069280,28298560,22450400,262926,hold,1,1
coarse-f16-h6-u25,persistent,16,6,0.25,101,confirmation_coarse-f16-h6-u25_s101,14,24,112481,1320762721,14500000,4997280,28504000,27184000,262926,hold,1,0
coarse-f16-h6-u25,persistent,16,6,0.25,101,confirmation_coarse-f16-h6-u25_s101,14,24,113771,1335262721,29000000,6205280,28328000,27184000,262926,hold,1,0
coarse-f16-h6-u25,persistent,16,6,0.25,101,confirmation_coarse-f16-h6-u25_s101,14,24,115132,1350030721,43768000,3096000,32921280,27184000,262926,hold,1,1
coarse-f16-h6-u25,persistent,16,6,0.25,101,confirmation_coarse-f16-h6-u25_s101,9,30,112809,1324450721,14436000,6261280,32572000,27460000,262926,hold,1,0
coarse-f16-h6-u25,persistent,16,6,0.25,101,confirmation_coarse-f16-h6-u25_s101,9,30,114174,1339450721,29436000,5285280,33724000,27460000,262926,hold,1,0
coarse-f16-h6-u25,persistent,16,6,0.25,101,confirmation_coarse-f16-h6-u25_s101,9,30,115524,1354162721,44148000,5229280,30869120,27460000,262926,hold,1,0
coarse-f16-h6-u25,persistent,16,6,0.25,101,confirmation_coarse-f16-h6-u25_s101,9,30,116852,1368718721,58704000,5449280,32385440,27460000,262926,hold,1,1
coarse-f16-h6-u25,persistent,16,6,0.25,101,confirmation_coarse-f16-h6-u25_s101,16,45,112911,1325638881,15504320,912160,40973440,39562720,262926,hold,1,1
coarse-f16-h6-u25,persistent,16,6,0.25,101,confirmation_coarse-f16-h6-u25_s101,11,41,113036,1327093441,14456160,702560,39238880,34065280,262926,hold,1,0
coarse-f16-h6-u25,persistent,16,6,0.25,101,confirmation_coarse-f16-h6-u25_s101,11,41,114415,1342033441,29396160,2577280,39024160,34065280,262926,hold,1,1
coarse-f16-h6-u25,persistent,16,6,0.25,101,confirmation_coarse-f16-h6-u25_s101,13,26,113256,1329526881,14676000,4749280,19224000,18320000,262926,hold,1,1
coarse-f16-h6-u25,persistent,16,6,0.25,101,confirmation_coarse-f16-h6-u25_s101,8,31,113558,1332858721,14464000,5265280,39896000,36400000,262926,hold,1,0
coarse-f16-h6-u25,persistent,16,6,0.25,101,confirmation_coarse-f16-h6-u25_s101,8,31,114882,1347498721,29104000,4961280,41306880,36400000,262926,hold,1,0
coarse-f16-h6-u25,persistent,16,6,0.25,101,confirmation_coarse-f16-h6-u25_s101,8,31,116296,1362598721,44204000,4573280,39352000,36400000,262926,hold,1,1
coarse-f16-h6-u25,persistent,16,6,0.25,101,confirmation_coarse-f16-h6-u25_s101,1,22,113584,1333145281,14608000,4479840,9960000,14524000,262926,increase,0,0
coarse-f16-h6-u25,persistent,16,6,0.25,101,confirmation_coarse-f16-h6-u25_s101,12,49,114130,1338981601,14397440,240160,33701280,29840000,262926,hold,1,1
coarse-f16-h6-u25,persistent,16,6,0.25,101,confirmation_coarse-f16-h6-u25_s101,16,46,114231,1340109441,14470560,2900000,42837280,40973440,262926,hold,1,0
coarse-f16-h6-u25,persistent,16,6,0.25,101,confirmation_coarse-f16-h6-u25_s101,16,46,115571,1354717441,29078560,2848160,42136160,40973440,262926,hold,1,1
coarse-f16-h6-u25,persistent,16,6,0.25,101,confirmation_coarse-f16-h6-u25_s101,4,46,114589,1344013441,14608000,1417440,33135840,30586720,262926,hold,1,0
coarse-f16-h6-u25,persistent,16,6,0.25,101,confirmation_coarse-f16-h6-u25_s101,4,46,115923,1358448161,29042720,3132160,26539840,30586720,262926,hold,1,1
coarse-f16-h6-u25,persistent,16,6,0.25,101,confirmation_coarse-f16-h6-u25_s101,13,27,114586,1343998881,14472000,4517280,22904000,19224000,262926,hold,1,0
coarse-f16-h6-u25,persistent,16,6,0.25,101,confirmation_coarse-f16-h6-u25_s101,13,27,115988,1359154881,29628000,6353280,20736000,19224000,262926,hold,1,0
coarse-f16-h6-u25,persistent,16,6,0.25,101,confirmation_coarse-f16-h6-u25_s101,13,27,117301,1373646881,44120000,6557280,19204000,19224000,262926,hold,1,0
coarse-f16-h6-u25,persistent,16,6,0.25,101,confirmation_coarse-f16-h6-u25_s101,13,27,118645,1388258881,58732000,6401280,15460000,19224000,262926,hold,1,0
coarse-f16-h6-u25,persistent,16,6,0.25,101,confirmation_coarse-f16-h6-u25_s101,13,27,119880,1402906881,73380000,6649280,15664000,19224000,262926,hold,1,0
coarse-f16-h6-u25,persistent,16,6,0.25,101,confirmation_coarse-f16-h6-u25_s101,13,27,121153,1417730881,88204000,7793280,14132000,19224000,262926,hold,1,0
coarse-f16-h6-u25,persistent,16,6,0.25,101,confirmation_coarse-f16-h6-u25_s101,13,27,122429,1432498881,102972000,8881280,13200000,19224000,262926,increase,0,1
coarse-f16-h6-u25,persistent,16,6,0.25,101,confirmation_coarse-f16-h6-u25_s101,15,46,114765,1346164161,14524160,3737120,26638720,28298560,262926,hold,1,0
coarse-f16-h6-u25,persistent,16,6,0.25,101,confirmation_coarse-f16-h6-u25_s101,15,46,116123,1360630561,28990560,3674720,25637600,28298560,262926,hold,1,1
coarse-f16-h6-u25,persistent,16,6,0.25,101,confirmation_coarse-f16-h6-u25_s101,12,50,115463,1353470721,14489120,554400,31374880,33701280,262926,hold,1,0
coarse-f16-h6-u25,persistent,16,6,0.25,101,confirmation_coarse-f16-h6-u25_s101,12,50,116791,1368078721,29097120,2162400,33150880,33701280,262926,hold,1,1
coarse-f16-h6-u25,persistent,16,6,0.25,101,confirmation_coarse-f16-h6-u25_s101,11,42,115749,1356641441,14608000,824160,37423840,39024160,262926,hold,1,1
coarse-f16-h6-u25,persistent,16,6,0.25,101,confirmation_coarse-f16-h6-u25_s101,5,40,116404,1363762721,14436000,917280,25234560,21090560,262926,hold,1,1
coarse-f16-h6-u25,persistent,16,6,0.25,101,confirmation_coarse-f16-h6-u25_s101,14,25,116540,1365278721,15248000,3457280,26436000,32921280,262926,hold,1,0
coarse-f16-h6-u25,persistent,16,6,0.25,101,confirmation_coarse-f16-h6-u25_s101,14,25,117870,1379714721,29684000,4601280,28604000,32921280,262926,hold,1,0
coarse-f16-h6-u25,persistent,16,6,0.25,101,confirmation_coarse-f16-h6-u25_s101,14,25,119152,1394122721,44092000,5145280,28088000,32921280,262926,hold,1,1
coarse-f16-h6-u25,persistent,16,6,0.25,101,confirmation_coarse-f16-h6-u25_s101,10,24,116562,1365554721,14372000,4841280,36704000,42080000,262926,hold,1,0
coarse-f16-h6-u25,persistent,16,6,0.25,101,confirmation_coarse-f16-h6-u25_s101,10,24,117913,1380202721,29020000,6225280,36732000,42080000,262926,hold,1,0
coarse-f16-h6-u25,persistent,16,6,0.25,101,confirmation_coarse-f16-h6-u25_s101,10,24,119218,1394850721,43668000,5901280,37508000,42080000,262926,hold,1,0
coarse-f16-h6-u25,persistent,16,6,0.25,101,confirmation_coarse-f16-h6-u25_s101,10,24,120467,1409858721,58676000,5053280,37276000,42080000,262926,hold,1,1
coarse-f16-h6-u25,persistent,16,6,0.25,101,confirmation_coarse-f16-h6-u25_s101,16,47,116891,1369156001,14438560,747840,26104320,42136160,262926,hold,1,0
coarse-f16-h6-u25,persistent,16,6,0.25,101,confirmation_coarse-f16-h6-u25_s101,16,47,118232,1383687841,28970400,2075840,45854880,42136160,262926,hold,1,1
coarse-f16-h6-u25,persistent,16,6,0.25,101,confirmation_coarse-f16-h6-u25_s101,11,43,117075,1371172161,14530720,1856160,33683840,37423840,262926,hold,1,0
coarse-f16-h6-u25,persistent,16,6,0.25,101,confirmation_coarse-f16-h6-u25_s101,11,43,118405,1385672161,29030720,3276000,18889280,37423840,262926,hold,1,1
coarse-f16-h6-u25,persistent,16,6,0.25,101,confirmation_coarse-f16-h6-u25_s101,4,47,117220,1372805441,14357280,1874720,31986720,26539840,262926,hold,1,0
coarse-f16-h6-u25,persistent,16,6,0.25,101,confirmation_coarse-f16-h6-u25_s101,4,47,118544,1387173441,28725280,1585601,31094559,26539840,262926,hold,1,1
coarse-f16-h6-u25,persistent,16,6,0.25,101,confirmation_coarse-f16-h6-u25_s101,15,47,117455,1375233441,14602880,3056000,18878720,25637600,262926,hold,1,1
coarse-f16-h6-u25,persistent,16,6,0.25,101,confirmation_coarse-f16-h6-u25_s101,1,23,117744,1378376001,15936000,3905280,10702720,14276000,262926,increase,0,1
coarse-f16-h6-u25,persistent,16,6,0.25,101,confirmation_coarse-f16-h6-u25_s101,8,32,117639,1377190721,14592000,1049280,36740960,39352000,262926,hold,1,0
coarse-f16-h6-u25,persistent,16,6,0.25,101,confirmation_coarse-f16-h6-u25_s101,8,32,118987,1392232161,29633440,0,40378720,39352000,262926,hold,1,1
coarse-f16-h6-u25,persistent,16,6,0.25,101,confirmation_coarse-f16-h6-u25_s101,5,41,117740,1378370721,14608000,2705440,20919840,25234560,262926,hold,1,0
coarse-f16-h6-u25,persistent,16,6,0.25,101,confirmation_coarse-f16-h6-u25_s101,5,41,119033,1392818721,29056000,1421280,17264000,25234560,262926,hold,1,1
coarse-f16-h6-u25,persistent,16,6,0.25,101,confirmation_coarse-f16-h6-u25_s101,12,51,118140,1382686721,14608000,2812160,33737120,33150880,262926,hold,1,1
coarse-f16-h6-u25,persistent,16,6,0.25,101,confirmation_coarse-f16-h6-u25_s101,9,31,118191,1383274721,14556000,4933280,35800000,32385440,262926,hold,1,1
coarse-f16-h6-u25,persistent,16,6,0.25,101,confirmation_coarse-f16-h6-u25_s101,15,48,118773,1389656161,14422720,3050880,20548960,18878720,262926,hold,1,1
coarse-f16-h6-u25,persistent,16,6,0.25,101,confirmation_coarse-f16-h6-u25_s101,12,52,119423,1397294721,14608000,1845280,33872000,33737120,262926,hold,1,1
coarse-f16-h6-u25,persistent,16,6,0.25,101,confirmation_coarse-f16-h6-u25_s101,9,32,119478,1397978721,14704000,5137280,35236000,35800000,262926,hold,1,0
coarse-f16-h6-u25,persistent,16,6,0.25,101,confirmation_coarse-f16-h6-u25_s101,9,32,120724,1412746721,29472000,5385280,35864000,35800000,262926,hold,1,0
coarse-f16-h6-u25,persistent,16,6,0.25,101,confirmation_coarse-f16-h6-u25_s101,9,32,121993,1427358721,44084000,4085280,33484000,35800000,262926,hold,1,1
coarse-f16-h6-u25,persistent,16,6,0.25,101,confirmation_coarse-f16-h6-u25_s101,16,48,119486,1398040001,14352160,3989120,40366560,45854880,262926,hold,1,1
coarse-f16-h6-u25,persistent,16,6,0.25,101,confirmation_coarse-f16-h6-u25_s101,11,44,119663,1400280161,14608000,5285280,33294720,18889280,262926,hold,1,0
coarse-f16-h6-u25,persistent,16,6,0.25,101,confirmation_coarse-f16-h6-u25_s101,11,44,121006,1416069441,30397280,5565280,27276000,18889280,262926,hold,1,0
coarse-f16-h6-u25,persistent,16,6,0.25,101,confirmation_coarse-f16-h6-u25_s101,11,44,122266,1430620161,44948000,2753280,32105280,18889280,262926,hold,1,1
coarse-f16-h6-u25,persistent,16,6,0.25,101,confirmation_coarse-f16-h6-u25_s101,4,48,119779,1401781441,14608000,609280,14812000,31094559,262926,hold,1,1
coarse-f16-h6-u25,persistent,16,6,0.25,101,confirmation_coarse-f16-h6-u25_s101,15,49,119978,1404125441,14469280,588160,20727840,20548960,262926,hold,1,0
coarse-f16-h6-u25,persistent,16,6,0.25,101,confirmation_coarse-f16-h6-u25_s101,15,49,121232,1418780161,29124000,912160,17941120,20548960,262926,hold,1,1
coarse-f16-h6-u25,persistent,16,6,0.25,101,confirmation_coarse-f16-h6-u25_s101,7,11,120127,1405869441,15272000,1194560,14662720,14276000,262926,hold,1,0
coarse-f16-h6-u25,persistent,16,6,0.25,101,confirmation_coarse-f16-h6-u25_s101,7,11,121434,1421141441,30544000,1913280,9905280,14276000,262926,increase,0,0
coarse-f16-h6-u25,persistent,16,6,0.25,101,confirmation_coarse-f16-h6-u25_s101,6,13,120129,1405869441,14885280,4237280,11032160,15293440,262926,increase,0,0
coarse-f16-h6-u25,persistent,16,6,0.25,101,confirmation_coarse-f16-h6-u25_s101,8,33,120197,1406668161,14436000,2709120,40509600,40378720,262926,hold,1,0
coarse-f16-h6-u25,persistent,16,6,0.25,101,confirmation_coarse-f16-h6-u25_s101,8,33,121486,1421704161,29472000,6049280,37649440,40378720,262926,hold,1,0
coarse-f16-h6-u25,persistent,16,6,0.25,101,confirmation_coarse-f16-h6-u25_s101,8,33,122797,1436732161,44500000,5193280,34429440,40378720,262926,hold,1,0
coarse-f16-h6-u25,persistent,16,6,0.25,101,confirmation_coarse-f16-h6-u25_s101,8,33,124089,1451464161,59232000,3661280,32268000,40378720,262926,hold,1,1
coarse-f16-h6-u25,persistent,16,6,0.25,101,confirmation_coarse-f16-h6-u25_s101,5,42,120249,1407257281,14438560,2744160,16605120,17264000,262926,hold,1,0
coarse-f16-h6-u25,persistent,16,6,0.25,101,confirmation_coarse-f16-h6-u25_s101,5,42,121525,1422170721,29352000,3396160,13256000,17264000,262926,increase,0,1
coarse-f16-h6-u25,persistent,16,6,0.25,101,confirmation_coarse-f16-h6-u25_s101,14,26,120371,1408854721,14732000,4241280,25588000,28088000,262926,hold,1,0
coarse-f16-h6-u25,persistent,16,6,0.25,101,confirmation_coarse-f16-h6-u25_s101,14,26,121643,1423474721,29352000,3789280,25736000,28088000,262926,hold,1,1
coarse-f16-h6-u25,persistent,16,6,0.25,101,confirmation_coarse-f16-h6-u25_s101,12,53,120652,1411902721,14608000,2829280,30054880,33872000,262926,hold,1,1
coarse-f16-h6-u25,persistent,16,6,0.25,101,confirmation_coarse-f16-h6-u25_s101,16,49,120716,1412653121,14613120,5233280,34358560,40366560,262926,hold,1,0
coarse-f16-h6-u25,persistent,16,6,0.25,101,confirmation_coarse-f16-h6-u25_s101,16,49,121980,1427256001,29216000,3568160,23739680,40366560,262926,hold,1,1
coarse-f16-h6-u25,persistent,16,6,0.25,101,confirmation_coarse-f16-h6-u25_s101,4,49,121179,1418049441,16268000,2662400,27729280,14812000,262926,hold,1,0
coarse-f16-h6-u25,persistent,16,6,0.25,101,confirmation_coarse-f16-h6-u25_s101,4,49,122437,1432644161,30862720,1148160,27970720,14812000,262926,hold,1,1
coarse-f16-h6-u25,persistent,16,6,0.25,101,confirmation_coarse-f16-h6-u25_s101,10,25,121754,1424718721,14860000,4961280,33752000,37276000,262926,hold,1,0
coarse-f16-h6-u25,persistent,16,6,0.25,101,confirmation_coarse-f16-h6-u25_s101,10,25,123028,1439302721,29444000,6085280,32996000,37276000,262926,hold,1,0
coarse-f16-h6-u25,persistent,16,6,0.25,101,confirmation_coarse-f16-h6-u25_s101,10,25,124355,1454430721,44572000,9361280,31436000,37276000,262926,hold,1,0
coarse-f16-h6-u25,persistent,16,6,0.25,101,confirmation_coarse-f16-h6-u25_s101,10,25,125663,1469558721,59700000,4149280,35624000,37276000,262926,hold,1,1
coarse-f16-h6-u25,persistent,16,6,0.25,101,confirmation_coarse-f16-h6-u25_s101,12,54,121898,1426358721,14456000,1249280,28020000,30054880,262926,hold,1,1
coarse-f16-h6-u25,persistent,16,6,0.25,101,confirmation_coarse-f16-h6-u25_s101,15,50,122529,1433665441,14885280,2670720,20338720,17941120,262926,hold,1,1
coarse-f16-h6-u25,persistent,16,6,0.25,101,confirmation_coarse-f16-h6-u25_s101,1,24,122862,1437550721,14940000,3485280,11684000,15794720,262926,increase,0,0
coarse-f16-h6-u25,persistent,16,6,0.25,101,confirmation_coarse-f16-h6-u25_s101,14,27,122913,1438086721,14612000,4213280,27242400,25736000,262926,hold,1,0
coarse-f16-h6-u25,persistent,16,6,0.25,101,confirmation_coarse-f16-h6-u25_s101,14,27,124204,1452698721,29224000,3237280,27876000,25736000,262926,hold,1,1
coarse-f16-h6-u25,persistent,16,6,0.25,101,confirmation_coarse-f16-h6-u25_s101,12,55,123160,1440958721,14600000,3416160,23729120,28020000,262926,hold,1,1
coarse-f16-h6-u25,persistent,16,6,0.25,101,confirmation_coarse-f16-h6-u25_s101,16,50,123212,1441613441,14357440,194560,39259840,23739680,262926,hold,1,0
coarse-f16-h6-u25,persistent,16,6,0.25,101,confirmation_coarse-f16-h6-u25_s101,16,50,124534,1456641441,29385440,0,43352000,23739680,262926,hold,1,1
coarse-f16-h6-u25,persistent,16,6,0.25,101,confirmation_coarse-f16-h6-u25_s101,9,33,123285,1442402721,15044000,4777280,29728000,33484000,262926,hold,1,0
coarse-f16-h6-u25,persistent,16,6,0.25,101,confirmation_coarse-f16-h6-u25_s101,9,33,124576,1457078721,29720000,4876160,28569120,33484000,262926,hold,1,0
coarse-f16-h6-u25,persistent,16,6,0.25,101,confirmation_coarse-f16-h6-u25_s101,9,33,125872,1471902721,44544000,6529280,18328000,33484000,262926,hold,1,0
coarse-f16-h6-u25,persistent,16,6,0.25,101,confirmation_coarse-f16-h6-u25_s101,9,33,127248,1486670721,59312000,5777120,31192160,33484000,262926,hold,1,0
coarse-f16-h6-u25,persistent,16,6,0.25,101,confirmation_coarse-f16-h6-u25_s101,9,33,128614,1501226721,73868000,3485280,32962880,33484000,262926,hold,1,1
coarse-f16-h6-u25,persistent,16,6,0.25,101,confirmation_coarse-f16-h6-u25_s101,11,45,123553,1445556161,14936000,1832000,31621280,32105280,262926,hold,1,0
coarse-f16-h6-u25,persistent,16,6,0.25,101,confirmation_coarse-f16-h6-u25_s101,11,45,124820,1459917441,29297280,2197280,31465280,32105280,262926,hold,1,1
coarse-f16-h6-u25,persistent,16,6,0.25,101,confirmation_coarse-f16-h6-u25_s101,4,50,123725,1447301441,14657280,1118400,26162880,27970720,262926,hold,1,1
coarse-f16-h6-u25,persistent,16,6,0.25,101,confirmation_coarse-f16-h6-u25_s101,15,51,123803,1448273441,14608000,2148960,22000320,20338720,262926,hold,1,1
coarse-f16-h6-u25,persistent,16,6,0.25,101,confirmation_coarse-f16-h6-u25_s101,5,43,124080,1451410721,14608000,4901280,10624000,15429440,262926,increase,0,0
coarse-f16-h6-u25,persistent,16,6,0.25,101,confirmation_coarse-f16-h6-u25_s101,12,56,124431,1455394721,14436000,4522400,25605760,23729120,262926,hold,1,1
coarse-f16-h6-u25,persistent,16,6,0.25,101,confirmation_coarse-f16-h6-u25_s101,13,28,124955,1461526881,14472000,2139200,22994080,18956000,262926,hold,1,1
coarse-f16-h6-u25,persistent,16,6,0.25,101,confirmation_coarse-f16-h6-u25_s101,4,51,124988,1461958561,14657120,264959,30252161,26162880,262926,hold,1,0
coarse-f16-h6-u25,persistent,16,6,0.25,101,confirmation_coarse-f16-h6-u25_s101,4,51,126350,1477230561,29929120,1561600,28496639,26162880,262926,hold,1,1
coarse-f16-h6-u25,persistent,16,6,0.25,101,confirmation_coarse-f16-h6-u25_s101,15,52,125076,1462954561,14681120,658400,23693600,22000320,262926,hold,1,0
coarse-f16-h6-u25,persistent,16,6,0.25,101,confirmation_coarse-f16-h6-u25_s101,15,52,126382,1477577601,29304160,316960,29124000,22000320,262926,hold,1,1
coarse-f16-h6-u25,persistent,16,6,0.25,101,confirmation_coarse-f16-h6-u25_s101,8,34,125359,1466176161,14712000,2073280,35184000,32268000,262926,hold,1,1
coarse-f16-h6-u25,persistent,16,6,0.25,101,confirmation_coarse-f16-h6-u25_s101,14,28,125472,1467374721,14676000,3393280,29112000,27876000,262926,hold,1,1
coarse-f16-h6-u25,persistent,16,6,0.25,101,confirmation_coarse-f16-h6-u25_s101,12,57,125705,1469970721,14576000,88160,23102240,25605760,262926,hold,1,1
coarse-f16-h6-u25,persistent,16,6,0.25,101,confirmation_coarse-f16-h6-u25_s101,16,51,125819,1471285281,14643840,673280,44600160,43352000,262926,hold,1,1
coarse-f16-h6-u25,persistent,16,6,0.25,101,confirmation_coarse-f16-h6-u25_s101,11,46,126117,1474636161,14718720,5650560,31146720,31465280,262926,hold,1,0
coarse-f16-h6-u25,persistent,16,6,0.25,101,confirmation_coarse-f16-h6-u25_s101,11,46,127492,1489197601,29280160,2641440,26630560,31465280,262926,hold,1,1
coarse-f16-h6-u25,persistent,16,6,0.25,101,confirmation_coarse-f16-h6-u25_s101,13,29,126244,1476026881,14500000,4119360,24029920,22994080,262926,hold,1,0
coarse-f16-h6-u25,persistent,16,6,0.25,101,confirmation_coarse-f16-h6-u25_s101,13,29,127666,1491034881,29508000,5541280,24508000,22994080,262926,hold,1,0
coarse-f16-h6-u25,persistent,16,6,0.25,101,confirmation_coarse-f16-h6-u25_s101,13,29,129055,1506006881,44480000,7405280,21196000,22994080,262926,hold,1,1
coarse-f16-h6-u25,persistent,16,6,0.25,101,confirmation_coarse-f16-h6-u25_s101,5,44,126653,1480525441,14608000,1148000,25724000,22576000,262926,hold,1,1
coarse-f16-h6-u25,persistent,16,6,0.25,101,confirmation_coarse-f16-h6-u25_s101,8,35,126664,1480556161,14380000,2045280,35580000,35184000,262926,hold,1,0
coarse-f16-h6-u25,persistent,16,6,0.25,101,confirmation_coarse-f16-h6-u25_s101,8,35,128054,1495212161,29036000,3317280,32064000,35184000,262926,hold,1,1
coarse-f16-h6-u25,persistent,16,6,0.25,101,confirmation_coarse-f16-h6-u25_s101,1,25,126901,1483150721,15778560,1189280,18436000,15330560,262926,hold,1,0
coarse-f16-h6-u25,persistent,16,6,0.25,101,confirmation_coarse-f16-h6-u25_s101,1,25,128301,1497845281,30473120,1031840,19676000,15330560,262926,hold,1,1
coarse-f16-h6-u25,persistent,16,6,0.25,101,confirmation_coarse-f16-h6-u25_s101,14,29,126819,1482234721,14860000,4333280,31604000,29112000,262926,hold,1,0
coarse-f16-h6-u25,persistent,16,6,0.25,101,confirmation_coarse-f16-h6-u25_s101,14,29,128214,1496854721,29480000,3881280,31132000,29112000,262926,hold,1,1
coarse-f16-h6-u25,persistent,16,6,0.25,101,confirmation_coarse-f16-h6-u25_s101,10,26,127001,1484122721,14564000,1981280,35984000,35624000,262926,hold,1,1
coarse-f16-h6-u25,persistent,16,6,0.25,101,confirmation_coarse-f16-h6-u25_s101,12,58,127074,1484846881,14876160,880160,30977280,23102240,262926,hold,1,0
coarse-f16-h6-u25,persistent,16,6,0.25,101,confirmation_coarse-f16-h6-u25_s101,12,58,128473,1499786881,29816160,3969440,27556000,23102240,262926,hold,1,1
coarse-f16-h6-u25,persistent,16,6,0.25,101,confirmation_coarse-f16-h6-u25_s101,16,52,127195,1486189441,14904160,1617120,46945600,44600160,262926,hold,1,0
coarse-f16-h6-u25,persistent,16,6,0.25,101,confirmation_coarse-f16-h6-u25_s101,16,52,128565,1500797441,29512160,1581280,51460000,44600160,262926,hold,1,1
coarse-f16-h6-u25,persistent,16,6,0.25,101,confirmation_coarse-f16-h6-u25_s101,4,52,127743,1491901120,14670559,405761,31284799,28496639,262926,hold,1,1
coarse-f16-h6-u25,persistent,16,6,0.25,101,confirmation_coarse-f16-h6-u25_s101,15,53,127771,1492185601,14608000,1596320,25880960,29124000,262926,hold,1,0
coarse-f16-h6-u25,persistent,16,6,0.25,101,confirmation_coarse-f16-h6-u25_s101,15,53,129124,1506705441,29127840,643840,22334880,29124000,262926,hold,1,1
coarse-f16-h6-u25,persistent,16,6,0.25,101,confirmation_coarse-f16-h6-u25_s101,5,45,128032,1495138881,14613440,2909280,24626720,25724000,262926,hold,1,0
coarse-f16-h6-u25,persistent,16,6,0.25,101,confirmation_coarse-f16-h6-u25_s101,5,45,129409,1509682721,29157280,2850560,19378880,25724000,262926,hold,1,1
coarse-f16-h6-u25,persistent,16,6,0.25,101,confirmation_coarse-f16-h6-u25_s101,10,27,128363,1498558721,14436000,3797280,31520000,35984000,262926,hold,1,0
coarse-f16-h6-u25,persistent,16,6,0.25,101,confirmation_coarse-f16-h6-u25_s101,10,27,129749,1513298721,29176000,5569280,32044000,35984000,262926,hold,1,0
coarse-f16-h6-u25,persistent,16,6,0.25,101,confirmation_coarse-f16-h6-u25_s101,10,27,131056,1528094721,43972000,8429280,32616000,35984000,262926,hold,1,0
coarse-f16-h6-u25,persistent,16,6,0.25,101,confirmation_coarse-f16-h6-u25_s101,10,27,132276,1542918721,58796000,8457280,35116000,35984000,262926,hold,1,0
coarse-f16-h6-u25,persistent,16,6,0.25,101,confirmation_coarse-f16-h6-u25_s101,10,27,133555,1557530721,73408000,7157280,10580000,35984000,262926,increase,0,0
coarse-f16-h6-u25,persistent,16,6,0.25,101,confirmation_coarse-f16-h6-u25_s101,11,47,128886,1504137601,14940000,2577280,28196000,26630560,262926,hold,1,0
coarse-f16-h6-u25,persistent,16,6,0.25,101,confirmation_coarse-f16-h6-u25_s101,11,47,130204,1518544161,29346560,2333440,30188000,26630560,262926,hold,1,1
coarse-f16-h6-u25,persistent,16,6,0.25,101,confirmation_coarse-f16-h6-u25_s101,4,53,129102,1506446561,14545441,912160,29332799,31284799,262926,hold,1,0
coarse-f16-h6-u25,persistent,16,6,0.25,101,confirmation_coarse-f16-h6-u25_s101,4,53,130411,1520934721,29033601,917280,28273601,31284799,262926,hold,1,1
coarse-f16-h6-u25,persistent,16,6,0.25,101,confirmation_coarse-f16-h6-u25_s101,8,36,129437,1509980161,14768000,4101280,29452000,32064000,262926,hold,1,0
coarse-f16-h6-u25,persistent,16,6,0.25,101,confirmation_coarse-f16-h6-u25_s101,8,36,130748,1524656161,29444000,5357280,32588000,32064000,262926,hold,1,0
coarse-f16-h6-u25,persistent,16,6,0.25,101,confirmation_coarse-f16-h6-u25_s101,8,36,132015,1539656161,44444000,7101280,35024000,32064000,262926,hold,1,0
coarse-f16-h6-u25,persistent,16,6,0.25,101,confirmation_coarse-f16-h6-u25_s101,8,36,133275,1554536161,59324000,4981280,35920000,32064000,262926,hold,1,0
coarse-f16-h6-u25,persistent,16,6,0.25,101,confirmation_coarse-f16-h6-u25_s101,8,36,134568,1569176161,73964000,3781280,37056000,32064000,262926,hold,1,1
coarse-f16-h6-u25,persistent,16,6,0.25,101,confirmation_coarse-f16-h6-u25_s101,14,30,129628,1512010721,15156000,3153280,31952000,31132000,262926,hold,1,1
coarse-f16-h6-u25,persistent,16,6,0.25,101,confirmation_coarse-f16-h6-u25_s101,1,26,129768,1513449281,15604000,1667840,15446560,19676000,262926,hold,1,0
coarse-f16-h6-u25,persistent,16,6,0.25,101,confirmation_coarse-f16-h6-u25_s101,1,26,131205,1530049281,32204000,4566720,2990560,19676000,262926,increase,0,1
coarse-f16-h6-u25,persistent,16,6,0.25,101,confirmation_coarse-f16-h6-u25_s101,12,59,129835,1514330721,14543840,5659519,21797440,27556000,262926,hold,1,1
coarse-f16-h6-u25,persistent,16,6,0.25,101,confirmation_coarse-f16-h6-u25_s101,16,53,129949,1515670561,14873120,912160,46153120,51460000,262926,hold,1,1
coarse-f16-h6-u25,persistent,16,6,0.25,101,confirmation_coarse-f16-h6-u25_s101,9,34,129984,1516086721,14860000,6141280,25948000,32962880,262926,hold,1,0
coarse-f16-h6-u25,persistent,16,6,0.25,101,confirmation_coarse-f16-h6-u25_s101,9,34,131245,1530586721,29360000,4997280,33003040,32962880,262926,hold,1,1
coarse-f16-h6-u25,persistent,16,6,0.25,101,confirmation_coarse-f16-h6-u25_s101,13,30,130406,1520774881,14768000,4149280,22480000,21196000,262926,hold,1,0
coarse-f16-h6-u25,persistent,16,6,0.25,101,confirmation_coarse-f16-h6-u25_s101,13,30,131645,1535302881,29296000,4481280,22600000,21196000,262926,hold,1,1
coarse-f16-h6-u25,persistent,16,6,0.25,101,confirmation_coarse-f16-h6-u25_s101,15,54,130452,1521313441,14608000,585280,26350720,22334880,262926,hold,1,1
coarse-f16-h6-u25,persistent,16,6,0.25,101,confirmation_coarse-f16-h6-u25_s101,5,46,130721,1524354881,14672160,3241280,21253440,19378880,262926,hold,1,1
coarse-f16-h6-u25,persistent,16,6,0.25,101,confirmation_coarse-f16-h6-u25_s101,14,31,130933,1526686721,14676000,4389280,30532000,31952000,262926,hold,1,0
coarse-f16-h6-u25,persistent,16,6,0.25,101,confirmation_coarse-f16-h6-u25_s101,14,31,132150,1541214721,29204000,4721280,34692000,31952000,262926,hold,1,0
coarse-f16-h6-u25,persistent,16,6,0.25,101,confirmation_coarse-f16-h6-u25_s101,14,31,133471,1556587680,44576959,4693280,34536000,31952000,262926,hold,1,1
coarse-f16-h6-u25,persistent,16,6,0.25,101,confirmation_coarse-f16-h6-u25_s101,12,60,131167,1529666881,15336160,538881,32945119,21797440,262926,hold,1,1
coarse-f16-h6-u25,persistent,16,6,0.25,101,confirmation_coarse-f16-h6-u25_s101,16,54,131281,1530944960,15274399,510559,47113280,46153120,262926,hold,1,1
coarse-f16-h6-u25,persistent,16,6,0.25,101,confirmation_coarse-f16-h6-u25_s101,11,48,131443,1532933441,14389280,3905280,31872000,30188000,262926,hold,1,1
coarse-f16-h6-u25,persistent,16,6,0.25,101,confirmation_coarse-f16-h6-u25_s101,4,54,131649,1535330561,14395840,2904160,27305441,28273601,262926,hold,1,1
coarse-f16-h6-u25,persistent,16,6,0.25,101,confirmation_coarse-f16-h6-u25_s101,15,55,131700,1535921441,14608000,3490240,11282880,26350720,262926,increase,0,1
coarse-f16-h6-u25,persistent,16,6,0.25,101,confirmation_coarse-f16-h6-u25_s101,5,47,131935,1538754721,14399840,644320,26604800,21253440,262926,hold,1,0
coarse-f16-h6-u25,persistent,16,6,0.25,101,confirmation_coarse-f16-h6-u25_s101,5,47,133177,1553294721,28939840,372000,19320160,21253440,262926,hold,1,1
coarse-f16-h6-u25,persistent,16,6,0.25,101,confirmation_coarse-f16-h6-u25_s101,12,61,132368,1544041281,14374400,683680,31741440,32945119,262926,hold,1,1
coarse-f16-h6-u25,persistent,16,6,0.25,101,confirmation_coarse-f16-h6-u25_s101,9,35,132484,1545290721,14704000,5541280,33272000,33003040,262926,hold,1,0
coarse-f16-h6-u25,persistent,16,6,0.25,101,confirmation_coarse-f16-h6-u25_s101,9,35,133798,1560262721,29676000,5229280,31464000,33003040,262926,hold,1,0
coarse-f16-h6-u25,persistent,16,6,0.25,101,confirmation_coarse-f16-h6-u25_s101,9,35,135118,1574994721,44408000,6105280,33752000,33003040,262926,hold,1,0
coarse-f16-h6-u25,persistent,16,6,0.25,101,confirmation_coarse-f16-h6-u25_s101,9,35,136480,1589578721,58992000,2241280,32728000,33003040,262926,hold,1,1
coarse-f16-h6-u25,persistent,16,6,0.25,101,confirmation_coarse-f16-h6-u25_s101,16,55,132530,1545879840,14934880,253280,50945120,47113280,262926,hold,1,1
coarse-f16-h6-u25,persistent,16,6,0.25,101,confirmation_coarse-f16-h6-u25_s101,11,49,132670,1547541441,14608000,5790720,28902400,31872000,262926,hold,1,0
coarse-f16-h6-u25,persistent,16,6,0.25,101,confirmation_coarse-f16-h6-u25_s101,11,49,133952,1561984161,29050720,2909280,32536000,31872000,262926,hold,1,1
coarse-f16-h6-u25,persistent,16,6,0.25,101,confirmation_coarse-f16-h6-u25_s101,13,31,132913,1550062881,14760000,5569280,22268000,22600000,262926,hold,1,0
coarse-f16-h6-u25,persistent,16,6,0.25,101,confirmation_coarse-f16-h6-u25_s101,13,31,134209,1564794881,29492000,4621280,17903040,22600000,262926,hold,1,0
coarse-f16-h6-u25,persistent,16,6,0.25,101,confirmation_coarse-f16-h6-u25_s101,13,31,135546,1579654881,44352000,3125280,21660000,22600000,262926,hold,1,1
coarse-f16-h6-u25,persistent,16,6,0.25,101,confirmation_coarse-f16-h6-u25_s101,4,55,132910,1550058721,14728160,297120,29504160,27305441,262926,hold,1,0
coarse-f16-h6-u25,persistent,16,6,0.25,101,confirmation_coarse-f16-h6-u25_s101,4,55,134329,1566302721,30972160,253280,31019040,27305441,262926,hold,1,1
coarse-f16-h6-u25,persistent,16,6,0.25,101,confirmation_coarse-f16-h6-u25_s101,12,62,133666,1558722881,14681600,912160,32605280,31741440,262926,hold,1,1
coarse-f16-h6-u25,persistent,16,6,0.25,101,confirmation_coarse-f16-h6-u25_s101,16,56,133812,1560334561,14454721,81279,51017121,50945120,262926,hold,1,0
coarse-f16-h6-u25,persistent,16,6,0.25,101,confirmation_coarse-f16-h6-u25_s101,16,56,135105,1574842560,28962720,733601,47867679,50945120,262926,hold,1,1
coarse-f16-h6-u25,persistent,16,6,0.25,101,confirmation_coarse-f16-h6-u25_s101,15,56,134233,1565077441,14469280,396481,23317119,24147840,262926,hold,1,1
coarse-f16-h6-u25,persistent,16,6,0.25,101,confirmation_coarse-f16-h6-u25_s101,5,48,134443,1567686881,14392160,246720,19589440,19320160,262926,hold,1,0
coarse-f16-h6-u25,persistent,16,6,0.25,101,confirmation_coarse-f16-h6-u25_s101,5,48,135785,1582294881,29000160,1913280,20964160,19320160,262926,hold,1,1
coarse-f16-h6-u25,persistent,16,6,0.25,101,confirmation_coarse-f16-h6-u25_s101,14,32,134753,1571082721,14495041,4509280,32220000,34536000,262926,hold,1,0
coarse-f16-h6-u25,persistent,16,6,0.25,101,confirmation_coarse-f16-h6-u25_s101,14,32,136105,1585638721,29051041,5237280,32552000,34536000,262926,hold,1,0
coarse-f16-h6-u25,persistent,16,6,0.25,101,confirmation_coarse-f16-h6-u25_s101,14,32,137456,1600518721,43931041,4325280,29812000,34536000,262926,hold,1,0
coarse-f16-h6-u25,persistent,16,6,0.25,101,confirmation_coarse-f16-h6-u25_s101,14,32,138693,1615166721,58579041,3597280,25200000,34536000,262926,hold,1,1
coarse-f16-h6-u25,persistent,16,6,0.25,101,confirmation_coarse-f16-h6-u25_s101,12,63,134951,1573237601,14514720,93280,30503840,32605280,262926,hold,1,0
coarse-f16-h6-u25,persistent,16,6,0.25,101,confirmation_coarse-f16-h6-u25_s101,12,63,136312,1587845601,29122720,546720,31618240,32605280,262926,hold,1,1
coarse-f16-h6-u25,persistent,16,6,0.25,101,confirmation_coarse-f16-h6-u25_s101,11,50,135262,1576580161,14596000,917280,40570560,32536000,262926,hold,1,0
coarse-f16-h6-u25,persistent,16,6,0.25,101,confirmation_coarse-f16-h6-u25_s101,11,50,136629,1591258881,29274720,976000,40582560,32536000,262926,hold,1,1
coarse-f16-h6-u25,persistent,16,6,0.25,101,confirmation_coarse-f16-h6-u25_s101,15,57,135539,1579638881,14561440,277761,27858399,23317119,262926,hold,1,0
coarse-f16-h6-u25,persistent,16,6,0.25,101,confirmation_coarse-f16-h6-u25_s101,15,57,136866,1594021441,28944000,2577280,28113440,23317119,262926,hold,1,1
coarse-f16-h6-u25,persistent,16,6,0.25,101,confirmation_coarse-f16-h6-u25_s101,4,56,135647,1580751840,14449119,217440,29694720,31019040,262926,hold,1,1
coarse-f16-h6-u25,persistent,16,6,0.25,101,confirmation_coarse-f16-h6-u25_s101,8,37,135923,1583796161,14620000,1189280,40792000,37056000,262926,hold,1,0
coarse-f16-h6-u25,persistent,16,6,0.25,101,confirmation_coarse-f16-h6-u25_s101,8,37,137280,1598536161,29360000,1141280,40700000,37056000,262926,hold,1,1
coarse-f16-h6-u25,persistent,16,6,0.25,101,confirmation_coarse-f16-h6-u25_s101,7,12,136147,1586145441,15272000,745601,16771679,14216160,262926,hold,1,1
coarse-f16-h6-u25,persistent,16,6,0.25,101,confirmation_coarse-f16-h6-u25_s101,10,28,136219,1586882721,14944000,6105280,41224000,36372000,262926,hold,1,0
coarse-f16-h6-u25,persistent,16,6,0.25,101,confirmation_coarse-f16-h6-u25_s101,10,28,137614,1602518721,30580000,6013280,39896000,36372000,262926,hold,1,0
coarse-f16-h6-u25,persistent,16,6,0.25,101,confirmation_coarse-f16-h6-u25_s101,10,28,138891,1617462721,45524000,4325280,42488000,36372000,262926,hold,1,1
coarse-f16-h6-u25,persistent,16,6,0.25,101,confirmation_coarse-f16-h6-u25_s101,6,14,136272,1587436001,14406560,1249280,14589120,16118880,262926,hold,1,0
coarse-f16-h6-u25,persistent,16,6,0.25,101,confirmation_coarse-f16-h6-u25_s101,6,14,137586,1602081441,29052000,713280,12798880,16118880,262926,increase,0,0
coarse-f16-h6-u25,persistent,16,6,0.25,101,confirmation_coarse-f16-h6-u25_s101,16,57,136494,1589626881,14784321,1913280,44239840,47867679,262926,hold,1,0
coarse-f16-h6-u25,persistent,16,6,0.25,101,confirmation_coarse-f16-h6-u25_s101,16,57,137747,1604058560,29216000,4569280,39027679,47867679,262926,hold,1,1
coarse-f16-h6-u25,persistent,16,6,0.25,101,confirmation_coarse-f16-h6-u25_s101,1,27,136570,1590509281,14730560,1742880,21119840,17596000,262926,hold,1,0
coarse-f16-h6-u25,persistent,16,6,0.25,101,confirmation_coarse-f16-h6-u25_s101,1,27,137917,1605945601,30166880,749600,21449120,17596000,262926,hold,1,1
coarse-f16-h6-u25,persistent,16,6,0.25,101,confirmation_coarse-f16-h6-u25_s101,13,32,136901,1594366881,14712000,4637280,20100000,21660000,262926,hold,1,1
coarse-f16-h6-u25,persistent,16,6,0.25,101,confirmation_coarse-f16-h6-u25_s101,4,57,137025,1595684161,14932321,293280,35307040,29694720,262926,hold,1,0
coarse-f16-h6-u25,persistent,16,6,0.25,101,confirmation_coarse-f16-h6-u25_s101,4,57,138294,1610409441,29657601,245601,39082399,29694720,262926,hold,1,1
coarse-f16-h6-u25,persistent,16,6,0.25,101,confirmation_coarse-f16-h6-u25_s101,5,49,137120,1596809601,14514720,2146880,19402560,20964160,262926,hold,1,0
coarse-f16-h6-u25,persistent,16,6,0.25,101,confirmation_coarse-f16-h6-u25_s101,5,49,138377,1611485441,29190560,3142880,20177280,20964160,262926,hold,1,1
coarse-f16-h6-u25,persistent,16,6,0.25,101,confirmation_coarse-f16-h6-u25_s101,7,13,137505,1601085441,14940000,917280,13280000,16771679,262926,increase,0,0
coarse-f16-h6-u25,persistent,16,6,0.25,101,confirmation_coarse-f16-h6-u25_s101,12,64,137671,1603093441,15247840,997760,33291520,31618240,262926,hold,1,0
coarse-f16-h6-u25,persistent,16,6,0.25,101,confirmation_coarse-f16-h6-u25_s101,12,64,138929,1617861441,30015840,919840,19196641,31618240,262926,hold,1,1
coarse-f16-h6-u25,persistent,16,6,0.25,101,confirmation_coarse-f16-h6-u25_s101,9,36,137783,1604466721,14888000,2765280,35460000,32728000,262926,hold,1,0
coarse-f16-h6-u25,persistent,16,6,0.25,101,confirmation_coarse-f16-h6-u25_s101,9,36,139031,1619114721,29536000,4573280,39204000,32728000,262926,hold,1,1
coarse-f16-h6-u25,persistent,16,6,0.25,101,confirmation_coarse-f16-h6-u25_s101,11,51,137942,1606198881,14940000,3241440,38405280,40582560,262926,hold,1,0
coarse-f16-h6-u25,persistent,16,6,0.25,101,confirmation_coarse-f16-h6-u25_s101,11,51,139200,1621138881,29880000,3813120,37276160,40582560,262926,hold,1,1
coarse-f16-h6-u25,persistent,16,6,0.25,101,confirmation_coarse-f16-h6-u25_s101,15,58,138135,1608522881,14501440,2669120,25057921,28113440,262926,hold,1,1
coarse-f16-h6-u25,persistent,16,6,0.25,101,confirmation_coarse-f16-h6-u25_s101,13,33,138194,1609226881,14860000,6417280,20736000,20100000,262926,hold,1,0
coarse-f16-h6-u25,persistent,16,6,0.25,101,confirmation_coarse-f16-h6-u25_s101,13,33,139459,1624134881,29768000,8089280,19728000,20100000,262926,hold,1,0
coarse-f16-h6-u25,persistent,16,6,0.25,101,confirmation_coarse-f16-h6-u25_s101,13,33,140735,1638810881,44444000,9749280,12628000,20100000,262926,increase,0,0
coarse-f16-h6-u25,persistent,16,6,0.25,101,confirmation_coarse-f16-h6-u25_s101,8,38,138513,1613156161,14620000,2313280,42496000,40700000,262926,hold,1,0
coarse-f16-h6-u25,persistent,16,6,0.25,101,confirmation_coarse-f16-h6-u25_s101,8,38,139775,1628072161,29536000,4877280,44092000,40700000,262926,hold,1,0
coarse-f16-h6-u25,persistent,16,6,0.25,101,confirmation_coarse-f16-h6-u25_s101,8,38,141055,1642600161,44064000,5053280,45760000,40700000,262926,hold,1,0
coarse-f16-h6-u25,persistent,16,6,0.25,101,confirmation_coarse-f16-h6-u25_s101,8,38,142378,1657240161,58704000,4325280,43380000,40700000,262926,hold,1,1
coarse-f16-h6-u25,persistent,16,6,0.25,101,confirmation_coarse-f16-h6-u25_s101,16,58,138976,1618468321,14409761,5205280,21593440,39027679,262926,hold,1,1
coarse-f16-h6-u25,persistent,16,6,0.25,101,confirmation_coarse-f16-h6-u25_s101,1,28,139235,1621622721,15677120,2741600,13556960,21449120,262926,increase,0,0
coarse-f16-h6-u25,persistent,16,6,0.25,101,confirmation_coarse-f16-h6-u25_s101,15,59,139399,1623357441,14834560,705280,20584000,25057921,262926,hold,1,1
coarse-f16-h6-u25,persistent,16,6,0.25,101,confirmation_coarse-f16-h6-u25_s101,4,58,139531,1625017441,14608000,3505280,38794720,39082399,262926,hold,1,0
coarse-f16-h6-u25,persistent,16,6,0.25,101,confirmation_coarse-f16-h6-u25_s101,4,58,140836,1639957441,29548000,321280,36447840,39082399,262926,hold,1,1
coarse-f16-h6-u25,persistent,16,6,0.25,101,confirmation_coarse-f16-h6-u25_s101,5,50,139618,1626025601,14540160,4926720,13224000,20177280,262926,increase,0,0
coarse-f16-h6-u25,persistent,16,6,0.25,101,confirmation_coarse-f16-h6-u25_s101,14,33,139917,1629638721,14472000,4849280,25996000,25200000,262926,hold,1,0
coarse-f16-h6-u25,persistent,16,6,0.25,101,confirmation_coarse-f16-h6-u25_s101,14,33,141214,1644350721,29184000,5393280,23328000,25200000,262926,hold,1,0
coarse-f16-h6-u25,persistent,16,6,0.25,101,confirmation_coarse-f16-h6-u25_s101,14,33,142582,1659414721,44248000,5633280,24477120,25200000,262926,hold,1,0
coarse-f16-h6-u25,persistent,16,6,0.25,101,confirmation_coarse-f16-h6-u25_s101,10,29,140128,1631994561,14531840,4657280,44656000,42488000,262926,hold,1,0
coarse-f16-h6-u25,persistent,16,6,0.25,101,confirmation_coarse-f16-h6-u25_s101,10,29,141425,1646758721,29296000,4785280,43596000,42488000,262926,hold,1,0
coarse-f16-h6-u25,persistent,16,6,0.25,101,confirmation_coarse-f16-h6-u25_s101,10,29,142777,1661526721,44064000,5145280,44628000,42488000,262926,hold,1,0
coarse-f16-h6-u25,persistent,16,6,0.25,101,confirmation_coarse-f16-h6-u25_s101,12,65,140170,1632426881,14565440,1086720,40693280,19196641,262926,hold,1,1
coarse-f16-h6-u25,persistent,16,6,0.25,101,confirmation_coarse-f16-h6-u25_s101,16,59,140217,1632941441,14473120,2105440,34247520,21593440,262926,hold,1,0
coarse-f16-h6-u25,persistent,16,6,0.25,101,confirmation_coarse-f16-h6-u25_s101,16,59,141522,1647698881,29230560,581280,34862881,21593440,262926,hold,1,1
coarse-f16-h6-u25,persistent,16,6,0.25,101,confirmation_coarse-f16-h6-u25_s101,9,37,140284,1633670721,14556000,4841280,40680000,39204000,262926,hold,1,0
coarse-f16-h6-u25,persistent,16,6,0.25,101,confirmation_coarse-f16-h6-u25_s101,9,37,141589,1648474721,29360000,5153280,35680000,39204000,262926,hold,1,0
coarse-f16-h6-u25,persistent,16,6,0.25,101,confirmation_coarse-f16-h6-u25_s101,9,37,142943,1663242721,44128000,3189280,34720000,39204000,262926,hold,1,1
coarse-f16-h6-u25,persistent,16,6,0.25,101,confirmation_coarse-f16-h6-u25_s101,11,52,140464,1635853441,14714560,4209120,39293440,37276160,262926,hold,1,1
coarse-f16-h6-u25,persistent,16,6,0.25,101,confirmation_coarse-f16-h6-u25_s101,15,60,140662,1637965441,14608000,2245280,17052000,20584000,262926,hold,1,0
coarse-f16-h6-u25,persistent,16,6,0.25,101,confirmation_coarse-f16-h6-u25_s101,15,60,141939,1652453441,29096000,248160,19525120,20584000,262926,hold,1,1
coarse-f16-h6-u25,persistent,16,6,0.25,101,confirmation_coarse-f16-h6-u25_s101,12,66,141449,1646941601,14514720,2484000,35314720,40693280,262926,hold,1,1
coarse-f16-h6-u25,persistent,16,6,0.25,101,confirmation_coarse-f16-h6-u25_s101,11,53,141775,1650466721,14613280,585280,41168000,39293440,262926,hold,1,1
coarse-f16-h6-u25,persistent,16,6,0.25,101,confirmation_coarse-f16-h6-u25_s101,4,59,142134,1654576161,14618720,0,36226560,36447840,262926,hold,1,1
coarse-f16-h6-u25,persistent,16,6,0.25,101,confirmation_coarse-f16-h6-u25_s101,12,67,142758,1661342881,14401280,392160,34377120,35314720,262926,hold,1,0
coarse-f16-h6-u25,persistent,16,6,0.25,101,confirmation_coarse-f16-h6-u25_s101,16,60,142858,1662306881,14608000,402720,35374560,34862881,262926,hold,1,0
coarse-f16-h6-u25,persistent,16,6,0.25,101,confirmation_coarse-f16-h6-u25_s101,11,54,143114,1665105441,14638720,2973120,40348160,41168000,262926,hold,1,0
coarse-f16-h6-u25,persistent,16,6,0.25,101,confirmation_coarse-f16-h6-u25_s101,1,29,143297,1667232161,15604000,253280,19049440,16545280,262926,hold,1,0
coarse-f16-h6-u25,persistent,16,6,0.25,101,confirmation_coarse-f16-h6-u25_s101,15,61,143284,1667008161,14554720,652160,19938880,19525120,262926,hold,1,1
coarse-f16-h6-u25,persistent,16,6,0.25,101,confirmation_coarse-f16-h6-u25_s101,4,60,143487,1669225281,14649120,294400,34065760,36226560,262926,hold,1,0
coarse-f16-h6-u25,persistent,16,6,0.25,102,confirmation_coarse-f16-h6-u25_s102,2,0,24229,295310561,14359840,2577280,16853280,17684960,262926,hold,1,0
coarse-f16-h6-u25,persistent,16,6,0.25,102,confirmation_coarse-f16-h6-u25_s102,2,0,25494,310334721,29384000,4237280,15520160,17684960,262926,hold,1,0
coarse-f16-h6-u25,persistent,16,6,0.25,102,confirmation_coarse-f16-h6-u25_s102,2,0,26757,324982721,44032000,5745280,13611680,17684960,262926,increase,0,1
coarse-f16-h6-u25,persistent,16,6,0.25,102,confirmation_coarse-f16-h6-u25_s102,14,0,24417,297550721,14445440,2402720,24336960,24236000,262926,hold,1,0
coarse-f16-h6-u25,persistent,16,6,0.25,102,confirmation_coarse-f16-h6-u25_s102,14,0,25672,312394881,29289600,2914400,25716320,24236000,262926,hold,1,1
coarse-f16-h6-u25,persistent,16,6,0.25,102,confirmation_coarse-f16-h6-u25_s102,4,0,24507,298454721,14769280,2830560,16346720,33121280,262926,hold,1,0
coarse-f16-h6-u25,persistent,16,6,0.25,102,confirmation_coarse-f16-h6-u25_s102,4,0,25734,313046721,29361280,3128160,35674880,33121280,262926,hold,1,1
coarse-f16-h6-u25,persistent,16,6,0.25,102,confirmation_coarse-f16-h6-u25_s102,13,0,24601,299557441,15540000,332000,34285120,33362560,262926,hold,1,1
coarse-f16-h6-u25,persistent,16,6,0.25,102,confirmation_coarse-f16-h6-u25_s102,16,0,24528,298704161,14608000,1908160,21248000,15936000,262926,hold,1,0
coarse-f16-h6-u25,persistent,16,6,0.25,102,confirmation_coarse-f16-h6-u25_s102,16,0,25763,313312161,29216000,2240160,21912000,15936000,262926,hold,1,1
coarse-f16-h6-u25,persistent,16,6,0.25,102,confirmation_coarse-f16-h6-u25_s102,15,0,24522,298630561,14359840,1913280,33121280,30470400,262926,hold,1,0
coarse-f16-h6-u25,persistent,16,6,0.25,102,confirmation_coarse-f16-h6-u25_s102,15,0,25751,313154721,28884000,3236160,31213120,30470400,262926,hold,1,1
coarse-f16-h6-u25,persistent,16,6,0.25,102,confirmation_coarse-f16-h6-u25_s102,8,0,24624,299853281,14918560,427840,26053440,22492160,262926,hold,1,0
coarse-f16-h6-u25,persistent,16,6,0.25,102,confirmation_coarse-f16-h6-u25_s102,8,0,25846,314269281,29334560,703840,29661280,22492160,262926,hold,1,0
coarse-f16-h6-u25,persistent,16,6,0.25,102,confirmation_coarse-f16-h6-u25_s102,8,0,27121,329150721,44216000,2518720,24624000,22492160,262926,hold,1,0
coarse-f16-h6-u25,persistent,16,6,0.25,102,confirmation_coarse-f16-h6-u25_s102,8,0,28479,344285281,59350560,115840,27524000,22492160,262926,hold,1,1
coarse-f16-h6-u25,persistent,16,6,0.25,102,confirmation_coarse-f16-h6-u25_s102,1,0,24702,300837120,14827679,0,33121280,35108160,262926,hold,1,1
coarse-f16-h6-u25,persistent,16,6,0.25,102,confirmation_coarse-f16-h6-u25_s102,12,0,24787,301692161,15272000,1576160,27229120,26070560,262926,hold,1,0
coarse-f16-h6-u25,persistent,16,6,0.25,102,confirmation_coarse-f16-h6-u25_s102,12,0,26005,316052001,29631840,40000,29988160,26070560,262926,hold,1,0
coarse-f16-h6-u25,persistent,16,6,0.25,102,confirmation_coarse-f16-h6-u25_s102,12,0,27230,330490721,44070560,1816000,27032000,26070560,262926,hold,1,1
coarse-f16-h6-u25,persistent,16,6,0.25,102,confirmation_coarse-f16-h6-u25_s102,11,0,25281,307668161,14524160,3241280,25379200,26233120,262926,hold,1,0
coarse-f16-h6-u25,persistent,16,6,0.25,102,confirmation_coarse-f16-h6-u25_s102,11,0,26579,323018881,29874880,5822880,22982400,26233120,262926,hold,1,1
coarse-f16-h6-u25,persistent,16,6,0.25,102,confirmation_coarse-f16-h6-u25_s102,9,0,25334,308296161,14397440,1760960,26859520,27725440,262926,hold,1,0
coarse-f16-h6-u25,persistent,16,6,0.25,102,confirmation_coarse-f16-h6-u25_s102,9,0,26571,322926721,29028000,206720,30078880,27725440,262926,hold,1,1
coarse-f16-h6-u25,persistent,16,6,0.25,102,confirmation_coarse-f16-h6-u25_s102,7,0,25451,309834721,14940000,4648000,15272000,19925120,262926,hold,1,0
coarse-f16-h6-u25,persistent,16,6,0.25,102,confirmation_coarse-f16-h6-u25_s102,7,0,26709,324442721,29548000,3152320,15687840,19925120,262926,hold,1,0
coarse-f16-h6-u25,persistent,16,6,0.25,102,confirmation_coarse-f16-h6-u25_s102,7,0,27983,339208161,44313440,332000,20753440,19925120,262926,hold,1,1
coarse-f16-h6-u25,persistent,16,6,0.25,102,confirmation_coarse-f16-h6-u25_s102,13,1,25937,315377281,15819840,2449280,38781600,34285120,262926,hold,1,0
coarse-f16-h6-u25,persistent,16,6,0.25,102,confirmation_coarse-f16-h6-u25_s102,13,1,27207,330185281,30627840,3756000,37834720,34285120,262926,hold,1,0
coarse-f16-h6-u25,persistent,16,6,0.25,102,confirmation_coarse-f16-h6-u25_s102,13,1,28569,345313281,45755840,1585280,38647840,34285120,262926,hold,1,0
coarse-f16-h6-u25,persistent,16,6,0.25,102,confirmation_coarse-f16-h6-u25_s102,13,1,29938,360073120,60515679,1521119,31504000,34285120,262926,hold,1,0
coarse-f16-h6-u25,persistent,16,6,0.25,102,confirmation_coarse-f16-h6-u25_s102,13,1,31226,374685120,75127679,3689119,31358560,34285120,262926,hold,1,0
coarse-f16-h6-u25,persistent,16,6,0.25,102,confirmation_coarse-f16-h6-u25_s102,13,1,32560,389269120,89711679,2369280,33921280,34285120,262926,hold,1,0
coarse-f16-h6-u25,persistent,16,6,0.25,102,confirmation_coarse-f16-h6-u25_s102,13,1,33870,403981120,104423679,3845280,34767839,34285120,262926,hold,1,0
coarse-f16-h6-u25,persistent,16,6,0.25,102,confirmation_coarse-f16-h6-u25_s102,13,1,35158,418629120,119071679,5181280,28082721,34285120,262926,hold,1,0
coarse-f16-h6-u25,persistent,16,6,0.25,102,confirmation_coarse-f16-h6-u25_s102,13,1,36379,433177601,133620160,4021761,26888000,34285120,262926,hold,1,0
coarse-f16-h6-u25,persistent,16,6,0.25,102,confirmation_coarse-f16-h6-u25_s102,13,1,37735,448093601,148536160,5829761,26344000,34285120,262926,hold,1,0
coarse-f16-h6-u25,persistent,16,6,0.25,102,confirmation_coarse-f16-h6-u25_s102,13,1,39079,462960161,163402720,6129120,26531201,34285120,262926,hold,1,0
coarse-f16-h6-u25,persistent,16,6,0.25,102,confirmation_coarse-f16-h6-u25_s102,13,1,40350,477424161,177866720,6216000,24088000,34285120,262926,hold,1,0
coarse-f16-h6-u25,persistent,16,6,0.25,102,confirmation_coarse-f16-h6-u25_s102,13,1,41764,492332161,192774720,4445280,28426560,34285120,262926,hold,1,0
coarse-f16-h6-u25,persistent,16,6,0.25,102,confirmation_coarse-f16-h6-u25_s102,13,1,43182,506888161,207330720,4953280,32654720,34285120,262926,hold,1,0
coarse-f16-h6-u25,persistent,16,6,0.25,102,confirmation_coarse-f16-h6-u25_s102,13,1,44609,521564161,222006720,5292481,31180799,34285120,262926,hold,1,0
coarse-f16-h6-u25,persistent,16,6,0.25,102,confirmation_coarse-f16-h6-u25_s102,13,1,46088,536488161,236930720,4609280,29576000,34285120,262926,hold,1,0
coarse-f16-h6-u25,persistent,16,6,0.25,102,confirmation_coarse-f16-h6-u25_s102,13,1,47492,550881441,251324000,942560,30638720,34285120,262926,hold,1,0
coarse-f16-h6-u25,persistent,16,6,0.25,102,confirmation_coarse-f16-h6-u25_s102,13,1,48915,565677441,266120000,1966560,25024000,34285120,262926,hold,1,0
coarse-f16-h6-u25,persistent,16,6,0.25,102,confirmation_coarse-f16-h6-u25_s102,13,1,50320,580473441,280916000,4945440,20073120,34285120,262926,hold,1,0
coarse-f16-h6-u25,persistent,16,6,0.25,102,confirmation_coarse-f16-h6-u25_s102,13,1,51827,595565441,296008000,4777280,22437280,34285120,262926,hold,1,0
coarse-f16-h6-u25,persistent,16,6,0.25,102,confirmation_coarse-f16-h6-u25_s102,13,1,53229,610185441,310628000,4989280,19980000,34285120,262926,hold,1,0
coarse-f16-h6-u25,persistent,16,6,0.25,102,confirmation_coarse-f16-h6-u25_s102,13,1,54675,625129441,325572000,8217280,14888000,34285120,262926,hold,1,0
coarse-f16-h6-u25,persistent,16,6,0.25,102,confirmation_coarse-f16-h6-u25_s102,13,1,56099,639961441,340404000,9121280,14380000,34285120,262926,hold,1,0
coarse-f16-h6-u25,persistent,16,6,0.25,102,confirmation_coarse-f16-h6-u25_s102,13,1,57568,655117441,355560000,4154079,18895201,34285120,262926,hold,1,0
coarse-f16-h6-u25,persistent,16,6,0.25,102,confirmation_coarse-f16-h6-u25_s102,13,1,58935,669553441,369996000,6077280,18028959,34285120,262926,hold,1,0
coarse-f16-h6-u25,persistent,16,6,0.25,102,confirmation_coarse-f16-h6-u25_s102,13,1,60239,683925441,384368000,6828481,19164799,34285120,262926,hold,1,0
coarse-f16-h6-u25,persistent,16,6,0.25,102,confirmation_coarse-f16-h6-u25_s102,13,1,61587,698757441,399200000,4453280,24132000,34285120,262926,hold,1,0
coarse-f16-h6-u25,persistent,16,6,0.25,102,confirmation_coarse-f16-h6-u25_s102,13,1,62973,713313441,413756000,5421280,17533600,34285120,262926,hold,1,0
coarse-f16-h6-u25,persistent,16,6,0.25,102,confirmation_coarse-f16-h6-u25_s102,13,1,64429,728285441,428728000,5801280,14316000,34285120,262926,hold,1,0
coarse-f16-h6-u25,persistent,16,6,0.25,102,confirmation_coarse-f16-h6-u25_s102,13,1,65815,743053441,443496000,7405280,16844000,34285120,262926,hold,1,0
coarse-f16-h6-u25,persistent,16,6,0.25,102,confirmation_coarse-f16-h6-u25_s102,13,1,67157,757821441,458264000,7341280,10516000,34285120,262926,increase,0,0
coarse-f16-h6-u25,persistent,16,6,0.25,102,confirmation_coarse-f16-h6-u25_s102,1,1,25963,315641120,14804000,1481599,38690240,33121280,262926,hold,1,0
coarse-f16-h6-u25,persistent,16,6,0.25,102,confirmation_coarse-f16-h6-u25_s102,1,1,27202,330169120,29332000,3093119,39105440,33121280,262926,hold,1,1
coarse-f16-h6-u25,persistent,16,6,0.25,102,confirmation_coarse-f16-h6-u25_s102,5,0,26052,316637281,15097440,620160,17735680,14349600,262926,hold,1,0
coarse-f16-h6-u25,persistent,16,6,0.25,102,confirmation_coarse-f16-h6-u25_s102,5,0,27311,331250881,29711040,980160,19236160,14349600,262926,hold,1,1
coarse-f16-h6-u25,persistent,16,6,0.25,102,confirmation_coarse-f16-h6-u25_s102,3,0,26325,319854721,14510560,6640000,10292000,16351840,262926,increase,0,0
coarse-f16-h6-u25,persistent,16,6,0.25,102,confirmation_coarse-f16-h6-u25_s102,10,0,26342,320126721,14777440,5317120,12284000,14934880,262926,increase,0,0
coarse-f16-h6-u25,persistent,16,6,0.25,102,confirmation_coarse-f16-h6-u25_s102,14,1,26937,327002881,14608000,79840,28297600,25716320,262926,hold,1,1
coarse-f16-h6-u25,persistent,16,6,0.25,102,confirmation_coarse-f16-h6-u25_s102,4,1,27012,327850721,14804000,3608160,38882400,35674880,262926,hold,1,0
coarse-f16-h6-u25,persistent,16,6,0.25,102,confirmation_coarse-f16-h6-u25_s102,4,1,28354,343101441,30054720,2944000,34060160,35674880,262926,hold,1,1
coarse-f16-h6-u25,persistent,16,6,0.25,102,confirmation_coarse-f16-h6-u25_s102,15,1,27009,327846561,14691840,6888160,28557120,31213120,262926,hold,1,0
coarse-f16-h6-u25,persistent,16,6,0.25,102,confirmation_coarse-f16-h6-u25_s102,15,1,28296,342454561,29299840,4980000,22502400,31213120,262926,hold,1,1
coarse-f16-h6-u25,persistent,16,6,0.25,102,confirmation_coarse-f16-h6-u25_s102,16,1,27021,327920161,14608000,1908160,15936000,21912000,262926,hold,1,1
coarse-f16-h6-u25,persistent,16,6,0.25,102,confirmation_coarse-f16-h6-u25_s102,9,1,27823,337548161,14621440,95840,27844320,30078880,262926,hold,1,0
coarse-f16-h6-u25,persistent,16,6,0.25,102,confirmation_coarse-f16-h6-u25_s102,9,1,29215,352418721,29492000,598720,26477120,30078880,262926,hold,1,1
coarse-f16-h6-u25,persistent,16,6,0.25,102,confirmation_coarse-f16-h6-u25_s102,11,1,27837,337626881,14608000,1175680,27629600,22982400,262926,hold,1,1
coarse-f16-h6-u25,persistent,16,6,0.25,102,confirmation_coarse-f16-h6-u25_s102,14,2,28246,341921441,14918560,415840,26633600,28297600,262926,hold,1,0
coarse-f16-h6-u25,persistent,16,6,0.25,102,confirmation_coarse-f16-h6-u25_s102,14,2,29599,356393441,29390560,1835840,25659840,28297600,262926,hold,1,1
coarse-f16-h6-u25,persistent,16,6,0.25,102,confirmation_coarse-f16-h6-u25_s102,16,2,28301,342528161,14608000,2240160,20584000,15936000,262926,hold,1,0
coarse-f16-h6-u25,persistent,16,6,0.25,102,confirmation_coarse-f16-h6-u25_s102,16,2,29661,357136161,29216000,2240160,21912000,15936000,262926,hold,1,1
coarse-f16-h6-u25,persistent,16,6,0.25,102,confirmation_coarse-f16-h6-u25_s102,1,2,28498,344569120,14400000,3421280,35666559,39105440,262926,hold,1,0
coarse-f16-h6-u25,persistent,16,6,0.25,102,confirmation_coarse-f16-h6-u25_s102,1,2,29896,359633120,29464000,1370559,30534721,39105440,262926,hold,1,1
coarse-f16-h6-u25,persistent,16,6,0.25,102,confirmation_coarse-f16-h6-u25_s102,12,1,28573,345322721,14832000,992960,26510880,27032000,262926,hold,1,1
coarse-f16-h6-u25,persistent,16,6,0.25,102,confirmation_coarse-f16-h6-u25_s102,5,1,28625,345934881,14684000,1374880,25317440,19236160,262926,hold,1,1
coarse-f16-h6-u25,persistent,16,6,0.25,102,confirmation_coarse-f16-h6-u25_s102,3,1,28946,349421441,14608000,416000,26982560,18581600,262926,hold,1,1
coarse-f16-h6-u25,persistent,16,6,0.25,102,confirmation_coarse-f16-h6-u25_s102,10,1,28993,350006721,14940000,1913280,20252000,14106560,262926,hold,1,0
coarse-f16-h6-u25,persistent,16,6,0.25,102,confirmation_coarse-f16-h6-u25_s102,10,1,30367,364946721,29880000,3984000,18523520,14106560,262926,hold,1,0
coarse-f16-h6-u25,persistent,16,6,0.25,102,confirmation_coarse-f16-h6-u25_s102,10,1,31690,379886721,44820000,1581280,21248000,14106560,262926,hold,1,0
coarse-f16-h6-u25,persistent,16,6,0.25,102,confirmation_coarse-f16-h6-u25_s102,10,1,33098,395429601,60362880,1249280,18527361,14106560,262926,hold,1,0
coarse-f16-h6-u25,persistent,16,6,0.25,102,confirmation_coarse-f16-h6-u25_s102,10,1,34485,411033601,75966880,3101440,13087840,14106560,262926,increase,0,0
coarse-f16-h6-u25,persistent,16,6,0.25,102,confirmation_coarse-f16-h6-u25_s102,11,2,29187,352118721,14491840,580160,27709120,27629600,262926,hold,1,1
coarse-f16-h6-u25,persistent,16,6,0.25,102,confirmation_coarse-f16-h6-u25_s102,7,1,29391,354322721,15114560,833440,19339840,20753440,262926,hold,1,0
coarse-f16-h6-u25,persistent,16,6,0.25,102,confirmation_coarse-f16-h6-u25_s102,7,1,30726,368930721,29722560,2498560,18924000,20753440,262926,hold,1,1
coarse-f16-h6-u25,persistent,16,6,0.25,102,confirmation_coarse-f16-h6-u25_s102,2,1,29394,354334721,14916000,6261280,20917120,19904160,262926,hold,1,0
coarse-f16-h6-u25,persistent,16,6,0.25,102,confirmation_coarse-f16-h6-u25_s102,2,1,30735,369074721,29656000,6529280,23420000,19904160,262926,hold,1,0
coarse-f16-h6-u25,persistent,16,6,0.25,102,confirmation_coarse-f16-h6-u25_s102,2,1,32055,383814721,44396000,5661280,20552000,19904160,262926,hold,1,0
coarse-f16-h6-u25,persistent,16,6,0.25,102,confirmation_coarse-f16-h6-u25_s102,2,1,33413,398850721,59432000,5025280,20108000,19904160,262926,hold,1,1
coarse-f16-h6-u25,persistent,16,6,0.25,102,confirmation_coarse-f16-h6-u25_s102,6,0,29429,354733441,14524160,2654560,16522720,14276000,262926,hold,1,0
coarse-f16-h6-u25,persistent,16,6,0.25,102,confirmation_coarse-f16-h6-u25_s102,6,0,30747,369154721,28945440,2161440,15085280,14276000,262926,hold,1,1
coarse-f16-h6-u25,persistent,16,6,0.25,102,confirmation_coarse-f16-h6-u25_s102,15,2,29648,356978721,14524160,3984000,24568000,22502400,262926,hold,1,0
coarse-f16-h6-u25,persistent,16,6,0.25,102,confirmation_coarse-f16-h6-u25_s102,15,2,31038,372329441,29874880,1581280,28962720,22502400,262926,hold,1,1
coarse-f16-h6-u25,persistent,16,6,0.25,102,confirmation_coarse-f16-h6-u25_s102,4,2,29715,357721441,14620000,1961280,31042720,34060160,262926,hold,1,1
coarse-f16-h6-u25,persistent,16,6,0.25,102,confirmation_coarse-f16-h6-u25_s102,8,1,29843,359049441,14764160,488160,26678560,27524000,262926,hold,1,1
coarse-f16-h6-u25,persistent,16,6,0.25,102,confirmation_coarse-f16-h6-u25_s102,12,2,29912,359766721,14444000,2165280,27682560,26510880,262926,hold,1,0
coarse-f16-h6-u25,persistent,16,6,0.25,102,confirmation_coarse-f16-h6-u25_s102,12,2,31232,374718721,29396000,2377280,28363840,26510880,262926,hold,1,1
coarse-f16-h6-u25,persistent,16,6,0.25,102,confirmation_coarse-f16-h6-u25_s102,5,2,29971,360350881,14416000,2201280,30771040,25317440,262926,hold,1,1
coarse-f16-h6-u25,persistent,16,6,0.25,102,confirmation_coarse-f16-h6-u25_s102,3,2,30304,364216161,14794720,410720,32897280,26982560,262926,hold,1,1
coarse-f16-h6-u25,persistent,16,6,0.25,102,confirmation_coarse-f16-h6-u25_s102,11,3,30511,366685441,14566720,2245280,25896000,27709120,262926,hold,1,1
coarse-f16-h6-u25,persistent,16,6,0.25,102,confirmation_coarse-f16-h6-u25_s102,9,2,30551,367096161,14677440,2240160,31333120,26477120,262926,hold,1,1
coarse-f16-h6-u25,persistent,16,6,0.25,102,confirmation_coarse-f16-h6-u25_s102,14,3,30966,371490881,15097440,2266720,26049120,25659840,262926,hold,1,0
coarse-f16-h6-u25,persistent,16,6,0.25,102,confirmation_coarse-f16-h6-u25_s102,14,3,32335,386762881,30369440,809280,29070720,25659840,262926,hold,1,0
coarse-f16-h6-u25,persistent,16,6,0.25,102,confirmation_coarse-f16-h6-u25_s102,14,3,33620,401118721,44725280,409600,20741280,25659840,262926,hold,1,1
coarse-f16-h6-u25,persistent,16,6,0.25,102,confirmation_coarse-f16-h6-u25_s102,16,3,30989,371744161,14608000,2240160,20252000,21912000,262926,hold,1,0
coarse-f16-h6-u25,persistent,16,6,0.25,102,confirmation_coarse-f16-h6-u25_s102,16,3,32292,386352161,29216000,580160,20916000,21912000,262926,hold,1,1
coarse-f16-h6-u25,persistent,16,6,0.25,102,confirmation_coarse-f16-h6-u25_s102,4,3,31035,372269441,14548000,3189280,30370720,31042720,262926,hold,1,0
coarse-f16-h6-u25,persistent,16,6,0.25,102,confirmation_coarse-f16-h6-u25_s102,4,3,32398,387573441,29852000,7065280,29618720,31042720,262926,hold,1,0
coarse-f16-h6-u25,persistent,16,6,0.25,102,confirmation_coarse-f16-h6-u25_s102,4,3,33720,402277441,44556000,7665280,28928000,31042720,262926,hold,1,1
coarse-f16-h6-u25,persistent,16,6,0.25,102,confirmation_coarse-f16-h6-u25_s102,8,2,31149,373814881,14765440,0,27573120,26678560,262926,hold,1,1
coarse-f16-h6-u25,persistent,16,6,0.25,102,confirmation_coarse-f16-h6-u25_s102,1,3,31184,374161120,14528000,1705280,31372000,30534721,262926,hold,1,0
coarse-f16-h6-u25,persistent,16,6,0.25,102,confirmation_coarse-f16-h6-u25_s102,1,3,32492,388621120,28988000,2161280,30765601,30534721,262926,hold,1,0
coarse-f16-h6-u25,persistent,16,6,0.25,102,confirmation_coarse-f16-h6-u25_s102,1,3,33808,403209441,43576321,3265601,30836000,30534721,262926,hold,1,1
coarse-f16-h6-u25,persistent,16,6,0.25,102,confirmation_coarse-f16-h6-u25_s102,5,3,31249,374942881,14592000,2441280,35452160,30771040,262926,hold,1,0
coarse-f16-h6-u25,persistent,16,6,0.25,102,confirmation_coarse-f16-h6-u25_s102,5,3,32565,389386881,29036000,3161280,39052000,30771040,262926,hold,1,1
coarse-f16-h6-u25,persistent,16,6,0.25,102,confirmation_coarse-f16-h6-u25_s102,3,3,31686,379820161,15604000,253280,37370720,32897280,262926,hold,1,1
coarse-f16-h6-u25,persistent,16,6,0.25,102,confirmation_coarse-f16-h6-u25_s102,11,4,31827,381293441,14608000,838560,30206880,25896000,262926,hold,1,1
coarse-f16-h6-u25,persistent,16,6,0.25,102,confirmation_coarse-f16-h6-u25_s102,9,3,31850,381546721,14450560,506560,37790720,31333120,262926,hold,1,0
coarse-f16-h6-u25,persistent,16,6,0.25,102,confirmation_coarse-f16-h6-u25_s102,9,3,33199,396542721,29446560,1423840,40568000,31333120,262926,hold,1,1
coarse-f16-h6-u25,persistent,16,6,0.25,102,confirmation_coarse-f16-h6-u25_s102,7,2,32027,383538721,14608000,326880,22581120,18924000,262926,hold,1,0
coarse-f16-h6-u25,persistent,16,6,0.25,102,confirmation_coarse-f16-h6-u25_s102,7,2,33335,398003840,29073119,174560,21327840,18924000,262926,hold,1,1
coarse-f16-h6-u25,persistent,16,6,0.25,102,confirmation_coarse-f16-h6-u25_s102,6,1,32040,383629441,14474720,0,17034720,15085280,262926,hold,1,1
coarse-f16-h6-u25,persistent,16,6,0.25,102,confirmation_coarse-f16-h6-u25_s102,15,3,32365,387129601,14800160,4237280,29210880,28962720,262926,hold,1,1
coarse-f16-h6-u25,persistent,16,6,0.25,102,confirmation_coarse-f16-h6-u25_s102,8,3,32481,388470721,14655840,422720,27748000,27573120,262926,hold,1,1
coarse-f16-h6-u25,persistent,16,6,0.25,102,confirmation_coarse-f16-h6-u25_s102,12,3,32592,389614721,14896000,4034720,26898560,28363840,262926,hold,1,0
coarse-f16-h6-u25,persistent,16,6,0.25,102,confirmation_coarse-f16-h6-u25_s102,12,3,33898,404328001,29609280,3161280,26748000,28363840,262926,hold,1,1
coarse-f16-h6-u25,persistent,16,6,0.25,102,confirmation_coarse-f16-h6-u25_s102,3,4,33002,394277601,14457440,1087840,41033600,37370720,262926,hold,1,0
coarse-f16-h6-u25,persistent,16,6,0.25,102,confirmation_coarse-f16-h6-u25_s102,3,4,34324,409217601,29397440,617280,43496160,37370720,262926,hold,1,0
coarse-f16-h6-u25,persistent,16,6,0.25,102,confirmation_coarse-f16-h6-u25_s102,3,4,35655,424613441,44793280,1117280,44324160,37370720,262926,hold,1,0
coarse-f16-h6-u25,persistent,16,6,0.25,102,confirmation_coarse-f16-h6-u25_s102,3,4,36966,440090721,60270560,1581280,43338560,37370720,262926,hold,1,0
coarse-f16-h6-u25,persistent,16,6,0.25,102,confirmation_coarse-f16-h6-u25_s102,3,4,38338,454722721,74902560,126560,46430720,37370720,262926,hold,1,0
coarse-f16-h6-u25,persistent,16,6,0.25,102,confirmation_coarse-f16-h6-u25_s102,3,4,39637,469309601,89489440,896160,46124000,37370720,262926,hold,1,0
coarse-f16-h6-u25,persistent,16,6,0.25,102,confirmation_coarse-f16-h6-u25_s102,3,4,41024,484550721,104730560,232160,48006400,37370720,262926,hold,1,0
coarse-f16-h6-u25,persistent,16,6,0.25,102,confirmation_coarse-f16-h6-u25_s102,3,4,42515,499876321,120056160,306880,50421919,37370720,262926,hold,1,0
coarse-f16-h6-u25,persistent,16,6,0.25,102,confirmation_coarse-f16-h6-u25_s102,3,4,43984,515278560,135458399,240000,52543519,37370720,262926,hold,1,0
coarse-f16-h6-u25,persistent,16,6,0.25,102,confirmation_coarse-f16-h6-u25_s102,3,4,45482,530218560,150398399,1570079,53428321,37370720,262926,hold,1,0
coarse-f16-h6-u25,persistent,16,6,0.25,102,confirmation_coarse-f16-h6-u25_s102,3,4,46980,545681120,165860959,1771840,56375040,37370720,262926,hold,1,0
coarse-f16-h6-u25,persistent,16,6,0.25,102,confirmation_coarse-f16-h6-u25_s102,3,4,48401,560379041,180558880,177120,61505600,37370720,262926,hold,1,0
coarse-f16-h6-u25,persistent,16,6,0.25,102,confirmation_coarse-f16-h6-u25_s102,3,4,49797,574854561,195034400,626560,58417921,37370720,262926,hold,1,0
coarse-f16-h6-u25,persistent,16,6,0.25,102,confirmation_coarse-f16-h6-u25_s102,3,4,51194,589470721,209650560,784800,57795201,37370720,262926,hold,1,0
coarse-f16-h6-u25,persistent,16,6,0.25,102,confirmation_coarse-f16-h6-u25_s102,3,4,52628,604070561,224250400,1581280,54967839,37370720,262926,hold,1,0
coarse-f16-h6-u25,persistent,16,6,0.25,102,confirmation_coarse-f16-h6-u25_s102,3,4,54044,618678561,238858400,2278559,53521121,37370720,262926,hold,1,0
coarse-f16-h6-u25,persistent,16,6,0.25,102,confirmation_coarse-f16-h6-u25_s102,3,4,55538,634282561,254462400,2577280,12905441,37370720,262926,increase,0,0
coarse-f16-h6-u25,persistent,16,6,0.25,102,confirmation_coarse-f16-h6-u25_s102,11,5,33131,395761601,14468160,102880,27561120,30206880,262926,hold,1,1
coarse-f16-h6-u25,persistent,16,6,0.25,102,confirmation_coarse-f16-h6-u25_s102,6,2,33341,398050881,14421440,929440,20065280,17034720,262926,hold,1,1
coarse-f16-h6-u25,persistent,16,6,0.25,102,confirmation_coarse-f16-h6-u25_s102,16,4,33597,400802721,14450560,0,20342720,20916000,262926,hold,1,0
coarse-f16-h6-u25,persistent,16,6,0.25,102,confirmation_coarse-f16-h6-u25_s102,16,4,34872,415410721,29058560,1791840,24194880,20916000,262926,hold,1,1
coarse-f16-h6-u25,persistent,16,6,0.25,102,confirmation_coarse-f16-h6-u25_s102,15,4,33689,401877441,14747840,5233280,26228000,29210880,262926,hold,1,0
coarse-f16-h6-u25,persistent,16,6,0.25,102,confirmation_coarse-f16-h6-u25_s102,15,4,34998,416817441,29687840,2023040,25370400,29210880,262926,hold,1,0
coarse-f16-h6-u25,persistent,16,6,0.25,102,confirmation_coarse-f16-h6-u25_s102,15,4,36230,431425441,44295840,1182720,24376160,29210880,262926,hold,1,1
coarse-f16-h6-u25,persistent,16,6,0.25,102,confirmation_coarse-f16-h6-u25_s102,8,4,33811,403286721,14816000,0,23469440,27748000,262926,hold,1,1
coarse-f16-h6-u25,persistent,16,6,0.25,102,confirmation_coarse-f16-h6-u25_s102,5,4,33861,403886881,14500000,4037280,42032000,39052000,262926,hold,1,0
coarse-f16-h6-u25,persistent,16,6,0.25,102,confirmation_coarse-f16-h6-u25_s102,5,4,35166,418710881,29324000,5993280,41792000,39052000,262926,hold,1,1
coarse-f16-h6-u25,persistent,16,6,0.25,102,confirmation_coarse-f16-h6-u25_s102,11,6,34415,410213601,14452000,562560,20100160,27561120,262926,hold,1,1
coarse-f16-h6-u25,persistent,16,6,0.25,102,confirmation_coarse-f16-h6-u25_s102,9,4,34489,411094721,14552000,427840,43160000,40568000,262926,hold,1,1
coarse-f16-h6-u25,persistent,16,6,0.25,102,confirmation_coarse-f16-h6-u25_s102,7,3,34617,412501441,14497601,2102399,19582880,21327840,262926,hold,1,0
coarse-f16-h6-u25,persistent,16,6,0.25,102,confirmation_coarse-f16-h6-u25_s102,7,3,35845,426964161,28960321,1507041,20331359,21327840,262926,hold,1,1
coarse-f16-h6-u25,persistent,16,6,0.25,102,confirmation_coarse-f16-h6-u25_s102,6,3,34621,412537601,14486720,912160,17758560,20065280,262926,hold,1,0
coarse-f16-h6-u25,persistent,16,6,0.25,102,confirmation_coarse-f16-h6-u25_s102,6,3,35867,427266881,29216000,790880,16721280,20065280,262926,hold,1,1
coarse-f16-h6-u25,persistent,16,6,0.25,102,confirmation_coarse-f16-h6-u25_s102,2,2,34717,413590721,14740000,4869280,19748000,20108000,262926,hold,1,0
coarse-f16-h6-u25,persistent,16,6,0.25,102,confirmation_coarse-f16-h6-u25_s102,2,2,35939,428082721,29232000,8549280,20340000,20108000,262926,hold,1,0
coarse-f16-h6-u25,persistent,16,6,0.25,102,confirmation_coarse-f16-h6-u25_s102,2,2,37208,442574721,43724000,8273280,18292000,20108000,262926,hold,1,0
coarse-f16-h6-u25,persistent,16,6,0.25,102,confirmation_coarse-f16-h6-u25_s102,2,2,38551,457102721,58252000,8125280,16780000,20108000,262926,hold,1,0
coarse-f16-h6-u25,persistent,16,6,0.25,102,confirmation_coarse-f16-h6-u25_s102,2,2,39870,472018721,73168000,7433280,15276000,20108000,262926,hold,1,0
coarse-f16-h6-u25,persistent,16,6,0.25,102,confirmation_coarse-f16-h6-u25_s102,2,2,41246,486794721,87944000,7589280,16272000,20108000,262926,hold,1,0
coarse-f16-h6-u25,persistent,16,6,0.25,102,confirmation_coarse-f16-h6-u25_s102,2,2,42659,501470721,102620000,7985280,14076000,20108000,262926,hold,1,0
coarse-f16-h6-u25,persistent,16,6,0.25,102,confirmation_coarse-f16-h6-u25_s102,2,2,44108,516442721,117592000,7793280,20468000,20108000,262926,hold,1,0
coarse-f16-h6-u25,persistent,16,6,0.25,102,confirmation_coarse-f16-h6-u25_s102,2,2,45551,530934721,132084000,7517280,24472000,20108000,262926,hold,1,0
coarse-f16-h6-u25,persistent,16,6,0.25,102,confirmation_coarse-f16-h6-u25_s102,2,2,46954,545426721,146576000,5829280,22112000,20108000,262926,hold,1,0
coarse-f16-h6-u25,persistent,16,6,0.25,102,confirmation_coarse-f16-h6-u25_s102,2,2,48364,560046721,161196000,8909280,14428000,20108000,262926,hold,1,0
coarse-f16-h6-u25,persistent,16,6,0.25,102,confirmation_coarse-f16-h6-u25_s102,2,2,49759,574518721,175668000,7441280,9732000,20108000,262926,increase,0,0
coarse-f16-h6-u25,persistent,16,6,0.25,102,confirmation_coarse-f16-h6-u25_s102,14,4,34896,415646881,14528160,16000,19529440,20741280,262926,hold,1,1
coarse-f16-h6-u25,persistent,16,6,0.25,102,confirmation_coarse-f16-h6-u25_s102,4,4,35013,416981441,14704000,7037280,24852000,28928000,262926,hold,1,0
coarse-f16-h6-u25,persistent,16,6,0.25,102,confirmation_coarse-f16-h6-u25_s102,4,4,36290,432137441,29860000,6833280,29344000,28928000,262926,hold,1,0
coarse-f16-h6-u25,persistent,16,6,0.25,102,confirmation_coarse-f16-h6-u25_s102,4,4,37618,446869441,44592000,5045280,28836000,28928000,262926,hold,1,1
coarse-f16-h6-u25,persistent,16,6,0.25,102,confirmation_coarse-f16-h6-u25_s102,1,4,35077,417729441,14520000,5509601,24248000,30836000,262926,hold,1,0
coarse-f16-h6-u25,persistent,16,6,0.25,102,confirmation_coarse-f16-h6-u25_s102,1,4,36315,432405441,29196000,5709280,26185440,30836000,262926,hold,1,1
coarse-f16-h6-u25,persistent,16,6,0.25,102,confirmation_coarse-f16-h6-u25_s102,8,5,35086,417842721,14556000,17120,20569440,23469440,262926,hold,1,0
coarse-f16-h6-u25,persistent,16,6,0.25,102,confirmation_coarse-f16-h6-u25_s102,8,5,36300,432214721,28928000,173280,20865120,23469440,262926,hold,1,1
coarse-f16-h6-u25,persistent,16,6,0.25,102,confirmation_coarse-f16-h6-u25_s102,12,4,35215,419318721,14990720,1329280,29220000,26748000,262926,hold,1,1
coarse-f16-h6-u25,persistent,16,6,0.25,102,confirmation_coarse-f16-h6-u25_s102,11,7,35652,424610881,14397280,3077280,17905280,20100160,262926,hold,1,0
coarse-f16-h6-u25,persistent,16,6,0.25,102,confirmation_coarse-f16-h6-u25_s102,11,7,36879,439097601,28884000,5565280,15814720,20100160,262926,hold,1,0
coarse-f16-h6-u25,persistent,16,6,0.25,102,confirmation_coarse-f16-h6-u25_s102,11,7,38210,453494881,43281280,1038560,22617280,20100160,262926,hold,1,1
coarse-f16-h6-u25,persistent,16,6,0.25,102,confirmation_coarse-f16-h6-u25_s102,9,5,35736,425576001,14481280,126720,44889280,43160000,262926,hold,1,0
coarse-f16-h6-u25,persistent,16,6,0.25,102,confirmation_coarse-f16-h6-u25_s102,9,5,36985,440246721,29152000,0,45439840,43160000,262926,hold,1,1
coarse-f16-h6-u25,persistent,16,6,0.25,102,confirmation_coarse-f16-h6-u25_s102,16,5,36110,430018721,14608000,2235040,24747680,24194880,262926,hold,1,1
coarse-f16-h6-u25,persistent,16,6,0.25,102,confirmation_coarse-f16-h6-u25_s102,14,5,36128,430254881,14608000,205280,20743840,19529440,262926,hold,1,1
coarse-f16-h6-u25,persistent,16,6,0.25,102,confirmation_coarse-f16-h6-u25_s102,5,5,36401,433358881,14648000,1465280,45584000,41792000,262926,hold,1,1
coarse-f16-h6-u25,persistent,16,6,0.25,102,confirmation_coarse-f16-h6-u25_s102,12,5,36482,434354721,15036000,4105280,32496000,29220000,262926,hold,1,0
coarse-f16-h6-u25,persistent,16,6,0.25,102,confirmation_coarse-f16-h6-u25_s102,12,5,37844,449482721,30164000,1105280,38080000,29220000,262926,hold,1,1
coarse-f16-h6-u25,persistent,16,6,0.25,102,confirmation_coarse-f16-h6-u25_s102,7,4,37119,441638721,14674560,2510720,18918880,20331359,262926,hold,1,1
coarse-f16-h6-u25,persistent,16,6,0.25,102,confirmation_coarse-f16-h6-u25_s102,6,4,37163,442085601,14818720,5776000,11285120,16721280,262926,increase,0,0
coarse-f16-h6-u25,persistent,16,6,0.25,102,confirmation_coarse-f16-h6-u25_s102,16,6,37403,444626721,14608000,3231040,19588000,24747680,262926,hold,1,0
coarse-f16-h6-u25,persistent,16,6,0.25,102,confirmation_coarse-f16-h6-u25_s102,16,6,38750,459234721,29216000,3563040,12616000,24747680,262926,increase,0,1
coarse-f16-h6-u25,persistent,16,6,0.25,102,confirmation_coarse-f16-h6-u25_s102,14,6,37418,444746721,14491840,1249280,21906880,20743840,262926,hold,1,1
coarse-f16-h6-u25,persistent,16,6,0.25,102,confirmation_coarse-f16-h6-u25_s102,15,5,37536,446033441,14608000,1913280,23572000,24376160,262926,hold,1,1
coarse-f16-h6-u25,persistent,16,6,0.25,102,confirmation_coarse-f16-h6-u25_s102,8,6,37648,447214721,15000000,1013280,22016000,20865120,262926,hold,1,0
coarse-f16-h6-u25,persistent,16,6,0.25,102,confirmation_coarse-f16-h6-u25_s102,8,6,38977,461794881,29580160,1977120,21005120,20865120,262926,hold,1,1
coarse-f16-h6-u25,persistent,16,6,0.25,102,confirmation_coarse-f16-h6-u25_s102,1,5,37643,447145441,14740000,3937280,27424000,26185440,262926,hold,1,0
coarse-f16-h6-u25,persistent,16,6,0.25,102,confirmation_coarse-f16-h6-u25_s102,1,5,38991,461941441,29536000,5689280,25792000,26185440,262926,hold,1,0
coarse-f16-h6-u25,persistent,16,6,0.25,102,confirmation_coarse-f16-h6-u25_s102,1,5,40281,476673441,44268000,4989280,25652000,26185440,262926,hold,1,0
coarse-f16-h6-u25,persistent,16,6,0.25,102,confirmation_coarse-f16-h6-u25_s102,1,5,41677,491422721,59017280,4250560,28264000,26185440,262926,hold,1,1
coarse-f16-h6-u25,persistent,16,6,0.25,102,confirmation_coarse-f16-h6-u25_s102,5,6,37696,447713601,14354720,0,46533280,45584000,262926,hold,1,0
coarse-f16-h6-u25,persistent,16,6,0.25,102,confirmation_coarse-f16-h6-u25_s102,5,6,39050,462573601,29214720,904000,47772000,45584000,262926,hold,1,1
coarse-f16-h6-u25,persistent,16,6,0.25,102,confirmation_coarse-f16-h6-u25_s102,9,6,38365,455007681,14760960,0,47571840,45439840,262926,hold,1,0
coarse-f16-h6-u25,persistent,16,6,0.25,102,confirmation_coarse-f16-h6-u25_s102,9,6,39681,469858721,29612000,354880,46238400,45439840,262926,hold,1,1
coarse-f16-h6-u25,persistent,16,6,0.25,102,confirmation_coarse-f16-h6-u25_s102,7,5,38456,456029601,14390880,1903040,12183841,18918880,262926,increase,0,1
coarse-f16-h6-u25,persistent,16,6,0.25,102,confirmation_coarse-f16-h6-u25_s102,14,7,38740,459138881,14392160,3272960,19112480,21906880,262926,hold,1,1
coarse-f16-h6-u25,persistent,16,6,0.25,102,confirmation_coarse-f16-h6-u25_s102,15,6,38866,460562721,14529280,2164160,18673120,23572000,262926,hold,1,1
coarse-f16-h6-u25,persistent,16,6,0.25,102,confirmation_coarse-f16-h6-u25_s102,4,5,38945,461425441,14556000,5949280,27756000,28836000,262926,hold,1,0
coarse-f16-h6-u25,persistent,16,6,0.25,102,confirmation_coarse-f16-h6-u25_s102,4,5,40220,475959840,29090399,6169280,24556000,28836000,262926,hold,1,0
coarse-f16-h6-u25,persistent,16,6,0.25,102,confirmation_coarse-f16-h6-u25_s102,4,5,41630,490927840,44058399,8647679,21604000,28836000,262926,hold,1,0
coarse-f16-h6-u25,persistent,16,6,0.25,102,confirmation_coarse-f16-h6-u25_s102,4,5,43068,505637441,58768000,4040000,30817280,28836000,262926,hold,1,0
coarse-f16-h6-u25,persistent,16,6,0.25,102,confirmation_coarse-f16-h6-u25_s102,4,5,44473,520138721,73269280,2826881,31098399,28836000,262926,hold,1,1
coarse-f16-h6-u25,persistent,16,6,0.25,102,confirmation_coarse-f16-h6-u25_s102,12,6,39197,464226721,14744000,1769280,39704000,38080000,262926,hold,1,0
coarse-f16-h6-u25,persistent,16,6,0.25,102,confirmation_coarse-f16-h6-u25_s102,12,6,40473,478754721,29272000,1625280,40080000,38080000,262926,hold,1,1
coarse-f16-h6-u25,persistent,16,6,0.25,102,confirmation_coarse-f16-h6-u25_s102,11,8,39519,468134561,14639680,206239,24104001,22617280,262926,hold,1,1
coarse-f16-h6-u25,persistent,16,6,0.25,102,confirmation_coarse-f16-h6-u25_s102,10,2,39951,472846721,15338560,1328000,13466720,15670240,262926,increase,0,0
coarse-f16-h6-u25,persistent,16,6,0.25,102,confirmation_coarse-f16-h6-u25_s102,14,8,40058,474078881,14940000,4857760,19727200,19112480,262926,hold,1,0
coarse-f16-h6-u25,persistent,16,6,0.25,102,confirmation_coarse-f16-h6-u25_s102,14,8,41413,488573441,29434560,895839,24921441,19112480,262926,hold,1,1
coarse-f16-h6-u25,persistent,16,6,0.25,102,confirmation_coarse-f16-h6-u25_s102,15,7,40157,475170721,14608000,2830560,18668320,18673120,262926,hold,1,1
coarse-f16-h6-u25,persistent,16,6,0.25,102,confirmation_coarse-f16-h6-u25_s102,8,7,40253,476377281,14582400,4236000,21587840,21005120,262926,hold,1,0
coarse-f16-h6-u25,persistent,16,6,0.25,102,confirmation_coarse-f16-h6-u25_s102,8,7,41644,491045441,29250560,477440,24510720,21005120,262926,hold,1,1
coarse-f16-h6-u25,persistent,16,6,0.25,102,confirmation_coarse-f16-h6-u25_s102,5,7,40338,477221601,14648000,3973280,46750720,47772000,262926,hold,1,0
coarse-f16-h6-u25,persistent,16,6,0.25,102,confirmation_coarse-f16-h6-u25_s102,5,7,41749,492109601,29536000,3577280,47570720,47772000,262926,hold,1,1
coarse-f16-h6-u25,persistent,16,6,0.25,102,confirmation_coarse-f16-h6-u25_s102,11,9,40921,483549441,15414880,0,26265440,24104001,262926,hold,1,1
coarse-f16-h6-u25,persistent,16,6,0.25,102,confirmation_coarse-f16-h6-u25_s102,9,7,41123,485477281,15618560,178880,48157120,46238400,262926,hold,1,1
coarse-f16-h6-u25,persistent,16,6,0.25,102,confirmation_coarse-f16-h6-u25_s102,6,5,41141,485651840,14531679,943840,14734400,15626719,262926,hold,1,1
coarse-f16-h6-u25,persistent,16,6,0.25,102,confirmation_coarse-f16-h6-u25_s102,16,7,41406,488450721,14608000,4227040,11620000,14934880,262926,increase,0,0
coarse-f16-h6-u25,persistent,16,6,0.25,102,confirmation_coarse-f16-h6-u25_s102,15,8,41504,489525441,14354720,3984000,22244000,18668320,262926,hold,1,1
coarse-f16-h6-u25,persistent,16,6,0.25,102,confirmation_coarse-f16-h6-u25_s102,12,7,41854,493244161,14489440,4202720,43404000,40080000,262926,hold,1,0
coarse-f16-h6-u25,persistent,16,6,0.25,102,confirmation_coarse-f16-h6-u25_s102,12,7,43260,507652161,28897440,3189280,48549440,40080000,262926,hold,1,1
coarse-f16-h6-u25,persistent,16,6,0.25,102,confirmation_coarse-f16-h6-u25_s102,11,10,42321,497935840,14386399,454399,23987840,26265440,262926,hold,1,0
coarse-f16-h6-u25,persistent,16,6,0.25,102,confirmation_coarse-f16-h6-u25_s102,11,10,43722,512590881,29041440,2292321,24515839,26265440,262926,hold,1,1
coarse-f16-h6-u25,persistent,16,6,0.25,102,confirmation_coarse-f16-h6-u25_s102,9,8,42653,501413281,15936000,1029119,51614560,48157120,262926,hold,1,1
coarse-f16-h6-u25,persistent,16,6,0.25,102,confirmation_coarse-f16-h6-u25_s102,6,6,42547,500259840,14608000,840959,22273280,14734400,262926,hold,1,0
coarse-f16-h6-u25,persistent,16,6,0.25,102,confirmation_coarse-f16-h6-u25_s102,6,6,43946,514914881,29263041,870239,23210720,14734400,262926,hold,1,1
coarse-f16-h6-u25,persistent,16,6,0.25,102,confirmation_coarse-f16-h6-u25_s102,14,9,42836,503294881,14721440,2298720,20356000,24921441,262926,hold,1,1
coarse-f16-h6-u25,persistent,16,6,0.25,102,confirmation_coarse-f16-h6-u25_s102,15,9,42919,504133441,14608000,105279,26194561,22244000,262926,hold,1,1
coarse-f16-h6-u25,persistent,16,6,0.25,102,confirmation_coarse-f16-h6-u25_s102,8,8,43060,505571840,14526399,588160,21943680,24510720,262926,hold,1,1
coarse-f16-h6-u25,persistent,16,6,0.25,102,confirmation_coarse-f16-h6-u25_s102,1,6,43121,506190721,14768000,3365280,32765280,28264000,262926,hold,1,1
coarse-f16-h6-u25,persistent,16,6,0.25,102,confirmation_coarse-f16-h6-u25_s102,5,8,43207,507181601,15072000,1289280,49738720,47570720,262926,hold,1,0
coarse-f16-h6-u25,persistent,16,6,0.25,102,confirmation_coarse-f16-h6-u25_s102,5,8,44654,521974560,29864959,2554400,47532000,47570720,262926,hold,1,1
coarse-f16-h6-u25,persistent,16,6,0.25,102,confirmation_coarse-f16-h6-u25_s102,9,9,44053,516002721,14589440,0,54692160,51614560,262926,hold,1,0
coarse-f16-h6-u25,persistent,16,6,0.25,102,confirmation_coarse-f16-h6-u25_s102,9,9,45496,530371681,28958400,122560,55914880,51614560,262926,hold,1,1
coarse-f16-h6-u25,persistent,16,6,0.25,102,confirmation_coarse-f16-h6-u25_s102,14,10,44247,517934560,14639679,2134880,22069441,20356000,262926,hold,1,1
coarse-f16-h6-u25,persistent,16,6,0.25,102,confirmation_coarse-f16-h6-u25_s102,15,10,44325,518667841,14534400,332000,24236000,26194561,262926,hold,1,1
coarse-f16-h6-u25,persistent,16,6,0.25,102,confirmation_coarse-f16-h6-u25_s102,8,9,44469,520101441,14529601,774399,21066881,21943680,262926,hold,1,0
coarse-f16-h6-u25,persistent,16,6,0.25,102,confirmation_coarse-f16-h6-u25_s102,8,9,45913,534686721,29114881,1143041,19186239,21943680,262926,hold,1,0
coarse-f16-h6-u25,persistent,16,6,0.25,102,confirmation_coarse-f16-h6-u25_s102,8,9,47342,549294721,43722881,917280,16498881,21943680,262926,hold,1,1
coarse-f16-h6-u25,persistent,16,6,0.25,102,confirmation_coarse-f16-h6-u25_s102,1,7,44586,521262721,15072000,4813280,30809280,32765280,262926,hold,1,1
coarse-f16-h6-u25,persistent,16,6,0.25,102,confirmation_coarse-f16-h6-u25_s102,12,8,44674,522208161,14556000,4213280,50421440,48549440,262926,hold,1,0
coarse-f16-h6-u25,persistent,16,6,0.25,102,confirmation_coarse-f16-h6-u25_s102,12,8,46162,537164001,29511840,5357280,47165440,48549440,262926,hold,1,1
coarse-f16-h6-u25,persistent,16,6,0.25,102,confirmation_coarse-f16-h6-u25_s102,11,11,45186,527198881,14608000,3989120,17891201,24515839,262926,hold,1,1
coarse-f16-h6-u25,persistent,16,6,0.25,102,confirmation_coarse-f16-h6-u25_s102,7,6,45386,529286721,14608000,0,17402400,14861280,262926,hold,1,1
coarse-f16-h6-u25,persistent,16,6,0.25,102,confirmation_coarse-f16-h6-u25_s102,6,7,45402,529475840,14560959,2329120,17153600,23210720,262926,hold,1,0
coarse-f16-h6-u25,persistent,16,6,0.25,102,confirmation_coarse-f16-h6-u25_s102,6,7,46817,544130881,29216000,3905280,11999041,23210720,262926,increase,0,1
coarse-f16-h6-u25,persistent,16,6,0.25,102,confirmation_coarse-f16-h6-u25_s102,16,8,45675,532274721,14608000,2235040,23909120,23904000,262926,hold,1,0
coarse-f16-h6-u25,persistent,16,6,0.25,102,confirmation_coarse-f16-h6-u25_s102,16,8,47098,546882721,29216000,3895040,19256000,23904000,262926,hold,1,1
coarse-f16-h6-u25,persistent,16,6,0.25,102,confirmation_coarse-f16-h6-u25_s102,14,11,45698,532510881,14576321,616959,22040320,22069441,262926,hold,1,1
coarse-f16-h6-u25,persistent,16,6,0.25,102,confirmation_coarse-f16-h6-u25_s102,15,11,45764,533128161,14460320,885440,18587680,24236000,262926,hold,1,0
coarse-f16-h6-u25,persistent,16,6,0.25,102,confirmation_coarse-f16-h6-u25_s102,15,11,47200,547893280,29225439,5090720,13533280,24236000,262926,increase,0,1
coarse-f16-h6-u25,persistent,16,6,0.25,102,confirmation_coarse-f16-h6-u25_s102,4,6,45933,534842721,14704000,3190560,30729601,31098399,262926,hold,1,0
coarse-f16-h6-u25,persistent,16,6,0.25,102,confirmation_coarse-f16-h6-u25_s102,4,6,47376,549702721,29564000,5893280,27494881,31098399,262926,hold,1,1
coarse-f16-h6-u25,persistent,16,6,0.25,102,confirmation_coarse-f16-h6-u25_s102,1,8,46061,536178721,14916000,3697280,32173280,30809280,262926,hold,1,0
coarse-f16-h6-u25,persistent,16,6,0.25,102,confirmation_coarse-f16-h6-u25_s102,1,8,47461,550558721,29296000,3937280,27792000,30809280,262926,hold,1,1
coarse-f16-h6-u25,persistent,16,6,0.25,102,confirmation_coarse-f16-h6-u25_s102,5,9,46085,536480321,14505761,2069119,55097120,47532000,262926,hold,1,0
coarse-f16-h6-u25,persistent,16,6,0.25,102,confirmation_coarse-f16-h6-u25_s102,5,9,47534,551376321,29401761,3649280,60670720,47532000,262926,hold,1,1
coarse-f16-h6-u25,persistent,16,6,0.25,102,confirmation_coarse-f16-h6-u25_s102,11,12,46593,541759840,14560959,6276321,15604000,17891201,262926,hold,1,0
coarse-f16-h6-u25,persistent,16,6,0.25,102,confirmation_coarse-f16-h6-u25_s102,11,12,48034,556414881,29216000,1197119,15604000,17891201,262926,hold,1,1
coarse-f16-h6-u25,persistent,16,6,0.25,102,confirmation_coarse-f16-h6-u25_s102,7,7,46797,543909280,14622559,2498560,13612000,17402400,262926,increase,0,0
coarse-f16-h6-u25,persistent,16,6,0.25,102,confirmation_coarse-f16-h6-u25_s102,9,10,46907,544998721,14627040,2549440,58235840,55914880,262926,hold,1,0
coarse-f16-h6-u25,persistent,16,6,0.25,102,confirmation_coarse-f16-h6-u25_s102,9,10,48329,559587681,29216000,4569280,56513440,55914880,262926,hold,1,1
coarse-f16-h6-u25,persistent,16,6,0.25,102,confirmation_coarse-f16-h6-u25_s102,14,12,47139,547278721,14767840,1222721,14961439,22040320,262926,hold,1,1
coarse-f16-h6-u25,persistent,16,6,0.25,102,confirmation_coarse-f16-h6-u25_s102,12,9,47577,551716161,14552160,4693280,48701440,47165440,262926,hold,1,1
coarse-f16-h6-u25,persistent,16,6,0.25,102,confirmation_coarse-f16-h6-u25_s102,16,9,48506,561490721,14608000,3563040,8300000,19256000,262926,increase,0,0
coarse-f16-h6-u25,persistent,16,6,0.25,102,confirmation_coarse-f16-h6-u25_s102,14,13,48525,561726881,14448160,1576160,12749281,14961439,262926,increase,0,1
coarse-f16-h6-u25,persistent,16,6,0.25,102,confirmation_coarse-f16-h6-u25_s102,8,10,48736,563902721,14608000,2240160,10956000,16498881,262926,increase,0,0
coarse-f16-h6-u25,persistent,16,6,0.25,102,confirmation_coarse-f16-h6-u25_s102,4,7,48831,564857441,15154720,6749280,21669280,27494881,262926,hold,1,0
coarse-f16-h6-u25,persistent,16,6,0.25,102,confirmation_coarse-f16-h6-u25_s102,4,7,50218,579418721,29716000,39520,22045760,27494881,262926,hold,1,0
coarse-f16-h6-u25,persistent,16,6,0.25,102,confirmation_coarse-f16-h6-u25_s102,4,7,51683,594306721,44604000,1442560,25251041,27494881,262926,hold,1,1
coarse-f16-h6-u25,persistent,16,6,0.25,102,confirmation_coarse-f16-h6-u25_s102,1,9,48865,565170721,14612000,7525280,21224000,27792000,262926,hold,1,0
coarse-f16-h6-u25,persistent,16,6,0.25,102,confirmation_coarse-f16-h6-u25_s102,1,9,50305,580326721,29768000,4593280,16852000,27792000,262926,hold,1,1
coarse-f16-h6-u25,persistent,16,6,0.25,102,confirmation_coarse-f16-h6-u25_s102,5,10,48981,566412321,15036000,4793280,60522720,60670720,262926,hold,1,0
coarse-f16-h6-u25,persistent,16,6,0.25,102,confirmation_coarse-f16-h6-u25_s102,5,10,50394,581172321,29796000,3929280,48601600,60670720,262926,hold,1,1
coarse-f16-h6-u25,persistent,16,6,0.25,102,confirmation_coarse-f16-h6-u25_s102,12,10,48985,566448161,14732000,5053280,46536000,48701440,262926,hold,1,0
coarse-f16-h6-u25,persistent,16,6,0.25,102,confirmation_coarse-f16-h6-u25_s102,12,10,50373,581021120,29304959,1373280,51460959,48701440,262926,hold,1,1
coarse-f16-h6-u25,persistent,16,6,0.25,102,confirmation_coarse-f16-h6-u25_s102,11,13,49410,570913441,14498560,282720,13909440,15604000,262926,increase,0,0
coarse-f16-h6-u25,persistent,16,6,0.25,102,confirmation_coarse-f16-h6-u25_s102,9,11,49723,574174721,14587040,232320,58279520,56513440,262926,hold,1,1
coarse-f16-h6-u25,persistent,16,6,0.25,102,confirmation_coarse-f16-h6-u25_s102,10,3,50091,578090721,15266880,2260160,12997281,16393601,262926,increase,0,0
coarse-f16-h6-u25,persistent,16,6,0.25,102,confirmation_coarse-f16-h6-u25_s102,6,8,51099,588650881,15304000,2567040,17633120,14608000,262926,hold,1,0
coarse-f16-h6-u25,persistent,16,6,0.25,102,confirmation_coarse-f16-h6-u25_s102,6,8,52524,603022721,29675840,933920,27662080,14608000,262926,hold,1,0
coarse-f16-h6-u25,persistent,16,6,0.25,102,confirmation_coarse-f16-h6-u25_s102,6,8,53928,617502881,44156000,1249280,27240640,14608000,262926,hold,1,1
coarse-f16-h6-u25,persistent,16,6,0.25,102,confirmation_coarse-f16-h6-u25_s102,9,12,51114,588793441,14618720,249120,58821600,58279520,262926,hold,1,1
coarse-f16-h6-u25,persistent,16,6,0.25,102,confirmation_coarse-f16-h6-u25_s102,1,10,51782,595122721,14796000,4721280,22204000,16852000,262926,hold,1,1
coarse-f16-h6-u25,persistent,16,6,0.25,102,confirmation_coarse-f16-h6-u25_s102,12,11,51832,595641120,14620000,1970239,55752000,51460959,262926,hold,1,0
coarse-f16-h6-u25,persistent,16,6,0.25,102,confirmation_coarse-f16-h6-u25_s102,12,11,53256,610381120,29360000,3189280,56432959,51460959,262926,hold,1,1
coarse-f16-h6-u25,persistent,16,6,0.25,102,confirmation_coarse-f16-h6-u25_s102,5,11,51883,596116321,14944000,5045280,54865600,48601600,262926,hold,1,0
coarse-f16-h6-u25,persistent,16,6,0.25,102,confirmation_coarse-f16-h6-u25_s102,5,11,53288,610710561,29538240,1521280,54220000,48601600,262926,hold,1,1
coarse-f16-h6-u25,persistent,16,6,0.25,102,confirmation_coarse-f16-h6-u25_s102,11,14,52216,599938881,14640000,1608160,27197120,21076000,262926,hold,1,1
coarse-f16-h6-u25,persistent,16,6,0.25,102,confirmation_coarse-f16-h6-u25_s102,7,8,52490,602673280,14875839,2309441,21530398,16506721,262926,hold,1,0
coarse-f16-h6-u25,persistent,16,6,0.25,102,confirmation_coarse-f16-h6-u25_s102,7,8,53909,617350561,29553120,2988000,22750560,16506721,262926,hold,1,1
coarse-f16-h6-u25,persistent,16,6,0.25,102,confirmation_coarse-f16-h6-u25_s102,9,13,52549,603322721,14529280,0,56064000,58821600,262926,hold,1,1
coarse-f16-h6-u25,persistent,16,6,0.25,102,confirmation_coarse-f16-h6-u25_s102,16,10,52744,605314721,14570560,2909280,14853920,14313440,262926,hold,1,1
coarse-f16-h6-u25,persistent,16,6,0.25,102,confirmation_coarse-f16-h6-u25_s102,14,14,52800,605882881,14608000,585280,29548000,23316320,262926,hold,1,0
coarse-f16-h6-u25,persistent,16,6,0.25,102,confirmation_coarse-f16-h6-u25_s102,14,14,54202,620254721,28979840,1586400,28878880,23316320,262926,hold,1,1
coarse-f16-h6-u25,persistent,16,6,0.25,102,confirmation_coarse-f16-h6-u25_s102,10,4,52992,607861441,14830720,1913280,16678720,15520160,262926,hold,1,0
coarse-f16-h6-u25,persistent,16,6,0.25,102,confirmation_coarse-f16-h6-u25_s102,10,4,54416,622425441,29394720,4005280,14730720,15520160,262926,hold,1,0
coarse-f16-h6-u25,persistent,16,6,0.25,102,confirmation_coarse-f16-h6-u25_s102,10,4,55783,636842721,43812000,1440000,16177280,15520160,262926,hold,1,1
coarse-f16-h6-u25,persistent,16,6,0.25,102,confirmation_coarse-f16-h6-u25_s102,4,8,53097,608798721,14492000,3975040,20602240,25251041,262926,hold,1,1
coarse-f16-h6-u25,persistent,16,6,0.25,102,confirmation_coarse-f16-h6-u25_s102,1,11,53203,609890721,14768000,4417280,24048000,22204000,262926,hold,1,0
coarse-f16-h6-u25,persistent,16,6,0.25,102,confirmation_coarse-f16-h6-u25_s102,1,11,54633,624657441,29534720,6049280,19182720,22204000,262926,hold,1,0
coarse-f16-h6-u25,persistent,16,6,0.25,102,confirmation_coarse-f16-h6-u25_s102,1,11,56035,639397441,44274720,7241280,14994720,22204000,262926,hold,1,0
coarse-f16-h6-u25,persistent,16,6,0.25,102,confirmation_coarse-f16-h6-u25_s102,1,11,57480,654249441,59126720,8441280,12134720,22204000,262926,increase,0,0
coarse-f16-h6-u25,persistent,16,6,0.25,102,confirmation_coarse-f16-h6-u25_s102,11,15,53651,614546881,14608000,2009120,29117600,27197120,262926,hold,1,0
coarse-f16-h6-u25,persistent,16,6,0.25,102,confirmation_coarse-f16-h6-u25_s102,11,15,55059,629122881,29184000,2909280,8632000,27197120,262926,increase,0,1
coarse-f16-h6-u25,persistent,16,6,0.25,102,confirmation_coarse-f16-h6-u25_s102,9,14,53955,617742721,14420000,386560,55679680,56064000,262926,hold,1,0
coarse-f16-h6-u25,persistent,16,6,0.25,102,confirmation_coarse-f16-h6-u25_s102,9,14,55388,632586721,29264000,139840,57921761,56064000,262926,hold,1,1
coarse-f16-h6-u25,persistent,16,6,0.25,102,confirmation_coarse-f16-h6-u25_s102,2,3,54012,618426721,14548000,8817280,11696000,14832000,262926,increase,0,0
coarse-f16-h6-u25,persistent,16,6,0.25,102,confirmation_coarse-f16-h6-u25_s102,16,11,54167,619922721,14608000,3900160,12948000,14853920,262926,increase,0,1
coarse-f16-h6-u25,persistent,16,6,0.25,102,confirmation_coarse-f16-h6-u25_s102,15,12,54331,621582721,14608000,3305441,12537280,15286559,262926,increase,0,0
coarse-f16-h6-u25,persistent,16,6,0.25,102,confirmation_coarse-f16-h6-u25_s102,8,11,54407,622334721,14608000,1576160,14608000,17264000,262926,hold,1,0
coarse-f16-h6-u25,persistent,16,6,0.25,102,confirmation_coarse-f16-h6-u25_s102,8,11,55802,636942721,29216000,2572160,13612000,17264000,262926,increase,0,1
coarse-f16-h6-u25,persistent,16,6,0.25,102,confirmation_coarse-f16-h6-u25_s102,4,9,54511,623474721,14676000,7037280,15552000,20602240,262926,hold,1,0
coarse-f16-h6-u25,persistent,16,6,0.25,102,confirmation_coarse-f16-h6-u25_s102,4,9,55937,638326721,29528000,9297280,14252000,20602240,262926,hold,1,0
coarse-f16-h6-u25,persistent,16,6,0.25,102,confirmation_coarse-f16-h6-u25_s102,4,9,57333,652826721,44028000,8965280,15404000,20602240,262926,hold,1,0
coarse-f16-h6-u25,persistent,16,6,0.25,102,confirmation_coarse-f16-h6-u25_s102,4,9,58775,667798721,59000000,4509280,17506720,20602240,262926,hold,1,0
coarse-f16-h6-u25,persistent,16,6,0.25,102,confirmation_coarse-f16-h6-u25_s102,4,9,60104,682538721,73740000,6013280,20708000,20602240,262926,hold,1,1
coarse-f16-h6-u25,persistent,16,6,0.25,102,confirmation_coarse-f16-h6-u25_s102,12,12,54670,625093120,14712000,3217280,52934559,56432959,262926,hold,1,0
coarse-f16-h6-u25,persistent,16,6,0.25,102,confirmation_coarse-f16-h6-u25_s102,12,12,56078,639777120,29396000,5605280,50528959,56432959,262926,hold,1,1
coarse-f16-h6-u25,persistent,16,6,0.25,102,confirmation_coarse-f16-h6-u25_s102,5,12,54684,625226561,14516000,2599520,53068000,54220000,262926,hold,1,0
coarse-f16-h6-u25,persistent,16,6,0.25,102,confirmation_coarse-f16-h6-u25_s102,5,12,56108,640050561,29340000,4359520,58992000,54220000,262926,hold,1,1
coarse-f16-h6-u25,persistent,16,6,0.25,102,confirmation_coarse-f16-h6-u25_s102,7,9,55310,631874721,14524160,2830560,16093440,22750560,262926,hold,1,1
coarse-f16-h6-u25,persistent,16,6,0.25,102,confirmation_coarse-f16-h6-u25_s102,6,9,55332,632110881,14608000,2240000,12161440,27240640,262926,increase,0,0
coarse-f16-h6-u25,persistent,16,6,0.25,102,confirmation_coarse-f16-h6-u25_s102,14,15,55590,634862721,14608000,1581280,12768000,28878880,262926,increase,0,1
coarse-f16-h6-u25,persistent,16,6,0.25,102,confirmation_coarse-f16-h6-u25_s102,7,10,56743,646497280,14622559,1165440,10961120,16093440,262926,increase,0,1
coarse-f16-h6-u25,persistent,16,6,0.25,102,confirmation_coarse-f16-h6-u25_s102,9,15,56797,647098721,14512000,3494881,59332000,57921761,262926,hold,1,0
coarse-f16-h6-u25,persistent,16,6,0.25,102,confirmation_coarse-f16-h6-u25_s102,9,15,58203,661580161,28993440,1786720,58998560,57921761,262926,hold,1,1
coarse-f16-h6-u25,persistent,16,6,0.25,102,confirmation_coarse-f16-h6-u25_s102,10,5,57210,651450721,14608000,3382560,12284000,16177280,262926,increase,0,1
coarse-f16-h6-u25,persistent,16,6,0.25,102,confirmation_coarse-f16-h6-u25_s102,12,13,57524,654777120,15000000,5229280,49924959,50528959,262926,hold,1,1
coarse-f16-h6-u25,persistent,16,6,0.25,102,confirmation_coarse-f16-h6-u25_s102,5,13,57504,654514561,14464000,3513280,60318240,58992000,262926,hold,1,0
coarse-f16-h6-u25,persistent,16,6,0.25,102,confirmation_coarse-f16-h6-u25_s102,5,13,58941,669558721,29508160,2065280,54598240,58992000,262926,hold,1,0
coarse-f16-h6-u25,persistent,16,6,0.25,102,confirmation_coarse-f16-h6-u25_s102,5,13,60266,684237281,44186720,139840,47956160,58992000,262926,hold,1,1
coarse-f16-h6-u25,persistent,16,6,0.25,102,confirmation_coarse-f16-h6-u25_s102,11,16,57876,658338881,14608000,38560,18779840,16600000,262926,hold,1,1
coarse-f16-h6-u25,persistent,16,6,0.25,102,confirmation_coarse-f16-h6-u25_s102,2,4,58306,662786721,15008000,8097280,16244000,14068000,262926,hold,1,0
coarse-f16-h6-u25,persistent,16,6,0.25,102,confirmation_coarse-f16-h6-u25_s102,2,4,59637,677342721,29564000,6529280,15128000,14068000,262926,hold,1,0
coarse-f16-h6-u25,persistent,16,6,0.25,102,confirmation_coarse-f16-h6-u25_s102,2,4,60962,691986400,44207679,9213280,11836000,14068000,262926,increase,0,0
coarse-f16-h6-u25,persistent,16,6,0.25,102,confirmation_coarse-f16-h6-u25_s102,3,5,58396,663818721,14553601,248160,57381441,60092000,262926,hold,1,1
coarse-f16-h6-u25,persistent,16,6,0.25,102,confirmation_coarse-f16-h6-u25_s102,14,16,58399,663822721,14447840,757120,16167040,15272000,262926,hold,1,1
coarse-f16-h6-u25,persistent,16,6,0.25,102,confirmation_coarse-f16-h6-u25_s102,15,13,58575,665753280,14940000,305441,20517280,14032159,262926,hold,1,1
coarse-f16-h6-u25,persistent,16,6,0.25,102,confirmation_coarse-f16-h6-u25_s102,8,12,58608,666158721,14608000,912160,17596000,15936960,262926,hold,1,0
coarse-f16-h6-u25,persistent,16,6,0.25,102,confirmation_coarse-f16-h6-u25_s102,8,12,59939,680766721,29216000,912160,18260000,15936960,262926,hold,1,1
coarse-f16-h6-u25,persistent,16,6,0.25,102,confirmation_coarse-f16-h6-u25_s102,12,14,58974,669897120,15120000,1761280,50556000,49924959,262926,hold,1,1
coarse-f16-h6-u25,persistent,16,6,0.25,102,confirmation_coarse-f16-h6-u25_s102,11,17,59237,672804000,14465119,222560,21541280,18779840,262926,hold,1,1
coarse-f16-h6-u25,persistent,16,6,0.25,102,confirmation_coarse-f16-h6-u25_s102,9,16,59549,676197441,14617280,651840,51225761,58998560,262926,hold,1,0
coarse-f16-h6-u25,persistent,16,6,0.25,102,confirmation_coarse-f16-h6-u25_s102,9,16,60855,690805441,29225280,513601,52889280,58998560,262926,hold,1,1
coarse-f16-h6-u25,persistent,16,6,0.25,102,confirmation_coarse-f16-h6-u25_s102,3,6,59754,678565281,14746560,1725120,48744321,57381441,262926,hold,1,1
coarse-f16-h6-u25,persistent,16,6,0.25,102,confirmation_coarse-f16-h6-u25_s102,14,17,59716,678178561,14355840,752000,17585120,16167040,262926,hold,1,1
coarse-f16-h6-u25,persistent,16,6,0.25,102,confirmation_coarse-f16-h6-u25_s102,15,14,59968,681010721,15257441,2894721,19597439,20517280,262926,hold,1,1
coarse-f16-h6-u25,persistent,16,6,0.25,102,confirmation_coarse-f16-h6-u25_s102,12,15,60286,684425120,14528000,5681280,48012000,50556000,262926,hold,1,0
coarse-f16-h6-u25,persistent,16,6,0.25,102,confirmation_coarse-f16-h6-u25_s102,12,15,61603,698945120,29048000,4657280,49212000,50556000,262926,hold,1,0
coarse-f16-h6-u25,persistent,16,6,0.25,102,confirmation_coarse-f16-h6-u25_s102,12,15,63036,713953120,44056000,1463839,48625441,50556000,262926,hold,1,1
coarse-f16-h6-u25,persistent,16,6,0.25,102,confirmation_coarse-f16-h6-u25_s102,11,18,60583,687806401,15002401,2828800,21987680,21541280,262926,hold,1,1
coarse-f16-h6-u25,persistent,16,6,0.25,102,confirmation_coarse-f16-h6-u25_s102,6,10,60851,690794401,14527520,831680,20584000,17180160,262926,hold,1,0
coarse-f16-h6-u25,persistent,16,6,0.25,102,confirmation_coarse-f16-h6-u25_s102,6,10,62196,705407521,29140640,2491680,14945120,17180160,262926,hold,1,1
coarse-f16-h6-u25,persistent,16,6,0.25,102,confirmation_coarse-f16-h6-u25_s102,14,18,61078,693198881,15020320,991840,21997600,17585120,262926,hold,1,1
coarse-f16-h6-u25,persistent,16,6,0.25,102,confirmation_coarse-f16-h6-u25_s102,3,7,61075,693173281,14608000,423840,54404160,48744321,262926,hold,1,1
coarse-f16-h6-u25,persistent,16,6,0.25,102,confirmation_coarse-f16-h6-u25_s102,8,13,61270,695353441,14586720,890880,17617280,18260000,262926,hold,1,0
coarse-f16-h6-u25,persistent,16,6,0.25,102,confirmation_coarse-f16-h6-u25_s102,8,13,62642,709961441,29194720,1222880,12616000,18260000,262926,increase,0,1
coarse-f16-h6-u25,persistent,16,6,0.25,102,confirmation_coarse-f16-h6-u25_s102,15,15,61297,695633280,14622559,5233280,17610559,19597439,262926,hold,1,0
coarse-f16-h6-u25,persistent,16,6,0.25,102,confirmation_coarse-f16-h6-u25_s102,15,15,62701,710573280,29562559,6893280,11830560,19597439,262926,increase,0,0
coarse-f16-h6-u25,persistent,16,6,0.25,102,confirmation_coarse-f16-h6-u25_s102,4,10,61446,697278721,14740000,9609280,15304000,20708000,262926,hold,1,0
coarse-f16-h6-u25,persistent,16,6,0.25,102,confirmation_coarse-f16-h6-u25_s102,4,10,62849,712074721,29536000,10513280,7712000,20708000,262926,increase,0,0
coarse-f16-h6-u25,persistent,16,6,0.25,102,confirmation_coarse-f16-h6-u25_s102,1,12,61638,699237441,15192000,2905280,23356000,22748000,262926,hold,1,0
coarse-f16-h6-u25,persistent,16,6,0.25,102,confirmation_coarse-f16-h6-u25_s102,1,12,63099,714577441,30532000,3909280,17500000,22748000,262926,hold,1,1
coarse-f16-h6-u25,persistent,16,6,0.25,102,confirmation_coarse-f16-h6-u25_s102,5,14,61621,699038721,14801440,20000,56160000,47956160,262926,hold,1,1
coarse-f16-h6-u25,persistent,16,6,0.25,102,confirmation_coarse-f16-h6-u25_s102,11,19,61916,702414401,14608000,2720161,24007519,21987680,262926,hold,1,0
coarse-f16-h6-u25,persistent,16,6,0.25,102,confirmation_coarse-f16-h6-u25_s102,11,19,63313,716770881,28964480,2409600,10127680,21987680,262926,increase,0,1
coarse-f16-h6-u25,persistent,16,6,0.25,102,confirmation_coarse-f16-h6-u25_s102,9,17,62338,706906721,16101280,496000,54984000,52889280,262926,hold,1,0
coarse-f16-h6-u25,persistent,16,6,0.25,102,confirmation_coarse-f16-h6-u25_s102,9,17,63832,722245441,31440000,1096000,52160000,52889280,262926,hold,1,1
coarse-f16-h6-u25,persistent,16,6,0.25,102,confirmation_coarse-f16-h6-u25_s102,16,12,62415,707628161,14645761,233601,21277118,18274559,262926,hold,1,1
coarse-f16-h6-u25,persistent,16,6,0.25,102,confirmation_coarse-f16-h6-u25_s102,3,8,62433,707781281,14608000,0,46485441,54404160,262926,hold,1,1
coarse-f16-h6-u25,persistent,16,6,0.25,102,confirmation_coarse-f16-h6-u25_s102,14,19,62408,707570721,14371840,3321600,17675840,21997600,262926,hold,1,1
coarse-f16-h6-u25,persistent,16,6,0.25,102,confirmation_coarse-f16-h6-u25_s102,5,15,63049,714074721,15036000,630560,56150880,56160000,262926,hold,1,0
coarse-f16-h6-u25,persistent,16,6,0.25,102,confirmation_coarse-f16-h6-u25_s102,5,15,64475,728694721,29656000,1465280,55288160,56160000,262926,hold,1,1
coarse-f16-h6-u25,persistent,16,6,0.25,102,confirmation_coarse-f16-h6-u25_s102,6,11,63635,720010401,14602880,2989760,11791040,14945120,262926,increase,0,1
coarse-f16-h6-u25,persistent,16,6,0.25,102,confirmation_coarse-f16-h6-u25_s102,2,5,63750,721454721,14648000,8365280,19372000,14584000,262926,hold,1,0
coarse-f16-h6-u25,persistent,16,6,0.25,102,confirmation_coarse-f16-h6-u25_s102,2,5,65178,736010721,29204000,6473280,18948000,14584000,262926,hold,1,0
coarse-f16-h6-u25,persistent,16,6,0.25,102,confirmation_coarse-f16-h6-u25_s102,2,5,66486,750418721,43612000,4093280,19168000,14584000,262926,hold,1,0
coarse-f16-h6-u25,persistent,16,6,0.25,102,confirmation_coarse-f16-h6-u25_s102,2,5,67818,765190561,58383840,5477280,18024000,14584000,262926,hold,1,1
coarse-f16-h6-u25,persistent,16,6,0.25,102,confirmation_coarse-f16-h6-u25_s102,14,20,63821,722178721,14608000,3005120,10286880,17675840,262926,increase,0,0
coarse-f16-h6-u25,persistent,16,6,0.25,102,confirmation_coarse-f16-h6-u25_s102,16,13,63829,722236161,14608000,955041,19261120,21277118,262926,hold,1,0
coarse-f16-h6-u25,persistent,16,6,0.25,102,confirmation_coarse-f16-h6-u25_s102,16,13,65242,736780161,29152000,189280,18317440,21277118,262926,hold,1,1
coarse-f16-h6-u25,persistent,16,6,0.25,102,confirmation_coarse-f16-h6-u25_s102,3,9,63884,722721281,14940000,585280,52267840,46485441,262926,hold,1,1
coarse-f16-h6-u25,persistent,16,6,0.25,102,confirmation_coarse-f16-h6-u25_s102,12,16,64487,728749120,14796000,1437280,48992000,48625441,262926,hold,1,1
coarse-f16-h6-u25,persistent,16,6,0.25,102,confirmation_coarse-f16-h6-u25_s102,1,13,64540,729317441,14740000,5505280,15616000,17500000,262926,hold,1,1
coarse-f16-h6-u25,persistent,16,6,0.25,102,confirmation_coarse-f16-h6-u25_s102,9,18,65340,737949441,15704000,520000,54181280,52160000,262926,hold,1,0
coarse-f16-h6-u25,persistent,16,6,0.25,102,confirmation_coarse-f16-h6-u25_s102,9,18,66743,753233441,30988000,1361280,53904000,52160000,262926,hold,1,1
coarse-f16-h6-u25,persistent,16,6,0.25,102,confirmation_coarse-f16-h6-u25_s102,3,10,65293,737329281,14608000,1442400,52618880,52267840,262926,hold,1,0
coarse-f16-h6-u25,persistent,16,6,0.25,102,confirmation_coarse-f16-h6-u25_s102,3,10,66648,752157120,29435839,1332000,53594720,52267840,262926,hold,1,1
coarse-f16-h6-u25,persistent,16,6,0.25,102,confirmation_coarse-f16-h6-u25_s102,5,16,65849,743462721,14768000,2313280,54496000,55288160,262926,hold,1,1
coarse-f16-h6-u25,persistent,16,6,0.25,102,confirmation_coarse-f16-h6-u25_s102,12,17,65840,743369120,14620000,2581280,51378720,48992000,262926,hold,1,0
coarse-f16-h6-u25,persistent,16,6,0.25,102,confirmation_coarse-f16-h6-u25_s102,12,17,67172,758017120,29268000,5753280,48724000,48992000,262926,hold,1,1
coarse-f16-h6-u25,persistent,16,6,0.25,102,confirmation_coarse-f16-h6-u25_s102,1,14,65898,743965441,14648000,7229280,13532000,15616000,262926,increase,0,0
coarse-f16-h6-u25,persistent,16,6,0.25,102,confirmation_coarse-f16-h6-u25_s102,6,12,66413,749644001,14613120,1709760,15888000,14612160,262926,hold,1,1
coarse-f16-h6-u25,persistent,16,6,0.25,102,confirmation_coarse-f16-h6-u25_s102,7,11,66467,750165120,14691840,1898721,18586880,15730560,262926,hold,1,0
coarse-f16-h6-u25,persistent,16,6,0.25,102,confirmation_coarse-f16-h6-u25_s102,7,11,67778,764832161,29358881,3236160,17596000,15730560,262926,hold,1,1
coarse-f16-h6-u25,persistent,16,6,0.25,102,confirmation_coarse-f16-h6-u25_s102,16,14,66575,751388161,14608000,0,21769280,18317440,262926,hold,1,1
coarse-f16-h6-u25,persistent,16,6,0.25,102,confirmation_coarse-f16-h6-u25_s102,15,16,66899,755046721,14940000,3045279,15468001,15329279,262926,hold,1,0
coarse-f16-h6-u25,persistent,16,6,0.25,102,confirmation_coarse-f16-h6-u25_s102,15,16,68217,769654721,29548000,3241280,19050560,15329279,262926,hold,1,1
coarse-f16-h6-u25,persistent,16,6,0.25,102,confirmation_coarse-f16-h6-u25_s102,10,6,67031,756468000,15604000,4237280,12948000,14608000,262926,increase,0,0
coarse-f16-h6-u25,persistent,16,6,0.25,102,confirmation_coarse-f16-h6-u25_s102,4,11,66992,756077441,14796000,7584000,11964000,14196000,262926,increase,0,0
coarse-f16-h6-u25,persistent,16,6,0.25,102,confirmation_coarse-f16-h6-u25_s102,5,17,67210,758378721,14916000,3365280,55128000,54496000,262926,hold,1,1
coarse-f16-h6-u25,persistent,16,6,0.25,102,confirmation_coarse-f16-h6-u25_s102,11,20,67384,760358721,14556160,1477440,19691840,16252320,262926,hold,1,1
coarse-f16-h6-u25,persistent,16,6,0.25,102,confirmation_coarse-f16-h6-u25_s102,6,13,67701,764010721,14366720,2757440,17256000,15888000,262926,hold,1,0
coarse-f16-h6-u25,persistent,16,6,0.25,102,confirmation_coarse-f16-h6-u25_s102,6,13,69110,779034561,29390560,2329120,16516160,15888000,262926,hold,1,1
coarse-f16-h6-u25,persistent,16,6,0.25,102,confirmation_coarse-f16-h6-u25_s102,14,21,67934,766334721,15035840,443680,19804960,17827040,262926,hold,1,1
coarse-f16-h6-u25,persistent,16,6,0.25,102,confirmation_coarse-f16-h6-u25_s102,16,15,67896,765996161,14608000,1249280,21516000,21769280,262926,hold,1,1
coarse-f16-h6-u25,persistent,16,6,0.25,102,confirmation_coarse-f16-h6-u25_s102,3,11,68007,767177441,15020321,665601,54667839,53594720,262926,hold,1,0
coarse-f16-h6-u25,persistent,16,6,0.25,102,confirmation_coarse-f16-h6-u25_s102,3,11,69377,781564001,29406881,1070881,47007839,53594720,262926,hold,1,1
coarse-f16-h6-u25,persistent,16,6,0.25,102,confirmation_coarse-f16-h6-u25_s102,9,19,68117,768505441,15272000,141280,55129440,53904000,262926,hold,1,0
coarse-f16-h6-u25,persistent,16,6,0.25,102,confirmation_coarse-f16-h6-u25_s102,9,19,69636,784234881,31001440,0,57724000,53904000,262926,hold,1,1
coarse-f16-h6-u25,persistent,16,6,0.25,102,confirmation_coarse-f16-h6-u25_s102,8,14,68103,768393441,14608000,2904160,15604000,15272000,262926,hold,1,1
coarse-f16-h6-u25,persistent,16,6,0.25,102,confirmation_coarse-f16-h6-u25_s102,12,18,68540,772933120,14916000,6446400,47070880,48724000,262926,hold,1,0
coarse-f16-h6-u25,persistent,16,6,0.25,102,confirmation_coarse-f16-h6-u25_s102,12,18,69982,787729120,29712000,4445280,46480000,48724000,262926,hold,1,1
coarse-f16-h6-u25,persistent,16,6,0.25,102,confirmation_coarse-f16-h6-u25_s102,1,15,68596,773521441,15184000,5589280,17424000,14556000,262926,hold,1,0
coarse-f16-h6-u25,persistent,16,6,0.25,102,confirmation_coarse-f16-h6-u25_s102,1,15,70077,788621441,30284000,3089280,21788000,14556000,262926,hold,1,1
coarse-f16-h6-u25,persistent,16,6,0.25,102,confirmation_coarse-f16-h6-u25_s102,5,18,68574,773266721,14888000,3697280,52565280,55128000,262926,hold,1,1
coarse-f16-h6-u25,persistent,16,6,0.25,102,confirmation_coarse-f16-h6-u25_s102,11,21,68752,775202881,14844160,2097600,17492160,19691840,262926,hold,1,1
coarse-f16-h6-u25,persistent,16,6,0.25,102,confirmation_coarse-f16-h6-u25_s102,7,12,69135,779240001,14407840,3373120,14633600,17596000,262926,hold,1,0
coarse-f16-h6-u25,persistent,16,6,0.25,102,confirmation_coarse-f16-h6-u25_s102,7,12,70580,793890721,29058560,1898721,16291998,17596000,262926,hold,1,1
coarse-f16-h6-u25,persistent,16,6,0.25,102,confirmation_coarse-f16-h6-u25_s102,2,6,69216,780010721,14820160,7885280,12600000,18024000,262926,increase,0,0
coarse-f16-h6-u25,persistent,16,6,0.25,102,confirmation_coarse-f16-h6-u25_s102,16,16,69277,780604161,14608000,1581280,18260000,21516000,262926,hold,1,0
coarse-f16-h6-u25,persistent,16,6,0.25,102,confirmation_coarse-f16-h6-u25_s102,16,16,70701,795212161,29216000,2909280,17596000,21516000,262926,hold,1,1
coarse-f16-h6-u25,persistent,16,6,0.25,102,confirmation_coarse-f16-h6-u25_s102,14,22,69319,780942721,14608000,1766560,15418720,19804960,262926,hold,1,1
coarse-f16-h6-u25,persistent,16,6,0.25,102,confirmation_coarse-f16-h6-u25_s102,8,15,69524,783001441,14608000,3568160,17596000,15604000,262926,hold,1,0
coarse-f16-h6-u25,persistent,16,6,0.25,102,confirmation_coarse-f16-h6-u25_s102,8,15,70938,797609441,29216000,3568160,11952000,15604000,262926,increase,0,1
coarse-f16-h6-u25,persistent,16,6,0.25,102,confirmation_coarse-f16-h6-u25_s102,15,17,69674,784599841,14945120,833440,25647840,19050560,262926,hold,1,0
coarse-f16-h6-u25,persistent,16,6,0.25,102,confirmation_coarse-f16-h6-u25_s102,15,17,71093,799217280,29562559,2923839,20237441,19050560,262926,hold,1,1
coarse-f16-h6-u25,persistent,16,6,0.25,102,confirmation_coarse-f16-h6-u25_s102,5,19,70021,788066240,14799519,4241280,53612000,52565280,262926,hold,1,1
coarse-f16-h6-u25,persistent,16,6,0.25,102,confirmation_coarse-f16-h6-u25_s102,11,22,70193,789798721,14595840,1913280,13280000,17492160,262926,increase,0,0
coarse-f16-h6-u25,persistent,16,6,0.25,102,confirmation_coarse-f16-h6-u25_s102,6,14,70558,793642561,14608000,2182400,16178560,16516160,262926,hold,1,1
coarse-f16-h6-u25,persistent,16,6,0.25,102,confirmation_coarse-f16-h6-u25_s102,14,23,70727,795442721,14500000,2572160,13172000,15418720,262926,increase,0,0
coarse-f16-h6-u25,persistent,16,6,0.25,102,confirmation_coarse-f16-h6-u25_s102,3,12,70825,796393441,14829440,1642560,54354880,47007839,262926,hold,1,0
coarse-f16-h6-u25,persistent,16,6,0.25,102,confirmation_coarse-f16-h6-u25_s102,3,12,72248,811008161,29444160,1255201,54188799,47007839,262926,hold,1,1
coarse-f16-h6-u25,persistent,16,6,0.25,102,confirmation_coarse-f16-h6-u25_s102,9,20,71043,798766721,14531840,0,55466560,57724000,262926,hold,1,1
coarse-f16-h6-u25,persistent,16,6,0.25,102,confirmation_coarse-f16-h6-u25_s102,13,2,71376,802117441,14796000,4601280,18652000,20072000,262926,hold,1,0
coarse-f16-h6-u25,persistent,16,6,0.25,102,confirmation_coarse-f16-h6-u25_s102,13,2,72801,816701441,29380000,5625280,15912000,20072000,262926,hold,1,0
coarse-f16-h6-u25,persistent,16,6,0.25,102,confirmation_coarse-f16-h6-u25_s102,13,2,74200,831229441,43908000,2885280,21456000,20072000,262926,hold,1,1
coarse-f16-h6-u25,persistent,16,6,0.25,102,confirmation_coarse-f16-h6-u25_s102,12,19,71379,802118721,14389601,4261601,46313280,46480000,262926,hold,1,1
coarse-f16-h6-u25,persistent,16,6,0.25,102,confirmation_coarse-f16-h6-u25_s102,5,20,71445,802858721,14792481,4601280,48068000,53612000,262926,hold,1,0
coarse-f16-h6-u25,persistent,16,6,0.25,102,confirmation_coarse-f16-h6-u25_s102,5,20,72888,817534721,29468481,1105280,54120000,53612000,262926,hold,1,1
coarse-f16-h6-u25,persistent,16,6,0.25,102,confirmation_coarse-f16-h6-u25_s102,1,16,71482,803233441,14612000,4813280,19824000,21788000,262926,hold,1,0
coarse-f16-h6-u25,persistent,16,6,0.25,102,confirmation_coarse-f16-h6-u25_s102,1,16,72907,817789441,29168000,1853280,20044000,21788000,262926,hold,1,1
coarse-f16-h6-u25,persistent,16,6,0.25,102,confirmation_coarse-f16-h6-u25_s102,6,15,71955,808140000,14497439,0,14016320,16178560,262926,hold,1,1
coarse-f16-h6-u25,persistent,16,6,0.25,102,confirmation_coarse-f16-h6-u25_s102,7,13,72000,808498721,14608000,6400161,10627679,16291998,262926,increase,0,0
coarse-f16-h6-u25,persistent,16,6,0.25,102,confirmation_coarse-f16-h6-u25_s102,16,17,72131,809820161,14608000,2909280,13614400,17596000,262926,increase,0,0
coarse-f16-h6-u25,persistent,16,6,0.25,102,confirmation_coarse-f16-h6-u25_s102,9,21,72527,813989441,15222720,1085280,55669280,55466560,262926,hold,1,0
coarse-f16-h6-u25,persistent,16,6,0.25,102,confirmation_coarse-f16-h6-u25_s102,9,21,73946,828590720,29823999,246559,52180001,55466560,262926,hold,1,1
coarse-f16-h6-u25,persistent,16,6,0.25,102,confirmation_coarse-f16-h6-u25_s102,15,18,72544,814142721,14925441,3573280,15286559,20237441,262926,hold,1,0
coarse-f16-h6-u25,persistent,16,6,0.25,102,confirmation_coarse-f16-h6-u25_s102,15,18,74005,829097280,29880000,4222721,12948000,20237441,262926,increase,0,1
coarse-f16-h6-u25,persistent,16,6,0.25,102,confirmation_coarse-f16-h6-u25_s102,12,20,72804,816758721,14640000,3868320,46014561,46313280,262926,hold,1,1
coarse-f16-h6-u25,persistent,16,6,0.25,102,confirmation_coarse-f16-h6-u25_s102,6,16,73381,822748000,14608000,1249280,12172159,14016320,262926,increase,0,1
coarse-f16-h6-u25,persistent,16,6,0.25,102,confirmation_coarse-f16-h6-u25_s102,14,24,73520,824255841,14429120,1067840,11744319,17156000,262926,increase,0,0
coarse-f16-h6-u25,persistent,16,6,0.25,102,confirmation_coarse-f16-h6-u25_s102,3,13,73734,826273441,15265280,206560,53911041,54188799,262926,hold,1,0
coarse-f16-h6-u25,persistent,16,6,0.25,102,confirmation_coarse-f16-h6-u25_s102,3,13,75139,840881441,29873280,1256000,55476000,54188799,262926,hold,1,1
coarse-f16-h6-u25,persistent,16,6,0.25,102,confirmation_coarse-f16-h6-u25_s102,8,16,73756,826598720,14381279,353439,14940000,16268000,262926,hold,1,1
coarse-f16-h6-u25,persistent,16,6,0.25,102,confirmation_coarse-f16-h6-u25_s102,12,21,74259,831802721,15044000,1705280,50401601,46014561,262926,hold,1,1
coarse-f16-h6-u25,persistent,16,6,0.25,102,confirmation_coarse-f16-h6-u25_s102,5,21,74300,832238721,14704000,4297280,52856000,54120000,262926,hold,1,1
coarse-f16-h6-u25,persistent,16,6,0.25,102,confirmation_coarse-f16-h6-u25_s102,1,17,74290,832225441,14436000,3217280,20848000,20044000,262926,hold,1,0
coarse-f16-h6-u25,persistent,16,6,0.25,102,confirmation_coarse-f16-h6-u25_s102,1,17,75702,846845441,29056000,4693280,19104000,20044000,262926,hold,1,1
coarse-f16-h6-u25,persistent,16,6,0.25,102,confirmation_coarse-f16-h6-u25_s102,11,23,74433,833570720,14608000,6241440,9231839,17251840,262926,increase,0,0
coarse-f16-h6-u25,persistent,16,6,0.25,102,confirmation_coarse-f16-h6-u25_s102,8,17,75154,841122721,14524001,1349439,15604000,14940000,262926,hold,1,1
coarse-f16-h6-u25,persistent,16,6,0.25,102,confirmation_coarse-f16-h6-u25_s102,9,22,75352,843193441,14602721,85280,55446720,52180001,262926,hold,1,0
coarse-f16-h6-u25,persistent,16,6,0.25,102,confirmation_coarse-f16-h6-u25_s102,9,22,76737,857801441,29210721,736959,53199041,52180001,262926,hold,1,1
coarse-f16-h6-u25,persistent,16,6,0.25,102,confirmation_coarse-f16-h6-u25_s102,4,12,75525,845009441,14768000,6289280,17960000,18652000,262926,hold,1,0
coarse-f16-h6-u25,persistent,16,6,0.25,102,confirmation_coarse-f16-h6-u25_s102,4,12,76900,859557441,29316000,9425280,13496000,18652000,262926,increase,0,1
coarse-f16-h6-u25,persistent,16,6,0.25,102,confirmation_coarse-f16-h6-u25_s102,13,3,75632,846033441,14804000,4213280,20680000,21456000,262926,hold,1,1
coarse-f16-h6-u25,persistent,16,6,0.25,102,confirmation_coarse-f16-h6-u25_s102,12,22,75665,846386721,14584000,3825280,49037601,50401601,262926,hold,1,1
coarse-f16-h6-u25,persistent,16,6,0.25,102,confirmation_coarse-f16-h6-u25_s102,5,22,75712,846886721,14648000,5081280,54092000,52856000,262926,hold,1,0
coarse-f16-h6-u25,persistent,16,6,0.25,102,confirmation_coarse-f16-h6-u25_s102,5,22,77082,861590721,29352000,893280,54212000,52856000,262926,hold,1,1
coarse-f16-h6-u25,persistent,16,6,0.25,102,confirmation_coarse-f16-h6-u25_s102,6,17,76203,852157441,14982720,4104000,10286721,15973439,262926,increase,0,0
coarse-f16-h6-u25,persistent,16,6,0.25,102,confirmation_coarse-f16-h6-u25_s102,7,14,76211,852236161,14668000,414880,15018720,14276000,262926,hold,1,1
coarse-f16-h6-u25,persistent,16,6,0.25,102,confirmation_coarse-f16-h6-u25_s102,14,25,76329,853490561,14629280,1908160,12771680,17515520,262926,increase,0,0
coarse-f16-h6-u25,persistent,16,6,0.25,102,confirmation_coarse-f16-h6-u25_s102,16,18,76345,853644161,14608000,3238880,18260000,16270400,262926,hold,1,0
coarse-f16-h6-u25,persistent,16,6,0.25,102,confirmation_coarse-f16-h6-u25_s102,16,18,77663,868252161,29216000,5230880,9960000,16270400,262926,increase,0,1
coarse-f16-h6-u25,persistent,16,6,0.25,102,confirmation_coarse-f16-h6-u25_s102,3,14,76504,855260161,14378720,24000,53565280,55476000,262926,hold,1,0
coarse-f16-h6-u25,persistent,16,6,0.25,102,confirmation_coarse-f16-h6-u25_s102,3,14,77810,869868161,28986720,253280,50228000,55476000,262926,hold,1,1
coarse-f16-h6-u25,persistent,16,6,0.25,102,confirmation_coarse-f16-h6-u25_s102,8,18,76527,855482720,14359999,1160161,14281120,15604000,262926,hold,1,1
coarse-f16-h6-u25,persistent,16,6,0.25,102,confirmation_coarse-f16-h6-u25_s102,15,19,76785,858298721,14608000,4222721,16277439,16902882,262926,hold,1,0
coarse-f16-h6-u25,persistent,16,6,0.25,102,confirmation_coarse-f16-h6-u25_s102,15,19,78182,873570721,29880000,7390560,9116161,16902882,262926,increase,0,0
coarse-f16-h6-u25,persistent,16,6,0.25,102,confirmation_coarse-f16-h6-u25_s102,13,4,77011,860801441,14768000,5781280,19106880,20680000,262926,hold,1,0
coarse-f16-h6-u25,persistent,16,6,0.25,102,confirmation_coarse-f16-h6-u25_s102,13,4,78349,875301441,29268000,7681280,15644000,20680000,262926,hold,1,0
coarse-f16-h6-u25,persistent,16,6,0.25,102,confirmation_coarse-f16-h6-u25_s102,13,4,79759,890245441,44212000,6077280,13928000,20680000,262926,increase,0,1
coarse-f16-h6-u25,persistent,16,6,0.25,102,confirmation_coarse-f16-h6-u25_s102,12,23,77034,861062721,14676000,2129280,47072000,49037601,262926,hold,1,1
coarse-f16-h6-u25,persistent,16,6,0.25,102,confirmation_coarse-f16-h6-u25_s102,1,18,77097,861733441,14888000,4813280,18660000,19104000,262926,hold,1,1
coarse-f16-h6-u25,persistent,16,6,0.25,102,confirmation_coarse-f16-h6-u25_s102,7,15,77517,866598721,14362560,4070560,10035040,15018720,262926,increase,0,0
coarse-f16-h6-u25,persistent,16,6,0.25,102,confirmation_coarse-f16-h6-u25_s102,2,7,77587,867402721,14464000,5589280,19712000,17204000,262926,hold,1,0
coarse-f16-h6-u25,persistent,16,6,0.25,102,confirmation_coarse-f16-h6-u25_s102,2,7,78991,882142721,29204000,9029280,15220000,17204000,262926,hold,1,0
coarse-f16-h6-u25,persistent,16,6,0.25,102,confirmation_coarse-f16-h6-u25_s102,2,7,80390,896910721,43972000,8283840,15909440,17204000,262926,hold,1,0
coarse-f16-h6-u25,persistent,16,6,0.25,102,confirmation_coarse-f16-h6-u25_s102,2,7,81710,911430721,58492000,10993280,9372000,17204000,262926,increase,0,0
coarse-f16-h6-u25,persistent,16,6,0.25,102,confirmation_coarse-f16-h6-u25_s102,8,19,77833,870095840,14613120,674399,12521761,14281120,262926,increase,0,1
coarse-f16-h6-u25,persistent,16,6,0.25,102,confirmation_coarse-f16-h6-u25_s102,9,23,78074,872488161,14686720,1249280,52468000,53199041,262926,hold,1,1
coarse-f16-h6-u25,persistent,16,6,0.25,102,confirmation_coarse-f16-h6-u25_s102,12,24,78402,875794721,14732000,3217280,50440000,47072000,262926,hold,1,1
coarse-f16-h6-u25,persistent,16,6,0.25,102,confirmation_coarse-f16-h6-u25_s102,5,23,78443,876350721,14760000,482720,53654560,54212000,262926,hold,1,0
coarse-f16-h6-u25,persistent,16,6,0.25,102,confirmation_coarse-f16-h6-u25_s102,5,23,79855,891238721,29648000,1189280,54064000,54212000,262926,hold,1,1
coarse-f16-h6-u25,persistent,16,6,0.25,102,confirmation_coarse-f16-h6-u25_s102,1,19,78458,876417441,14684000,4540160,15317120,18660000,262926,hold,1,1
coarse-f16-h6-u25,persistent,16,6,0.25,102,confirmation_coarse-f16-h6-u25_s102,3,15,79199,884293120,14424959,253280,52470399,50228000,262926,hold,1,1
coarse-f16-h6-u25,persistent,16,6,0.25,102,confirmation_coarse-f16-h6-u25_s102,9,24,79469,887096161,14608000,1249280,52112000,52468000,262926,hold,1,0
coarse-f16-h6-u25,persistent,16,6,0.25,102,confirmation_coarse-f16-h6-u25_s102,9,24,80822,901704161,29216000,1249280,53540000,52468000,262926,hold,1,1
coarse-f16-h6-u25,persistent,16,6,0.25,102,confirmation_coarse-f16-h6-u25_s102,4,13,79648,889001441,14860000,7157280,14796000,16124000,262926,hold,1,0
coarse-f16-h6-u25,persistent,16,6,0.25,102,confirmation_coarse-f16-h6-u25_s102,4,13,81010,903741441,29600000,8465280,10184000,16124000,262926,increase,0,0
coarse-f16-h6-u25,persistent,16,6,0.25,102,confirmation_coarse-f16-h6-u25_s102,12,25,79805,890738721,14944000,5017280,52196000,50440000,262926,hold,1,0
coarse-f16-h6-u25,persistent,16,6,0.25,102,confirmation_coarse-f16-h6-u25_s102,12,25,81170,905506721,29712000,3245280,56260000,50440000,262926,hold,1,1
coarse-f16-h6-u25,persistent,16,6,0.25,102,confirmation_coarse-f16-h6-u25_s102,1,20,79823,890861441,14444000,3133280,14022560,15317120,262926,hold,1,1
coarse-f16-h6-u25,persistent,16,6,0.25,102,confirmation_coarse-f16-h6-u25_s102,16,19,80437,897468161,14608000,1909600,14940000,15937280,262926,hold,1,0
coarse-f16-h6-u25,persistent,16,6,0.25,102,confirmation_coarse-f16-h6-u25_s102,16,19,81764,912076161,29216000,2573600,13280000,15937280,262926,increase,0,1
coarse-f16-h6-u25,persistent,16,6,0.25,102,confirmation_coarse-f16-h6-u25_s102,3,16,80620,899390560,15097440,917280,54360959,52470399,262926,hold,1,1
coarse-f16-h6-u25,persistent,16,6,0.25,102,confirmation_coarse-f16-h6-u25_s102,8,20,80600,899134721,14436001,408161,15111999,15355999,262926,hold,1,0
coarse-f16-h6-u25,persistent,16,6,0.25,102,confirmation_coarse-f16-h6-u25_s102,8,20,81942,913766721,29068001,408161,13304000,15355999,262926,increase,0,1
coarse-f16-h6-u25,persistent,16,6,0.25,102,confirmation_coarse-f16-h6-u25_s102,1,21,81167,905473441,14612000,6261280,10920000,14022560,262926,increase,0,1
coarse-f16-h6-u25,persistent,16,6,0.25,102,confirmation_coarse-f16-h6-u25_s102,5,24,81206,905858721,14620000,3125280,51888000,54064000,262926,hold,1,0
coarse-f16-h6-u25,persistent,16,6,0.25,102,confirmation_coarse-f16-h6-u25_s102,5,24,82608,920894721,29656000,4961280,50716000,54064000,262926,hold,1,1
coarse-f16-h6-u25,persistent,16,6,0.25,102,confirmation_coarse-f16-h6-u25_s102,11,24,81293,906874240,14475359,2439519,10439522,14726400,262926,increase,0,1
coarse-f16-h6-u25,persistent,16,6,0.25,102,confirmation_coarse-f16-h6-u25_s102,14,26,81742,911774721,14608000,3361120,12348320,14180160,262926,increase,0,0
coarse-f16-h6-u25,persistent,16,6,0.25,102,confirmation_coarse-f16-h6-u25_s102,3,17,81990,914269120,14878560,696321,55021279,54360959,262926,hold,1,1
coarse-f16-h6-u25,persistent,16,6,0.25,102,confirmation_coarse-f16-h6-u25_s102,9,25,82250,917062721,15358560,282720,53534560,53540000,262926,hold,1,1
coarse-f16-h6-u25,persistent,16,6,0.25,102,confirmation_coarse-f16-h6-u25_s102,12,26,82580,920486721,14980000,1013280,56224000,56260000,262926,hold,1,1
coarse-f16-h6-u25,persistent,16,6,0.25,102,confirmation_coarse-f16-h6-u25_s102,7,16,83016,925362721,14658560,2321441,17233279,15221440,262926,hold,1,1
coarse-f16-h6-u25,persistent,16,6,0.25,102,confirmation_coarse-f16-h6-u25_s102,3,18,83352,928877120,14608000,26720,57243519,55021279,262926,hold,1,0
coarse-f16-h6-u25,persistent,16,6,0.25,102,confirmation_coarse-f16-h6-u25_s102,3,18,84622,943398561,29129441,498721,57348959,55021279,262926,hold,1,1
coarse-f16-h6-u25,persistent,16,6,0.25,102,confirmation_coarse-f16-h6-u25_s102,9,26,83654,932248161,15185440,2858239,52340321,53534560,262926,hold,1,0
coarse-f16-h6-u25,persistent,16,6,0.25,102,confirmation_coarse-f16-h6-u25_s102,9,26,85072,948516161,31453440,355840,57922720,53534560,262926,hold,1,1
coarse-f16-h6-u25,persistent,16,6,0.25,102,confirmation_coarse-f16-h6-u25_s102,12,27,83902,934986721,14500000,1989280,48900000,56224000,262926,hold,1,1
coarse-f16-h6-u25,persistent,16,6,0.25,102,confirmation_coarse-f16-h6-u25_s102,5,25,83947,935514721,14620000,596160,56501120,50716000,262926,hold,1,0
coarse-f16-h6-u25,persistent,16,6,0.25,102,confirmation_coarse-f16-h6-u25_s102,5,25,85229,950190721,29296000,745280,57094560,50716000,262926,hold,1,0
coarse-f16-h6-u25,persistent,16,6,0.25,102,confirmation_coarse-f16-h6-u25_s102,5,25,86596,965106721,44212000,3125280,57292000,50716000,262926,hold,1,1
coarse-f16-h6-u25,persistent,16,6,0.25,102,confirmation_coarse-f16-h6-u25_s102,6,18,84368,940538881,15409761,1249280,17264000,16462239,262926,hold,1,1
coarse-f16-h6-u25,persistent,16,6,0.25,102,confirmation_coarse-f16-h6-u25_s102,7,17,84407,940916161,15553440,4518720,16268000,17233279,262926,hold,1,0
coarse-f16-h6-u25,persistent,16,6,0.25,102,confirmation_coarse-f16-h6-u25_s102,7,17,85710,955524161,30161440,3160320,16962400,17233279,262926,hold,1,1
coarse-f16-h6-u25,persistent,16,6,0.25,102,confirmation_coarse-f16-h6-u25_s102,8,21,84585,942982721,14608000,1908160,17957120,16784001,262926,hold,1,1
coarse-f16-h6-u25,persistent,16,6,0.25,102,confirmation_coarse-f16-h6-u25_s102,4,14,85022,947886721,14436000,2994560,17968000,16972000,262926,hold,1,0
coarse-f16-h6-u25,persistent,16,6,0.25,102,confirmation_coarse-f16-h6-u25_s102,4,14,86345,962498721,29048000,5346560,14160000,16972000,262926,hold,1,0
coarse-f16-h6-u25,persistent,16,6,0.25,102,confirmation_coarse-f16-h6-u25_s102,4,14,87658,977174721,43724000,6649280,18253280,16972000,262926,hold,1,0
coarse-f16-h6-u25,persistent,16,6,0.25,102,confirmation_coarse-f16-h6-u25_s102,4,14,89119,992949441,59498720,3256000,26308000,16972000,262926,hold,1,1
coarse-f16-h6-u25,persistent,16,6,0.25,102,confirmation_coarse-f16-h6-u25_s102,13,5,85103,948765441,14584000,6135680,20100000,19316000,262926,hold,1,0
coarse-f16-h6-u25,persistent,16,6,0.25,102,confirmation_coarse-f16-h6-u25_s102,13,5,86461,963737441,29556000,2187680,21693600,19316000,262926,hold,1,1
coarse-f16-h6-u25,persistent,16,6,0.25,102,confirmation_coarse-f16-h6-u25_s102,12,28,85187,949710721,14724000,393280,50792000,48900000,262926,hold,1,1
coarse-f16-h6-u25,persistent,16,6,0.25,102,confirmation_coarse-f16-h6-u25_s102,11,25,85384,951942721,15424000,385280,20252641,14649280,262926,hold,1,1
coarse-f16-h6-u25,persistent,16,6,0.25,102,confirmation_coarse-f16-h6-u25_s102,10,7,85411,952254721,14940000,1091680,18254880,17660321,262926,hold,1,0
coarse-f16-h6-u25,persistent,16,6,0.25,102,confirmation_coarse-f16-h6-u25_s102,10,7,86771,967039840,29725119,2746560,15941120,17660321,262926,hold,1,0
coarse-f16-h6-u25,persistent,16,6,0.25,102,confirmation_coarse-f16-h6-u25_s102,10,7,88067,981647840,44333119,4994559,11952000,17660321,262926,increase,0,1
coarse-f16-h6-u25,persistent,16,6,0.25,102,confirmation_coarse-f16-h6-u25_s102,2,8,85677,955078721,14648000,5845280,12960000,16448000,262926,increase,0,1
coarse-f16-h6-u25,persistent,16,6,0.25,102,confirmation_coarse-f16-h6-u25_s102,6,19,85662,954930721,14391840,89601,24515519,17264000,262926,hold,1,1
coarse-f16-h6-u25,persistent,16,6,0.25,102,confirmation_coarse-f16-h6-u25_s102,14,27,85691,955242721,14362560,1249280,22878880,15857440,262926,hold,1,0
coarse-f16-h6-u25,persistent,16,6,0.25,102,confirmation_coarse-f16-h6-u25_s102,14,27,87005,969754881,28874720,1909600,22878720,15857440,262926,hold,1,1
coarse-f16-h6-u25,persistent,16,6,0.25,102,confirmation_coarse-f16-h6-u25_s102,8,22,85903,957590721,14608000,1576160,18261120,17957120,262926,hold,1,0
coarse-f16-h6-u25,persistent,16,6,0.25,102,confirmation_coarse-f16-h6-u25_s102,8,22,87233,972198721,29216000,580160,19920000,17957120,262926,hold,1,1
coarse-f16-h6-u25,persistent,16,6,0.25,102,confirmation_coarse-f16-h6-u25_s102,3,19,85942,957993441,14594880,498721,56966559,57348959,262926,hold,1,0
coarse-f16-h6-u25,persistent,16,6,0.25,102,confirmation_coarse-f16-h6-u25_s102,3,19,87325,973394721,29996160,394881,59116959,57348959,262926,hold,1,1
coarse-f16-h6-u25,persistent,16,6,0.25,102,confirmation_coarse-f16-h6-u25_s102,9,27,86548,964614561,16098400,1293280,56978560,57922720,262926,hold,1,1
coarse-f16-h6-u25,persistent,16,6,0.25,102,confirmation_coarse-f16-h6-u25_s102,1,22,86502,964161441,14796000,3273280,25904000,20156000,262926,hold,1,1
coarse-f16-h6-u25,persistent,16,6,0.25,102,confirmation_coarse-f16-h6-u25_s102,12,29,86519,964358721,14648000,1817280,50668000,50792000,262926,hold,1,1
coarse-f16-h6-u25,persistent,16,6,0.25,102,confirmation_coarse-f16-h6-u25_s102,11,26,86714,966434881,14492160,349120,24467040,20252641,262926,hold,1,0
coarse-f16-h6-u25,persistent,16,6,0.25,102,confirmation_coarse-f16-h6-u25_s102,11,26,88009,981042881,29100160,469440,23397120,20252641,262926,hold,1,1
coarse-f16-h6-u25,persistent,16,6,0.25,102,confirmation_coarse-f16-h6-u25_s102,6,20,86973,969363840,14433119,2402399,21501601,24515519,262926,hold,1,0
coarse-f16-h6-u25,persistent,16,6,0.25,102,confirmation_coarse-f16-h6-u25_s102,6,20,88276,984036001,29105280,5385279,10080960,24515519,262926,increase,0,1
coarse-f16-h6-u25,persistent,16,6,0.25,102,confirmation_coarse-f16-h6-u25_s102,7,18,87020,969926561,14402400,1581280,20378400,16962400,262926,hold,1,1
coarse-f16-h6-u25,persistent,16,6,0.25,102,confirmation_coarse-f16-h6-u25_s102,16,20,87057,970258561,14608000,0,20257120,16346720,262926,hold,1,1
coarse-f16-h6-u25,persistent,16,6,0.25,102,confirmation_coarse-f16-h6-u25_s102,15,20,87597,976490721,14864160,2245280,25558880,14663680,262926,hold,1,0
coarse-f16-h6-u25,persistent,16,6,0.25,102,confirmation_coarse-f16-h6-u25_s102,15,20,88934,991098721,29472160,841440,30414240,14663680,262926,hold,1,1
coarse-f16-h6-u25,persistent,16,6,0.25,102,confirmation_coarse-f16-h6-u25_s102,13,6,87785,978625441,14888000,1646880,26690400,21693600,262926,hold,1,0
coarse-f16-h6-u25,persistent,16,6,0.25,102,confirmation_coarse-f16-h6-u25_s102,13,6,89153,993309441,29572000,837280,27248000,21693600,262926,hold,1,0
coarse-f16-h6-u25,persistent,16,6,0.25,102,confirmation_coarse-f16-h6-u25_s102,13,6,90595,1008017120,44279679,4369280,23535679,21693600,262926,hold,1,1
coarse-f16-h6-u25,persistent,16,6,0.25,102,confirmation_coarse-f16-h6-u25_s102,1,23,87824,979077441,14916000,1613280,28136000,25904000,262926,hold,1,1
coarse-f16-h6-u25,persistent,16,6,0.25,102,confirmation_coarse-f16-h6-u25_s102,12,30,87828,979082561,14723840,1033120,52624160,50668000,262926,hold,1,0
coarse-f16-h6-u25,persistent,16,6,0.25,102,confirmation_coarse-f16-h6-u25_s102,12,30,89249,994418721,30060000,1149280,56832000,50668000,262926,hold,1,1
coarse-f16-h6-u25,persistent,16,6,0.25,102,confirmation_coarse-f16-h6-u25_s102,9,28,87946,980365601,15751040,0,59083840,56978560,262926,hold,1,1
coarse-f16-h6-u25,persistent,16,6,0.25,102,confirmation_coarse-f16-h6-u25_s102,5,26,87883,979690721,14584000,2129280,58344000,57292000,262926,hold,1,0
coarse-f16-h6-u25,persistent,16,6,0.25,102,confirmation_coarse-f16-h6-u25_s102,5,26,89223,994101441,28994720,81280,59488000,57292000,262926,hold,1,1
coarse-f16-h6-u25,persistent,16,6,0.25,102,confirmation_coarse-f16-h6-u25_s102,2,9,88300,984366721,14788000,6281280,14932000,14112000,262926,hold,1,0
coarse-f16-h6-u25,persistent,16,6,0.25,102,confirmation_coarse-f16-h6-u25_s102,2,9,89751,999402721,29824000,6005280,16548000,14112000,262926,hold,1,0
coarse-f16-h6-u25,persistent,16,6,0.25,102,confirmation_coarse-f16-h6-u25_s102,2,9,91179,1014142721,44564000,8705280,12464000,14112000,262926,increase,0,0
coarse-f16-h6-u25,persistent,16,6,0.25,102,confirmation_coarse-f16-h6-u25_s102,14,28,88288,984146721,14391840,701120,23124160,22878720,262926,hold,1,1
coarse-f16-h6-u25,persistent,16,6,0.25,102,confirmation_coarse-f16-h6-u25_s102,7,19,88400,985454721,15528160,1299840,23189440,20378400,262926,hold,1,1
coarse-f16-h6-u25,persistent,16,6,0.25,102,confirmation_coarse-f16-h6-u25_s102,16,21,88350,984866561,14608000,585280,24236000,20257120,262926,hold,1,0
coarse-f16-h6-u25,persistent,16,6,0.25,102,confirmation_coarse-f16-h6-u25_s102,16,21,89758,999474561,29216000,1254400,22897760,20257120,262926,hold,1,1
coarse-f16-h6-u25,persistent,16,6,0.25,102,confirmation_coarse-f16-h6-u25_s102,8,23,88529,986806721,14608000,248160,21248000,19920000,262926,hold,1,1
coarse-f16-h6-u25,persistent,16,6,0.25,102,confirmation_coarse-f16-h6-u25_s102,3,20,88625,987842721,14448000,129280,58108000,59116959,262926,hold,1,1
coarse-f16-h6-u25,persistent,16,6,0.25,102,confirmation_coarse-f16-h6-u25_s102,1,24,89204,993825441,14748000,1225280,28412000,28136000,262926,hold,1,0
coarse-f16-h6-u25,persistent,16,6,0.25,102,confirmation_coarse-f16-h6-u25_s102,1,24,90726,1009449120,30371679,4376959,25100321,28136000,262926,hold,1,1
coarse-f16-h6-u25,persistent,16,6,0.25,102,confirmation_coarse-f16-h6-u25_s102,9,29,89325,995161441,14795840,0,57906560,59083840,262926,hold,1,0
coarse-f16-h6-u25,persistent,16,6,0.25,102,confirmation_coarse-f16-h6-u25_s102,9,29,90812,1010270881,29905280,0,57172160,59083840,262926,hold,1,1
coarse-f16-h6-u25,persistent,16,6,0.25,102,confirmation_coarse-f16-h6-u25_s102,11,27,89434,996255840,15212959,1517119,21137280,23397120,262926,hold,1,1
coarse-f16-h6-u25,persistent,16,6,0.25,102,confirmation_coarse-f16-h6-u25_s102,14,29,89672,998638881,14492160,1033120,20584000,23124160,262926,hold,1,0
coarse-f16-h6-u25,persistent,16,6,0.25,102,confirmation_coarse-f16-h6-u25_s102,14,29,91066,1013070721,28924000,1953280,21695840,23124160,262926,hold,1,1
coarse-f16-h6-u25,persistent,16,6,0.25,102,confirmation_coarse-f16-h6-u25_s102,7,20,89810,1000062721,14608000,2577280,19920000,23189440,262926,hold,1,1
coarse-f16-h6-u25,persistent,16,6,0.25,102,confirmation_coarse-f16-h6-u25_s102,8,24,89939,1001414721,14608000,913280,20914880,21248000,262926,hold,1,0
coarse-f16-h6-u25,persistent,16,6,0.25,102,confirmation_coarse-f16-h6-u25_s102,8,24,91338,1015774561,28967840,996000,25232000,21248000,262926,hold,1,1
coarse-f16-h6-u25,persistent,16,6,0.25,102,confirmation_coarse-f16-h6-u25_s102,3,21,90050,1002465441,14622720,769440,57579840,58108000,262926,hold,1,1
coarse-f16-h6-u25,persistent,16,6,0.25,102,confirmation_coarse-f16-h6-u25_s102,15,21,90358,1005706721,14608000,1829440,28098240,30414240,262926,hold,1,0
coarse-f16-h6-u25,persistent,16,6,0.25,102,confirmation_coarse-f16-h6-u25_s102,15,21,91764,1020390561,29291840,3905280,24816160,30414240,262926,hold,1,1
coarse-f16-h6-u25,persistent,16,6,0.25,102,confirmation_coarse-f16-h6-u25_s102,4,15,90576,1007811681,14862240,1769280,27498720,26308000,262926,hold,1,1
coarse-f16-h6-u25,persistent,16,6,0.25,102,confirmation_coarse-f16-h6-u25_s102,5,27,90654,1008601441,14500000,2380000,53308000,59488000,262926,hold,1,1
coarse-f16-h6-u25,persistent,16,6,0.25,102,confirmation_coarse-f16-h6-u25_s102,12,31,90664,1008778721,14360000,1221280,56788000,56832000,262926,hold,1,1
coarse-f16-h6-u25,persistent,16,6,0.25,102,confirmation_coarse-f16-h6-u25_s102,11,28,90868,1010922881,14667041,1581280,24066239,21137280,262926,hold,1,1
coarse-f16-h6-u25,persistent,16,6,0.25,102,confirmation_coarse-f16-h6-u25_s102,10,8,91012,1012523840,15604000,1913280,15936001,18021279,262926,hold,1,0
coarse-f16-h6-u25,persistent,16,6,0.25,102,confirmation_coarse-f16-h6-u25_s102,10,8,92467,1027795840,30876000,3241280,14608000,18021279,262926,hold,1,0
coarse-f16-h6-u25,persistent,16,6,0.25,102,confirmation_coarse-f16-h6-u25_s102,10,8,94022,1043731840,46812000,3241280,15758881,18021279,262926,hold,1,1
coarse-f16-h6-u25,persistent,16,6,0.25,102,confirmation_coarse-f16-h6-u25_s102,16,22,91173,1014087681,14613120,1576160,14940000,22897760,262926,hold,1,0
coarse-f16-h6-u25,persistent,16,6,0.25,102,confirmation_coarse-f16-h6-u25_s102,16,22,92558,1028695681,29221120,3236160,17596000,22897760,262926,hold,1,1
coarse-f16-h6-u25,persistent,16,6,0.25,102,confirmation_coarse-f16-h6-u25_s102,7,21,91236,1014746561,14683840,1320000,11288000,19920000,262926,increase,0,1
coarse-f16-h6-u25,persistent,16,6,0.25,102,confirmation_coarse-f16-h6-u25_s102,3,22,91467,1017242881,14777440,600000,55901600,57579840,262926,hold,1,0
coarse-f16-h6-u25,persistent,16,6,0.25,102,confirmation_coarse-f16-h6-u25_s102,3,22,92863,1031850881,29385440,1679679,59270242,57579840,262926,hold,1,1
coarse-f16-h6-u25,persistent,16,6,0.25,102,confirmation_coarse-f16-h6-u25_s102,4,16,91955,1022457441,14645760,4453280,27406720,27498720,262926,hold,1,1
coarse-f16-h6-u25,persistent,16,6,0.25,102,confirmation_coarse-f16-h6-u25_s102,13,7,91965,1022509120,14492000,4989280,26531679,23535679,262926,hold,1,1
coarse-f16-h6-u25,persistent,16,6,0.25,102,confirmation_coarse-f16-h6-u25_s102,5,28,92010,1023019840,14418399,929280,57969119,53308000,262926,hold,1,0
coarse-f16-h6-u25,persistent,16,6,0.25,102,confirmation_coarse-f16-h6-u25_s102,5,28,93421,1037683840,29082399,2083679,59846720,53308000,262926,hold,1,1
coarse-f16-h6-u25,persistent,16,6,0.25,102,confirmation_coarse-f16-h6-u25_s102,12,32,92069,1023534881,14756160,733440,56095840,56788000,262926,hold,1,1
coarse-f16-h6-u25,persistent,16,6,0.25,102,confirmation_coarse-f16-h6-u25_s102,1,25,92235,1025353120,15904000,2185280,28047679,25100321,262926,hold,1,0
coarse-f16-h6-u25,persistent,16,6,0.25,102,confirmation_coarse-f16-h6-u25_s102,1,25,93666,1040233120,30784000,3237280,26183679,25100321,262926,hold,1,1
coarse-f16-h6-u25,persistent,16,6,0.25,102,confirmation_coarse-f16-h6-u25_s102,9,30,92261,1025542881,15272000,38560,58118880,57172160,262926,hold,1,0
coarse-f16-h6-u25,persistent,16,6,0.25,102,confirmation_coarse-f16-h6-u25_s102,9,30,93660,1040158560,29887679,305440,61378239,57172160,262926,hold,1,1
coarse-f16-h6-u25,persistent,16,6,0.25,102,confirmation_coarse-f16-h6-u25_s102,11,29,92257,1025530881,14608000,1673761,27131519,24066239,262926,hold,1,0
coarse-f16-h6-u25,persistent,16,6,0.25,102,confirmation_coarse-f16-h6-u25_s102,11,29,93699,1040470881,29548000,3112960,26648801,24066239,262926,hold,1,1
coarse-f16-h6-u25,persistent,16,6,0.25,102,confirmation_coarse-f16-h6-u25_s102,14,30,92459,1027726561,14655840,0,29225120,21695840,262926,hold,1,0
coarse-f16-h6-u25,persistent,16,6,0.25,102,confirmation_coarse-f16-h6-u25_s102,14,30,93860,1042121441,29050720,1036160,26763680,21695840,262926,hold,1,1
coarse-f16-h6-u25,persistent,16,6,0.25,102,confirmation_coarse-f16-h6-u25_s102,8,25,92718,1030382561,14608000,258400,30622720,25232000,262926,hold,1,0
coarse-f16-h6-u25,persistent,16,6,0.25,102,confirmation_coarse-f16-h6-u25_s102,8,25,94146,1044995681,29221120,1249280,28630720,25232000,262926,hold,1,1
coarse-f16-h6-u25,persistent,16,6,0.25,102,confirmation_coarse-f16-h6-u25_s102,15,22,93247,1035918721,15528160,2985120,23904000,24816160,262926,hold,1,0
coarse-f16-h6-u25,persistent,16,6,0.25,102,confirmation_coarse-f16-h6-u25_s102,15,22,94660,1050602561,30212000,4825440,19995840,24816160,262926,hold,1,1
coarse-f16-h6-u25,persistent,16,6,0.25,102,confirmation_coarse-f16-h6-u25_s102,4,17,93351,1037041441,14584000,6529280,24684000,27406720,262926,hold,1,0
coarse-f16-h6-u25,persistent,16,6,0.25,102,confirmation_coarse-f16-h6-u25_s102,4,17,94752,1051661441,29204000,6953280,19620000,27406720,262926,hold,1,1
coarse-f16-h6-u25,persistent,16,6,0.25,102,confirmation_coarse-f16-h6-u25_s102,13,8,93368,1037157120,14648000,5533280,27583679,26531679,262926,hold,1,0
coarse-f16-h6-u25,persistent,16,6,0.25,102,confirmation_coarse-f16-h6-u25_s102,13,8,94769,1051777120,29268000,6473280,21401280,26531679,262926,hold,1,1
coarse-f16-h6-u25,persistent,16,6,0.25,102,confirmation_coarse-f16-h6-u25_s102,12,33,93482,1038274881,14740000,981440,58915359,56095840,262926,hold,1,0
coarse-f16-h6-u25,persistent,16,6,0.25,102,confirmation_coarse-f16-h6-u25_s102,12,33,94890,1053106881,29572000,3905921,55415519,56095840,262926,hold,1,1
coarse-f16-h6-u25,persistent,16,6,0.25,102,confirmation_coarse-f16-h6-u25_s102,2,10,93970,1043282721,14704000,8853280,17296000,15156000,262926,hold,1,0
coarse-f16-h6-u25,persistent,16,6,0.25,102,confirmation_coarse-f16-h6-u25_s102,2,10,95325,1057718721,29140000,10627519,9914721,15156000,262926,increase,0,0
coarse-f16-h6-u25,persistent,16,6,0.25,102,confirmation_coarse-f16-h6-u25_s102,16,23,93974,1043298561,14602880,3236160,18592000,17596000,262926,hold,1,0
coarse-f16-h6-u25,persistent,16,6,0.25,102,confirmation_coarse-f16-h6-u25_s102,16,23,95341,1057911681,29216000,3236160,11288000,17596000,262926,increase,0,1
coarse-f16-h6-u25,persistent,16,6,0.25,102,confirmation_coarse-f16-h6-u25_s102,7,22,94036,1043886721,14608000,4493440,16006720,15515040,262926,hold,1,1
coarse-f16-h6-u25,persistent,16,6,0.25,102,confirmation_coarse-f16-h6-u25_s102,3,23,94276,1046387840,14536959,4237280,57257440,59270242,262926,hold,1,0
coarse-f16-h6-u25,persistent,16,6,0.25,102,confirmation_coarse-f16-h6-u25_s102,3,23,95616,1060742560,28891679,331839,60864001,59270242,262926,hold,1,1
coarse-f16-h6-u25,persistent,16,6,0.25,102,confirmation_coarse-f16-h6-u25_s102,5,29,94824,1052359840,14676000,4525280,57405119,59846720,262926,hold,1,0
coarse-f16-h6-u25,persistent,16,6,0.25,102,confirmation_coarse-f16-h6-u25_s102,5,29,96151,1066971840,29288000,6501280,55097119,59846720,262926,hold,1,1
coarse-f16-h6-u25,persistent,16,6,0.25,102,confirmation_coarse-f16-h6-u25_s102,9,31,95140,1055781441,15622881,661119,60218881,61378239,262926,hold,1,0
coarse-f16-h6-u25,persistent,16,6,0.25,102,confirmation_coarse-f16-h6-u25_s102,9,31,96467,1070362881,30204321,2264161,57359839,61378239,262926,hold,1,1
coarse-f16-h6-u25,persistent,16,6,0.25,102,confirmation_coarse-f16-h6-u25_s102,1,26,95078,1055177120,14944000,6825280,19287679,26183679,262926,hold,1,0
coarse-f16-h6-u25,persistent,16,6,0.25,102,confirmation_coarse-f16-h6-u25_s102,1,26,96418,1069825120,29592000,7489280,19076000,26183679,262926,hold,1,1
coarse-f16-h6-u25,persistent,16,6,0.25,102,confirmation_coarse-f16-h6-u25_s102,11,30,95059,1054933441,14462560,4901280,21965921,26648801,262926,hold,1,0
coarse-f16-h6-u25,persistent,16,6,0.25,102,confirmation_coarse-f16-h6-u25_s102,11,30,96396,1069593441,29122560,6250560,10125280,26648801,262926,increase,0,0
coarse-f16-h6-u25,persistent,16,6,0.25,102,confirmation_coarse-f16-h6-u25_s102,14,31,95224,1056666721,14545280,1333280,24982720,26763680,262926,hold,1,1
coarse-f16-h6-u25,persistent,16,6,0.25,102,confirmation_coarse-f16-h6-u25_s102,6,21,95284,1057309441,14608000,4861761,8725440,14642880,262926,increase,0,0
coarse-f16-h6-u25,persistent,16,6,0.25,102,confirmation_coarse-f16-h6-u25_s102,10,9,95394,1058477601,14745761,3159999,15026401,15758881,262926,hold,1,0
coarse-f16-h6-u25,persistent,16,6,0.25,102,confirmation_coarse-f16-h6-u25_s102,10,9,96749,1073257281,29525441,723041,17441119,15758881,262926,hold,1,1
coarse-f16-h6-u25,persistent,16,6,0.25,102,confirmation_coarse-f16-h6-u25_s102,7,23,95404,1058570561,14683840,1652000,9633120,16006720,262926,increase,0,1
coarse-f16-h6-u25,persistent,16,6,0.25,102,confirmation_coarse-f16-h6-u25_s102,8,26,95501,1059598561,14602880,912160,17933120,28630720,262926,hold,1,1
coarse-f16-h6-u25,persistent,16,6,0.25,102,confirmation_coarse-f16-h6-u25_s102,15,23,96072,1066206561,15604000,585280,25546559,19995840,262926,hold,1,0
coarse-f16-h6-u25,persistent,16,6,0.25,102,confirmation_coarse-f16-h6-u25_s102,15,23,97442,1080788161,30185600,859839,22607041,19995840,262926,hold,1,1
coarse-f16-h6-u25,persistent,16,6,0.25,102,confirmation_coarse-f16-h6-u25_s102,4,18,96090,1066301441,14640000,6409280,18928000,19620000,262926,hold,1,0
coarse-f16-h6-u25,persistent,16,6,0.25,102,confirmation_coarse-f16-h6-u25_s102,4,18,97529,1081697441,30036000,2213280,20164000,19620000,262926,hold,1,1
coarse-f16-h6-u25,persistent,16,6,0.25,102,confirmation_coarse-f16-h6-u25_s102,13,9,96098,1066425120,14648000,6925280,17812000,21401280,262926,hold,1,1
coarse-f16-h6-u25,persistent,16,6,0.25,102,confirmation_coarse-f16-h6-u25_s102,12,34,96248,1068046560,14939679,2272959,56376481,55415519,262926,hold,1,0
coarse-f16-h6-u25,persistent,16,6,0.25,102,confirmation_coarse-f16-h6-u25_s102,12,34,97624,1082710721,29603840,805120,51763999,55415519,262926,hold,1,1
coarse-f16-h6-u25,persistent,16,6,0.25,102,confirmation_coarse-f16-h6-u25_s102,14,32,96560,1071346881,14680160,2514560,10696160,24982720,262926,increase,0,1
coarse-f16-h6-u25,persistent,16,6,0.25,102,confirmation_coarse-f16-h6-u25_s102,8,27,96841,1074206561,14608000,1244160,13944000,17933120,262926,increase,0,1
coarse-f16-h6-u25,persistent,16,6,0.25,102,confirmation_coarse-f16-h6-u25_s102,3,24,96980,1075682560,14940000,633119,58244000,60864001,262926,hold,1,0
coarse-f16-h6-u25,persistent,16,6,0.25,102,confirmation_coarse-f16-h6-u25_s102,3,24,98365,1090290560,29548000,2561,12281439,60864001,262926,increase,0,1
coarse-f16-h6-u25,persistent,16,6,0.25,102,confirmation_coarse-f16-h6-u25_s102,13,10,97463,1080981120,14556000,4933280,19924000,17812000,262926,hold,1,0
coarse-f16-h6-u25,persistent,16,6,0.25,102,confirmation_coarse-f16-h6-u25_s102,13,10,98879,1095816161,29391041,1744321,21068000,17812000,262926,hold,1,1
coarse-f16-h6-u25,persistent,16,6,0.25,102,confirmation_coarse-f16-h6-u25_s102,5,30,97534,1081795840,14824000,3629119,58290560,55097119,262926,hold,1,1
coarse-f16-h6-u25,persistent,16,6,0.25,102,confirmation_coarse-f16-h6-u25_s102,1,27,97785,1084465120,14640000,4141280,19140000,19076000,262926,hold,1,0
coarse-f16-h6-u25,persistent,16,6,0.25,102,confirmation_coarse-f16-h6-u25_s102,1,27,99191,1099233120,29408000,3781280,19620000,19076000,262926,hold,1,1
coarse-f16-h6-u25,persistent,16,6,0.25,102,confirmation_coarse-f16-h6-u25_s102,9,32,97847,1084978560,14615679,316000,57365440,57359839,262926,hold,1,0
coarse-f16-h6-u25,persistent,16,6,0.25,102,confirmation_coarse-f16-h6-u25_s102,9,32,99233,1099641281,29278400,280001,54860159,57359839,262926,hold,1,1
coarse-f16-h6-u25,persistent,16,6,0.25,102,confirmation_coarse-f16-h6-u25_s102,7,24,98121,1087791681,14613120,1576160,21585120,17671840,262926,hold,1,0
coarse-f16-h6-u25,persistent,16,6,0.25,102,confirmation_coarse-f16-h6-u25_s102,7,24,99494,1102368161,29189600,2572160,12257600,17671840,262926,increase,0,1
coarse-f16-h6-u25,persistent,16,6,0.25,102,confirmation_coarse-f16-h6-u25_s102,10,10,98147,1088042721,14785440,778560,12616000,17441119,262926,increase,0,0
coarse-f16-h6-u25,persistent,16,6,0.25,102,confirmation_coarse-f16-h6-u25_s102,15,24,98836,1095422561,14634400,1939680,20889600,22607041,262926,hold,1,0
coarse-f16-h6-u25,persistent,16,6,0.25,102,confirmation_coarse-f16-h6-u25_s102,15,24,100204,1109942721,29154560,5565280,9960000,22607041,262926,increase,0,0
coarse-f16-h6-u25,persistent,16,6,0.25,102,confirmation_coarse-f16-h6-u25_s102,4,19,98931,1096309441,14612000,6733280,16695201,20164000,262926,hold,1,0
coarse-f16-h6-u25,persistent,16,6,0.25,102,confirmation_coarse-f16-h6-u25_s102,4,19,100296,1110921441,29224000,8725280,17204000,20164000,262926,hold,1,0
coarse-f16-h6-u25,persistent,16,6,0.25,102,confirmation_coarse-f16-h6-u25_s102,4,19,101652,1125597441,43900000,7489280,13136000,20164000,262926,increase,0,0
coarse-f16-h6-u25,persistent,16,6,0.25,102,confirmation_coarse-f16-h6-u25_s102,5,31,98987,1096859840,15064000,2277280,53988000,58290560,262926,hold,1,1
coarse-f16-h6-u25,persistent,16,6,0.25,102,confirmation_coarse-f16-h6-u25_s102,12,35,99045,1097470721,14760000,1645120,52032000,51763999,262926,hold,1,1
coarse-f16-h6-u25,persistent,16,6,0.25,102,confirmation_coarse-f16-h6-u25_s102,14,33,99326,1100544161,14589280,580160,15022400,15281440,262926,hold,1,0
coarse-f16-h6-u25,persistent,16,6,0.25,102,confirmation_coarse-f16-h6-u25_s102,14,33,100663,1114937280,28982399,561440,18050239,15281440,262926,hold,1,1
coarse-f16-h6-u25,persistent,16,6,0.25,102,confirmation_coarse-f16-h6-u25_s102,16,24,99442,1101730561,14602880,2572160,19925120,20589120,262926,hold,1,0
coarse-f16-h6-u25,persistent,16,6,0.25,102,confirmation_coarse-f16-h6-u25_s102,16,24,100796,1116338561,29210880,3236160,16268000,20589120,262926,hold,1,1
coarse-f16-h6-u25,persistent,16,6,0.25,102,confirmation_coarse-f16-h6-u25_s102,13,11,100255,1110456161,14640000,2157280,24685600,21068000,262926,hold,1,0
coarse-f16-h6-u25,persistent,16,6,0.25,102,confirmation_coarse-f16-h6-u25_s102,13,11,101649,1125584161,29768000,5533280,22391041,21068000,262926,hold,1,1
coarse-f16-h6-u25,persistent,16,6,0.25,102,confirmation_coarse-f16-h6-u25_s102,5,32,100334,1111323840,14464000,1585280,51251839,53988000,262926,hold,1,0
coarse-f16-h6-u25,persistent,16,6,0.25,102,confirmation_coarse-f16-h6-u25_s102,5,32,101717,1126367840,29508000,1917280,54812000,53988000,262926,hold,1,1
coarse-f16-h6-u25,persistent,16,6,0.25,102,confirmation_coarse-f16-h6-u25_s102,12,36,100433,1112386721,14916000,1013280,50515840,52032000,262926,hold,1,0
coarse-f16-h6-u25,persistent,16,6,0.25,102,confirmation_coarse-f16-h6-u25_s102,12,36,101799,1127173121,29702400,477280,55526240,52032000,262926,hold,1,1
coarse-f16-h6-u25,persistent,16,6,0.25,102,confirmation_coarse-f16-h6-u25_s102,11,31,100485,1113030401,14459520,1103999,19673121,14182560,262926,hold,1,0
coarse-f16-h6-u25,persistent,16,6,0.25,102,confirmation_coarse-f16-h6-u25_s102,11,31,101822,1127436161,28865280,1164159,20608961,14182560,262926,hold,1,1
coarse-f16-h6-u25,persistent,16,6,0.25,102,confirmation_coarse-f16-h6-u25_s102,1,28,100590,1114141441,14908321,4481280,22204000,19620000,262926,hold,1,1
coarse-f16-h6-u25,persistent,16,6,0.25,102,confirmation_coarse-f16-h6-u25_s102,9,33,100587,1114119840,14478559,290720,52814721,54860159,262926,hold,1,0
coarse-f16-h6-u25,persistent,16,6,0.25,102,confirmation_coarse-f16-h6-u25_s102,9,33,101948,1128713121,29071840,380000,54985280,54860159,262926,hold,1,1
coarse-f16-h6-u25,persistent,16,6,0.25,102,confirmation_coarse-f16-h6-u25_s102,2,11,100839,1116818721,14860000,6473280,15884000,14068000,262926,hold,1,0
coarse-f16-h6-u25,persistent,16,6,0.25,102,confirmation_coarse-f16-h6-u25_s102,2,11,102191,1131282721,29324000,5717280,14860000,14068000,262926,hold,1,0
coarse-f16-h6-u25,persistent,16,6,0.25,102,confirmation_coarse-f16-h6-u25_s102,2,11,103609,1146170721,44212000,6917280,13900000,14068000,262926,increase,0,0
coarse-f16-h6-u25,persistent,16,6,0.25,102,confirmation_coarse-f16-h6-u25_s102,3,25,101097,1119552001,14574721,0,52907840,53449439,262926,hold,1,1
coarse-f16-h6-u25,persistent,16,6,0.25,102,confirmation_coarse-f16-h6-u25_s102,1,29,101967,1128881441,14740000,3385601,23200000,22204000,262926,hold,1,1
coarse-f16-h6-u25,persistent,16,6,0.25,102,confirmation_coarse-f16-h6-u25_s102,14,34,102027,1129550400,14613120,1029279,18438560,18050239,262926,hold,1,0
coarse-f16-h6-u25,persistent,16,6,0.25,102,confirmation_coarse-f16-h6-u25_s102,14,34,103404,1144054881,29117601,1101601,14730239,18050239,262926,hold,1,1
coarse-f16-h6-u25,persistent,16,6,0.25,102,confirmation_coarse-f16-h6-u25_s102,6,22,102022,1129545280,14374399,2343679,14934880,17614720,262926,hold,1,0
coarse-f16-h6-u25,persistent,16,6,0.25,102,confirmation_coarse-f16-h6-u25_s102,6,22,103401,1144054881,28884000,2670559,14182721,17614720,262926,hold,1,1
coarse-f16-h6-u25,persistent,16,6,0.25,102,confirmation_coarse-f16-h6-u25_s102,16,25,102158,1130946561,14608000,2240160,15272000,16268000,262926,hold,1,0
coarse-f16-h6-u25,persistent,16,6,0.25,102,confirmation_coarse-f16-h6-u25_s102,16,25,103544,1145554561,29216000,2572160,16268000,16268000,262926,hold,1,1
coarse-f16-h6-u25,persistent,16,6,0.25,102,confirmation_coarse-f16-h6-u25_s102,3,26,102464,1134193280,14641279,1300960,57845440,52907840,262926,hold,1,1
coarse-f16-h6-u25,persistent,16,6,0.25,102,confirmation_coarse-f16-h6-u25_s102,13,12,103072,1140684161,15100000,7165280,20039041,22391041,262926,hold,1,0
coarse-f16-h6-u25,persistent,16,6,0.25,102,confirmation_coarse-f16-h6-u25_s102,13,12,104488,1155372161,29788000,5729280,17588000,22391041,262926,hold,1,1
coarse-f16-h6-u25,persistent,16,6,0.25,102,confirmation_coarse-f16-h6-u25_s102,5,33,103135,1141319840,14952000,2469280,58492000,54812000,262926,hold,1,1
coarse-f16-h6-u25,persistent,16,6,0.25,102,confirmation_coarse-f16-h6-u25_s102,12,37,103191,1141901121,14728000,2203839,59175681,55526240,262926,hold,1,1
coarse-f16-h6-u25,persistent,16,6,0.25,102,confirmation_coarse-f16-h6-u25_s102,11,32,103216,1142068001,14631840,2707040,16955840,20608961,262926,hold,1,1
coarse-f16-h6-u25,persistent,16,6,0.25,102,confirmation_coarse-f16-h6-u25_s102,9,34,103392,1143985121,15272000,585280,59091840,54985280,262926,hold,1,0
coarse-f16-h6-u25,persistent,16,6,0.25,102,confirmation_coarse-f16-h6-u25_s102,9,34,104779,1158339841,29626720,0,61942880,54985280,262926,hold,1,1
coarse-f16-h6-u25,persistent,16,6,0.25,102,confirmation_coarse-f16-h6-u25_s102,1,30,103373,1143797441,14916000,6049280,20585280,23200000,262926,hold,1,0
coarse-f16-h6-u25,persistent,16,6,0.25,102,confirmation_coarse-f16-h6-u25_s102,1,30,104804,1158565441,29684000,6833280,19381280,23200000,262926,hold,1,1
coarse-f16-h6-u25,persistent,16,6,0.25,102,confirmation_coarse-f16-h6-u25_s102,8,28,103681,1147024161,14608000,2577280,13721600,17596000,262926,increase,0,0
coarse-f16-h6-u25,persistent,16,6,0.25,102,confirmation_coarse-f16-h6-u25_s102,10,11,103827,1148469280,14942559,1251839,20916000,18589441,262926,hold,1,0
coarse-f16-h6-u25,persistent,16,6,0.25,102,confirmation_coarse-f16-h6-u25_s102,10,11,105273,1163409280,29882559,253280,20586559,18589441,262926,hold,1,1
coarse-f16-h6-u25,persistent,16,6,0.25,102,confirmation_coarse-f16-h6-u25_s102,3,27,103862,1148801280,14608000,2273600,59154079,57845440,262926,hold,1,0
coarse-f16-h6-u25,persistent,16,6,0.25,102,confirmation_coarse-f16-h6-u25_s102,3,27,105307,1163741280,29548000,1249280,59768161,57845440,262926,hold,1,1
coarse-f16-h6-u25,persistent,16,6,0.25,102,confirmation_coarse-f16-h6-u25_s102,15,25,104333,1153828161,14581600,4600800,11588480,16355840,262926,increase,0,0
coarse-f16-h6-u25,persistent,16,6,0.25,102,confirmation_coarse-f16-h6-u25_s102,4,20,104425,1154801441,14408000,5929280,17720000,24676000,262926,hold,1,0
coarse-f16-h6-u25,persistent,16,6,0.25,102,confirmation_coarse-f16-h6-u25_s102,4,20,105846,1169385441,28992000,6169280,15976000,24676000,262926,hold,1,1
coarse-f16-h6-u25,persistent,16,6,0.25,102,confirmation_coarse-f16-h6-u25_s102,5,34,104550,1156059840,14740000,3669280,57504000,58492000,262926,hold,1,0
coarse-f16-h6-u25,persistent,16,6,0.25,102,confirmation_coarse-f16-h6-u25_s102,5,34,105972,1170671840,29352000,6685280,48796000,58492000,262926,hold,1,0
coarse-f16-h6-u25,persistent,16,6,0.25,102,confirmation_coarse-f16-h6-u25_s102,5,34,107428,1185559840,44240000,1641280,56672000,58492000,262926,hold,1,1
coarse-f16-h6-u25,persistent,16,6,0.25,102,confirmation_coarse-f16-h6-u25_s102,12,38,104640,1156850721,14949600,2389280,55228000,59175681,262926,hold,1,0
coarse-f16-h6-u25,persistent,16,6,0.25,102,confirmation_coarse-f16-h6-u25_s102,12,38,106090,1171878721,29977600,1613280,52960000,59175681,262926,hold,1,1
coarse-f16-h6-u25,persistent,16,6,0.25,102,confirmation_coarse-f16-h6-u25_s102,11,33,104594,1156437280,14369279,3671679,13994081,16955840,262926,increase,0,0
coarse-f16-h6-u25,persistent,16,6,0.25,102,confirmation_coarse-f16-h6-u25_s102,6,23,104869,1159326881,15272000,3573280,11386399,14182721,262926,increase,0,0
coarse-f16-h6-u25,persistent,16,6,0.25,102,confirmation_coarse-f16-h6-u25_s102,14,35,104814,1158662881,14608000,1932000,13821761,14730239,262926,increase,0,1
coarse-f16-h6-u25,persistent,16,6,0.25,102,confirmation_coarse-f16-h6-u25_s102,16,26,104951,1160162561,14608000,3568160,12621120,16268000,262926,increase,0,1
coarse-f16-h6-u25,persistent,16,6,0.25,102,confirmation_coarse-f16-h6-u25_s102,13,13,105903,1170020161,14648000,5397280,17996000,17588000,262926,hold,1,0
coarse-f16-h6-u25,persistent,16,6,0.25,102,confirmation_coarse-f16-h6-u25_s102,13,13,107336,1184688161,29316000,2073280,20344000,17588000,262926,hold,1,0
coarse-f16-h6-u25,persistent,16,6,0.25,102,confirmation_coarse-f16-h6-u25_s102,13,13,108807,1199964161,44592000,1909280,23024000,17588000,262926,hold,1,1
coarse-f16-h6-u25,persistent,16,6,0.25,102,confirmation_coarse-f16-h6-u25_s102,9,35,106198,1173010721,14670880,0,61081441,61942880,262926,hold,1,1
coarse-f16-h6-u25,persistent,16,6,0.25,102,confirmation_coarse-f16-h6-u25_s102,1,31,106258,1173629441,15064000,6953280,15304000,19381280,262926,hold,1,0
coarse-f16-h6-u25,persistent,16,6,0.25,102,confirmation_coarse-f16-h6-u25_s102,1,31,107692,1188333441,29768000,7037280,15128000,19381280,262926,hold,1,0
coarse-f16-h6-u25,persistent,16,6,0.25,102,confirmation_coarse-f16-h6-u25_s102,1,31,109081,1203065441,44500000,3541280,18772000,19381280,262926,hold,1,1
coarse-f16-h6-u25,persistent,16,6,0.25,102,confirmation_coarse-f16-h6-u25_s102,10,12,106809,1179013280,15604000,2247839,15933441,20586559,262926,hold,1,1
coarse-f16-h6-u25,persistent,16,6,0.25,102,confirmation_coarse-f16-h6-u25_s102,3,28,106771,1178681280,14940000,1417439,58674561,59768161,262926,hold,1,0
coarse-f16-h6-u25,persistent,16,6,0.25,102,confirmation_coarse-f16-h6-u25_s102,3,28,108197,1193289280,29548000,585280,57106880,59768161,262926,hold,1,1
coarse-f16-h6-u25,persistent,16,6,0.25,102,confirmation_coarse-f16-h6-u25_s102,4,21,107263,1183806721,14421280,1118560,20058720,15976000,262926,hold,1,0
coarse-f16-h6-u25,persistent,16,6,0.25,102,confirmation_coarse-f16-h6-u25_s102,4,21,108670,1198562721,29177280,2987839,16474721,15976000,262926,hold,1,1
coarse-f16-h6-u25,persistent,16,6,0.25,102,confirmation_coarse-f16-h6-u25_s102,12,39,107521,1186590721,14712000,3145280,52600000,52960000,262926,hold,1,0
coarse-f16-h6-u25,persistent,16,6,0.25,102,confirmation_coarse-f16-h6-u25_s102,12,39,108941,1201450721,29572000,5393280,54336000,52960000,262926,hold,1,1
coarse-f16-h6-u25,persistent,16,6,0.25,102,confirmation_coarse-f16-h6-u25_s102,9,36,107608,1187477121,14466400,325280,58270881,61081441,262926,hold,1,0
coarse-f16-h6-u25,persistent,16,6,0.25,102,confirmation_coarse-f16-h6-u25_s102,9,36,109046,1202604161,29593440,741440,59055840,61081441,262926,hold,1,1
coarse-f16-h6-u25,persistent,16,6,0.25,102,confirmation_coarse-f16-h6-u25_s102,14,36,107625,1187642721,14608000,676000,15941120,15505601,262926,hold,1,1
coarse-f16-h6-u25,persistent,16,6,0.25,102,confirmation_coarse-f16-h6-u25_s102,10,13,108229,1193621280,14608000,2909280,17264000,15933441,262926,hold,1,0
coarse-f16-h6-u25,persistent,16,6,0.25,102,confirmation_coarse-f16-h6-u25_s102,10,13,109592,1208640000,29626720,4316000,13161441,15933441,262926,increase,0,0
coarse-f16-h6-u25,persistent,16,6,0.25,102,confirmation_coarse-f16-h6-u25_s102,11,34,108830,1200228001,14673120,3241280,12245601,17027840,262926,increase,0,1
coarse-f16-h6-u25,persistent,16,6,0.25,102,confirmation_coarse-f16-h6-u25_s102,5,35,108825,1200115840,14556000,1077280,60676000,56672000,262926,hold,1,0
coarse-f16-h6-u25,persistent,16,6,0.25,102,confirmation_coarse-f16-h6-u25_s102,5,35,110109,1214663840,29104000,1761280,10376000,56672000,262926,increase,0,1
coarse-f16-h6-u25,persistent,16,6,0.25,102,confirmation_coarse-f16-h6-u25_s102,14,37,109017,1202250721,14608000,2577280,11620000,15941120,262926,increase,0,0
coarse-f16-h6-u25,persistent,16,6,0.25,102,confirmation_coarse-f16-h6-u25_s102,6,24,109071,1202889121,14528001,1973280,12369279,15178561,262926,increase,0,0
coarse-f16-h6-u25,persistent,16,6,0.25,102,confirmation_coarse-f16-h6-u25_s102,8,29,109297,1205293120,14602880,3573119,12448000,14112959,262926,increase,0,0
coarse-f16-h6-u25,persistent,16,6,0.25,102,confirmation_coarse-f16-h6-u25_s102,3,29,109523,1207897280,14608000,604161,57085119,57106880,262926,hold,1,0
coarse-f16-h6-u25,persistent,16,6,0.25,102,confirmation_coarse-f16-h6-u25_s102,3,29,110831,1222418721,29129441,354400,56633760,57106880,262926,hold,1,1
coarse-f16-h6-u25,persistent,16,6,0.25,102,confirmation_coarse-f16-h6-u25_s102,4,22,110003,1213429441,14866720,5769280,15777280,16474721,262926,hold,1,0
coarse-f16-h6-u25,persistent,16,6,0.25,102,confirmation_coarse-f16-h6-u25_s102,4,22,111402,1228345441,29782720,1649280,18894720,16474721,262926,hold,1,0
coarse-f16-h6-u25,persistent,16,6,0.25,102,confirmation_coarse-f16-h6-u25_s102,4,22,112826,1243445441,44882720,1825280,18454720,16474721,262926,hold,1,0
coarse-f16-h6-u25,persistent,16,6,0.25,102,confirmation_coarse-f16-h6-u25_s102,4,22,114171,1257938561,59375840,5347679,14890721,16474721,262926,hold,1,0
coarse-f16-h6-u25,persistent,16,6,0.25,102,confirmation_coarse-f16-h6-u25_s102,4,22,115553,1272618721,74056000,10386400,9252000,16474721,262926,increase,0,0
coarse-f16-h6-u25,persistent,16,6,0.25,102,confirmation_coarse-f16-h6-u25_s102,13,14,110119,1214732161,14768000,5533280,21024000,23024000,262926,hold,1,0
coarse-f16-h6-u25,persistent,16,6,0.25,102,confirmation_coarse-f16-h6-u25_s102,13,14,111515,1229500161,29536000,745280,22960000,23024000,262926,hold,1,1
coarse-f16-h6-u25,persistent,16,6,0.25,102,confirmation_coarse-f16-h6-u25_s102,12,40,110221,1215914721,14464000,2673280,58421600,54336000,262926,hold,1,1
coarse-f16-h6-u25,persistent,16,6,0.25,102,confirmation_coarse-f16-h6-u25_s102,9,37,110427,1217986881,15382720,2855840,53919040,59055840,262926,hold,1,0
coarse-f16-h6-u25,persistent,16,6,0.25,102,confirmation_coarse-f16-h6-u25_s102,9,37,111844,1232926881,30322720,2887840,52984160,59055840,262926,hold,1,1
coarse-f16-h6-u25,persistent,16,6,0.25,102,confirmation_coarse-f16-h6-u25_s102,1,32,110435,1218073441,15008000,3874400,20338880,18772000,262926,hold,1,0
coarse-f16-h6-u25,persistent,16,6,0.25,102,confirmation_coarse-f16-h6-u25_s102,1,32,111801,1232537441,29472000,4149280,19888000,18772000,262926,hold,1,1
coarse-f16-h6-u25,persistent,16,6,0.25,102,confirmation_coarse-f16-h6-u25_s102,11,35,111508,1229378881,14666880,470720,16981440,14125600,262926,hold,1,1
coarse-f16-h6-u25,persistent,16,6,0.25,102,confirmation_coarse-f16-h6-u25_s102,12,41,111612,1230510721,14596000,3485280,55780000,58421600,262926,hold,1,1
coarse-f16-h6-u25,persistent,16,6,0.25,102,confirmation_coarse-f16-h6-u25_s102,16,27,111883,1233353441,14426880,972480,18597120,15350720,262926,hold,1,1
coarse-f16-h6-u25,persistent,16,6,0.25,102,confirmation_coarse-f16-h6-u25_s102,2,12,111984,1234438721,14620000,4637280,16688000,14548000,262926,hold,1,1
coarse-f16-h6-u25,persistent,16,6,0.25,102,confirmation_coarse-f16-h6-u25_s102,8,30,111977,1234364001,14462881,1576160,16600000,16600000,262926,hold,1,1
coarse-f16-h6-u25,persistent,16,6,0.25,102,confirmation_coarse-f16-h6-u25_s102,7,25,111995,1234536000,14608000,922719,18501440,16605439,262926,hold,1,0
coarse-f16-h6-u25,persistent,16,6,0.25,102,confirmation_coarse-f16-h6-u25_s102,7,25,113365,1249050561,29122561,1881441,17202400,16605439,262926,hold,1,1
coarse-f16-h6-u25,persistent,16,6,0.25,102,confirmation_coarse-f16-h6-u25_s102,3,30,112204,1236781280,14362559,1910719,53505122,56633760,262926,hold,1,0
coarse-f16-h6-u25,persistent,16,6,0.25,102,confirmation_coarse-f16-h6-u25_s102,3,30,113590,1251389280,28970559,1654880,52377280,56633760,262926,hold,1,1
coarse-f16-h6-u25,persistent,16,6,0.25,102,confirmation_coarse-f16-h6-u25_s102,10,14,112433,1239184000,15272000,1578719,18673281,17224161,262926,hold,1,1
coarse-f16-h6-u25,persistent,16,6,0.25,102,confirmation_coarse-f16-h6-u25_s102,15,26,112702,1242078561,14520000,585280,22549600,20334880,262926,hold,1,0
coarse-f16-h6-u25,persistent,16,6,0.25,102,confirmation_coarse-f16-h6-u25_s102,15,26,114046,1256442561,28884000,5625600,17447680,20334880,262926,hold,1,1
coarse-f16-h6-u25,persistent,16,6,0.25,102,confirmation_coarse-f16-h6-u25_s102,5,36,112894,1244107840,14860000,3273280,54840000,54904000,262926,hold,1,0
coarse-f16-h6-u25,persistent,16,6,0.25,102,confirmation_coarse-f16-h6-u25_s102,5,36,114248,1258783840,29536000,4333280,52884000,54904000,262926,hold,1,1
coarse-f16-h6-u25,persistent,16,6,0.25,102,confirmation_coarse-f16-h6-u25_s102,11,36,112884,1244052001,14673120,549279,24604001,16981440,262926,hold,1,1
coarse-f16-h6-u25,persistent,16,6,0.25,102,confirmation_coarse-f16-h6-u25_s102,13,15,112925,1244480161,14980000,957280,22064000,22960000,262926,hold,1,0
coarse-f16-h6-u25,persistent,16,6,0.25,102,confirmation_coarse-f16-h6-u25_s102,13,15,114270,1259036161,29536000,3429280,19140000,22960000,262926,hold,1,1
coarse-f16-h6-u25,persistent,16,6,0.25,102,confirmation_coarse-f16-h6-u25_s102,12,42,112968,1244999680,14488959,2861280,45776959,55780000,262926,hold,1,1
coarse-f16-h6-u25,persistent,16,6,0.25,102,confirmation_coarse-f16-h6-u25_s102,14,38,113051,1245908001,14542881,456000,21607679,16056000,262926,hold,1,1
coarse-f16-h6-u25,persistent,16,6,0.25,102,confirmation_coarse-f16-h6-u25_s102,6,25,113140,1246898720,14863839,541599,21145280,14458239,262926,hold,1,1
coarse-f16-h6-u25,persistent,16,6,0.25,102,confirmation_coarse-f16-h6-u25_s102,1,33,113187,1247305441,14768000,2157280,22876000,19888000,262926,hold,1,0
coarse-f16-h6-u25,persistent,16,6,0.25,102,confirmation_coarse-f16-h6-u25_s102,1,33,114534,1261801441,29264000,4149280,23628000,19888000,262926,hold,1,1
coarse-f16-h6-u25,persistent,16,6,0.25,102,confirmation_coarse-f16-h6-u25_s102,9,38,113232,1247734721,14807840,435519,54421921,52984160,262926,hold,1,0
coarse-f16-h6-u25,persistent,16,6,0.25,102,confirmation_coarse-f16-h6-u25_s102,9,38,114586,1262342721,29415840,1320321,53256959,52984160,262926,hold,1,1
coarse-f16-h6-u25,persistent,16,6,0.25,102,confirmation_coarse-f16-h6-u25_s102,16,28,113245,1247961441,14608000,1249280,18984320,18597120,262926,hold,1,0
coarse-f16-h6-u25,persistent,16,6,0.25,102,confirmation_coarse-f16-h6-u25_s102,16,28,114597,1262569441,29216000,1913280,16086880,18597120,262926,hold,1,1
coarse-f16-h6-u25,persistent,16,6,0.25,102,confirmation_coarse-f16-h6-u25_s102,8,31,113357,1248966881,14602880,2421921,14613120,16600000,262926,hold,1,0
coarse-f16-h6-u25,persistent,16,6,0.25,102,confirmation_coarse-f16-h6-u25_s102,8,31,114695,1263574881,29210880,1576160,14457761,16600000,262926,hold,1,1
coarse-f16-h6-u25,persistent,16,6,0.25,102,confirmation_coarse-f16-h6-u25_s102,2,13,113354,1248966721,14528000,5633280,14832000,16688000,262926,hold,1,0
coarse-f16-h6-u25,persistent,16,6,0.25,102,confirmation_coarse-f16-h6-u25_s102,2,13,114700,1263642721,29204000,7737280,9012000,16688000,262926,increase,0,1
coarse-f16-h6-u25,persistent,16,6,0.25,102,confirmation_coarse-f16-h6-u25_s102,10,15,113899,1254866720,15682720,1581280,18260000,18673281,262926,hold,1,0
coarse-f16-h6-u25,persistent,16,6,0.25,102,confirmation_coarse-f16-h6-u25_s102,10,15,115251,1269314721,30130721,6148001,14673280,18673281,262926,hold,1,0
coarse-f16-h6-u25,persistent,16,6,0.25,102,confirmation_coarse-f16-h6-u25_s102,10,15,116616,1283922721,44738721,894560,16400161,18673281,262926,hold,1,0
coarse-f16-h6-u25,persistent,16,6,0.25,102,confirmation_coarse-f16-h6-u25_s102,10,15,118086,1298358720,59174720,1328000,15046559,18673281,262926,hold,1,1
coarse-f16-h6-u25,persistent,16,6,0.25,102,confirmation_coarse-f16-h6-u25_s102,11,37,114219,1258518720,14466719,509119,27550882,24604001,262926,hold,1,0
coarse-f16-h6-u25,persistent,16,6,0.25,102,confirmation_coarse-f16-h6-u25_s102,11,37,115606,1273202881,29150880,838560,23242559,24604001,262926,hold,1,1
coarse-f16-h6-u25,persistent,16,6,0.25,102,confirmation_coarse-f16-h6-u25_s102,12,43,114307,1259435680,14436000,3973280,45900959,45776959,262926,hold,1,1
coarse-f16-h6-u25,persistent,16,6,0.25,102,confirmation_coarse-f16-h6-u25_s102,14,39,114398,1260378721,14470720,518720,22807840,21607679,262926,hold,1,1
coarse-f16-h6-u25,persistent,16,6,0.25,102,confirmation_coarse-f16-h6-u25_s102,6,26,114513,1261588001,14689281,2737281,20941598,21145280,262926,hold,1,0
coarse-f16-h6-u25,persistent,16,6,0.25,102,confirmation_coarse-f16-h6-u25_s102,6,26,115882,1276190881,29292161,1502560,19114719,21145280,262926,hold,1,0
coarse-f16-h6-u25,persistent,16,6,0.25,102,confirmation_coarse-f16-h6-u25_s102,6,26,117295,1290644000,43745280,1758399,15171042,21145280,262926,hold,1,1
coarse-f16-h6-u25,persistent,16,6,0.25,102,confirmation_coarse-f16-h6-u25_s102,7,26,114704,1263658561,14608000,4170560,10924161,17202400,262926,increase,0,1
coarse-f16-h6-u25,persistent,16,6,0.25,102,confirmation_coarse-f16-h6-u25_s102,3,31,114926,1265930560,14541280,980001,52021279,52377280,262926,hold,1,0
coarse-f16-h6-u25,persistent,16,6,0.25,102,confirmation_coarse-f16-h6-u25_s102,3,31,116300,1280538560,29149280,1177119,56106561,52377280,262926,hold,1,1
coarse-f16-h6-u25,persistent,16,6,0.25,102,confirmation_coarse-f16-h6-u25_s102,15,27,115410,1271024161,14581600,1637760,16271840,17447680,262926,hold,1,1
coarse-f16-h6-u25,persistent,16,6,0.25,102,confirmation_coarse-f16-h6-u25_s102,5,37,115624,1273367840,14584000,6621280,50772000,52884000,262926,hold,1,0
coarse-f16-h6-u25,persistent,16,6,0.25,102,confirmation_coarse-f16-h6-u25_s102,5,37,117083,1288531840,29748000,5265280,49120000,52884000,262926,hold,1,1
coarse-f16-h6-u25,persistent,16,6,0.25,102,confirmation_coarse-f16-h6-u25_s102,13,16,115646,1273592161,14556000,8125280,15644000,19140000,262926,hold,1,0
coarse-f16-h6-u25,persistent,16,6,0.25,102,confirmation_coarse-f16-h6-u25_s102,13,16,117064,1288380161,29344000,3901280,17664000,19140000,262926,hold,1,0
coarse-f16-h6-u25,persistent,16,6,0.25,102,confirmation_coarse-f16-h6-u25_s102,13,16,118538,1302946881,43910720,1457280,22720000,19140000,262926,hold,1,1
coarse-f16-h6-u25,persistent,16,6,0.25,102,confirmation_coarse-f16-h6-u25_s102,12,44,115678,1273991680,14556000,1797280,57744959,45900959,262926,hold,1,1
coarse-f16-h6-u25,persistent,16,6,0.25,102,confirmation_coarse-f16-h6-u25_s102,14,40,115757,1274868001,14489280,1789440,20544000,22807840,262926,hold,1,0
coarse-f16-h6-u25,persistent,16,6,0.25,102,confirmation_coarse-f16-h6-u25_s102,14,40,117160,1289316000,28937279,917280,15669921,22807840,262926,hold,1,1
coarse-f16-h6-u25,persistent,16,6,0.25,102,confirmation_coarse-f16-h6-u25_s102,1,34,115899,1276321441,14520000,5047840,22121440,23628000,262926,hold,1,0
coarse-f16-h6-u25,persistent,16,6,0.25,102,confirmation_coarse-f16-h6-u25_s102,1,34,117369,1291424001,29622560,3221280,21476000,23628000,262926,hold,1,0
coarse-f16-h6-u25,persistent,16,6,0.25,102,confirmation_coarse-f16-h6-u25_s102,1,34,118827,1306100001,44298560,1771840,21604000,23628000,262926,hold,1,1
coarse-f16-h6-u25,persistent,16,6,0.25,102,confirmation_coarse-f16-h6-u25_s102,9,39,115953,1276924161,14581440,890720,53206400,53256959,262926,hold,1,0
coarse-f16-h6-u25,persistent,16,6,0.25,102,confirmation_coarse-f16-h6-u25_s102,9,39,117379,1291506721,29164000,187840,56341440,53256959,262926,hold,1,1
coarse-f16-h6-u25,persistent,16,6,0.25,102,confirmation_coarse-f16-h6-u25_s102,16,29,115969,1277177441,14608000,4236160,6973120,16086880,262926,increase,0,0
coarse-f16-h6-u25,persistent,16,6,0.25,102,confirmation_coarse-f16-h6-u25_s102,8,32,116074,1278188001,14613120,3900160,10956000,14457761,262926,increase,0,0
coarse-f16-h6-u25,persistent,16,6,0.25,102,confirmation_coarse-f16-h6-u25_s102,15,28,116795,1285666561,14642400,1615680,16632320,16271840,262926,hold,1,1
coarse-f16-h6-u25,persistent,16,6,0.25,102,confirmation_coarse-f16-h6-u25_s102,11,38,116995,1287661120,14458239,329441,16126719,23242559,262926,hold,1,1
coarse-f16-h6-u25,persistent,16,6,0.25,102,confirmation_coarse-f16-h6-u25_s102,12,45,117070,1288455680,14464000,2821280,59580959,57744959,262926,hold,1,1
coarse-f16-h6-u25,persistent,16,6,0.25,102,confirmation_coarse-f16-h6-u25_s102,7,27,117530,1292936161,14913600,566880,15290400,14458400,262926,hold,1,0
coarse-f16-h6-u25,persistent,16,6,0.25,102,confirmation_coarse-f16-h6-u25_s102,7,27,118964,1307469281,29446720,1997439,15908321,14458400,262926,hold,1,1
coarse-f16-h6-u25,persistent,16,6,0.25,102,confirmation_coarse-f16-h6-u25_s102,3,32,117752,1295146560,14608000,1913280,59354400,56106561,262926,hold,1,0
coarse-f16-h6-u25,persistent,16,6,0.25,102,confirmation_coarse-f16-h6-u25_s102,3,32,119204,1309983840,29445280,60000,56752160,56106561,262926,hold,1,1
coarse-f16-h6-u25,persistent,16,6,0.25,102,confirmation_coarse-f16-h6-u25_s102,15,29,118273,1300165281,14498720,3348159,12766241,16632320,262926,increase,0,1
coarse-f16-h6-u25,persistent,16,6,0.25,102,confirmation_coarse-f16-h6-u25_s102,4,23,118457,1302177441,14648000,4264000,17936160,14320160,262926,hold,1,0
coarse-f16-h6-u25,persistent,16,6,0.25,102,confirmation_coarse-f16-h6-u25_s102,4,23,119809,1316853441,29324000,6010559,16190720,14320160,262926,hold,1,1
coarse-f16-h6-u25,persistent,16,6,0.25,102,confirmation_coarse-f16-h6-u25_s102,11,39,118468,1302264000,14602880,2749279,14689281,16126719,262926,hold,1,1
coarse-f16-h6-u25,persistent,16,6,0.25,102,confirmation_coarse-f16-h6-u25_s102,12,46,118578,1303371680,14916000,4057280,59312959,59580959,262926,hold,1,0
coarse-f16-h6-u25,persistent,16,6,0.25,102,confirmation_coarse-f16-h6-u25_s102,12,46,119946,1318379680,29924000,4417280,48188000,59580959,262926,hold,1,0
coarse-f16-h6-u25,persistent,16,6,0.25,102,confirmation_coarse-f16-h6-u25_s102,12,46,121290,1333055680,44600000,3841280,50904000,59580959,262926,hold,1,1
coarse-f16-h6-u25,persistent,16,6,0.25,102,confirmation_coarse-f16-h6-u25_s102,5,38,118545,1302967840,14436000,2525280,56176000,49120000,262926,hold,1,1
coarse-f16-h6-u25,persistent,16,6,0.25,102,confirmation_coarse-f16-h6-u25_s102,14,41,118621,1303830721,14514721,818881,14790239,15669921,262926,hold,1,0
coarse-f16-h6-u25,persistent,16,6,0.25,102,confirmation_coarse-f16-h6-u25_s102,14,41,119995,1318930400,29614400,1408959,13513601,15669921,262926,increase,0,1
coarse-f16-h6-u25,persistent,16,6,0.25,102,confirmation_coarse-f16-h6-u25_s102,6,27,118745,1305252000,14608000,2422399,11774881,15171042,262926,increase,0,1
coarse-f16-h6-u25,persistent,16,6,0.25,102,confirmation_coarse-f16-h6-u25_s102,9,40,118836,1306166721,14660000,97120,56680000,56341440,262926,hold,1,0
coarse-f16-h6-u25,persistent,16,6,0.25,102,confirmation_coarse-f16-h6-u25_s102,9,40,120166,1320607840,29101119,144000,54449280,56341440,262926,hold,1,1
coarse-f16-h6-u25,persistent,16,6,0.25,102,confirmation_coarse-f16-h6-u25_s102,2,14,119068,1308602721,14888000,8457280,15156000,17600000,262926,hold,1,0
coarse-f16-h6-u25,persistent,16,6,0.25,102,confirmation_coarse-f16-h6-u25_s102,2,14,120402,1323250721,29536000,7310880,16338400,17600000,262926,hold,1,0
coarse-f16-h6-u25,persistent,16,6,0.25,102,confirmation_coarse-f16-h6-u25_s102,2,14,121757,1338102721,44388000,7913280,13080000,17600000,262926,increase,0,0
coarse-f16-h6-u25,persistent,16,6,0.25,102,confirmation_coarse-f16-h6-u25_s102,10,16,119491,1313298720,14940000,1254400,15758879,15046559,262926,hold,1,1
coarse-f16-h6-u25,persistent,16,6,0.25,102,confirmation_coarse-f16-h6-u25_s102,11,40,119812,1316872000,14608000,912160,12289120,14689281,262926,increase,0,1
coarse-f16-h6-u25,persistent,16,6,0.25,102,confirmation_coarse-f16-h6-u25_s102,13,17,119862,1317418881,14472000,2444000,22508000,22720000,262926,hold,1,1
coarse-f16-h6-u25,persistent,16,6,0.25,102,confirmation_coarse-f16-h6-u25_s102,5,39,119889,1317755840,14788000,2277280,54644000,56176000,262926,hold,1,0
coarse-f16-h6-u25,persistent,16,6,0.25,102,confirmation_coarse-f16-h6-u25_s102,5,39,121239,1332515840,29548000,3837280,47588000,56176000,262926,hold,1,0
coarse-f16-h6-u25,persistent,16,6,0.25,102,confirmation_coarse-f16-h6-u25_s102,5,39,122614,1347043840,44076000,3817280,50384000,56176000,262926,hold,1,1
coarse-f16-h6-u25,persistent,16,6,0.25,102,confirmation_coarse-f16-h6-u25_s102,1,35,120190,1320868001,14768000,3965280,20644000,21604000,262926,hold,1,1
coarse-f16-h6-u25,persistent,16,6,0.25,102,confirmation_coarse-f16-h6-u25_s102,16,30,120175,1320748161,14354720,252160,17010720,14608000,262926,hold,1,0
coarse-f16-h6-u25,persistent,16,6,0.25,102,confirmation_coarse-f16-h6-u25_s102,16,30,121491,1335356161,28962720,584160,22986720,14608000,262926,hold,1,1
coarse-f16-h6-u25,persistent,16,6,0.25,102,confirmation_coarse-f16-h6-u25_s102,7,28,120301,1322152161,14682880,4567679,13600321,15908321,262926,increase,0,0
coarse-f16-h6-u25,persistent,16,6,0.25,102,confirmation_coarse-f16-h6-u25_s102,3,33,120527,1324591840,14608000,1013119,51961441,56752160,262926,hold,1,1
coarse-f16-h6-u25,persistent,16,6,0.25,102,confirmation_coarse-f16-h6-u25_s102,10,17,120824,1327906720,14608000,2909280,14765760,15758879,262926,hold,1,0
coarse-f16-h6-u25,persistent,16,6,0.25,102,confirmation_coarse-f16-h6-u25_s102,10,17,122331,1344014721,30716001,3081281,10783999,15758879,262926,increase,0,0
coarse-f16-h6-u25,persistent,16,6,0.25,102,confirmation_coarse-f16-h6-u25_s102,4,24,121131,1331437441,14584000,9665280,13320000,16190720,262926,increase,0,0
coarse-f16-h6-u25,persistent,16,6,0.25,102,confirmation_coarse-f16-h6-u25_s102,13,18,121204,1332130881,14712000,5680000,19520000,22508000,262926,hold,1,0
coarse-f16-h6-u25,persistent,16,6,0.25,102,confirmation_coarse-f16-h6-u25_s102,13,18,122622,1347086561,29667680,6297280,20542720,22508000,262926,hold,1,1
coarse-f16-h6-u25,persistent,16,6,0.25,102,confirmation_coarse-f16-h6-u25_s102,9,41,121474,1335134561,14526721,0,50208161,54449280,262926,hold,1,0
coarse-f16-h6-u25,persistent,16,6,0.25,102,confirmation_coarse-f16-h6-u25_s102,9,41,122910,1349965281,29357441,585280,50906400,54449280,262926,hold,1,1
coarse-f16-h6-u25,persistent,16,6,0.25,102,confirmation_coarse-f16-h6-u25_s102,1,36,121517,1335636001,14768000,6077280,19740000,20644000,262926,hold,1,0
coarse-f16-h6-u25,persistent,16,6,0.25,102,confirmation_coarse-f16-h6-u25_s102,1,36,122949,1350376001,29508000,7073280,13596000,20644000,262926,increase,0,0
coarse-f16-h6-u25,persistent,16,6,0.25,102,confirmation_coarse-f16-h6-u25_s102,3,34,121837,1338970560,14378720,893280,47832000,51961441,262926,hold,1,0
coarse-f16-h6-u25,persistent,16,6,0.25,102,confirmation_coarse-f16-h6-u25_s102,3,34,123325,1354242560,29650720,2257441,49615839,51961441,262926,hold,1,1
coarse-f16-h6-u25,persistent,16,6,0.25,102,confirmation_coarse-f16-h6-u25_s102,15,30,122579,1346649281,16600000,2245280,21433439,14865120,262926,hold,1,0
coarse-f16-h6-u25,persistent,16,6,0.25,102,confirmation_coarse-f16-h6-u25_s102,15,30,124093,1361921281,31872000,1253280,16078561,14865120,262926,hold,1,1
coarse-f16-h6-u25,persistent,16,6,0.25,102,confirmation_coarse-f16-h6-u25_s102,12,47,122657,1347463680,14408000,4813280,45080000,50904000,262926,hold,1,0
coarse-f16-h6-u25,persistent,16,6,0.25,102,confirmation_coarse-f16-h6-u25_s102,12,47,124102,1361955680,28900000,6325280,40016000,50904000,262926,hold,1,1
coarse-f16-h6-u25,persistent,16,6,0.25,102,confirmation_coarse-f16-h6-u25_s102,14,42,122784,1348746561,15277120,1423840,13368481,15399680,262926,increase,0,0
coarse-f16-h6-u25,persistent,16,6,0.25,102,confirmation_coarse-f16-h6-u25_s102,16,31,122907,1349964161,14608000,1249280,20661600,22986720,262926,hold,1,1
coarse-f16-h6-u25,persistent,16,6,0.25,102,confirmation_coarse-f16-h6-u25_s102,7,29,123040,1351293281,14533120,915040,18154401,17928000,262926,hold,1,1
coarse-f16-h6-u25,persistent,16,6,0.25,102,confirmation_coarse-f16-h6-u25_s102,4,25,123999,1360909441,14796000,6013280,13956000,17748000,262926,increase,0,0
coarse-f16-h6-u25,persistent,16,6,0.25,102,confirmation_coarse-f16-h6-u25_s102,5,40,124079,1361811840,14768000,4601280,48900000,50384000,262926,hold,1,1
coarse-f16-h6-u25,persistent,16,6,0.25,102,confirmation_coarse-f16-h6-u25_s102,13,19,124068,1361674881,14588320,7413280,9012000,20542720,262926,increase,0,0
coarse-f16-h6-u25,persistent,16,6,0.25,102,confirmation_coarse-f16-h6-u25_s102,16,32,124336,1364572161,14608000,917280,15604000,20661600,262926,hold,1,1
coarse-f16-h6-u25,persistent,16,6,0.25,102,confirmation_coarse-f16-h6-u25_s102,9,42,124342,1364581601,14616320,169440,52274400,50906400,262926,hold,1,1
coarse-f16-h6-u25,persistent,16,6,0.25,102,confirmation_coarse-f16-h6-u25_s102,8,33,124431,1365594721,14608000,2577280,10292000,16600000,262926,increase,0,1
coarse-f16-h6-u25,persistent,16,6,0.25,102,confirmation_coarse-f16-h6-u25_s102,7,30,124472,1365976161,14682880,917280,15491201,18154401,262926,hold,1,1
coarse-f16-h6-u25,persistent,16,6,0.25,102,confirmation_coarse-f16-h6-u25_s102,3,35,124752,1368850560,14608000,2553280,45846880,49615839,262926,hold,1,0
coarse-f16-h6-u25,persistent,16,6,0.25,102,confirmation_coarse-f16-h6-u25_s102,3,35,126077,1383434560,29192000,2572160,48453120,49615839,262926,hold,1,1
coarse-f16-h6-u25,persistent,16,6,0.25,102,confirmation_coarse-f16-h6-u25_s102,11,41,125262,1374794881,14428320,922721,20571999,19580321,262926,hold,1,0
coarse-f16-h6-u25,persistent,16,6,0.25,102,confirmation_coarse-f16-h6-u25_s102,11,41,126645,1389402881,29036320,1581280,17922880,19580321,262926,hold,1,1
coarse-f16-h6-u25,persistent,16,6,0.25,102,confirmation_coarse-f16-h6-u25_s102,5,41,125414,1376454560,14642720,3937280,46430720,48900000,262926,hold,1,0
coarse-f16-h6-u25,persistent,16,6,0.25,102,confirmation_coarse-f16-h6-u25_s102,5,41,126846,1391490560,29678720,5712000,44360000,48900000,262926,hold,1,1
coarse-f16-h6-u25,persistent,16,6,0.25,102,confirmation_coarse-f16-h6-u25_s102,15,31,125427,1376525281,14604000,4166400,12169441,16078561,262926,increase,0,0
coarse-f16-h6-u25,persistent,16,6,0.25,102,confirmation_coarse-f16-h6-u25_s102,12,48,125411,1376447680,14492000,5321280,46740000,40016000,262926,hold,1,0
coarse-f16-h6-u25,persistent,16,6,0.25,102,confirmation_coarse-f16-h6-u25_s102,12,48,126833,1391327680,29372000,6853280,47016000,40016000,262926,hold,1,0
coarse-f16-h6-u25,persistent,16,6,0.25,102,confirmation_coarse-f16-h6-u25_s102,12,48,128340,1406067680,44112000,2101280,50920000,40016000,262926,hold,1,1
coarse-f16-h6-u25,persistent,16,6,0.25,102,confirmation_coarse-f16-h6-u25_s102,6,28,125573,1378114881,14608000,1913280,17086881,15272000,262926,hold,1,1
coarse-f16-h6-u25,persistent,16,6,0.25,102,confirmation_coarse-f16-h6-u25_s102,14,43,125562,1377962561,14440161,3737441,14943678,16779680,262926,hold,1,1
coarse-f16-h6-u25,persistent,16,6,0.25,102,confirmation_coarse-f16-h6-u25_s102,16,33,125663,1379180161,14608000,1913280,18260000,15604000,262926,hold,1,1
coarse-f16-h6-u25,persistent,16,6,0.25,102,confirmation_coarse-f16-h6-u25_s102,9,43,125733,1379853601,15272000,560160,50400000,52274400,262926,hold,1,0
coarse-f16-h6-u25,persistent,16,6,0.25,102,confirmation_coarse-f16-h6-u25_s102,9,43,127156,1394477120,29895519,324321,49230239,52274400,262926,hold,1,1
coarse-f16-h6-u25,persistent,16,6,0.25,102,confirmation_coarse-f16-h6-u25_s102,7,31,125780,1380362720,14386559,3130721,10731839,15491201,262926,increase,0,0
coarse-f16-h6-u25,persistent,16,6,0.25,102,confirmation_coarse-f16-h6-u25_s102,2,15,125989,1382554721,14824000,8069280,15433119,14252000,262926,hold,1,0
coarse-f16-h6-u25,persistent,16,6,0.25,102,confirmation_coarse-f16-h6-u25_s102,2,15,127438,1397322721,29592000,8697280,15312000,14252000,262926,hold,1,0
coarse-f16-h6-u25,persistent,16,6,0.25,102,confirmation_coarse-f16-h6-u25_s102,2,15,128896,1411822721,44092000,8549280,10064000,14252000,262926,increase,0,0
coarse-f16-h6-u25,persistent,16,6,0.25,102,confirmation_coarse-f16-h6-u25_s102,14,44,126961,1392570561,14608000,2909280,15768161,14943678,262926,hold,1,0
coarse-f16-h6-u25,persistent,16,6,0.25,102,confirmation_coarse-f16-h6-u25_s102,14,44,128429,1406998881,29036320,637600,17043841,14943678,262926,hold,1,1
coarse-f16-h6-u25,persistent,16,6,0.25,102,confirmation_coarse-f16-h6-u25_s102,6,29,126967,1392651840,14536959,2582400,13938880,17086881,262926,increase,0,1
coarse-f16-h6-u25,persistent,16,6,0.25,102,confirmation_coarse-f16-h6-u25_s102,16,34,127085,1393788161,14608000,3237440,18263840,18260000,262926,hold,1,1
coarse-f16-h6-u25,persistent,16,6,0.25,102,confirmation_coarse-f16-h6-u25_s102,3,36,127513,1398021441,14586881,232161,49157119,48453120,262926,hold,1,1
coarse-f16-h6-u25,persistent,16,6,0.25,102,confirmation_coarse-f16-h6-u25_s102,11,42,128130,1404010881,14608000,1581280,15751200,17922880,262926,hold,1,1
coarse-f16-h6-u25,persistent,16,6,0.25,102,confirmation_coarse-f16-h6-u25_s102,4,26,128212,1404873441,14768000,6529280,16180000,15700000,262926,hold,1,0
coarse-f16-h6-u25,persistent,16,6,0.25,102,confirmation_coarse-f16-h6-u25_s102,4,26,129568,1419378721,29273280,3937280,20700000,15700000,262926,hold,1,1
coarse-f16-h6-u25,persistent,16,6,0.25,102,confirmation_coarse-f16-h6-u25_s102,13,20,128324,1405906881,14796000,7313280,18680000,14704000,262926,hold,1,0
coarse-f16-h6-u25,persistent,16,6,0.25,102,confirmation_coarse-f16-h6-u25_s102,13,20,129672,1420398881,29288000,3245280,22564000,14704000,262926,hold,1,1
coarse-f16-h6-u25,persistent,16,6,0.25,102,confirmation_coarse-f16-h6-u25_s102,5,42,128413,1406741441,15250881,76161,52922720,44360000,262926,hold,1,1
coarse-f16-h6-u25,persistent,16,6,0.25,102,confirmation_coarse-f16-h6-u25_s102,16,35,128568,1408396161,14608000,4897440,8632000,18263840,262926,increase,0,0
coarse-f16-h6-u25,persistent,16,6,0.25,102,confirmation_coarse-f16-h6-u25_s102,1,37,128613,1408776001,14492000,6493280,17664000,14528000,262926,hold,1,0
coarse-f16-h6-u25,persistent,16,6,0.25,102,confirmation_coarse-f16-h6-u25_s102,1,37,129924,1423204001,28920000,3661280,19980000,14528000,262926,hold,1,1
coarse-f16-h6-u25,persistent,16,6,0.25,102,confirmation_coarse-f16-h6-u25_s102,9,44,128707,1409802721,15325601,65760,52874560,49230239,262926,hold,1,0
coarse-f16-h6-u25,persistent,16,6,0.25,102,confirmation_coarse-f16-h6-u25_s102,9,44,130037,1424354721,29877601,766400,48148320,49230239,262926,hold,1,1
coarse-f16-h6-u25,persistent,16,6,0.25,102,confirmation_coarse-f16-h6-u25_s102,8,34,128654,1409322881,14512160,0,11209280,17596000,262926,increase,0,1
coarse-f16-h6-u25,persistent,16,6,0.25,102,confirmation_coarse-f16-h6-u25_s102,3,37,128951,1412421280,14399839,407840,49288320,49157119,262926,hold,1,0
coarse-f16-h6-u25,persistent,16,6,0.25,102,confirmation_coarse-f16-h6-u25_s102,3,37,130268,1426950560,28929119,2369119,42372161,49157119,262926,hold,1,1
coarse-f16-h6-u25,persistent,16,6,0.25,102,confirmation_coarse-f16-h6-u25_s102,11,43,129508,1418684161,14673280,4006240,11435200,15751200,262926,increase,0,1
coarse-f16-h6-u25,persistent,16,6,0.25,102,confirmation_coarse-f16-h6-u25_s102,12,49,129707,1420771680,14704000,1529280,49048000,50920000,262926,hold,1,0
coarse-f16-h6-u25,persistent,16,6,0.25,102,confirmation_coarse-f16-h6-u25_s102,12,49,131087,1435539680,29472000,1253280,44148000,50920000,262926,hold,1,1
coarse-f16-h6-u25,persistent,16,6,0.25,102,confirmation_coarse-f16-h6-u25_s102,15,32,129736,1421088161,14682880,3498400,15014880,14425441,262926,hold,1,0
coarse-f16-h6-u25,persistent,16,6,0.25,102,confirmation_coarse-f16-h6-u25_s102,15,32,131140,1436028161,29622880,5711841,11952000,14425441,262926,increase,0,1
coarse-f16-h6-u25,persistent,16,6,0.25,102,confirmation_coarse-f16-h6-u25_s102,5,43,129786,1421621441,14880000,2822720,50324161,52922720,262926,hold,1,0
coarse-f16-h6-u25,persistent,16,6,0.25,102,confirmation_coarse-f16-h6-u25_s102,5,43,131171,1436325441,29584000,6945280,41553601,52922720,262926,hold,1,1
coarse-f16-h6-u25,persistent,16,6,0.25,102,confirmation_coarse-f16-h6-u25_s102,14,45,129777,1421614560,14615679,1681280,13659200,17043841,262926,increase,0,1
coarse-f16-h6-u25,persistent,16,6,0.25,102,confirmation_coarse-f16-h6-u25_s102,4,27,130918,1433814721,14436000,4762560,17600000,20700000,262926,hold,1,0
coarse-f16-h6-u25,persistent,16,6,0.25,102,confirmation_coarse-f16-h6-u25_s102,4,27,132363,1448674721,29296000,10066560,12056000,20700000,262926,increase,0,0
coarse-f16-h6-u25,persistent,16,6,0.25,102,confirmation_coarse-f16-h6-u25_s102,13,21,131023,1434954881,14556000,5229280,19860000,22564000,262926,hold,1,0
coarse-f16-h6-u25,persistent,16,6,0.25,102,confirmation_coarse-f16-h6-u25_s102,13,21,132475,1449870881,29472000,3273280,23144000,22564000,262926,hold,1,0
coarse-f16-h6-u25,persistent,16,6,0.25,102,confirmation_coarse-f16-h6-u25_s102,13,21,133890,1464674881,44276000,3702400,17390880,22564000,262926,hold,1,1
coarse-f16-h6-u25,persistent,16,6,0.25,102,confirmation_coarse-f16-h6-u25_s102,6,30,131165,1436310721,14608000,1079041,16278240,16035198,262926,hold,1,1
coarse-f16-h6-u25,persistent,16,6,0.25,102,confirmation_coarse-f16-h6-u25_s102,1,38,131368,1438307841,15103840,2305280,20460000,19980000,262926,hold,1,1
coarse-f16-h6-u25,persistent,16,6,0.25,102,confirmation_coarse-f16-h6-u25_s102,7,32,131415,1438684161,14682880,2980160,12948000,14054559,262926,increase,0,1
coarse-f16-h6-u25,persistent,16,6,0.25,102,confirmation_coarse-f16-h6-u25_s102,9,45,131458,1439126400,14771679,88161,47800798,48148320,262926,hold,1,1
coarse-f16-h6-u25,persistent,16,6,0.25,102,confirmation_coarse-f16-h6-u25_s102,3,38,131683,1441558560,14608000,5486560,39918720,42372161,262926,hold,1,1
coarse-f16-h6-u25,persistent,16,6,0.25,102,confirmation_coarse-f16-h6-u25_s102,12,50,132500,1450159680,14620000,865280,46500000,44148000,262926,hold,1,1
coarse-f16-h6-u25,persistent,16,6,0.25,102,confirmation_coarse-f16-h6-u25_s102,14,46,132535,1450586721,14471840,724160,14227840,14708000,262926,hold,1,1
coarse-f16-h6-u25,persistent,16,6,0.25,102,confirmation_coarse-f16-h6-u25_s102,6,31,132558,1450822881,14512160,2144320,12953120,16278240,262926,increase,0,1
coarse-f16-h6-u25,persistent,16,6,0.25,102,confirmation_coarse-f16-h6-u25_s102,5,44,132577,1451001441,14676000,6144639,42627522,41553601,262926,hold,1,1
coarse-f16-h6-u25,persistent,16,6,0.25,102,confirmation_coarse-f16-h6-u25_s102,16,36,132675,1452074720,14461439,56320,19452960,17596000,262926,hold,1,0
coarse-f16-h6-u25,persistent,16,6,0.25,102,confirmation_coarse-f16-h6-u25_s102,16,36,134102,1466682720,29069439,1429599,21248000,17596000,262926,hold,1,1
coarse-f16-h6-u25,persistent,16,6,0.25,102,confirmation_coarse-f16-h6-u25_s102,1,39,132752,1452952001,14644160,3669280,19796000,20460000,262926,hold,1,1
coarse-f16-h6-u25,persistent,16,6,0.25,102,confirmation_coarse-f16-h6-u25_s102,8,35,132761,1453046881,14608000,585280,13506880,14089440,262926,increase,0,1
coarse-f16-h6-u25,persistent,16,6,0.25,102,confirmation_coarse-f16-h6-u25_s102,9,46,132814,1453557601,14431201,284959,48124481,47800798,262926,hold,1,0
coarse-f16-h6-u25,persistent,16,6,0.25,102,confirmation_coarse-f16-h6-u25_s102,9,46,134242,1468165601,29039201,1332000,47393280,47800798,262926,hold,1,1
coarse-f16-h6-u25,persistent,16,6,0.25,102,confirmation_coarse-f16-h6-u25_s102,3,39,133053,1456166560,14608000,0,46898721,39918720,262926,hold,1,1
coarse-f16-h6-u25,persistent,16,6,0.25,102,confirmation_coarse-f16-h6-u25_s102,10,18,133570,1461454881,14445440,750399,15181601,15272000,262926,hold,1,1
coarse-f16-h6-u25,persistent,16,6,0.25,102,confirmation_coarse-f16-h6-u25_s102,11,44,133628,1462110881,14512160,588160,16597120,14406080,262926,hold,1,1
coarse-f16-h6-u25,persistent,16,6,0.25,102,confirmation_coarse-f16-h6-u25_s102,12,51,133893,1464687680,14528000,2737280,41712000,46500000,262926,hold,1,1
coarse-f16-h6-u25,persistent,16,6,0.25,102,confirmation_coarse-f16-h6-u25_s102,14,47,133984,1465526721,14940000,585280,15848160,14227840,262926,hold,1,1
coarse-f16-h6-u25,persistent,16,6,0.25,102,confirmation_coarse-f16-h6-u25_s102,5,45,133998,1465705441,14704000,497280,48697440,42627522,262926,hold,1,0
coarse-f16-h6-u25,persistent,16,6,0.25,102,confirmation_coarse-f16-h6-u25_s102,5,45,135468,1480436161,29434720,150399,49544000,42627522,262926,hold,1,0
coarse-f16-h6-u25,persistent,16,6,0.25,102,confirmation_coarse-f16-h6-u25_s102,5,45,136902,1495008161,44006720,1492000,51000000,42627522,262926,hold,1,1
coarse-f16-h6-u25,persistent,16,6,0.25,102,confirmation_coarse-f16-h6-u25_s102,1,40,134166,1467392001,14440000,4389280,17756000,19796000,262926,hold,1,1
coarse-f16-h6-u25,persistent,16,6,0.25,102,confirmation_coarse-f16-h6-u25_s102,3,40,134505,1470838560,14672000,155840,47950559,46898721,262926,hold,1,1
coarse-f16-h6-u25,persistent,16,6,0.25,102,confirmation_coarse-f16-h6-u25_s102,10,19,135028,1476062881,14608000,2746720,18666720,15181601,262926,hold,1,0
coarse-f16-h6-u25,persistent,16,6,0.25,102,confirmation_coarse-f16-h6-u25_s102,10,19,136496,1490670881,29216000,4569280,16347041,15181601,262926,hold,1,1
coarse-f16-h6-u25,persistent,16,6,0.25,102,confirmation_coarse-f16-h6-u25_s102,11,45,135083,1476726881,14616000,1589280,14932000,16597120,262926,hold,1,1
coarse-f16-h6-u25,persistent,16,6,0.25,102,confirmation_coarse-f16-h6-u25_s102,13,22,135391,1479534881,14860000,6680160,18721120,17390880,262926,hold,1,0
coarse-f16-h6-u25,persistent,16,6,0.25,102,confirmation_coarse-f16-h6-u25_s102,13,22,136821,1494146881,29472000,7377280,16695839,17390880,262926,hold,1,1
coarse-f16-h6-u25,persistent,16,6,0.25,102,confirmation_coarse-f16-h6-u25_s102,12,52,135375,1479447680,14760000,4121280,43004000,41712000,262926,hold,1,1
coarse-f16-h6-u25,persistent,16,6,0.25,102,confirmation_coarse-f16-h6-u25_s102,14,48,135441,1480134721,14608000,1965120,15310880,15848160,262926,hold,1,1
coarse-f16-h6-u25,persistent,16,6,0.25,102,confirmation_coarse-f16-h6-u25_s102,15,33,135483,1480516161,14682880,258400,21023040,15941120,262926,hold,1,1
coarse-f16-h6-u25,persistent,16,6,0.25,102,confirmation_coarse-f16-h6-u25_s102,16,37,135569,1481290720,14608000,1581280,19768319,21248000,262926,hold,1,0
coarse-f16-h6-u25,persistent,16,6,0.25,102,confirmation_coarse-f16-h6-u25_s102,16,37,136992,1495898720,29216000,1581280,18260000,21248000,262926,hold,1,1
coarse-f16-h6-u25,persistent,16,6,0.25,102,confirmation_coarse-f16-h6-u25_s102,1,41,135657,1482248001,14856000,5929280,18236000,17756000,262926,hold,1,0
coarse-f16-h6-u25,persistent,16,6,0.25,102,confirmation_coarse-f16-h6-u25_s102,1,41,137106,1497052001,29660000,5421280,16216000,17756000,262926,hold,1,1
coarse-f16-h6-u25,persistent,16,6,0.25,102,confirmation_coarse-f16-h6-u25_s102,9,47,135745,1483122560,14956959,505279,50711840,47393280,262926,hold,1,1
coarse-f16-h6-u25,persistent,16,6,0.25,102,confirmation_coarse-f16-h6-u25_s102,3,41,135952,1485201441,14362881,649280,50656160,47950559,262926,hold,1,0
coarse-f16-h6-u25,persistent,16,6,0.25,102,confirmation_coarse-f16-h6-u25_s102,3,41,137355,1499722560,28884000,1761281,53003999,47950559,262926,hold,1,1
coarse-f16-h6-u25,persistent,16,6,0.25,102,confirmation_coarse-f16-h6-u25_s102,2,16,135984,1485526721,14612000,5589280,16696000,16272000,262926,hold,1,0
coarse-f16-h6-u25,persistent,16,6,0.25,102,confirmation_coarse-f16-h6-u25_s102,2,16,137417,1500414721,29500000,9325280,12988000,16272000,262926,increase,0,0
coarse-f16-h6-u25,persistent,16,6,0.25,102,confirmation_coarse-f16-h6-u25_s102,11,46,136542,1491090721,14363840,2917280,13280000,14932000,262926,increase,0,0
coarse-f16-h6-u25,persistent,16,6,0.25,102,confirmation_coarse-f16-h6-u25_s102,4,28,136665,1492454721,14852000,4961280,17656000,18532000,262926,hold,1,1
coarse-f16-h6-u25,persistent,16,6,0.25,102,confirmation_coarse-f16-h6-u25_s102,12,53,136815,1494123680,14676000,6189280,43676000,43004000,262926,hold,1,0
coarse-f16-h6-u25,persistent,16,6,0.25,102,confirmation_coarse-f16-h6-u25_s102,12,53,138253,1509095680,29648000,4117441,47675839,43004000,262926,hold,1,1
coarse-f16-h6-u25,persistent,16,6,0.25,102,confirmation_coarse-f16-h6-u25_s102,6,32,136834,1494322881,14380481,2472799,13614880,16168639,262926,increase,0,1
coarse-f16-h6-u25,persistent,16,6,0.25,102,confirmation_coarse-f16-h6-u25_s102,14,49,136871,1494742721,14608000,2904321,13284959,15310880,262926,increase,0,1
coarse-f16-h6-u25,persistent,16,6,0.25,102,confirmation_coarse-f16-h6-u25_s102,15,34,136905,1495044161,14528000,1993280,20645441,21023040,262926,hold,1,0
coarse-f16-h6-u25,persistent,16,6,0.25,102,confirmation_coarse-f16-h6-u25_s102,15,34,138312,1509657281,29141120,3825280,17006880,21023040,262926,hold,1,1
coarse-f16-h6-u25,persistent,16,6,0.25,102,confirmation_coarse-f16-h6-u25_s102,8,36,137076,1496739680,14612959,1908160,14950240,14476960,262926,hold,1,1
coarse-f16-h6-u25,persistent,16,6,0.25,102,confirmation_coarse-f16-h6-u25_s102,7,33,137065,1496704161,14528000,2657280,17258880,16896960,262926,hold,1,1
coarse-f16-h6-u25,persistent,16,6,0.25,102,confirmation_coarse-f16-h6-u25_s102,9,48,137151,1497477280,14354720,0,54450400,50711840,262926,hold,1,0
coarse-f16-h6-u25,persistent,16,6,0.25,102,confirmation_coarse-f16-h6-u25_s102,9,48,138553,1512078721,28956161,0,54464959,50711840,262926,hold,1,1
coarse-f16-h6-u25,persistent,16,6,0.25,102,confirmation_coarse-f16-h6-u25_s102,10,20,137880,1505278881,14608000,4232160,12953120,16347041,262926,increase,0,0
coarse-f16-h6-u25,persistent,16,6,0.25,102,confirmation_coarse-f16-h6-u25_s102,4,29,138067,1507130721,14676000,6557280,18680000,17656000,262926,hold,1,1
coarse-f16-h6-u25,persistent,16,6,0.25,102,confirmation_coarse-f16-h6-u25_s102,13,23,138232,1508914881,14768000,6465280,18088000,16695839,262926,hold,1,0
coarse-f16-h6-u25,persistent,16,6,0.25,102,confirmation_coarse-f16-h6-u25_s102,13,23,139683,1523590881,29444000,8097280,13892000,16695839,262926,increase,0,1
coarse-f16-h6-u25,persistent,16,6,0.25,102,confirmation_coarse-f16-h6-u25_s102,5,46,138332,1509814560,14806399,1899679,53498720,51000000,262926,hold,1,1
coarse-f16-h6-u25,persistent,16,6,0.25,102,confirmation_coarse-f16-h6-u25_s102,16,38,138396,1510506720,14608000,1913280,19256000,18260000,262926,hold,1,0
coarse-f16-h6-u25,persistent,16,6,0.25,102,confirmation_coarse-f16-h6-u25_s102,16,38,139849,1525114720,29216000,3573280,15272000,18260000,262926,hold,1,1
coarse-f16-h6-u25,persistent,16,6,0.25,102,confirmation_coarse-f16-h6-u25_s102,7,34,138478,1511392161,14688000,2245280,16348000,17258880,262926,hold,1,0
coarse-f16-h6-u25,persistent,16,6,0.25,102,confirmation_coarse-f16-h6-u25_s102,7,34,139942,1526004001,29299840,1833280,18343840,17258880,262926,hold,1,1
coarse-f16-h6-u25,persistent,16,6,0.25,102,confirmation_coarse-f16-h6-u25_s102,8,37,138473,1511342721,14603041,1571201,15604000,14950240,262926,hold,1,0
coarse-f16-h6-u25,persistent,16,6,0.25,102,confirmation_coarse-f16-h6-u25_s102,8,37,139936,1525950721,29211041,3895040,11620161,14950240,262926,increase,0,1
coarse-f16-h6-u25,persistent,16,6,0.25,102,confirmation_coarse-f16-h6-u25_s102,1,42,138492,1511524001,14472000,5181280,16336000,16216000,262926,hold,1,0
coarse-f16-h6-u25,persistent,16,6,0.25,102,confirmation_coarse-f16-h6-u25_s102,1,42,139978,1526284001,29232000,8317280,6292000,16216000,262926,increase,0,0
coarse-f16-h6-u25,persistent,16,6,0.25,102,confirmation_coarse-f16-h6-u25_s102,3,42,138797,1514716001,14993441,0,54072001,53003999,262926,hold,1,0
coarse-f16-h6-u25,persistent,16,6,0.25,102,confirmation_coarse-f16-h6-u25_s102,3,42,140285,1529324001,29601441,1302721,53438720,53003999,262926,hold,1,1
coarse-f16-h6-u25,persistent,16,6,0.25,102,confirmation_coarse-f16-h6-u25_s102,4,30,139517,1521962721,14832000,7765280,16568000,18680000,262926,hold,1,0
coarse-f16-h6-u25,persistent,16,6,0.25,102,confirmation_coarse-f16-h6-u25_s102,4,30,140978,1536528001,29397280,2257280,17296000,18680000,262926,hold,1,1
coarse-f16-h6-u25,persistent,16,6,0.25,102,confirmation_coarse-f16-h6-u25_s102,12,54,139704,1523743680,14648000,1409280,49472000,47675839,262926,hold,1,0
coarse-f16-h6-u25,persistent,16,6,0.25,102,confirmation_coarse-f16-h6-u25_s102,12,54,141156,1538454721,29359041,1381280,48264000,47675839,262926,hold,1,1
coarse-f16-h6-u25,persistent,16,6,0.25,102,confirmation_coarse-f16-h6-u25_s102,14,50,139697,1523715520,14485120,1128959,13916960,14569280,262926,increase,0,1
coarse-f16-h6-u25,persistent,16,6,0.25,102,confirmation_coarse-f16-h6-u25_s102,15,35,139760,1524265281,14608000,4237280,8969120,17006880,262926,increase,0,1
coarse-f16-h6-u25,persistent,16,6,0.25,102,confirmation_coarse-f16-h6-u25_s102,5,47,139800,1524678560,14864000,2277280,51861119,53498720,262926,hold,1,1
coarse-f16-h6-u25,persistent,16,6,0.25,102,confirmation_coarse-f16-h6-u25_s102,9,49,140008,1526614560,14535839,251839,54090561,54464959,262926,hold,1,1
coarse-f16-h6-u25,persistent,16,6,0.25,102,confirmation_coarse-f16-h6-u25_s102,11,47,140789,1534494881,14431361,2724641,8308000,14036960,262926,increase,0,1
coarse-f16-h6-u25,persistent,16,6,0.25,102,confirmation_coarse-f16-h6-u25_s102,5,48,141238,1539281441,14602881,2445280,54968000,51861119,262926,hold,1,0
coarse-f16-h6-u25,persistent,16,6,0.25,102,confirmation_coarse-f16-h6-u25_s102,5,48,142659,1553962721,29284161,219840,57977440,51861119,262926,hold,1,1
coarse-f16-h6-u25,persistent,16,6,0.25,102,confirmation_coarse-f16-h6-u25_s102,16,39,141278,1539722720,14608000,2576159,18924000,15272000,262926,hold,1,0
coarse-f16-h6-u25,persistent,16,6,0.25,102,confirmation_coarse-f16-h6-u25_s102,16,39,142693,1554330720,29216000,1248159,18260000,15272000,262926,hold,1,1
coarse-f16-h6-u25,persistent,16,6,0.25,102,confirmation_coarse-f16-h6-u25_s102,7,35,141361,1540608161,14604160,1913280,22244000,18343840,262926,hold,1,0
coarse-f16-h6-u25,persistent,16,6,0.25,102,confirmation_coarse-f16-h6-u25_s102,7,35,142761,1555216161,29212160,1190720,20642560,18343840,262926,hold,1,1
coarse-f16-h6-u25,persistent,16,6,0.25,102,confirmation_coarse-f16-h6-u25_s102,9,50,141425,1541222721,14608161,1201120,56076160,54090561,262926,hold,1,0
coarse-f16-h6-u25,persistent,16,6,0.25,102,confirmation_coarse-f16-h6-u25_s102,9,50,142821,1555762721,29148161,3501280,55232000,54090561,262926,hold,1,1
coarse-f16-h6-u25,persistent,16,6,0.25,102,confirmation_coarse-f16-h6-u25_s102,3,43,141788,1544782721,15458720,0,51824481,53438720,262926,hold,1,1
coarse-f16-h6-u25,persistent,16,6,0.25,102,confirmation_coarse-f16-h6-u25_s102,2,17,141718,1544202721,14648000,7553280,18172000,16492000,262926,hold,1,0
coarse-f16-h6-u25,persistent,16,6,0.25,102,confirmation_coarse-f16-h6-u25_s102,2,17,143118,1558794721,29240000,5329280,18348000,16492000,262926,hold,1,0
coarse-f16-h6-u25,persistent,16,6,0.25,102,confirmation_coarse-f16-h6-u25_s102,2,17,144568,1573866721,44312000,4757280,12756000,16492000,262926,increase,0,1
coarse-f16-h6-u25,persistent,16,6,0.25,102,confirmation_coarse-f16-h6-u25_s102,10,21,142174,1548858721,14608000,2665120,15609120,17264000,262926,hold,1,0
coarse-f16-h6-u25,persistent,16,6,0.25,102,confirmation_coarse-f16-h6-u25_s102,10,21,143582,1563466721,29216000,2240321,17688799,17264000,262926,hold,1,1
coarse-f16-h6-u25,persistent,16,6,0.25,102,confirmation_coarse-f16-h6-u25_s102,4,31,142385,1551174721,14646720,3853280,15228000,17296000,262926,hold,1,1
coarse-f16-h6-u25,persistent,16,6,0.25,102,confirmation_coarse-f16-h6-u25_s102,14,51,142559,1552936640,14789759,98080,16091200,16054718,262926,hold,1,1
coarse-f16-h6-u25,persistent,16,6,0.25,102,confirmation_coarse-f16-h6-u25_s102,13,24,142584,1553210881,14760000,8217280,15876000,16216000,262926,hold,1,0
coarse-f16-h6-u25,persistent,16,6,0.25,102,confirmation_coarse-f16-h6-u25_s102,13,24,144037,1568338881,29888000,4417280,18628960,16216000,262926,hold,1,1
coarse-f16-h6-u25,persistent,16,6,0.25,102,confirmation_coarse-f16-h6-u25_s102,12,55,142572,1553094721,14640000,808321,48992000,48264000,262926,hold,1,1
coarse-f16-h6-u25,persistent,16,6,0.25,102,confirmation_coarse-f16-h6-u25_s102,6,33,142556,1552931520,14421120,2722400,10992639,16732160,262926,increase,0,0
coarse-f16-h6-u25,persistent,16,6,0.25,102,confirmation_coarse-f16-h6-u25_s102,15,36,142617,1553556161,14570720,1693440,14608000,16375040,262926,hold,1,0
coarse-f16-h6-u25,persistent,16,6,0.25,102,confirmation_coarse-f16-h6-u25_s102,15,36,144021,1568168001,29182560,1771680,20140320,16375040,262926,hold,1,1
coarse-f16-h6-u25,persistent,16,6,0.25,102,confirmation_coarse-f16-h6-u25_s102,3,44,143175,1559482560,14699839,253280,55381280,51824481,262926,hold,1,1
coarse-f16-h6-u25,persistent,16,6,0.25,102,confirmation_coarse-f16-h6-u25_s102,4,32,143797,1565758721,14584000,2581280,16852000,15228000,262926,hold,1,0
coarse-f16-h6-u25,persistent,16,6,0.25,102,confirmation_coarse-f16-h6-u25_s102,4,32,145189,1580674721,29500000,4777280,18688000,15228000,262926,hold,1,0
coarse-f16-h6-u25,persistent,16,6,0.25,102,confirmation_coarse-f16-h6-u25_s102,4,32,146641,1595337441,44162720,9228000,10858880,15228000,262926,increase,0,0
coarse-f16-h6-u25,persistent,16,6,0.25,102,confirmation_coarse-f16-h6-u25_s102,14,52,143952,1567358561,14421921,590400,16861120,16091200,262926,hold,1,1
coarse-f16-h6-u25,persistent,16,6,0.25,102,confirmation_coarse-f16-h6-u25_s102,12,56,143995,1567866721,14772000,2573280,47479041,48992000,262926,hold,1,0
coarse-f16-h6-u25,persistent,16,6,0.25,102,confirmation_coarse-f16-h6-u25_s102,12,56,145396,1582678560,29583839,8393119,43631041,48992000,262926,hold,1,0
coarse-f16-h6-u25,persistent,16,6,0.25,102,confirmation_coarse-f16-h6-u25_s102,12,56,146824,1597318560,44223839,645280,47994880,48992000,262926,hold,1,1
coarse-f16-h6-u25,persistent,16,6,0.25,102,confirmation_coarse-f16-h6-u25_s102,5,49,144138,1569386721,15424000,2052000,59419840,57977440,262926,hold,1,1
coarse-f16-h6-u25,persistent,16,6,0.25,102,confirmation_coarse-f16-h6-u25_s102,16,40,144097,1568938720,14608000,1912159,16932000,18260000,262926,hold,1,1
coarse-f16-h6-u25,persistent,16,6,0.25,102,confirmation_coarse-f16-h6-u25_s102,8,38,144157,1569531520,14608000,2906239,14942880,17188959,262926,hold,1,1
coarse-f16-h6-u25,persistent,16,6,0.25,102,confirmation_coarse-f16-h6-u25_s102,7,36,144178,1569829281,14613120,3241280,17006880,20642560,262926,hold,1,0
coarse-f16-h6-u25,persistent,16,6,0.25,102,confirmation_coarse-f16-h6-u25_s102,7,36,145573,1584432161,29216000,2913120,18995040,20642560,262926,hold,1,1
coarse-f16-h6-u25,persistent,16,6,0.25,102,confirmation_coarse-f16-h6-u25_s102,9,51,144228,1570438560,14675839,3336160,55284959,55232000,262926,hold,1,0
coarse-f16-h6-u25,persistent,16,6,0.25,102,confirmation_coarse-f16-h6-u25_s102,9,51,145607,1584798721,29036000,337441,59250399,55232000,262926,hold,1,1
coarse-f16-h6-u25,persistent,16,6,0.25,102,confirmation_coarse-f16-h6-u25_s102,1,43,144261,1570756001,14972000,7336160,18049120,14316000,262926,hold,1,1
coarse-f16-h6-u25,persistent,16,6,0.25,102,confirmation_coarse-f16-h6-u25_s102,3,45,144605,1574263360,14780800,704639,58847840,55381280,262926,hold,1,1
coarse-f16-h6-u25,persistent,16,6,0.25,102,confirmation_coarse-f16-h6-u25_s102,10,22,144941,1578074721,14608000,2904160,16268161,17688799,262926,hold,1,0
coarse-f16-h6-u25,persistent,16,6,0.25,102,confirmation_coarse-f16-h6-u25_s102,10,22,146369,1592523360,29056639,3289440,11898720,17688799,262926,increase,0,1
coarse-f16-h6-u25,persistent,16,6,0.25,102,confirmation_coarse-f16-h6-u25_s102,11,48,145047,1579125601,14751201,1399040,22270879,17425760,262926,hold,1,0
coarse-f16-h6-u25,persistent,16,6,0.25,102,confirmation_coarse-f16-h6-u25_s102,11,48,146494,1593767681,29393281,2245280,21252959,17425760,262926,hold,1,1
coarse-f16-h6-u25,persistent,16,6,0.25,102,confirmation_coarse-f16-h6-u25_s102,14,53,145326,1581899360,14540799,542240,21708959,16861120,262926,hold,1,0
coarse-f16-h6-u25,persistent,16,6,0.25,102,confirmation_coarse-f16-h6-u25_s102,14,53,146728,1596321281,28962720,917280,23318720,16861120,262926,hold,1,1
coarse-f16-h6-u25,persistent,16,6,0.25,102,confirmation_coarse-f16-h6-u25_s102,6,34,145352,1582231360,14393759,873121,20773919,15710559,262926,hold,1,1
coarse-f16-h6-u25,persistent,16,6,0.25,102,confirmation_coarse-f16-h6-u25_s102,15,37,145444,1583109281,14941280,4644160,18811840,20140320,262926,hold,1,0
coarse-f16-h6-u25,persistent,16,6,0.25,102,confirmation_coarse-f16-h6-u25_s102,15,37,146929,1598301281,30133280,6229280,10956000,20140320,262926,increase,0,0
coarse-f16-h6-u25,persistent,16,6,0.25,102,confirmation_coarse-f16-h6-u25_s102,13,25,145417,1582858881,14520000,4049280,19768000,18628960,262926,hold,1,1
coarse-f16-h6-u25,persistent,16,6,0.25,102,confirmation_coarse-f16-h6-u25_s102,16,41,145489,1583546720,14608000,2576159,20916000,16932000,262926,hold,1,0
coarse-f16-h6-u25,persistent,16,6,0.25,102,confirmation_coarse-f16-h6-u25_s102,16,41,146910,1598154720,29216000,1580159,17264000,16932000,262926,hold,1,1
coarse-f16-h6-u25,persistent,16,6,0.25,102,confirmation_coarse-f16-h6-u25_s102,5,50,145545,1584118721,14732000,2793280,54176161,59419840,262926,hold,1,0
coarse-f16-h6-u25,persistent,16,6,0.25,102,confirmation_coarse-f16-h6-u25_s102,5,50,146955,1598559680,29172959,418239,54943202,59419840,262926,hold,1,1
coarse-f16-h6-u25,persistent,16,6,0.25,102,confirmation_coarse-f16-h6-u25_s102,8,39,145553,1584139841,14608321,3236160,14939839,14942880,262926,hold,1,1
coarse-f16-h6-u25,persistent,16,6,0.25,102,confirmation_coarse-f16-h6-u25_s102,1,44,145672,1585488001,14732000,3477280,21872000,18049120,262926,hold,1,0
coarse-f16-h6-u25,persistent,16,6,0.25,102,confirmation_coarse-f16-h6-u25_s102,1,44,147091,1599868001,29112000,3845280,25404000,18049120,262926,hold,1,1
coarse-f16-h6-u25,persistent,16,6,0.25,102,confirmation_coarse-f16-h6-u25_s102,3,46,145992,1588698560,14435200,1157281,53543999,58847840,262926,hold,1,0
coarse-f16-h6-u25,persistent,16,6,0.25,102,confirmation_coarse-f16-h6-u25_s102,3,46,147433,1603334721,29071361,253280,55749440,58847840,262926,hold,1,1
coarse-f16-h6-u25,persistent,16,6,0.25,102,confirmation_coarse-f16-h6-u25_s102,6,35,146781,1596839360,14608000,850240,21388640,20773919,262926,hold,1,1
coarse-f16-h6-u25,persistent,16,6,0.25,102,confirmation_coarse-f16-h6-u25_s102,13,26,146863,1597662881,14804000,3513280,19043040,19768000,262926,hold,1,1
coarse-f16-h6-u25,persistent,16,6,0.25,102,confirmation_coarse-f16-h6-u25_s102,8,40,146978,1598747520,14607679,2572160,13612000,14939839,262926,increase,0,0
coarse-f16-h6-u25,persistent,16,6,0.25,102,confirmation_coarse-f16-h6-u25_s102,7,37,147030,1599372161,14940000,5228160,14688000,18995040,262926,hold,1,1
coarse-f16-h6-u25,persistent,16,6,0.25,102,confirmation_coarse-f16-h6-u25_s102,9,52,147040,1599477280,14678559,0,55201280,59250399,262926,hold,1,1
coarse-f16-h6-u25,persistent,16,6,0.25,102,confirmation_coarse-f16-h6-u25_s102,11,49,147929,1608375681,14608000,1576321,20437918,21252959,262926,hold,1,1
coarse-f16-h6-u25,persistent,16,6,0.25,102,confirmation_coarse-f16-h6-u25_s102,14,54,148174,1610929281,14608000,1383201,18682720,23318720,262926,hold,1,0
coarse-f16-h6-u25,persistent,16,6,0.25,102,confirmation_coarse-f16-h6-u25_s102,14,54,149665,1625537281,29216000,1588160,15405921,23318720,262926,hold,1,1
coarse-f16-h6-u25,persistent,16,6,0.25,102,confirmation_coarse-f16-h6-u25_s102,6,36,148232,1611447360,14608000,2577280,16717759,21388640,262926,hold,1,1
coarse-f16-h6-u25,persistent,16,6,0.25,102,confirmation_coarse-f16-h6-u25_s102,12,57,148251,1611690560,14372000,1281280,50301759,47994880,262926,hold,1,0
coarse-f16-h6-u25,persistent,16,6,0.25,102,confirmation_coarse-f16-h6-u25_s102,12,57,149731,1626153280,28834720,709280,51871839,47994880,262926,hold,1,1
coarse-f16-h6-u25,persistent,16,6,0.25,102,confirmation_coarse-f16-h6-u25_s102,13,27,148309,1612190881,14528000,4517280,16632000,19043040,262926,hold,1,0
coarse-f16-h6-u25,persistent,16,6,0.25,102,confirmation_coarse-f16-h6-u25_s102,13,27,149826,1626986881,29324000,6777280,10700000,19043040,262926,increase,0,1
coarse-f16-h6-u25,persistent,16,6,0.25,102,confirmation_coarse-f16-h6-u25_s102,16,42,148363,1612762720,14608000,3240159,11620000,17264000,262926,increase,0,0
coarse-f16-h6-u25,persistent,16,6,0.25,102,confirmation_coarse-f16-h6-u25_s102,5,51,148415,1613255360,14695680,301919,55157280,54943202,262926,hold,1,0
coarse-f16-h6-u25,persistent,16,6,0.25,102,confirmation_coarse-f16-h6-u25_s102,5,51,149938,1628052480,29492800,1029280,53280639,54943202,262926,hold,1,1
coarse-f16-h6-u25,persistent,16,6,0.25,102,confirmation_coarse-f16-h6-u25_s102,7,38,148490,1613984001,14611840,2576000,7973120,14688000,262926,increase,0,0
coarse-f16-h6-u25,persistent,16,6,0.25,102,confirmation_coarse-f16-h6-u25_s102,9,53,148511,1614142400,14665120,270720,56101119,55201280,262926,hold,1,1
coarse-f16-h6-u25,persistent,16,6,0.25,102,confirmation_coarse-f16-h6-u25_s102,1,45,148538,1614396001,14528000,6021280,23468000,25404000,262926,hold,1,0
coarse-f16-h6-u25,persistent,16,6,0.25,102,confirmation_coarse-f16-h6-u25_s102,1,45,150007,1628776001,28908000,7617280,14896000,25404000,262926,hold,1,0
coarse-f16-h6-u25,persistent,16,6,0.25,102,confirmation_coarse-f16-h6-u25_s102,1,45,151412,1643248001,43380000,6629280,8588000,25404000,262926,increase,0,1
coarse-f16-h6-u25,persistent,16,6,0.25,102,confirmation_coarse-f16-h6-u25_s102,3,47,148911,1618087360,14752639,253280,49409280,55749440,262926,hold,1,1
coarse-f16-h6-u25,persistent,16,6,0.25,102,confirmation_coarse-f16-h6-u25_s102,11,50,149379,1622735360,14359679,2104639,10843361,20437918,262926,increase,0,1
coarse-f16-h6-u25,persistent,16,6,0.25,102,confirmation_coarse-f16-h6-u25_s102,6,37,149701,1625882721,14435361,248160,15436481,16717759,262926,hold,1,1
coarse-f16-h6-u25,persistent,16,6,0.25,102,confirmation_coarse-f16-h6-u25_s102,9,54,150011,1628790080,14647680,253280,53788161,56101119,262926,hold,1,0
coarse-f16-h6-u25,persistent,16,6,0.25,102,confirmation_coarse-f16-h6-u25_s102,9,54,151460,1643690400,29548000,1951359,52478242,56101119,262926,hold,1,1
coarse-f16-h6-u25,persistent,16,6,0.25,102,confirmation_coarse-f16-h6-u25_s102,3,48,150399,1632695360,14608000,700641,54173439,49409280,262926,hold,1,0
coarse-f16-h6-u25,persistent,16,6,0.25,102,confirmation_coarse-f16-h6-u25_s102,3,48,151860,1647967360,29880000,469919,53740161,49409280,262926,hold,1,1
coarse-f16-h6-u25,persistent,16,6,0.25,102,confirmation_coarse-f16-h6-u25_s102,14,55,151114,1640157441,14620160,1249280,11300160,15405921,262926,increase,0,1
coarse-f16-h6-u25,persistent,16,6,0.25,102,confirmation_coarse-f16-h6-u25_s102,6,38,151177,1640821441,14938720,576160,11451361,15436481,262926,increase,0,1
coarse-f16-h6-u25,persistent,16,6,0.25,102,confirmation_coarse-f16-h6-u25_s102,12,58,151186,1640858721,14705441,1176161,54085119,51871839,262926,hold,1,0
coarse-f16-h6-u25,persistent,16,6,0.25,102,confirmation_coarse-f16-h6-u25_s102,12,58,152584,1655421280,29268000,2571999,58459041,51871839,262926,hold,1,1
coarse-f16-h6-u25,persistent,16,6,0.25,102,confirmation_coarse-f16-h6-u25_s102,5,52,151373,1642847360,14794880,1649280,53876639,53280639,262926,hold,1,0
coarse-f16-h6-u25,persistent,16,6,0.25,102,confirmation_coarse-f16-h6-u25_s102,5,52,152802,1657587360,29534880,921280,56864639,53280639,262926,hold,1,1
coarse-f16-h6-u25,persistent,16,6,0.25,102,confirmation_coarse-f16-h6-u25_s102,10,23,152121,1650702080,14474079,465921,15420799,16335520,262926,hold,1,1
coarse-f16-h6-u25,persistent,16,6,0.25,102,confirmation_coarse-f16-h6-u25_s102,16,43,152704,1656586720,14608000,2244159,18592000,14608000,262926,hold,1,1
coarse-f16-h6-u25,persistent,16,6,0.25,102,confirmation_coarse-f16-h6-u25_s102,9,55,152872,1658266721,14576321,1852959,55183840,52478242,262926,hold,1,0
coarse-f16-h6-u25,persistent,16,6,0.25,102,confirmation_coarse-f16-h6-u25_s102,7,39,152882,1658298400,14438239,2104160,17342720,17181440,262926,hold,1,1
coarse-f16-h6-u25,persistent,16,6,0.25,102,confirmation_coarse-f16-h6-u25_s102,3,49,153298,1662654080,14686720,332000,59068641,53740161,262926,hold,1,0
coarse-f16-h6-u25,persistent,16,6,0.25,102,confirmation_coarse-f16-h6-u25_s102,10,24,153529,1665273441,14571361,2406720,16480641,15420799,262926,hold,1,0
coarse-f16-h6-u25,persistent,16,6,0.25,103,confirmation_coarse-f16-h6-u25_s103,4,0,23512,295231841,14613120,5808320,18348960,21501280,262926,hold,1,0
coarse-f16-h6-u25,persistent,16,6,0.25,103,confirmation_coarse-f16-h6-u25_s103,4,0,24640,309591681,28972960,6561280,17020960,21501280,262926,hold,1,0
coarse-f16-h6-u25,persistent,16,6,0.25,103,confirmation_coarse-f16-h6-u25_s103,4,0,25729,324199681,43580960,1249280,22908000,21501280,262926,hold,1,1
coarse-f16-h6-u25,persistent,16,6,0.25,103,confirmation_coarse-f16-h6-u25_s103,11,0,23765,298303681,14940000,4906400,24983840,25553760,262926,hold,1,0
coarse-f16-h6-u25,persistent,16,6,0.25,103,confirmation_coarse-f16-h6-u25_s103,11,0,24908,313154721,29791040,3811200,27988960,25553760,262926,hold,1,1
coarse-f16-h6-u25,persistent,16,6,0.25,103,confirmation_coarse-f16-h6-u25_s103,2,0,23844,299210721,15193280,2572160,21348960,21833280,262926,hold,1,0
coarse-f16-h6-u25,persistent,16,6,0.25,103,confirmation_coarse-f16-h6-u25_s103,2,0,24956,313646721,29629280,245280,23833280,21833280,262926,hold,1,0
coarse-f16-h6-u25,persistent,16,6,0.25,103,confirmation_coarse-f16-h6-u25_s103,2,0,26069,328634721,44617280,965280,23068000,21833280,262926,hold,1,1
coarse-f16-h6-u25,persistent,16,6,0.25,103,confirmation_coarse-f16-h6-u25_s103,16,0,23854,299210721,15177920,342240,24068320,23809920,262926,hold,1,0
coarse-f16-h6-u25,persistent,16,6,0.25,103,confirmation_coarse-f16-h6-u25_s103,16,0,24994,314167681,30134880,3568160,20257120,23809920,262926,hold,1,0
coarse-f16-h6-u25,persistent,16,6,0.25,103,confirmation_coarse-f16-h6-u25_s103,16,0,26178,330086721,46053920,5909280,18088800,23809920,262926,hold,1,0
coarse-f16-h6-u25,persistent,16,6,0.25,103,confirmation_coarse-f16-h6-u25_s103,16,0,27386,345401441,61368640,1003200,24482080,23809920,262926,hold,1,0
coarse-f16-h6-u25,persistent,16,6,0.25,103,confirmation_coarse-f16-h6-u25_s103,16,0,28597,360625441,76592640,130720,27998560,23809920,262926,hold,1,0
coarse-f16-h6-u25,persistent,16,6,0.25,103,confirmation_coarse-f16-h6-u25_s103,16,0,29790,375049281,91016480,121280,30087200,23809920,262926,hold,1,0
coarse-f16-h6-u25,persistent,16,6,0.25,103,confirmation_coarse-f16-h6-u25_s103,16,0,31177,390321281,106288480,1626560,35019040,23809920,262926,hold,1,0
coarse-f16-h6-u25,persistent,16,6,0.25,103,confirmation_coarse-f16-h6-u25_s103,16,0,32533,405261281,121228480,1838720,42406240,23809920,262926,hold,1,0
coarse-f16-h6-u25,persistent,16,6,0.25,103,confirmation_coarse-f16-h6-u25_s103,16,0,33681,419649441,135616640,1838560,43045280,23809920,262926,hold,1,0
coarse-f16-h6-u25,persistent,16,6,0.25,103,confirmation_coarse-f16-h6-u25_s103,16,0,34896,434893120,150860319,1137120,39400320,23809920,262926,hold,1,0
coarse-f16-h6-u25,persistent,16,6,0.25,103,confirmation_coarse-f16-h6-u25_s103,16,0,36101,449274721,165241920,669119,39458721,23809920,262926,hold,1,0
coarse-f16-h6-u25,persistent,16,6,0.25,103,confirmation_coarse-f16-h6-u25_s103,16,0,37363,464187840,180155039,0,43882719,23809920,262926,hold,1,0
coarse-f16-h6-u25,persistent,16,6,0.25,103,confirmation_coarse-f16-h6-u25_s103,16,0,38660,478645441,194612640,890399,45971201,23809920,262926,hold,1,0
coarse-f16-h6-u25,persistent,16,6,0.25,103,confirmation_coarse-f16-h6-u25_s103,16,0,39930,493253441,209220640,944161,19746240,23809920,262926,hold,1,0
coarse-f16-h6-u25,persistent,16,6,0.25,103,confirmation_coarse-f16-h6-u25_s103,16,0,41205,508525441,224492640,1841601,45567839,23809920,262926,hold,1,0
coarse-f16-h6-u25,persistent,16,6,0.25,103,confirmation_coarse-f16-h6-u25_s103,16,0,42522,523537120,239504319,3833601,37508959,23809920,262926,hold,1,0
coarse-f16-h6-u25,persistent,16,6,0.25,103,confirmation_coarse-f16-h6-u25_s103,16,0,43726,538073441,254040640,5304959,33615041,23809920,262926,hold,1,0
coarse-f16-h6-u25,persistent,16,6,0.25,103,confirmation_coarse-f16-h6-u25_s103,16,0,44996,553190721,269157920,3592959,35869601,23809920,262926,hold,1,0
coarse-f16-h6-u25,persistent,16,6,0.25,103,confirmation_coarse-f16-h6-u25_s103,16,0,46224,567798721,283765920,0,42937280,23809920,262926,hold,1,0
coarse-f16-h6-u25,persistent,16,6,0.25,103,confirmation_coarse-f16-h6-u25_s103,16,0,47501,582327840,298295039,390399,43272000,23809920,262926,hold,1,0
coarse-f16-h6-u25,persistent,16,6,0.25,103,confirmation_coarse-f16-h6-u25_s103,16,0,48887,597817120,313784319,1642720,44664001,23809920,262926,hold,1,0
coarse-f16-h6-u25,persistent,16,6,0.25,103,confirmation_coarse-f16-h6-u25_s103,16,0,50053,612251680,328218879,3826399,39218881,23809920,262926,hold,1,0
coarse-f16-h6-u25,persistent,16,6,0.25,103,confirmation_coarse-f16-h6-u25_s103,16,0,51309,627275680,343242879,6025120,37453440,23809920,262926,hold,1,0
coarse-f16-h6-u25,persistent,16,6,0.25,103,confirmation_coarse-f16-h6-u25_s103,16,0,52503,641638080,357605279,135520,37235521,23809920,262926,hold,1,0
coarse-f16-h6-u25,persistent,16,6,0.25,103,confirmation_coarse-f16-h6-u25_s103,16,0,53711,655996161,371963360,278720,36777919,23809920,262926,hold,1,0
coarse-f16-h6-u25,persistent,16,6,0.25,103,confirmation_coarse-f16-h6-u25_s103,16,0,55050,671600161,387567360,1412641,38064960,23809920,262926,hold,1,0
coarse-f16-h6-u25,persistent,16,6,0.25,103,confirmation_coarse-f16-h6-u25_s103,16,0,56268,686208161,402175360,3121600,39356161,23809920,262926,hold,1,0
coarse-f16-h6-u25,persistent,16,6,0.25,103,confirmation_coarse-f16-h6-u25_s103,16,0,57542,701226881,417194080,470720,40286560,23809920,262926,hold,1,0
coarse-f16-h6-u25,persistent,16,6,0.25,103,confirmation_coarse-f16-h6-u25_s103,16,0,58774,715634560,431601759,856160,43775041,23809920,262926,hold,1,0
coarse-f16-h6-u25,persistent,16,6,0.25,103,confirmation_coarse-f16-h6-u25_s103,16,0,59952,730353441,446320640,0,44066560,23809920,262926,hold,1,0
coarse-f16-h6-u25,persistent,16,6,0.25,103,confirmation_coarse-f16-h6-u25_s103,16,0,61272,745086721,461053920,39679,44816161,23809920,262926,hold,1,0
coarse-f16-h6-u25,persistent,16,6,0.25,103,confirmation_coarse-f16-h6-u25_s103,16,0,62614,759736321,475703520,790720,50632160,23809920,262926,hold,1,0
coarse-f16-h6-u25,persistent,16,6,0.25,103,confirmation_coarse-f16-h6-u25_s103,16,0,63900,774386561,490353760,1542720,50295360,23809920,262926,hold,1,0
coarse-f16-h6-u25,persistent,16,6,0.25,103,confirmation_coarse-f16-h6-u25_s103,16,0,65244,788910721,504877920,3942400,47910720,23809920,262926,hold,1,0
coarse-f16-h6-u25,persistent,16,6,0.25,103,confirmation_coarse-f16-h6-u25_s103,16,0,66532,803270561,519237760,1824320,45324800,23809920,262926,hold,1,0
coarse-f16-h6-u25,persistent,16,6,0.25,103,confirmation_coarse-f16-h6-u25_s103,16,0,67868,818070560,534037759,2992000,9877280,23809920,262926,increase,0,0
coarse-f16-h6-u25,persistent,16,6,0.25,103,confirmation_coarse-f16-h6-u25_s103,12,0,23997,300959681,14696960,3905280,25475040,21574880,262926,hold,1,1
coarse-f16-h6-u25,persistent,16,6,0.25,103,confirmation_coarse-f16-h6-u25_s103,5,0,24037,301539841,14608000,1249280,13280000,14676480,262926,increase,0,0
coarse-f16-h6-u25,persistent,16,6,0.25,103,confirmation_coarse-f16-h6-u25_s103,7,0,24161,303278561,15530400,179680,24061440,24236000,262926,hold,1,0
coarse-f16-h6-u25,persistent,16,6,0.25,103,confirmation_coarse-f16-h6-u25_s103,7,0,25270,318110561,30362400,3133280,22187840,24236000,262926,hold,1,0
coarse-f16-h6-u25,persistent,16,6,0.25,103,confirmation_coarse-f16-h6-u25_s103,7,0,26510,334178561,46430400,1861280,24514400,24236000,262926,hold,1,0
coarse-f16-h6-u25,persistent,16,6,0.25,103,confirmation_coarse-f16-h6-u25_s103,7,0,27764,350162561,62414400,965280,27948000,24236000,262926,hold,1,0
coarse-f16-h6-u25,persistent,16,6,0.25,103,confirmation_coarse-f16-h6-u25_s103,7,0,29033,366090721,78342560,541280,33388160,24236000,262926,hold,1,0
coarse-f16-h6-u25,persistent,16,6,0.25,103,confirmation_coarse-f16-h6-u25_s103,7,0,30449,382210721,94462560,853440,35280000,24236000,262926,hold,1,0
coarse-f16-h6-u25,persistent,16,6,0.25,103,confirmation_coarse-f16-h6-u25_s103,7,0,31777,397058721,109310560,161280,39752160,24236000,262926,hold,1,0
coarse-f16-h6-u25,persistent,16,6,0.25,103,confirmation_coarse-f16-h6-u25_s103,7,0,33090,412210721,124462560,1517280,43492160,24236000,262926,hold,1,0
coarse-f16-h6-u25,persistent,16,6,0.25,103,confirmation_coarse-f16-h6-u25_s103,7,0,34238,426730721,138982560,1458720,43046560,24236000,262926,hold,1,0
coarse-f16-h6-u25,persistent,16,6,0.25,103,confirmation_coarse-f16-h6-u25_s103,7,0,35442,441270721,153522560,269280,44120000,24236000,262926,hold,1,0
coarse-f16-h6-u25,persistent,16,6,0.25,103,confirmation_coarse-f16-h6-u25_s103,7,0,36694,456250721,168502560,2325280,45028000,24236000,262926,hold,1,0
coarse-f16-h6-u25,persistent,16,6,0.25,103,confirmation_coarse-f16-h6-u25_s103,7,0,37980,470990721,183242560,3189280,46684000,24236000,262926,hold,1,0
coarse-f16-h6-u25,persistent,16,6,0.25,103,confirmation_coarse-f16-h6-u25_s103,7,0,39282,485758721,198010560,2277280,50732320,24236000,262926,hold,1,0
coarse-f16-h6-u25,persistent,16,6,0.25,103,confirmation_coarse-f16-h6-u25_s103,7,0,40576,500978721,213230560,2645280,49684000,24236000,262926,hold,1,0
coarse-f16-h6-u25,persistent,16,6,0.25,103,confirmation_coarse-f16-h6-u25_s103,7,0,41911,516650721,228902560,2341280,43824000,24236000,262926,hold,1,0
coarse-f16-h6-u25,persistent,16,6,0.25,103,confirmation_coarse-f16-h6-u25_s103,7,0,43222,531686721,243938560,2525280,42312000,24236000,262926,hold,1,0
coarse-f16-h6-u25,persistent,16,6,0.25,103,confirmation_coarse-f16-h6-u25_s103,7,0,44405,546178721,258430560,2729280,44212000,24236000,262926,hold,1,0
coarse-f16-h6-u25,persistent,16,6,0.25,103,confirmation_coarse-f16-h6-u25_s103,7,0,45660,561098561,273350400,2821280,44988000,24236000,262926,hold,1,0
coarse-f16-h6-u25,persistent,16,6,0.25,103,confirmation_coarse-f16-h6-u25_s103,7,0,46923,575650721,287902560,1917280,42728000,24236000,262926,hold,1,0
coarse-f16-h6-u25,persistent,16,6,0.25,103,confirmation_coarse-f16-h6-u25_s103,7,0,48255,590574721,302826560,2553280,38992000,24236000,262926,hold,1,0
coarse-f16-h6-u25,persistent,16,6,0.25,103,confirmation_coarse-f16-h6-u25_s103,7,0,49473,605107681,317359520,3465280,46400000,24236000,262926,hold,1,0
coarse-f16-h6-u25,persistent,16,6,0.25,103,confirmation_coarse-f16-h6-u25_s103,7,0,50682,619742721,331994560,5109280,45788000,24236000,262926,hold,1,0
coarse-f16-h6-u25,persistent,16,6,0.25,103,confirmation_coarse-f16-h6-u25_s103,7,0,51899,634474721,346726560,3993280,41592000,24236000,262926,hold,1,0
coarse-f16-h6-u25,persistent,16,6,0.25,103,confirmation_coarse-f16-h6-u25_s103,7,0,53171,649242721,361494560,4021280,41288000,24236000,262926,hold,1,0
coarse-f16-h6-u25,persistent,16,6,0.25,103,confirmation_coarse-f16-h6-u25_s103,7,0,54408,663890721,376142560,4121280,38052000,24236000,262926,hold,1,0
coarse-f16-h6-u25,persistent,16,6,0.25,103,confirmation_coarse-f16-h6-u25_s103,7,0,55646,678630721,390882560,3973280,39324000,24236000,262926,hold,1,0
coarse-f16-h6-u25,persistent,16,6,0.25,103,confirmation_coarse-f16-h6-u25_s103,7,0,56897,693722721,405974560,1585280,43825120,24236000,262926,hold,1,0
coarse-f16-h6-u25,persistent,16,6,0.25,103,confirmation_coarse-f16-h6-u25_s103,7,0,58194,708582721,420834560,3901280,41988000,24236000,262926,hold,1,0
coarse-f16-h6-u25,persistent,16,6,0.25,103,confirmation_coarse-f16-h6-u25_s103,7,0,59363,723082721,435334560,3669280,48824000,24236000,262926,hold,1,0
coarse-f16-h6-u25,persistent,16,6,0.25,103,confirmation_coarse-f16-h6-u25_s103,7,0,60606,737702721,449954560,4969280,48188000,24236000,262926,hold,1,0
coarse-f16-h6-u25,persistent,16,6,0.25,103,confirmation_coarse-f16-h6-u25_s103,7,0,61936,752350721,464602560,4573280,47708000,24236000,262926,hold,1,0
coarse-f16-h6-u25,persistent,16,6,0.25,103,confirmation_coarse-f16-h6-u25_s103,7,0,63246,766998721,479250560,1381280,51000000,24236000,262926,hold,1,0
coarse-f16-h6-u25,persistent,16,6,0.25,103,confirmation_coarse-f16-h6-u25_s103,7,0,64560,781674721,493926560,2193280,50400000,24236000,262926,hold,1,0
coarse-f16-h6-u25,persistent,16,6,0.25,103,confirmation_coarse-f16-h6-u25_s103,7,0,65896,796350721,508602560,1917280,51692000,24236000,262926,hold,1,0
coarse-f16-h6-u25,persistent,16,6,0.25,103,confirmation_coarse-f16-h6-u25_s103,7,0,67231,811118721,523370560,5413280,51330080,24236000,262926,hold,1,0
coarse-f16-h6-u25,persistent,16,6,0.25,103,confirmation_coarse-f16-h6-u25_s103,7,0,68575,825767841,538019680,5117280,48337120,24236000,262926,hold,1,0
coarse-f16-h6-u25,persistent,16,6,0.25,103,confirmation_coarse-f16-h6-u25_s103,7,0,69848,840294721,552546560,4121280,49873280,24236000,262926,hold,1,0
coarse-f16-h6-u25,persistent,16,6,0.25,103,confirmation_coarse-f16-h6-u25_s103,7,0,71171,855378721,567630560,4120160,10397120,24236000,262926,increase,0,0
coarse-f16-h6-u25,persistent,16,6,0.25,103,confirmation_coarse-f16-h6-u25_s103,10,0,24188,303615681,14691840,674240,27804160,26217760,262926,hold,1,0
coarse-f16-h6-u25,persistent,16,6,0.25,103,confirmation_coarse-f16-h6-u25_s103,10,0,25364,319418401,30494560,120000,33793600,26217760,262926,hold,1,1
coarse-f16-h6-u25,persistent,16,6,0.25,103,confirmation_coarse-f16-h6-u25_s103,8,0,24502,307772161,14380000,922400,18151200,15256640,262926,hold,1,0
coarse-f16-h6-u25,persistent,16,6,0.25,103,confirmation_coarse-f16-h6-u25_s103,8,0,25622,322842721,29450560,383840,22874880,15256640,262926,hold,1,1
coarse-f16-h6-u25,persistent,16,6,0.25,103,confirmation_coarse-f16-h6-u25_s103,1,0,24595,308927681,14364960,1069600,22576000,25901120,262926,hold,1,0
coarse-f16-h6-u25,persistent,16,6,0.25,103,confirmation_coarse-f16-h6-u25_s103,1,0,25754,324531681,29968960,1665120,23909120,25901120,262926,hold,1,1
coarse-f16-h6-u25,persistent,16,6,0.25,103,confirmation_coarse-f16-h6-u25_s103,12,1,25199,317138721,16179040,4760000,28272320,25475040,262926,hold,1,0
coarse-f16-h6-u25,persistent,16,6,0.25,103,confirmation_coarse-f16-h6-u25_s103,12,1,26346,332078721,31119040,9101280,26913920,25475040,262926,hold,1,0
coarse-f16-h6-u25,persistent,16,6,0.25,103,confirmation_coarse-f16-h6-u25_s103,12,1,27500,346995681,46036000,8045760,28385280,25475040,262926,hold,1,0
coarse-f16-h6-u25,persistent,16,6,0.25,103,confirmation_coarse-f16-h6-u25_s103,12,1,28701,361958721,60999040,7102240,32115040,25475040,262926,hold,1,0
coarse-f16-h6-u25,persistent,16,6,0.25,103,confirmation_coarse-f16-h6-u25_s103,12,1,29950,376799681,75840000,326720,40088320,25475040,262926,hold,1,0
coarse-f16-h6-u25,persistent,16,6,0.25,103,confirmation_coarse-f16-h6-u25_s103,12,1,31283,391475681,90516000,169440,38015840,25475040,262926,hold,1,1
coarse-f16-h6-u25,persistent,16,6,0.25,103,confirmation_coarse-f16-h6-u25_s103,9,0,25512,321254721,14740000,990880,19314400,16926880,262926,hold,1,0
coarse-f16-h6-u25,persistent,16,6,0.25,103,confirmation_coarse-f16-h6-u25_s103,9,0,26759,337548161,31033440,1302560,21321600,16926880,262926,hold,1,0
coarse-f16-h6-u25,persistent,16,6,0.25,103,confirmation_coarse-f16-h6-u25_s103,9,0,27911,352077441,45562720,3772000,18054880,16926880,262926,hold,1,0
coarse-f16-h6-u25,persistent,16,6,0.25,103,confirmation_coarse-f16-h6-u25_s103,9,0,29088,366685441,60170720,838560,16957440,16926880,262926,hold,1,0
coarse-f16-h6-u25,persistent,16,6,0.25,103,confirmation_coarse-f16-h6-u25_s103,9,0,30364,381293441,74778720,2909280,12869280,16926880,262926,increase,0,0
coarse-f16-h6-u25,persistent,16,6,0.25,103,confirmation_coarse-f16-h6-u25_s103,6,0,25597,322529441,14529280,2830560,17596000,17274240,262926,hold,1,1
coarse-f16-h6-u25,persistent,16,6,0.25,103,confirmation_coarse-f16-h6-u25_s103,11,1,26075,328751681,15596960,836320,20238880,27988960,262926,hold,1,0
coarse-f16-h6-u25,persistent,16,6,0.25,103,confirmation_coarse-f16-h6-u25_s103,11,1,27260,344030721,30876000,2734720,35272480,27988960,262926,hold,1,0
coarse-f16-h6-u25,persistent,16,6,0.25,103,confirmation_coarse-f16-h6-u25_s103,11,1,28506,359559681,46404960,3617760,36049440,27988960,262926,hold,1,0
coarse-f16-h6-u25,persistent,16,6,0.25,103,confirmation_coarse-f16-h6-u25_s103,11,1,29713,374242721,61088000,6828800,32499520,27988960,262926,hold,1,0
coarse-f16-h6-u25,persistent,16,6,0.25,103,confirmation_coarse-f16-h6-u25_s103,11,1,31095,389514721,76360000,625280,35964000,27988960,262926,hold,1,1
coarse-f16-h6-u25,persistent,16,6,0.25,103,confirmation_coarse-f16-h6-u25_s103,15,0,26088,328846721,14804000,3705280,16441920,16818720,262926,hold,1,1
coarse-f16-h6-u25,persistent,16,6,0.25,103,confirmation_coarse-f16-h6-u25_s103,10,1,26525,334402721,14984320,720000,35295200,33793600,262926,hold,1,0
coarse-f16-h6-u25,persistent,16,6,0.25,103,confirmation_coarse-f16-h6-u25_s103,10,1,27666,349010721,29592320,227200,38776000,33793600,262926,hold,1,1
coarse-f16-h6-u25,persistent,16,6,0.25,103,confirmation_coarse-f16-h6-u25_s103,6,1,26722,337058721,14529280,2324000,19920480,17596000,262926,hold,1,1
coarse-f16-h6-u25,persistent,16,6,0.25,103,confirmation_coarse-f16-h6-u25_s103,8,1,26777,337858721,15016000,835840,23304320,22874880,262926,hold,1,0
coarse-f16-h6-u25,persistent,16,6,0.25,103,confirmation_coarse-f16-h6-u25_s103,8,1,27927,352238721,29396000,3193280,24234560,22874880,262926,hold,1,1
coarse-f16-h6-u25,persistent,16,6,0.25,103,confirmation_coarse-f16-h6-u25_s103,4,1,26825,338554401,14354720,1244160,23744800,22908000,262926,hold,1,0
coarse-f16-h6-u25,persistent,16,6,0.25,103,confirmation_coarse-f16-h6-u25_s103,4,1,28008,353405441,29205760,1959840,25299040,22908000,262926,hold,1,1
coarse-f16-h6-u25,persistent,16,6,0.25,103,confirmation_coarse-f16-h6-u25_s103,1,1,26945,340135681,15604000,3147200,25589600,23909120,262926,hold,1,0
coarse-f16-h6-u25,persistent,16,6,0.25,103,confirmation_coarse-f16-h6-u25_s103,1,1,28121,354743681,30212000,4498880,29549920,23909120,262926,hold,1,1
coarse-f16-h6-u25,persistent,16,6,0.25,103,confirmation_coarse-f16-h6-u25_s103,2,1,27218,343534721,14900000,305280,29664000,23068000,262926,hold,1,0
coarse-f16-h6-u25,persistent,16,6,0.25,103,confirmation_coarse-f16-h6-u25_s103,2,1,28398,358170721,29536000,27840,34569440,23068000,262926,hold,1,0
coarse-f16-h6-u25,persistent,16,6,0.25,103,confirmation_coarse-f16-h6-u25_s103,2,1,29586,372702721,44068000,212000,36889280,23068000,262926,hold,1,1
coarse-f16-h6-u25,persistent,16,6,0.25,103,confirmation_coarse-f16-h6-u25_s103,15,1,27208,343410721,14564000,1805280,17270880,16441920,262926,hold,1,0
coarse-f16-h6-u25,persistent,16,6,0.25,103,confirmation_coarse-f16-h6-u25_s103,15,1,28386,358002721,29156000,2773280,20532000,16441920,262926,hold,1,1
coarse-f16-h6-u25,persistent,16,6,0.25,103,confirmation_coarse-f16-h6-u25_s103,5,1,27348,345010721,14424320,13120,28107040,23392160,262926,hold,1,0
coarse-f16-h6-u25,persistent,16,6,0.25,103,confirmation_coarse-f16-h6-u25_s103,5,1,28561,360130721,29544320,573440,33479840,23392160,262926,hold,1,1
coarse-f16-h6-u25,persistent,16,6,0.25,103,confirmation_coarse-f16-h6-u25_s103,3,0,27377,345349441,14592000,1325280,20844000,16586720,262926,hold,1,0
coarse-f16-h6-u25,persistent,16,6,0.25,103,confirmation_coarse-f16-h6-u25_s103,3,0,28557,360089441,29332000,2257280,21464000,16586720,262926,hold,1,1
coarse-f16-h6-u25,persistent,16,6,0.25,103,confirmation_coarse-f16-h6-u25_s103,6,2,27853,351413441,14354720,3494560,20330720,19920480,262926,hold,1,1
coarse-f16-h6-u25,persistent,16,6,0.25,103,confirmation_coarse-f16-h6-u25_s103,14,0,28043,353890721,15472000,2169280,22860000,19736000,262926,hold,1,0
coarse-f16-h6-u25,persistent,16,6,0.25,103,confirmation_coarse-f16-h6-u25_s103,14,0,29253,368676161,30257440,1422720,26645120,19736000,262926,hold,1,1
coarse-f16-h6-u25,persistent,16,6,0.25,103,confirmation_coarse-f16-h6-u25_s103,10,2,28838,363702401,14691680,1691840,38312480,38776000,262926,hold,1,0
coarse-f16-h6-u25,persistent,16,6,0.25,103,confirmation_coarse-f16-h6-u25_s103,10,2,30063,378062881,29052160,1085440,37342560,38776000,262926,hold,1,1
coarse-f16-h6-u25,persistent,16,6,0.25,103,confirmation_coarse-f16-h6-u25_s103,6,3,29015,365947841,14534400,580160,17522400,20330720,262926,hold,1,1
coarse-f16-h6-u25,persistent,16,6,0.25,103,confirmation_coarse-f16-h6-u25_s103,8,2,29081,366674721,14436000,3669280,17430560,24234560,262926,hold,1,1
coarse-f16-h6-u25,persistent,16,6,0.25,103,confirmation_coarse-f16-h6-u25_s103,4,2,29214,368077281,14671840,117920,29096800,25299040,262926,hold,1,1
coarse-f16-h6-u25,persistent,16,6,0.25,103,confirmation_coarse-f16-h6-u25_s103,1,2,29322,369351681,14608000,1502560,31856640,29549920,262926,hold,1,1
coarse-f16-h6-u25,persistent,16,6,0.25,103,confirmation_coarse-f16-h6-u25_s103,15,2,29602,373010721,15008000,4277280,19416000,20532000,262926,hold,1,0
coarse-f16-h6-u25,persistent,16,6,0.25,103,confirmation_coarse-f16-h6-u25_s103,15,2,30937,387686721,29684000,8217280,16735840,20532000,262926,hold,1,0
coarse-f16-h6-u25,persistent,16,6,0.25,103,confirmation_coarse-f16-h6-u25_s103,15,2,32255,402270721,44268000,3301280,20708000,20532000,262926,hold,1,1
coarse-f16-h6-u25,persistent,16,6,0.25,103,confirmation_coarse-f16-h6-u25_s103,3,1,29769,374893441,14804000,4757280,24544000,21464000,262926,hold,1,0
coarse-f16-h6-u25,persistent,16,6,0.25,103,confirmation_coarse-f16-h6-u25_s103,3,1,31102,389541441,29452000,7349280,23484000,21464000,262926,hold,1,0
coarse-f16-h6-u25,persistent,16,6,0.25,103,confirmation_coarse-f16-h6-u25_s103,3,1,32471,404549441,44460000,5625280,25144000,21464000,262926,hold,1,0
coarse-f16-h6-u25,persistent,16,6,0.25,103,confirmation_coarse-f16-h6-u25_s103,3,1,33635,419105441,59016000,4997280,26916000,21464000,262926,hold,1,0
coarse-f16-h6-u25,persistent,16,6,0.25,103,confirmation_coarse-f16-h6-u25_s103,3,1,34817,433837441,73748000,4961280,26676000,21464000,262926,hold,1,0
coarse-f16-h6-u25,persistent,16,6,0.25,103,confirmation_coarse-f16-h6-u25_s103,3,1,36012,448337441,88248000,6133280,24176000,21464000,262926,hold,1,0
coarse-f16-h6-u25,persistent,16,6,0.25,103,confirmation_coarse-f16-h6-u25_s103,3,1,37279,463133441,103044000,7405280,23956000,21464000,262926,hold,1,0
coarse-f16-h6-u25,persistent,16,6,0.25,103,confirmation_coarse-f16-h6-u25_s103,3,1,38606,477993441,117904000,7045280,24952000,21464000,262926,hold,1,0
coarse-f16-h6-u25,persistent,16,6,0.25,103,confirmation_coarse-f16-h6-u25_s103,3,1,39889,492789441,132700000,5717280,27432000,21464000,262926,hold,1,0
coarse-f16-h6-u25,persistent,16,6,0.25,103,confirmation_coarse-f16-h6-u25_s103,3,1,41114,507521441,147432000,5229280,26648000,21464000,262926,hold,1,0
coarse-f16-h6-u25,persistent,16,6,0.25,103,confirmation_coarse-f16-h6-u25_s103,3,1,42408,522289441,162200000,4537280,25256000,21464000,262926,hold,1,0
coarse-f16-h6-u25,persistent,16,6,0.25,103,confirmation_coarse-f16-h6-u25_s103,3,1,43643,537065441,176976000,5957280,26824000,21464000,262926,hold,1,0
coarse-f16-h6-u25,persistent,16,6,0.25,103,confirmation_coarse-f16-h6-u25_s103,3,1,44903,551889441,191800000,5781280,28116000,21464000,262926,hold,1,0
coarse-f16-h6-u25,persistent,16,6,0.25,103,confirmation_coarse-f16-h6-u25_s103,3,1,46126,566621441,206532000,5257280,25953600,21464000,262926,hold,1,0
coarse-f16-h6-u25,persistent,16,6,0.25,103,confirmation_coarse-f16-h6-u25_s103,3,1,47443,581665441,221576000,5837280,28420000,21464000,262926,hold,1,0
coarse-f16-h6-u25,persistent,16,6,0.25,103,confirmation_coarse-f16-h6-u25_s103,3,1,48758,596193441,236104000,4637280,30644000,21464000,262926,hold,1,0
coarse-f16-h6-u25,persistent,16,6,0.25,103,confirmation_coarse-f16-h6-u25_s103,3,1,49967,611137441,251048000,3999200,32730080,21464000,262926,hold,1,1
coarse-f16-h6-u25,persistent,16,6,0.25,103,confirmation_coarse-f16-h6-u25_s103,5,2,29744,374586721,14456000,29280,37224160,33479840,262926,hold,1,0
coarse-f16-h6-u25,persistent,16,6,0.25,103,confirmation_coarse-f16-h6-u25_s103,5,2,31079,389325281,29194560,1065120,38248480,33479840,262926,hold,1,1
coarse-f16-h6-u25,persistent,16,6,0.25,103,confirmation_coarse-f16-h6-u25_s103,6,4,30303,380629441,14681600,5120,16921760,17522400,262926,hold,1,1
coarse-f16-h6-u25,persistent,16,6,0.25,103,confirmation_coarse-f16-h6-u25_s103,8,3,30355,381202721,14528000,4905280,16096000,17430560,262926,hold,1,0
coarse-f16-h6-u25,persistent,16,6,0.25,103,confirmation_coarse-f16-h6-u25_s103,8,3,31687,395998721,29324000,7045280,14288000,17430560,262926,hold,1,1
coarse-f16-h6-u25,persistent,16,6,0.25,103,confirmation_coarse-f16-h6-u25_s103,4,3,30509,382952161,14874880,0,32599520,29096800,262926,hold,1,0
coarse-f16-h6-u25,persistent,16,6,0.25,103,confirmation_coarse-f16-h6-u25_s103,4,3,31796,397312001,29234720,1117600,31585120,29096800,262926,hold,1,1
coarse-f16-h6-u25,persistent,16,6,0.25,103,confirmation_coarse-f16-h6-u25_s103,14,1,30545,383282721,14606560,974720,30558560,26645120,262926,hold,1,0
coarse-f16-h6-u25,persistent,16,6,0.25,103,confirmation_coarse-f16-h6-u25_s103,14,1,31866,397994721,29318560,2271840,32674720,26645120,262926,hold,1,1
coarse-f16-h6-u25,persistent,16,6,0.25,103,confirmation_coarse-f16-h6-u25_s103,1,3,30614,383959681,14608000,2334240,29791040,31856640,262926,hold,1,1
coarse-f16-h6-u25,persistent,16,6,0.25,103,confirmation_coarse-f16-h6-u25_s103,2,2,30915,387382721,14680000,1081280,39516000,36889280,262926,hold,1,0
coarse-f16-h6-u25,persistent,16,6,0.25,103,confirmation_coarse-f16-h6-u25_s103,2,2,32294,402733441,30030720,1723840,35389440,36889280,262926,hold,1,1
coarse-f16-h6-u25,persistent,16,6,0.25,103,confirmation_coarse-f16-h6-u25_s103,10,3,31401,392670881,14608000,1249280,37020160,37342560,262926,hold,1,1
coarse-f16-h6-u25,persistent,16,6,0.25,103,confirmation_coarse-f16-h6-u25_s103,6,5,31625,395242561,14613120,1918400,15677600,16921760,262926,hold,1,1
coarse-f16-h6-u25,persistent,16,6,0.25,103,confirmation_coarse-f16-h6-u25_s103,1,4,31912,398478721,14519040,3915520,31124160,29791040,262926,hold,1,1
coarse-f16-h6-u25,persistent,16,6,0.25,103,confirmation_coarse-f16-h6-u25_s103,13,0,31958,398972001,14893600,1202880,17974400,15604000,262926,hold,1,1
coarse-f16-h6-u25,persistent,16,6,0.25,103,confirmation_coarse-f16-h6-u25_s103,5,3,32407,403933281,14608000,0,36205280,38248480,262926,hold,1,0
coarse-f16-h6-u25,persistent,16,6,0.25,103,confirmation_coarse-f16-h6-u25_s103,5,3,33590,418541281,29216000,374720,42174560,38248480,262926,hold,1,0
coarse-f16-h6-u25,persistent,16,6,0.25,103,confirmation_coarse-f16-h6-u25_s103,5,3,34821,433897120,44571839,1127840,42881440,38248480,262926,hold,1,0
coarse-f16-h6-u25,persistent,16,6,0.25,103,confirmation_coarse-f16-h6-u25_s103,5,3,36091,449164001,59838720,0,44251679,38248480,262926,hold,1,0
coarse-f16-h6-u25,persistent,16,6,0.25,103,confirmation_coarse-f16-h6-u25_s103,5,3,37329,463777120,74451839,469439,46394240,38248480,262926,hold,1,0
coarse-f16-h6-u25,persistent,16,6,0.25,103,confirmation_coarse-f16-h6-u25_s103,5,3,38690,479049120,89723839,1170560,48141119,38248480,262926,hold,1,0
coarse-f16-h6-u25,persistent,16,6,0.25,103,confirmation_coarse-f16-h6-u25_s103,5,3,39983,493989120,104663839,992160,48325120,38248480,262926,hold,1,0
coarse-f16-h6-u25,persistent,16,6,0.25,103,confirmation_coarse-f16-h6-u25_s103,5,3,41240,508929120,119603839,1581280,43670399,38248480,262926,hold,1,0
coarse-f16-h6-u25,persistent,16,6,0.25,103,confirmation_coarse-f16-h6-u25_s103,5,3,42544,523797441,134472160,3501601,39643679,38248480,262926,hold,1,0
coarse-f16-h6-u25,persistent,16,6,0.25,103,confirmation_coarse-f16-h6-u25_s103,5,3,43760,538425120,149099839,4581280,37193601,38248480,262926,hold,1,0
coarse-f16-h6-u25,persistent,16,6,0.25,103,confirmation_coarse-f16-h6-u25_s103,5,3,45012,553310721,163985440,1932959,42756321,38248480,262926,hold,1,0
coarse-f16-h6-u25,persistent,16,6,0.25,103,confirmation_coarse-f16-h6-u25_s103,5,3,46220,567719840,178394559,272959,43167041,38248480,262926,hold,1,0
coarse-f16-h6-u25,persistent,16,6,0.25,103,confirmation_coarse-f16-h6-u25_s103,5,3,47492,582213120,192887839,996000,41780000,38248480,262926,hold,1,0
coarse-f16-h6-u25,persistent,16,6,0.25,103,confirmation_coarse-f16-h6-u25_s103,5,3,48811,596821120,207495839,2457440,39859840,38248480,262926,hold,1,0
coarse-f16-h6-u25,persistent,16,6,0.25,103,confirmation_coarse-f16-h6-u25_s103,5,3,49971,611178721,221853440,1781761,41463519,38248480,262926,hold,1,0
coarse-f16-h6-u25,persistent,16,6,0.25,103,confirmation_coarse-f16-h6-u25_s103,5,3,51169,625615680,236290399,2197280,41670560,38248480,262926,hold,1,0
coarse-f16-h6-u25,persistent,16,6,0.25,103,confirmation_coarse-f16-h6-u25_s103,5,3,52375,640223680,250898399,250720,40634400,38248480,262926,hold,1,0
coarse-f16-h6-u25,persistent,16,6,0.25,103,confirmation_coarse-f16-h6-u25_s103,5,3,53625,654831680,265506399,267041,42055679,38248480,262926,hold,1,0
coarse-f16-h6-u25,persistent,16,6,0.25,103,confirmation_coarse-f16-h6-u25_s103,5,3,54874,669608161,280282880,1085761,41700478,38248480,262926,hold,1,0
coarse-f16-h6-u25,persistent,16,6,0.25,103,confirmation_coarse-f16-h6-u25_s103,5,3,56148,684880161,295554880,2081600,40172161,38248480,262926,hold,1,0
coarse-f16-h6-u25,persistent,16,6,0.25,103,confirmation_coarse-f16-h6-u25_s103,5,3,57420,699698721,310373440,99679,42364642,38248480,262926,hold,1,0
coarse-f16-h6-u25,persistent,16,6,0.25,103,confirmation_coarse-f16-h6-u25_s103,5,3,58673,714306560,324981279,145280,46227041,38248480,262926,hold,1,0
coarse-f16-h6-u25,persistent,16,6,0.25,103,confirmation_coarse-f16-h6-u25_s103,5,3,59883,729386881,340061600,0,50532160,38248480,262926,hold,1,0
coarse-f16-h6-u25,persistent,16,6,0.25,103,confirmation_coarse-f16-h6-u25_s103,5,3,61167,743990721,354665440,0,49413280,38248480,262926,hold,1,0
coarse-f16-h6-u25,persistent,16,6,0.25,103,confirmation_coarse-f16-h6-u25_s103,5,3,62494,758450561,369125280,253120,51142720,38248480,262926,hold,1,0
coarse-f16-h6-u25,persistent,16,6,0.25,103,confirmation_coarse-f16-h6-u25_s103,5,3,63794,773058561,383733280,253280,47871840,38248480,262926,hold,1,0
coarse-f16-h6-u25,persistent,16,6,0.25,103,confirmation_coarse-f16-h6-u25_s103,5,3,65150,787942560,398617279,197279,47328001,38248480,262926,hold,1,0
coarse-f16-h6-u25,persistent,16,6,0.25,103,confirmation_coarse-f16-h6-u25_s103,5,3,66462,802430721,413105440,617280,50810560,38248480,262926,hold,1,0
coarse-f16-h6-u25,persistent,16,6,0.25,103,confirmation_coarse-f16-h6-u25_s103,5,3,67783,817214561,427889280,2485119,51048000,38248480,262926,hold,1,0
coarse-f16-h6-u25,persistent,16,6,0.25,103,confirmation_coarse-f16-h6-u25_s103,5,3,69107,831870721,442545440,253280,50132000,38248480,262926,hold,1,0
coarse-f16-h6-u25,persistent,16,6,0.25,103,confirmation_coarse-f16-h6-u25_s103,5,3,70403,846618721,457293440,673440,43975840,38248480,262926,hold,1,0
coarse-f16-h6-u25,persistent,16,6,0.25,103,confirmation_coarse-f16-h6-u25_s103,5,3,71658,861206721,471881440,1831679,44620000,38248480,262926,hold,1,0
coarse-f16-h6-u25,persistent,16,6,0.25,103,confirmation_coarse-f16-h6-u25_s103,5,3,72990,875858721,486533440,546720,49078721,38248480,262926,hold,1,0
coarse-f16-h6-u25,persistent,16,6,0.25,103,confirmation_coarse-f16-h6-u25_s103,5,3,74357,890384161,501058880,1271840,48496000,38248480,262926,hold,1,0
coarse-f16-h6-u25,persistent,16,6,0.25,103,confirmation_coarse-f16-h6-u25_s103,5,3,75649,904762721,515437440,1487840,48472320,38248480,262926,hold,1,0
coarse-f16-h6-u25,persistent,16,6,0.25,103,confirmation_coarse-f16-h6-u25_s103,5,3,76984,919418560,530093279,2010720,47085440,38248480,262926,hold,1,0
coarse-f16-h6-u25,persistent,16,6,0.25,103,confirmation_coarse-f16-h6-u25_s103,5,3,78261,934169441,544844160,396161,51467518,38248480,262926,hold,1,0
coarse-f16-h6-u25,persistent,16,6,0.25,103,confirmation_coarse-f16-h6-u25_s103,5,3,79578,948634560,559309279,248160,48569120,38248480,262926,hold,1,0
coarse-f16-h6-u25,persistent,16,6,0.25,103,confirmation_coarse-f16-h6-u25_s103,5,3,80809,962994400,573669119,2388959,48060160,38248480,262926,hold,1,0
coarse-f16-h6-u25,persistent,16,6,0.25,103,confirmation_coarse-f16-h6-u25_s103,5,3,82098,977602400,588277119,225280,51843839,38248480,262926,hold,1,0
coarse-f16-h6-u25,persistent,16,6,0.25,103,confirmation_coarse-f16-h6-u25_s103,5,3,83307,991978560,602653279,0,45192321,38248480,262926,hold,1,0
coarse-f16-h6-u25,persistent,16,6,0.25,103,confirmation_coarse-f16-h6-u25_s103,5,3,84621,1006937120,617611839,58881,53830399,38248480,262926,hold,1,0
coarse-f16-h6-u25,persistent,16,6,0.25,103,confirmation_coarse-f16-h6-u25_s103,5,3,85915,1021545441,632220160,393280,54802560,38248480,262926,hold,1,0
coarse-f16-h6-u25,persistent,16,6,0.25,103,confirmation_coarse-f16-h6-u25_s103,5,3,87225,1036661441,647336160,825601,53833600,38248480,262926,hold,1,0
coarse-f16-h6-u25,persistent,16,6,0.25,103,confirmation_coarse-f16-h6-u25_s103,5,3,88658,1051938561,662613280,682400,54186880,38248480,262926,hold,1,0
coarse-f16-h6-u25,persistent,16,6,0.25,103,confirmation_coarse-f16-h6-u25_s103,5,3,89973,1066518721,677193440,2669120,50235041,38248480,262926,hold,1,0
coarse-f16-h6-u25,persistent,16,6,0.25,103,confirmation_coarse-f16-h6-u25_s103,5,3,91290,1081198721,691873440,3697280,47129601,38248480,262926,hold,1,0
coarse-f16-h6-u25,persistent,16,6,0.25,103,confirmation_coarse-f16-h6-u25_s103,5,3,92612,1095786721,706461440,732000,51342560,38248480,262926,hold,1,0
coarse-f16-h6-u25,persistent,16,6,0.25,103,confirmation_coarse-f16-h6-u25_s103,5,3,93915,1110572961,721247680,1531840,50478720,38248480,262926,hold,1,0
coarse-f16-h6-u25,persistent,16,6,0.25,103,confirmation_coarse-f16-h6-u25_s103,5,3,95204,1125509281,736184000,641600,47426560,38248480,262926,hold,1,0
coarse-f16-h6-u25,persistent,16,6,0.25,103,confirmation_coarse-f16-h6-u25_s103,5,3,96528,1140914721,751589440,1104000,56166560,38248480,262926,hold,1,0
coarse-f16-h6-u25,persistent,16,6,0.25,103,confirmation_coarse-f16-h6-u25_s103,5,3,97813,1155522561,766197280,657279,59206560,38248480,262926,hold,1,0
coarse-f16-h6-u25,persistent,16,6,0.25,103,confirmation_coarse-f16-h6-u25_s103,5,3,99103,1170341280,781015999,2245120,51553600,38248480,262926,hold,1,0
coarse-f16-h6-u25,persistent,16,6,0.25,103,confirmation_coarse-f16-h6-u25_s103,5,3,100366,1184738721,795413440,1541280,47702559,38248480,262926,hold,1,0
coarse-f16-h6-u25,persistent,16,6,0.25,103,confirmation_coarse-f16-h6-u25_s103,5,3,101710,1199862721,810537440,2400,48609440,38248480,262926,hold,1,0
coarse-f16-h6-u25,persistent,16,6,0.25,103,confirmation_coarse-f16-h6-u25_s103,5,3,102980,1214281441,824956160,153280,50816000,38248480,262926,hold,1,0
coarse-f16-h6-u25,persistent,16,6,0.25,103,confirmation_coarse-f16-h6-u25_s103,5,3,104240,1228852000,839526719,123521,55763198,38248480,262926,hold,1,0
coarse-f16-h6-u25,persistent,16,6,0.25,103,confirmation_coarse-f16-h6-u25_s103,5,3,105545,1243286721,853961440,45280,55876160,38248480,262926,hold,1,0
coarse-f16-h6-u25,persistent,16,6,0.25,103,confirmation_coarse-f16-h6-u25_s103,5,3,106909,1257922881,868597600,257440,57929281,38248480,262926,hold,1,0
coarse-f16-h6-u25,persistent,16,6,0.25,103,confirmation_coarse-f16-h6-u25_s103,5,3,108325,1272886721,883561440,693440,52160160,38248480,262926,hold,1,0
coarse-f16-h6-u25,persistent,16,6,0.25,103,confirmation_coarse-f16-h6-u25_s103,5,3,109624,1287297441,897972160,2141120,49869440,38248480,262926,hold,1,0
coarse-f16-h6-u25,persistent,16,6,0.25,103,confirmation_coarse-f16-h6-u25_s103,5,3,110947,1302902721,913577440,382560,58458881,38248480,262926,hold,1,0
coarse-f16-h6-u25,persistent,16,6,0.25,103,confirmation_coarse-f16-h6-u25_s103,5,3,112251,1317746721,928421440,253120,57774881,38248480,262926,hold,1,0
coarse-f16-h6-u25,persistent,16,6,0.25,103,confirmation_coarse-f16-h6-u25_s103,5,3,113616,1332737441,943412160,1240000,54297280,38248480,262926,hold,1,0
coarse-f16-h6-u25,persistent,16,6,0.25,103,confirmation_coarse-f16-h6-u25_s103,5,3,115015,1347413441,958088160,1036000,49300000,38248480,262926,hold,1,0
coarse-f16-h6-u25,persistent,16,6,0.25,103,confirmation_coarse-f16-h6-u25_s103,5,3,116360,1361938721,972613440,18560,50058720,38248480,262926,hold,1,0
coarse-f16-h6-u25,persistent,16,6,0.25,103,confirmation_coarse-f16-h6-u25_s103,5,3,117743,1376853120,987527839,0,51666560,38248480,262926,hold,1,0
coarse-f16-h6-u25,persistent,16,6,0.25,103,confirmation_coarse-f16-h6-u25_s103,5,3,119105,1392270721,1002945440,124640,50935039,38248480,262926,hold,1,0
coarse-f16-h6-u25,persistent,16,6,0.25,103,confirmation_coarse-f16-h6-u25_s103,5,3,120430,1406894721,1017569440,175200,53462240,38248480,262926,hold,1,0
coarse-f16-h6-u25,persistent,16,6,0.25,103,confirmation_coarse-f16-h6-u25_s103,5,3,121916,1422401120,1033075839,404000,48162560,38248480,262926,hold,1,0
coarse-f16-h6-u25,persistent,16,6,0.25,103,confirmation_coarse-f16-h6-u25_s103,5,3,123356,1437501120,1048175839,1496959,51818720,38248480,262926,hold,1,0
coarse-f16-h6-u25,persistent,16,6,0.25,103,confirmation_coarse-f16-h6-u25_s103,5,3,124774,1452389120,1063063839,1925280,50089601,38248480,262926,hold,1,0
coarse-f16-h6-u25,persistent,16,6,0.25,103,confirmation_coarse-f16-h6-u25_s103,5,3,126172,1467974721,1078649440,0,56756160,38248480,262926,hold,1,0
coarse-f16-h6-u25,persistent,16,6,0.25,103,confirmation_coarse-f16-h6-u25_s103,5,3,127510,1482874721,1093549440,187519,55427041,38248480,262926,hold,1,0
coarse-f16-h6-u25,persistent,16,6,0.25,103,confirmation_coarse-f16-h6-u25_s103,5,3,128838,1497623681,1108298400,67521,54154719,38248480,262926,hold,1,0
coarse-f16-h6-u25,persistent,16,6,0.25,103,confirmation_coarse-f16-h6-u25_s103,5,3,130167,1512231681,1122906400,112320,55714240,38248480,262926,hold,1,0
coarse-f16-h6-u25,persistent,16,6,0.25,103,confirmation_coarse-f16-h6-u25_s103,5,3,131472,1526609120,1137283839,91841,52286399,38248480,262926,hold,1,0
coarse-f16-h6-u25,persistent,16,6,0.25,103,confirmation_coarse-f16-h6-u25_s103,5,3,132814,1541249120,1151923839,1314399,54277442,38248480,262926,hold,1,0
coarse-f16-h6-u25,persistent,16,6,0.25,103,confirmation_coarse-f16-h6-u25_s103,5,3,134156,1555701441,1166376160,97601,56623679,38248480,262926,hold,1,0
coarse-f16-h6-u25,persistent,16,6,0.25,103,confirmation_coarse-f16-h6-u25_s103,5,3,135513,1570362721,1181037440,196160,54333760,38248480,262926,hold,1,0
coarse-f16-h6-u25,persistent,16,6,0.25,103,confirmation_coarse-f16-h6-u25_s103,5,3,136912,1584861441,1195536160,1220319,51755681,38248480,262926,hold,1,0
coarse-f16-h6-u25,persistent,16,6,0.25,103,confirmation_coarse-f16-h6-u25_s103,5,3,138273,1599382721,1210057440,2200160,56545601,38248480,262926,hold,1,0
coarse-f16-h6-u25,persistent,16,6,0.25,103,confirmation_coarse-f16-h6-u25_s103,5,3,139665,1613745441,1224420160,2577280,56832481,38248480,262926,hold,1,0
coarse-f16-h6-u25,persistent,16,6,0.25,103,confirmation_coarse-f16-h6-u25_s103,5,3,141039,1628670721,1239345440,30400,56836159,38248480,262926,hold,1,0
coarse-f16-h6-u25,persistent,16,6,0.25,103,confirmation_coarse-f16-h6-u25_s103,5,3,142286,1643395841,1254070560,201599,54687681,38248480,262926,hold,1,0
coarse-f16-h6-u25,persistent,16,6,0.25,103,confirmation_coarse-f16-h6-u25_s103,5,3,143583,1657878560,1268553279,0,52414400,38248480,262926,hold,1,0
coarse-f16-h6-u25,persistent,16,6,0.25,103,confirmation_coarse-f16-h6-u25_s103,11,2,32430,404139681,14624960,337120,34280160,35964000,262926,hold,1,0
coarse-f16-h6-u25,persistent,16,6,0.25,103,confirmation_coarse-f16-h6-u25_s103,11,2,33605,418695681,29180960,1498400,28983840,35964000,262926,hold,1,1
coarse-f16-h6-u25,persistent,16,6,0.25,103,confirmation_coarse-f16-h6-u25_s103,12,2,32735,407783681,16308000,3894720,31149600,38015840,262926,hold,1,0
coarse-f16-h6-u25,persistent,16,6,0.25,103,confirmation_coarse-f16-h6-u25_s103,12,2,33903,422367681,30892000,8435840,23357440,38015840,262926,hold,1,0
coarse-f16-h6-u25,persistent,16,6,0.25,103,confirmation_coarse-f16-h6-u25_s103,12,2,35065,436990721,45515040,9527200,25267520,38015840,262926,hold,1,0
coarse-f16-h6-u25,persistent,16,6,0.25,103,confirmation_coarse-f16-h6-u25_s103,12,2,36301,451591681,60116000,5981120,30159200,38015840,262926,hold,1,0
coarse-f16-h6-u25,persistent,16,6,0.25,103,confirmation_coarse-f16-h6-u25_s103,12,2,37551,466206721,74731040,3612960,30179360,38015840,262926,hold,1,0
coarse-f16-h6-u25,persistent,16,6,0.25,103,confirmation_coarse-f16-h6-u25_s103,12,2,38834,480814721,89339040,5054400,27417920,38015840,262926,hold,1,0
coarse-f16-h6-u25,persistent,16,6,0.25,103,confirmation_coarse-f16-h6-u25_s103,12,2,40116,495591681,104116000,4564160,27229120,38015840,262926,hold,1,1
coarse-f16-h6-u25,persistent,16,6,0.25,103,confirmation_coarse-f16-h6-u25_s103,10,4,32718,407545441,14874560,1249280,34806720,37020160,262926,hold,1,0
coarse-f16-h6-u25,persistent,16,6,0.25,103,confirmation_coarse-f16-h6-u25_s103,10,4,33888,422153441,29482560,2179840,29716160,37020160,262926,hold,1,1
coarse-f16-h6-u25,persistent,16,6,0.25,103,confirmation_coarse-f16-h6-u25_s103,6,6,32891,409766721,14524160,2825440,12372960,15677600,262926,increase,0,0
coarse-f16-h6-u25,persistent,16,6,0.25,103,confirmation_coarse-f16-h6-u25_s103,8,4,33033,411550721,15552000,6917280,14804000,14288000,262926,hold,1,0
coarse-f16-h6-u25,persistent,16,6,0.25,103,confirmation_coarse-f16-h6-u25_s103,8,4,34231,426614721,30616000,8401280,12324000,14288000,262926,increase,0,0
coarse-f16-h6-u25,persistent,16,6,0.25,103,confirmation_coarse-f16-h6-u25_s103,4,4,33063,411920001,14608000,669120,27628320,31585120,262926,hold,1,0
coarse-f16-h6-u25,persistent,16,6,0.25,103,confirmation_coarse-f16-h6-u25_s103,4,4,34206,426293120,28981119,539680,24126879,31585120,262926,hold,1,1
coarse-f16-h6-u25,persistent,16,6,0.25,103,confirmation_coarse-f16-h6-u25_s103,14,2,33118,412550721,14556000,3401280,33685280,32674720,262926,hold,1,1
coarse-f16-h6-u25,persistent,16,6,0.25,103,confirmation_coarse-f16-h6-u25_s103,1,5,33177,413170561,14691840,5897280,26643840,31124160,262926,hold,1,1
coarse-f16-h6-u25,persistent,16,6,0.25,103,confirmation_coarse-f16-h6-u25_s103,13,1,33284,414576001,15604000,1202880,20623520,17974400,262926,hold,1,0
coarse-f16-h6-u25,persistent,16,6,0.25,103,confirmation_coarse-f16-h6-u25_s103,13,1,34528,430180001,31208000,1770399,17315201,17974400,262926,hold,1,0
coarse-f16-h6-u25,persistent,16,6,0.25,103,confirmation_coarse-f16-h6-u25_s103,13,1,35764,445120001,46148000,917280,22298720,17974400,262926,hold,1,0
coarse-f16-h6-u25,persistent,16,6,0.25,103,confirmation_coarse-f16-h6-u25_s103,13,1,36999,459846401,60874400,253280,25926720,17974400,262926,hold,1,0
coarse-f16-h6-u25,persistent,16,6,0.25,103,confirmation_coarse-f16-h6-u25_s103,13,1,38449,476114401,77142400,1035680,25001280,17974400,262926,hold,1,0
coarse-f16-h6-u25,persistent,16,6,0.25,103,confirmation_coarse-f16-h6-u25_s103,13,1,39792,491470241,92498240,637600,24283840,17974400,262926,hold,1,0
coarse-f16-h6-u25,persistent,16,6,0.25,103,confirmation_coarse-f16-h6-u25_s103,13,1,40995,505994401,107022400,5317120,22824160,17974400,262926,hold,1,0
coarse-f16-h6-u25,persistent,16,6,0.25,103,confirmation_coarse-f16-h6-u25_s103,13,1,42249,520602401,121630400,833440,26975840,17974400,262926,hold,1,0
coarse-f16-h6-u25,persistent,16,6,0.25,103,confirmation_coarse-f16-h6-u25_s103,13,1,43488,535050561,136078560,3573280,21266240,17974400,262926,hold,1,0
coarse-f16-h6-u25,persistent,16,6,0.25,103,confirmation_coarse-f16-h6-u25_s103,13,1,44752,550078721,151106720,141280,25936320,17974400,262926,hold,1,0
coarse-f16-h6-u25,persistent,16,6,0.25,103,confirmation_coarse-f16-h6-u25_s103,13,1,45965,564758401,165786400,504160,25645120,17974400,262926,hold,1,0
coarse-f16-h6-u25,persistent,16,6,0.25,103,confirmation_coarse-f16-h6-u25_s103,13,1,47300,579889441,180917440,444320,26228000,17974400,262926,hold,1,0
coarse-f16-h6-u25,persistent,16,6,0.25,103,confirmation_coarse-f16-h6-u25_s103,13,1,48648,594970401,195998400,394240,29810720,17974400,262926,hold,1,0
coarse-f16-h6-u25,persistent,16,6,0.25,103,confirmation_coarse-f16-h6-u25_s103,13,1,49813,609345120,210373119,1156959,29740321,17974400,262926,hold,1,0
coarse-f16-h6-u25,persistent,16,6,0.25,103,confirmation_coarse-f16-h6-u25_s103,13,1,51105,624949120,225977119,4335999,24044960,17974400,262926,hold,1,0
coarse-f16-h6-u25,persistent,16,6,0.25,103,confirmation_coarse-f16-h6-u25_s103,13,1,52409,640553120,241581119,345601,28511999,17974400,262926,hold,1,0
coarse-f16-h6-u25,persistent,16,6,0.25,103,confirmation_coarse-f16-h6-u25_s103,13,1,53725,656157120,257185119,3250560,25130399,17974400,262926,hold,1,0
coarse-f16-h6-u25,persistent,16,6,0.25,103,confirmation_coarse-f16-h6-u25_s103,13,1,55002,670990721,272018720,253280,27556000,17974400,262926,hold,1,0
coarse-f16-h6-u25,persistent,16,6,0.25,103,confirmation_coarse-f16-h6-u25_s103,13,1,56246,685945121,286973120,345601,31070079,17974400,262926,hold,1,0
coarse-f16-h6-u25,persistent,16,6,0.25,103,confirmation_coarse-f16-h6-u25_s103,13,1,57593,701722721,302750720,400960,32010720,17974400,262926,hold,1,0
coarse-f16-h6-u25,persistent,16,6,0.25,103,confirmation_coarse-f16-h6-u25_s103,13,1,58886,717153121,318181120,1090880,30784001,17974400,262926,hold,1,0
coarse-f16-h6-u25,persistent,16,6,0.25,103,confirmation_coarse-f16-h6-u25_s103,13,1,60112,732093121,333121120,2253920,29355040,17974400,262926,hold,1,0
coarse-f16-h6-u25,persistent,16,6,0.25,103,confirmation_coarse-f16-h6-u25_s103,13,1,61470,747216161,348244160,70240,31059040,17974400,262926,hold,1,0
coarse-f16-h6-u25,persistent,16,6,0.25,103,confirmation_coarse-f16-h6-u25_s103,13,1,62776,761641121,362669120,746880,26398400,17974400,262926,hold,1,0
coarse-f16-h6-u25,persistent,16,6,0.25,103,confirmation_coarse-f16-h6-u25_s103,13,1,64101,776650721,377678720,272000,27951680,17974400,262926,hold,1,0
coarse-f16-h6-u25,persistent,16,6,0.25,103,confirmation_coarse-f16-h6-u25_s103,13,1,65449,791037441,392065440,32000,28438560,17974400,262926,hold,1,0
coarse-f16-h6-u25,persistent,16,6,0.25,103,confirmation_coarse-f16-h6-u25_s103,13,1,66791,806066721,407094720,701120,27769440,17974400,262926,hold,1,0
coarse-f16-h6-u25,persistent,16,6,0.25,103,confirmation_coarse-f16-h6-u25_s103,13,1,68149,820998881,422026880,996000,28665440,17974400,262926,hold,1,0
coarse-f16-h6-u25,persistent,16,6,0.25,103,confirmation_coarse-f16-h6-u25_s103,13,1,69577,837205441,438233440,37120,30288320,17974400,262926,hold,1,0
coarse-f16-h6-u25,persistent,16,6,0.25,103,confirmation_coarse-f16-h6-u25_s103,13,1,70932,852522721,453550720,0,28141280,17974400,262926,hold,1,0
coarse-f16-h6-u25,persistent,16,6,0.25,103,confirmation_coarse-f16-h6-u25_s103,13,1,72228,867478881,468506880,582560,24238720,17974400,262926,hold,1,0
coarse-f16-h6-u25,persistent,16,6,0.25,103,confirmation_coarse-f16-h6-u25_s103,13,1,73543,881840161,482868160,338560,24297440,17974400,262926,hold,1,0
coarse-f16-h6-u25,persistent,16,6,0.25,103,confirmation_coarse-f16-h6-u25_s103,13,1,74914,896362881,497390880,1961120,22822720,17974400,262926,hold,1,0
coarse-f16-h6-u25,persistent,16,6,0.25,103,confirmation_coarse-f16-h6-u25_s103,13,1,76227,911302881,512330880,585280,22576000,17974400,262926,hold,1,0
coarse-f16-h6-u25,persistent,16,6,0.25,103,confirmation_coarse-f16-h6-u25_s103,13,1,77636,926993121,528021120,1249280,23240000,17974400,262926,hold,1,0
coarse-f16-h6-u25,persistent,16,6,0.25,103,confirmation_coarse-f16-h6-u25_s103,13,1,78995,942326721,543354720,917280,22144000,17974400,262926,hold,1,0
coarse-f16-h6-u25,persistent,16,6,0.25,103,confirmation_coarse-f16-h6-u25_s103,13,1,80296,957050721,558078720,2970880,21929120,17974400,262926,hold,1,0
coarse-f16-h6-u25,persistent,16,6,0.25,103,confirmation_coarse-f16-h6-u25_s103,13,1,81690,973054881,574082880,506560,25030880,17974400,262926,hold,1,0
coarse-f16-h6-u25,persistent,16,6,0.25,103,confirmation_coarse-f16-h6-u25_s103,13,1,82950,987727841,588755840,2330720,24570400,17974400,262926,hold,1,0
coarse-f16-h6-u25,persistent,16,6,0.25,103,confirmation_coarse-f16-h6-u25_s103,13,1,84212,1002674721,603702720,2702400,21192320,17974400,262926,hold,1,0
coarse-f16-h6-u25,persistent,16,6,0.25,103,confirmation_coarse-f16-h6-u25_s103,13,1,85566,1017410561,618438560,1046880,24850240,17974400,262926,hold,1,0
coarse-f16-h6-u25,persistent,16,6,0.25,103,confirmation_coarse-f16-h6-u25_s103,13,1,86934,1033394721,634422720,1581280,23732000,17974400,262926,hold,1,0
coarse-f16-h6-u25,persistent,16,6,0.25,103,confirmation_coarse-f16-h6-u25_s103,13,1,88264,1047954561,648982560,283840,25389760,17974400,262926,hold,1,0
coarse-f16-h6-u25,persistent,16,6,0.25,103,confirmation_coarse-f16-h6-u25_s103,13,1,89660,1062948161,663976160,4189120,19856320,17974400,262926,hold,1,0
coarse-f16-h6-u25,persistent,16,6,0.25,103,confirmation_coarse-f16-h6-u25_s103,13,1,90957,1077502561,678530560,2909280,23191840,17974400,262926,hold,1,0
coarse-f16-h6-u25,persistent,16,6,0.25,103,confirmation_coarse-f16-h6-u25_s103,13,1,92285,1092110561,693138560,1859680,27941600,17974400,262926,hold,1,0
coarse-f16-h6-u25,persistent,16,6,0.25,103,confirmation_coarse-f16-h6-u25_s103,13,1,93657,1107461281,708489280,3320000,26931840,17974400,262926,hold,1,0
coarse-f16-h6-u25,persistent,16,6,0.25,103,confirmation_coarse-f16-h6-u25_s103,13,1,95002,1123372161,724400160,2245280,23929120,17974400,262926,hold,1,0
coarse-f16-h6-u25,persistent,16,6,0.25,103,confirmation_coarse-f16-h6-u25_s103,13,1,96320,1138708161,739736160,649280,23482880,17974400,262926,hold,1,0
coarse-f16-h6-u25,persistent,16,6,0.25,103,confirmation_coarse-f16-h6-u25_s103,13,1,97642,1153584161,754612160,521280,24606880,17974400,262926,hold,1,0
coarse-f16-h6-u25,persistent,16,6,0.25,103,confirmation_coarse-f16-h6-u25_s103,13,1,98899,1168138561,769166560,306880,25302240,17974400,262926,hold,1,0
coarse-f16-h6-u25,persistent,16,6,0.25,103,confirmation_coarse-f16-h6-u25_s103,13,1,100195,1182776161,783804160,580160,26209120,17974400,262926,hold,1,0
coarse-f16-h6-u25,persistent,16,6,0.25,103,confirmation_coarse-f16-h6-u25_s103,13,1,101501,1197384161,798412160,1913280,27917600,17974400,262926,hold,1,0
coarse-f16-h6-u25,persistent,16,6,0.25,103,confirmation_coarse-f16-h6-u25_s103,13,1,102753,1211844001,812872000,1084960,28165760,17974400,262926,hold,1,0
coarse-f16-h6-u25,persistent,16,6,0.25,103,confirmation_coarse-f16-h6-u25_s103,13,1,104024,1226452001,827480000,769120,23269600,17974400,262926,hold,1,0
coarse-f16-h6-u25,persistent,16,6,0.25,103,confirmation_coarse-f16-h6-u25_s103,13,1,105318,1240932801,841960800,292160,21392960,17974400,262926,hold,1,0
coarse-f16-h6-u25,persistent,16,6,0.25,103,confirmation_coarse-f16-h6-u25_s103,13,1,106686,1255538721,856566720,2448000,20916000,17974400,262926,hold,1,0
coarse-f16-h6-u25,persistent,16,6,0.25,103,confirmation_coarse-f16-h6-u25_s103,13,1,108068,1270210881,871238880,1084320,20619680,17974400,262926,hold,1,0
coarse-f16-h6-u25,persistent,16,6,0.25,103,confirmation_coarse-f16-h6-u25_s103,13,1,109392,1284849441,885877440,1975360,14638560,17974400,262926,hold,1,0
coarse-f16-h6-u25,persistent,16,6,0.25,103,confirmation_coarse-f16-h6-u25_s103,13,1,110644,1299366721,900394720,0,19563200,17974400,262926,hold,1,0
coarse-f16-h6-u25,persistent,16,6,0.25,103,confirmation_coarse-f16-h6-u25_s103,13,1,112039,1315393441,916421440,554720,18285600,17974400,262926,hold,1,0
coarse-f16-h6-u25,persistent,16,6,0.25,103,confirmation_coarse-f16-h6-u25_s103,13,1,113362,1329970881,930998880,549600,18635840,17974400,262926,hold,1,0
coarse-f16-h6-u25,persistent,16,6,0.25,103,confirmation_coarse-f16-h6-u25_s103,13,1,114760,1344610721,945638720,917280,18920160,17974400,262926,hold,1,0
coarse-f16-h6-u25,persistent,16,6,0.25,103,confirmation_coarse-f16-h6-u25_s103,13,1,116113,1359218721,960246720,1608000,22247200,17974400,262926,hold,1,0
coarse-f16-h6-u25,persistent,16,6,0.25,103,confirmation_coarse-f16-h6-u25_s103,13,1,117459,1373826721,974854720,2909280,22270720,17974400,262926,hold,1,0
coarse-f16-h6-u25,persistent,16,6,0.25,103,confirmation_coarse-f16-h6-u25_s103,13,1,118729,1388181441,989209440,664000,18592000,17974400,262926,hold,1,0
coarse-f16-h6-u25,persistent,16,6,0.25,103,confirmation_coarse-f16-h6-u25_s103,13,1,120054,1402789441,1003817440,664000,17596000,17974400,262926,hold,1,0
coarse-f16-h6-u25,persistent,16,6,0.25,103,confirmation_coarse-f16-h6-u25_s103,13,1,121406,1417285441,1018313440,1908640,16019360,17974400,262926,hold,1,0
coarse-f16-h6-u25,persistent,16,6,0.25,103,confirmation_coarse-f16-h6-u25_s103,13,1,122822,1431893441,1032921440,2569920,11842240,17974400,262926,increase,0,0
coarse-f16-h6-u25,persistent,16,6,0.25,103,confirmation_coarse-f16-h6-u25_s103,15,3,33464,416982721,14712000,5057120,20160160,20708000,262926,hold,1,0
coarse-f16-h6-u25,persistent,16,6,0.25,103,confirmation_coarse-f16-h6-u25_s103,15,3,34645,431714721,29444000,5661280,20008000,20708000,262926,hold,1,0
coarse-f16-h6-u25,persistent,16,6,0.25,103,confirmation_coarse-f16-h6-u25_s103,15,3,35859,446326721,44056000,5589280,16612000,20708000,262926,hold,1,0
coarse-f16-h6-u25,persistent,16,6,0.25,103,confirmation_coarse-f16-h6-u25_s103,15,3,37086,460882721,58612000,4149280,17684000,20708000,262926,hold,1,1
coarse-f16-h6-u25,persistent,16,6,0.25,103,confirmation_coarse-f16-h6-u25_s103,2,3,33522,417782721,15049280,2142560,39802720,35389440,262926,hold,1,0
coarse-f16-h6-u25,persistent,16,6,0.25,103,confirmation_coarse-f16-h6-u25_s103,2,3,34700,432385441,29652000,241280,43556000,35389440,262926,hold,1,1
coarse-f16-h6-u25,persistent,16,6,0.25,103,confirmation_coarse-f16-h6-u25_s103,14,3,34271,427106721,14556000,6049280,27672000,33685280,262926,hold,1,1
coarse-f16-h6-u25,persistent,16,6,0.25,103,confirmation_coarse-f16-h6-u25_s103,1,6,34327,427778561,14608000,3905280,26886880,26643840,262926,hold,1,1
coarse-f16-h6-u25,persistent,16,6,0.25,103,confirmation_coarse-f16-h6-u25_s103,11,3,34773,433299681,14604000,137440,34796800,28983840,262926,hold,1,0
coarse-f16-h6-u25,persistent,16,6,0.25,103,confirmation_coarse-f16-h6-u25_s103,11,3,35988,447946721,29251040,1577280,33511040,28983840,262926,hold,1,1
coarse-f16-h6-u25,persistent,16,6,0.25,103,confirmation_coarse-f16-h6-u25_s103,10,5,35030,436613121,14459680,1478560,33134560,29716160,262926,hold,1,0
coarse-f16-h6-u25,persistent,16,6,0.25,103,confirmation_coarse-f16-h6-u25_s103,10,5,36328,451930721,29777280,1001120,34027840,29716160,262926,hold,1,0
coarse-f16-h6-u25,persistent,16,6,0.25,103,confirmation_coarse-f16-h6-u25_s103,10,5,37654,467365281,45211840,0,34707680,29716160,262926,hold,1,0
coarse-f16-h6-u25,persistent,16,6,0.25,103,confirmation_coarse-f16-h6-u25_s103,10,5,39027,482959841,60806400,229280,31129280,29716160,262926,hold,1,0
coarse-f16-h6-u25,persistent,16,6,0.25,103,confirmation_coarse-f16-h6-u25_s103,10,5,40310,497853441,75700000,28000,31124160,29716160,262926,hold,1,0
coarse-f16-h6-u25,persistent,16,6,0.25,103,confirmation_coarse-f16-h6-u25_s103,10,5,41531,512309121,90155680,421280,33802720,29716160,262926,hold,1,0
coarse-f16-h6-u25,persistent,16,6,0.25,103,confirmation_coarse-f16-h6-u25_s103,10,5,42818,526917121,104763680,89280,30177280,29716160,262926,hold,1,0
coarse-f16-h6-u25,persistent,16,6,0.25,103,confirmation_coarse-f16-h6-u25_s103,10,5,44004,541525121,119371680,2245280,27357280,29716160,262926,hold,1,0
coarse-f16-h6-u25,persistent,16,6,0.25,103,confirmation_coarse-f16-h6-u25_s103,10,5,45325,557294561,135141120,2126560,24747680,29716160,262926,hold,1,0
coarse-f16-h6-u25,persistent,16,6,0.25,103,confirmation_coarse-f16-h6-u25_s103,10,5,46569,571782721,149629280,1129440,26393440,29716160,262926,hold,1,0
coarse-f16-h6-u25,persistent,16,6,0.25,103,confirmation_coarse-f16-h6-u25_s103,10,5,47933,587133441,164980000,752000,29261600,29716160,262926,hold,1,0
coarse-f16-h6-u25,persistent,16,6,0.25,103,confirmation_coarse-f16-h6-u25_s103,10,5,49230,601994721,179841280,2827679,26935361,29716160,262926,hold,1,0
coarse-f16-h6-u25,persistent,16,6,0.25,103,confirmation_coarse-f16-h6-u25_s103,10,5,50481,617266721,195113280,1964000,26638720,29716160,262926,hold,1,0
coarse-f16-h6-u25,persistent,16,6,0.25,103,confirmation_coarse-f16-h6-u25_s103,10,5,51680,631874721,209721280,3609281,23535999,29716160,262926,hold,1,0
coarse-f16-h6-u25,persistent,16,6,0.25,103,confirmation_coarse-f16-h6-u25_s103,10,5,52912,646504161,224350720,274720,29182400,29716160,262926,hold,1,0
coarse-f16-h6-u25,persistent,16,6,0.25,103,confirmation_coarse-f16-h6-u25_s103,10,5,54153,661090721,238937280,809600,30319680,29716160,262926,hold,1,0
coarse-f16-h6-u25,persistent,16,6,0.25,103,confirmation_coarse-f16-h6-u25_s103,10,5,55439,676030721,253877280,585280,32585280,29716160,262926,hold,1,0
coarse-f16-h6-u25,persistent,16,6,0.25,103,confirmation_coarse-f16-h6-u25_s103,10,5,56626,690385441,268232000,658880,28277440,29716160,262926,hold,1,0
coarse-f16-h6-u25,persistent,16,6,0.25,103,confirmation_coarse-f16-h6-u25_s103,10,5,57871,704914721,282761280,3652000,16600000,29716160,262926,hold,1,0
coarse-f16-h6-u25,persistent,16,6,0.25,103,confirmation_coarse-f16-h6-u25_s103,10,5,59073,719522721,297369280,3609280,20880000,29716160,262926,hold,1,0
coarse-f16-h6-u25,persistent,16,6,0.25,103,confirmation_coarse-f16-h6-u25_s103,10,5,60290,734130721,311977280,4901280,23240000,29716160,262926,hold,1,0
coarse-f16-h6-u25,persistent,16,6,0.25,103,confirmation_coarse-f16-h6-u25_s103,10,5,61597,748629441,326476000,1032000,27145280,29716160,262926,hold,1,0
coarse-f16-h6-u25,persistent,16,6,0.25,103,confirmation_coarse-f16-h6-u25_s103,10,5,62975,763901441,341748000,249280,32816000,29716160,262926,hold,1,0
coarse-f16-h6-u25,persistent,16,6,0.25,103,confirmation_coarse-f16-h6-u25_s103,10,5,64267,778509441,356356000,253280,33085280,29716160,262926,hold,1,0
coarse-f16-h6-u25,persistent,16,6,0.25,103,confirmation_coarse-f16-h6-u25_s103,10,5,65622,793117441,370964000,258400,30097600,29716160,262926,hold,1,0
coarse-f16-h6-u25,persistent,16,6,0.25,103,confirmation_coarse-f16-h6-u25_s103,10,5,66938,807725441,385572000,0,26366560,29716160,262926,hold,1,0
coarse-f16-h6-u25,persistent,16,6,0.25,103,confirmation_coarse-f16-h6-u25_s103,10,5,68279,822333441,400180000,912160,24568000,29716160,262926,hold,1,0
coarse-f16-h6-u25,persistent,16,6,0.25,103,confirmation_coarse-f16-h6-u25_s103,10,5,69559,837050721,414897280,72959,26403201,29716160,262926,hold,1,0
coarse-f16-h6-u25,persistent,16,6,0.25,103,confirmation_coarse-f16-h6-u25_s103,10,5,70850,851601120,429447679,1300959,25232000,29716160,262926,hold,1,0
coarse-f16-h6-u25,persistent,16,6,0.25,103,confirmation_coarse-f16-h6-u25_s103,10,5,72126,866266721,444113280,974881,25283679,29716160,262926,hold,1,0
coarse-f16-h6-u25,persistent,16,6,0.25,103,confirmation_coarse-f16-h6-u25_s103,10,5,73436,880750241,458596800,154240,24263041,29716160,262926,hold,1,0
coarse-f16-h6-u25,persistent,16,6,0.25,103,confirmation_coarse-f16-h6-u25_s103,10,5,74819,895353121,473199680,253280,22504001,29716160,262926,hold,1,0
coarse-f16-h6-u25,persistent,16,6,0.25,103,confirmation_coarse-f16-h6-u25_s103,10,5,76104,909961121,487807680,0,19172160,29716160,262926,hold,1,0
coarse-f16-h6-u25,persistent,16,6,0.25,103,confirmation_coarse-f16-h6-u25_s103,10,5,77422,924316801,502163360,225600,19947680,29716160,262926,hold,1,0
coarse-f16-h6-u25,persistent,16,6,0.25,103,confirmation_coarse-f16-h6-u25_s103,10,5,78681,938923841,516770400,664000,17596000,29716160,262926,hold,1,0
coarse-f16-h6-u25,persistent,16,6,0.25,103,confirmation_coarse-f16-h6-u25_s103,10,5,79993,953531841,531378400,388000,18198880,29716160,262926,hold,1,0
coarse-f16-h6-u25,persistent,16,6,0.25,103,confirmation_coarse-f16-h6-u25_s103,10,5,81241,968126881,545973440,1249280,20916000,29716160,262926,hold,1,0
coarse-f16-h6-u25,persistent,16,6,0.25,103,confirmation_coarse-f16-h6-u25_s103,10,5,82521,982599681,560446240,0,23345120,29716160,262926,hold,1,0
coarse-f16-h6-u25,persistent,16,6,0.25,103,confirmation_coarse-f16-h6-u25_s103,10,5,83743,997010881,574857440,0,20970240,29716160,262926,hold,1,0
coarse-f16-h6-u25,persistent,16,6,0.25,103,confirmation_coarse-f16-h6-u25_s103,10,5,85047,1011618881,589465440,56480,19064320,29716160,262926,hold,1,0
coarse-f16-h6-u25,persistent,16,6,0.25,103,confirmation_coarse-f16-h6-u25_s103,10,5,86328,1026295841,604142400,1913280,16799040,29716160,262926,hold,1,0
coarse-f16-h6-u25,persistent,16,6,0.25,103,confirmation_coarse-f16-h6-u25_s103,10,5,87604,1040897120,618743679,2968000,15941120,29716160,262926,hold,1,0
coarse-f16-h6-u25,persistent,16,6,0.25,103,confirmation_coarse-f16-h6-u25_s103,10,5,88982,1055505120,633351679,578559,17000960,29716160,262926,hold,1,0
coarse-f16-h6-u25,persistent,16,6,0.25,103,confirmation_coarse-f16-h6-u25_s103,10,5,90313,1070113120,647959679,0,19834559,29716160,262926,hold,1,0
coarse-f16-h6-u25,persistent,16,6,0.25,103,confirmation_coarse-f16-h6-u25_s103,10,5,91618,1084726240,662572799,1621279,20544001,29716160,262926,hold,1,0
coarse-f16-h6-u25,persistent,16,6,0.25,103,confirmation_coarse-f16-h6-u25_s103,10,5,92929,1099330721,677177280,996000,21834881,29716160,262926,hold,1,0
coarse-f16-h6-u25,persistent,16,6,0.25,103,confirmation_coarse-f16-h6-u25_s103,10,5,94207,1114135840,691982399,2837281,19993600,29716160,262926,hold,1,0
coarse-f16-h6-u25,persistent,16,6,0.25,103,confirmation_coarse-f16-h6-u25_s103,10,5,95453,1128546721,706393280,4429279,14742881,29716160,262926,hold,1,0
coarse-f16-h6-u25,persistent,16,6,0.25,103,confirmation_coarse-f16-h6-u25_s103,10,5,96727,1143120001,720966560,545440,18294720,29716160,262926,hold,1,0
coarse-f16-h6-u25,persistent,16,6,0.25,103,confirmation_coarse-f16-h6-u25_s103,10,5,97988,1157567681,735414240,253280,20578880,29716160,262926,hold,1,0
coarse-f16-h6-u25,persistent,16,6,0.25,103,confirmation_coarse-f16-h6-u25_s103,10,5,99293,1172702721,750549280,580160,24568000,29716160,262926,hold,1,0
coarse-f16-h6-u25,persistent,16,6,0.25,103,confirmation_coarse-f16-h6-u25_s103,10,5,100591,1187310721,765157280,1913280,24230880,29716160,262926,hold,1,0
coarse-f16-h6-u25,persistent,16,6,0.25,103,confirmation_coarse-f16-h6-u25_s103,10,5,101902,1201918721,779765280,1577280,19918880,29716160,262926,hold,1,0
coarse-f16-h6-u25,persistent,16,6,0.25,103,confirmation_coarse-f16-h6-u25_s103,10,5,103212,1217012161,794858720,5233280,15420320,29716160,262926,hold,1,0
coarse-f16-h6-u25,persistent,16,6,0.25,103,confirmation_coarse-f16-h6-u25_s103,10,5,104466,1231466721,809313280,2909280,17080320,29716160,262926,hold,1,0
coarse-f16-h6-u25,persistent,16,6,0.25,103,confirmation_coarse-f16-h6-u25_s103,10,5,105796,1246074721,823921280,585280,21501280,29716160,262926,hold,1,0
coarse-f16-h6-u25,persistent,16,6,0.25,103,confirmation_coarse-f16-h6-u25_s103,10,5,107205,1260914881,838761440,580160,23245120,29716160,262926,hold,1,0
coarse-f16-h6-u25,persistent,16,6,0.25,103,confirmation_coarse-f16-h6-u25_s103,10,5,108586,1275854881,853701440,545440,20227680,29716160,262926,hold,1,0
coarse-f16-h6-u25,persistent,16,6,0.25,103,confirmation_coarse-f16-h6-u25_s103,10,5,109894,1290462881,868309440,2135200,17269120,29716160,262926,hold,1,0
coarse-f16-h6-u25,persistent,16,6,0.25,103,confirmation_coarse-f16-h6-u25_s103,10,5,111157,1305402881,883249440,5298400,10791040,29716160,262926,increase,0,0
coarse-f16-h6-u25,persistent,16,6,0.25,103,confirmation_coarse-f16-h6-u25_s103,9,1,35458,441395681,15282240,3251520,6640000,14608000,262926,increase,0,0
coarse-f16-h6-u25,persistent,16,6,0.25,103,confirmation_coarse-f16-h6-u25_s103,4,5,35413,440922401,14629281,1346399,23984160,24126879,262926,hold,1,0
coarse-f16-h6-u25,persistent,16,6,0.25,103,confirmation_coarse-f16-h6-u25_s103,4,5,36625,455541441,29248321,488161,23341439,24126879,262926,hold,1,1
coarse-f16-h6-u25,persistent,16,6,0.25,103,confirmation_coarse-f16-h6-u25_s103,14,4,35514,442066401,14959680,3316960,26040000,27672000,262926,hold,1,0
coarse-f16-h6-u25,persistent,16,6,0.25,103,confirmation_coarse-f16-h6-u25_s103,14,4,36771,457242721,30136000,333280,30499680,27672000,262926,hold,1,1
coarse-f16-h6-u25,persistent,16,6,0.25,103,confirmation_coarse-f16-h6-u25_s103,1,7,35526,442302721,14524160,3573280,23572000,26886880,262926,hold,1,0
coarse-f16-h6-u25,persistent,16,6,0.25,103,confirmation_coarse-f16-h6-u25_s103,1,7,36719,456667681,28889120,258400,25232000,26886880,262926,hold,1,1
coarse-f16-h6-u25,persistent,16,6,0.25,103,confirmation_coarse-f16-h6-u25_s103,2,4,35923,447177120,14791679,315679,44681601,43556000,262926,hold,1,1
coarse-f16-h6-u25,persistent,16,6,0.25,103,confirmation_coarse-f16-h6-u25_s103,2,5,37216,462382721,15205601,119679,47257601,44681601,262926,hold,1,0
coarse-f16-h6-u25,persistent,16,6,0.25,103,confirmation_coarse-f16-h6-u25_s103,2,5,38540,477206721,30029601,722881,48907679,44681601,262926,hold,1,1
coarse-f16-h6-u25,persistent,16,6,0.25,103,confirmation_coarse-f16-h6-u25_s103,11,4,37231,462554721,14608000,3696160,29889120,33511040,262926,hold,1,1
coarse-f16-h6-u25,persistent,16,6,0.25,103,confirmation_coarse-f16-h6-u25_s103,4,6,37911,470190721,14649280,591200,22574400,23341439,262926,hold,1,1
coarse-f16-h6-u25,persistent,16,6,0.25,103,confirmation_coarse-f16-h6-u25_s103,1,8,38002,471186721,14519040,1244160,27234240,25232000,262926,hold,1,1
coarse-f16-h6-u25,persistent,16,6,0.25,103,confirmation_coarse-f16-h6-u25_s103,14,5,38084,471990721,14748000,1733600,27891680,30499680,262926,hold,1,1
coarse-f16-h6-u25,persistent,16,6,0.25,103,confirmation_coarse-f16-h6-u25_s103,15,4,38389,475438721,14556000,2941280,18384000,17684000,262926,hold,1,0
coarse-f16-h6-u25,persistent,16,6,0.25,103,confirmation_coarse-f16-h6-u25_s103,15,4,39657,489966721,29084000,3365280,20044000,17684000,262926,hold,1,1
coarse-f16-h6-u25,persistent,16,6,0.25,103,confirmation_coarse-f16-h6-u25_s103,11,5,38631,478311841,15757120,3557440,27340000,29889120,262926,hold,1,0
coarse-f16-h6-u25,persistent,16,6,0.25,103,confirmation_coarse-f16-h6-u25_s103,11,5,39938,493430721,30876000,7273440,23186720,29889120,262926,hold,1,0
coarse-f16-h6-u25,persistent,16,6,0.25,103,confirmation_coarse-f16-h6-u25_s103,11,5,41162,508038721,45484000,179679,33236161,29889120,262926,hold,1,0
coarse-f16-h6-u25,persistent,16,6,0.25,103,confirmation_coarse-f16-h6-u25_s103,11,5,42439,522646721,60092000,324320,31800960,29889120,262926,hold,1,1
coarse-f16-h6-u25,persistent,16,6,0.25,103,confirmation_coarse-f16-h6-u25_s103,4,7,39197,484798721,14608000,1939680,18565600,22574400,262926,hold,1,1
coarse-f16-h6-u25,persistent,16,6,0.25,103,confirmation_coarse-f16-h6-u25_s103,1,9,39293,485832961,14646240,1856161,22671359,27234240,262926,hold,1,1
coarse-f16-h6-u25,persistent,16,6,0.25,103,confirmation_coarse-f16-h6-u25_s103,14,6,39355,486630401,14639680,2856960,27352320,27891680,262926,hold,1,0
coarse-f16-h6-u25,persistent,16,6,0.25,103,confirmation_coarse-f16-h6-u25_s103,14,6,40629,501490401,29499680,4352960,29620320,27891680,262926,hold,1,0
coarse-f16-h6-u25,persistent,16,6,0.25,103,confirmation_coarse-f16-h6-u25_s103,14,6,41849,515954401,43963680,3457119,30531841,27891680,262926,hold,1,1
coarse-f16-h6-u25,persistent,16,6,0.25,103,confirmation_coarse-f16-h6-u25_s103,2,6,39830,492002721,14796000,1861280,48816000,48907679,262926,hold,1,1
coarse-f16-h6-u25,persistent,16,6,0.25,103,confirmation_coarse-f16-h6-u25_s103,4,8,40438,499354401,14555680,2935680,17310400,18565600,262926,hold,1,0
coarse-f16-h6-u25,persistent,16,6,0.25,103,confirmation_coarse-f16-h6-u25_s103,4,8,41676,514009121,29210400,3562560,15889280,18565600,262926,hold,1,1
coarse-f16-h6-u25,persistent,16,6,0.25,103,confirmation_coarse-f16-h6-u25_s103,8,5,40515,500290721,14768000,7461280,13744000,14556000,262926,increase,0,0
coarse-f16-h6-u25,persistent,16,6,0.25,103,confirmation_coarse-f16-h6-u25_s103,1,10,40526,500402721,14569760,4901280,21153920,22671359,262926,hold,1,0
coarse-f16-h6-u25,persistent,16,6,0.25,103,confirmation_coarse-f16-h6-u25_s103,1,10,41768,515010721,29177760,4232160,15862400,22671359,262926,hold,1,1
coarse-f16-h6-u25,persistent,16,6,0.25,103,confirmation_coarse-f16-h6-u25_s103,9,2,40696,502432961,15310240,2283520,13523040,15183040,262926,increase,0,0
coarse-f16-h6-u25,persistent,16,6,0.25,103,confirmation_coarse-f16-h6-u25_s103,15,5,40905,504882721,14916000,4361280,22692000,20044000,262926,hold,1,0
coarse-f16-h6-u25,persistent,16,6,0.25,103,confirmation_coarse-f16-h6-u25_s103,15,5,42179,519826721,29860000,6373280,21372000,20044000,262926,hold,1,0
coarse-f16-h6-u25,persistent,16,6,0.25,103,confirmation_coarse-f16-h6-u25_s103,15,5,43433,534502721,44536000,5141440,20583840,20044000,262926,hold,1,0
coarse-f16-h6-u25,persistent,16,6,0.25,103,confirmation_coarse-f16-h6-u25_s103,15,5,44667,549122721,59156000,5053280,18892000,20044000,262926,hold,1,0
coarse-f16-h6-u25,persistent,16,6,0.25,103,confirmation_coarse-f16-h6-u25_s103,15,5,45889,563854721,73888000,3368799,21120481,20044000,262926,hold,1,1
coarse-f16-h6-u25,persistent,16,6,0.25,103,confirmation_coarse-f16-h6-u25_s103,2,7,41090,507269120,15266399,3845280,42844000,48816000,262926,hold,1,1
coarse-f16-h6-u25,persistent,16,6,0.25,103,confirmation_coarse-f16-h6-u25_s103,12,3,41378,510509121,14917440,3679840,29405280,27229120,262926,hold,1,0
coarse-f16-h6-u25,persistent,16,6,0.25,103,confirmation_coarse-f16-h6-u25_s103,12,3,42667,525302721,29711040,4523680,26717600,27229120,262926,hold,1,0
coarse-f16-h6-u25,persistent,16,6,0.25,103,confirmation_coarse-f16-h6-u25_s103,12,3,43970,541095681,45504000,4874240,23261920,27229120,262926,hold,1,0
coarse-f16-h6-u25,persistent,16,6,0.25,103,confirmation_coarse-f16-h6-u25_s103,12,3,45186,555514721,59923040,4840000,22300160,27229120,262926,hold,1,0
coarse-f16-h6-u25,persistent,16,6,0.25,103,confirmation_coarse-f16-h6-u25_s103,12,3,46479,570786721,75195040,7009280,21511040,27229120,262926,hold,1,0
coarse-f16-h6-u25,persistent,16,6,0.25,103,confirmation_coarse-f16-h6-u25_s103,12,3,47771,585394721,89803040,6685440,23668160,27229120,262926,hold,1,0
coarse-f16-h6-u25,persistent,16,6,0.25,103,confirmation_coarse-f16-h6-u25_s103,12,3,49076,600011681,104420000,7334240,24127040,27229120,262926,hold,1,0
coarse-f16-h6-u25,persistent,16,6,0.25,103,confirmation_coarse-f16-h6-u25_s103,12,3,50315,615290081,119698400,8402719,19406561,27229120,262926,hold,1,0
coarse-f16-h6-u25,persistent,16,6,0.25,103,confirmation_coarse-f16-h6-u25_s103,12,3,51540,630214721,134623040,5314881,22162399,27229120,262926,hold,1,0
coarse-f16-h6-u25,persistent,16,6,0.25,103,confirmation_coarse-f16-h6-u25_s103,12,3,52760,644822721,149231040,4503679,24741281,27229120,262926,hold,1,1
coarse-f16-h6-u25,persistent,16,6,0.25,103,confirmation_coarse-f16-h6-u25_s103,6,7,41453,511396961,14426240,5785280,9954880,14022721,262926,increase,0,0
coarse-f16-h6-u25,persistent,16,6,0.25,103,confirmation_coarse-f16-h6-u25_s103,2,8,42379,521966721,14697601,5043679,39280000,42844000,262926,hold,1,0
coarse-f16-h6-u25,persistent,16,6,0.25,103,confirmation_coarse-f16-h6-u25_s103,2,8,43586,536338721,29069601,5757280,37000000,42844000,262926,hold,1,0
coarse-f16-h6-u25,persistent,16,6,0.25,103,confirmation_coarse-f16-h6-u25_s103,2,8,44813,550790721,43521601,789280,43102880,42844000,262926,hold,1,1
coarse-f16-h6-u25,persistent,16,6,0.25,103,confirmation_coarse-f16-h6-u25_s103,4,9,42963,528654241,14645120,2629600,14582080,15889280,262926,hold,1,0
coarse-f16-h6-u25,persistent,16,6,0.25,103,confirmation_coarse-f16-h6-u25_s103,4,9,44142,543066401,29057280,91200,19169920,15889280,262926,hold,1,1
coarse-f16-h6-u25,persistent,16,6,0.25,103,confirmation_coarse-f16-h6-u25_s103,1,11,43031,529375681,14364960,1632000,15515040,15862400,262926,hold,1,0
coarse-f16-h6-u25,persistent,16,6,0.25,103,confirmation_coarse-f16-h6-u25_s103,1,11,44225,544014561,29003840,279040,18686080,15862400,262926,hold,1,1
coarse-f16-h6-u25,persistent,16,6,0.25,103,confirmation_coarse-f16-h6-u25_s103,8,6,43067,529734721,14408000,8125280,11696000,14344000,262926,increase,0,0
coarse-f16-h6-u25,persistent,16,6,0.25,103,confirmation_coarse-f16-h6-u25_s103,14,7,43169,530998721,15044320,4177280,25780320,30531841,262926,hold,1,0
coarse-f16-h6-u25,persistent,16,6,0.25,103,confirmation_coarse-f16-h6-u25_s103,14,7,44362,545646721,29692320,1345600,28520000,30531841,262926,hold,1,0
coarse-f16-h6-u25,persistent,16,6,0.25,103,confirmation_coarse-f16-h6-u25_s103,14,7,45606,560590401,44636000,613280,26620000,30531841,262926,hold,1,1
coarse-f16-h6-u25,persistent,16,6,0.25,103,confirmation_coarse-f16-h6-u25_s103,9,3,43355,533359681,15604000,3292000,6972000,14276000,262926,increase,0,0
coarse-f16-h6-u25,persistent,16,6,0.25,103,confirmation_coarse-f16-h6-u25_s103,11,6,43656,537254721,14608000,1867680,27780480,31800960,262926,hold,1,0
coarse-f16-h6-u25,persistent,16,6,0.25,103,confirmation_coarse-f16-h6-u25_s103,11,6,44895,551795681,29148960,3950880,23983360,31800960,262926,hold,1,0
coarse-f16-h6-u25,persistent,16,6,0.25,103,confirmation_coarse-f16-h6-u25_s103,11,6,46159,567134721,44488000,6900000,21980320,31800960,262926,hold,1,0
coarse-f16-h6-u25,persistent,16,6,0.25,103,confirmation_coarse-f16-h6-u25_s103,11,6,47438,581627681,58980960,1296160,27726080,31800960,262926,hold,1,1
coarse-f16-h6-u25,persistent,16,6,0.25,103,confirmation_coarse-f16-h6-u25_s103,4,10,45348,557506721,14440320,221760,19588000,19169920,262926,hold,1,1
coarse-f16-h6-u25,persistent,16,6,0.25,103,confirmation_coarse-f16-h6-u25_s103,1,12,45439,558622561,14608000,1607040,20469280,18686080,262926,hold,1,1
coarse-f16-h6-u25,persistent,16,6,0.25,103,confirmation_coarse-f16-h6-u25_s103,2,9,46031,565521120,14730399,1221280,43302399,43102880,262926,hold,1,1
coarse-f16-h6-u25,persistent,16,6,0.25,103,confirmation_coarse-f16-h6-u25_s103,4,11,46586,571921441,14414720,917280,18892480,19588000,262926,hold,1,1
coarse-f16-h6-u25,persistent,16,6,0.25,103,confirmation_coarse-f16-h6-u25_s103,1,13,46704,573230561,14608000,3905280,18289280,20469280,262926,hold,1,1
coarse-f16-h6-u25,persistent,16,6,0.25,103,confirmation_coarse-f16-h6-u25_s103,14,8,46890,575266721,14676320,380960,27032320,26620000,262926,hold,1,0
coarse-f16-h6-u25,persistent,16,6,0.25,103,confirmation_coarse-f16-h6-u25_s103,14,8,48258,590625441,30035040,2581600,29490400,26620000,262926,hold,1,1
coarse-f16-h6-u25,persistent,16,6,0.25,103,confirmation_coarse-f16-h6-u25_s103,15,6,47198,578594721,14740000,3753280,23568000,21120481,262926,hold,1,0
coarse-f16-h6-u25,persistent,16,6,0.25,103,confirmation_coarse-f16-h6-u25_s103,15,6,48501,593326721,29472000,3965280,23660000,21120481,262926,hold,1,1
coarse-f16-h6-u25,persistent,16,6,0.25,103,confirmation_coarse-f16-h6-u25_s103,2,10,47463,581881120,16360000,1317280,43392000,43302399,262926,hold,1,1
coarse-f16-h6-u25,persistent,16,6,0.25,103,confirmation_coarse-f16-h6-u25_s103,4,12,47863,586338401,14416960,1050880,19734080,18892480,262926,hold,1,1
coarse-f16-h6-u25,persistent,16,6,0.25,103,confirmation_coarse-f16-h6-u25_s103,1,14,47985,587626721,14396160,3688320,20781920,18289280,262926,hold,1,0
coarse-f16-h6-u25,persistent,16,6,0.25,103,confirmation_coarse-f16-h6-u25_s103,1,14,49274,602422401,29191840,2784320,24119520,18289280,262926,hold,1,1
coarse-f16-h6-u25,persistent,16,6,0.25,103,confirmation_coarse-f16-h6-u25_s103,11,7,48770,596350721,14723040,597280,30599040,27726080,262926,hold,1,1
coarse-f16-h6-u25,persistent,16,6,0.25,103,confirmation_coarse-f16-h6-u25_s103,2,11,48773,596397120,14516000,2005280,40513279,43392000,262926,hold,1,1
coarse-f16-h6-u25,persistent,16,6,0.25,103,confirmation_coarse-f16-h6-u25_s103,4,13,49140,600946401,14608000,585280,20194560,19734080,262926,hold,1,0
coarse-f16-h6-u25,persistent,16,6,0.25,103,confirmation_coarse-f16-h6-u25_s103,4,13,50321,615321120,28982719,2956480,15033760,19734080,262926,hold,1,1
coarse-f16-h6-u25,persistent,16,6,0.25,103,confirmation_coarse-f16-h6-u25_s103,8,7,49310,602938721,14550880,6297280,19048000,16808000,262926,hold,1,0
coarse-f16-h6-u25,persistent,16,6,0.25,103,confirmation_coarse-f16-h6-u25_s103,8,7,50505,617550721,29162880,9277280,17904000,16808000,262926,hold,1,0
coarse-f16-h6-u25,persistent,16,6,0.25,103,confirmation_coarse-f16-h6-u25_s103,8,7,51686,631922721,43534880,7425280,12656000,16808000,262926,increase,0,0
coarse-f16-h6-u25,persistent,16,6,0.25,103,confirmation_coarse-f16-h6-u25_s103,14,9,49464,605030721,14405280,1273280,34485280,29490400,262926,hold,1,1
coarse-f16-h6-u25,persistent,16,6,0.25,103,confirmation_coarse-f16-h6-u25_s103,9,4,49584,606406401,14371680,2813600,17999520,19280160,262926,hold,1,0
coarse-f16-h6-u25,persistent,16,6,0.25,103,confirmation_coarse-f16-h6-u25_s103,9,4,50798,621346401,29311680,1913280,12616000,19280160,262926,increase,0,0
coarse-f16-h6-u25,persistent,16,6,0.25,103,confirmation_coarse-f16-h6-u25_s103,15,7,49727,608186721,14860000,4537280,22064000,23660000,262926,hold,1,1
coarse-f16-h6-u25,persistent,16,6,0.25,103,confirmation_coarse-f16-h6-u25_s103,11,8,50009,611623841,15273120,746719,30781601,30599040,262926,hold,1,1
coarse-f16-h6-u25,persistent,16,6,0.25,103,confirmation_coarse-f16-h6-u25_s103,2,12,49976,611211840,14814720,4773280,38809601,40513279,262926,hold,1,0
coarse-f16-h6-u25,persistent,16,6,0.25,103,confirmation_coarse-f16-h6-u25_s103,2,12,51209,626086721,29689601,6265439,39253442,40513279,262926,hold,1,0
coarse-f16-h6-u25,persistent,16,6,0.25,103,confirmation_coarse-f16-h6-u25_s103,2,12,52453,641155680,44758560,348639,45290242,40513279,262926,hold,1,1
coarse-f16-h6-u25,persistent,16,6,0.25,103,confirmation_coarse-f16-h6-u25_s103,6,8,50215,614066561,14608000,3785120,11548000,17168320,262926,increase,0,1
coarse-f16-h6-u25,persistent,16,6,0.25,103,confirmation_coarse-f16-h6-u25_s103,1,15,50485,617266721,14844320,1148480,23215840,24119520,262926,hold,1,0
coarse-f16-h6-u25,persistent,16,6,0.25,103,confirmation_coarse-f16-h6-u25_s103,1,15,51670,631667681,29245280,585280,20916000,24119520,262926,hold,1,1
coarse-f16-h6-u25,persistent,16,6,0.25,103,confirmation_coarse-f16-h6-u25_s103,14,10,50736,620633120,15602399,3878560,33057439,34485280,262926,hold,1,1
coarse-f16-h6-u25,persistent,16,6,0.25,103,confirmation_coarse-f16-h6-u25_s103,15,8,50919,622834721,14648000,5237280,19076000,22064000,262926,hold,1,0
coarse-f16-h6-u25,persistent,16,6,0.25,103,confirmation_coarse-f16-h6-u25_s103,15,8,52167,637750721,29564000,3725280,17940000,22064000,262926,hold,1,1
coarse-f16-h6-u25,persistent,16,6,0.25,103,confirmation_coarse-f16-h6-u25_s103,3,2,51175,625665441,14528000,4481280,30624000,32730080,262926,hold,1,0
coarse-f16-h6-u25,persistent,16,6,0.25,103,confirmation_coarse-f16-h6-u25_s103,3,2,52369,640165441,29028000,5929280,32008000,32730080,262926,hold,1,0
coarse-f16-h6-u25,persistent,16,6,0.25,103,confirmation_coarse-f16-h6-u25_s103,3,2,53599,654537441,43400000,4057280,32672000,32730080,262926,hold,1,1
coarse-f16-h6-u25,persistent,16,6,0.25,103,confirmation_coarse-f16-h6-u25_s103,11,9,51234,626383681,14759840,4067839,22668481,30781601,262926,hold,1,0
coarse-f16-h6-u25,persistent,16,6,0.25,103,confirmation_coarse-f16-h6-u25_s103,11,9,52463,641278401,29654560,3654881,20067359,30781601,262926,hold,1,0
coarse-f16-h6-u25,persistent,16,6,0.25,103,confirmation_coarse-f16-h6-u25_s103,11,9,53720,656110721,44486880,2498560,28298720,30781601,262926,hold,1,1
coarse-f16-h6-u25,persistent,16,6,0.25,103,confirmation_coarse-f16-h6-u25_s103,4,14,51510,629722401,14401281,1369441,15707839,15033760,262926,hold,1,0
coarse-f16-h6-u25,persistent,16,6,0.25,103,confirmation_coarse-f16-h6-u25_s103,4,14,52727,644330401,29009281,4030561,15838880,15033760,262926,hold,1,1
coarse-f16-h6-u25,persistent,16,6,0.25,103,confirmation_coarse-f16-h6-u25_s103,14,11,51948,635102721,14469601,1850881,33034399,33057439,262926,hold,1,0
coarse-f16-h6-u25,persistent,16,6,0.25,103,confirmation_coarse-f16-h6-u25_s103,14,11,53302,650858721,30225601,3138881,31414399,33057439,262926,hold,1,1
coarse-f16-h6-u25,persistent,16,6,0.25,103,confirmation_coarse-f16-h6-u25_s103,1,16,52889,646258721,14591040,821600,20038560,20916000,262926,hold,1,1
coarse-f16-h6-u25,persistent,16,6,0.25,103,confirmation_coarse-f16-h6-u25_s103,15,9,53428,652278721,14528000,3337280,18080000,17940000,262926,hold,1,1
coarse-f16-h6-u25,persistent,16,6,0.25,103,confirmation_coarse-f16-h6-u25_s103,2,13,53687,655586721,14431041,926239,42489601,45290242,262926,hold,1,0
coarse-f16-h6-u25,persistent,16,6,0.25,103,confirmation_coarse-f16-h6-u25_s103,2,13,54946,670392161,29236481,1332321,41489440,45290242,262926,hold,1,1
coarse-f16-h6-u25,persistent,16,6,0.25,103,confirmation_coarse-f16-h6-u25_s103,6,9,53963,658890401,15583680,3876000,14613120,18482400,262926,hold,1,0
coarse-f16-h6-u25,persistent,16,6,0.25,103,confirmation_coarse-f16-h6-u25_s103,6,9,55217,673470721,30164000,3714559,14133441,18482400,262926,hold,1,1
coarse-f16-h6-u25,persistent,16,6,0.25,103,confirmation_coarse-f16-h6-u25_s103,4,15,53968,658905441,14575040,3872320,13612000,15838880,262926,increase,0,1
coarse-f16-h6-u25,persistent,16,6,0.25,103,confirmation_coarse-f16-h6-u25_s103,12,4,54159,661139681,16316960,3794560,27720799,24741281,262926,hold,1,0
coarse-f16-h6-u25,persistent,16,6,0.25,103,confirmation_coarse-f16-h6-u25_s103,12,4,55540,677227681,32404960,2760160,29697120,24741281,262926,hold,1,1
coarse-f16-h6-u25,persistent,16,6,0.25,103,confirmation_coarse-f16-h6-u25_s103,1,17,54136,660854401,14595680,1232320,17944960,20038560,262926,hold,1,1
coarse-f16-h6-u25,persistent,16,6,0.25,103,confirmation_coarse-f16-h6-u25_s103,8,8,54167,661182721,14436000,4841280,18800000,17232000,262926,hold,1,0
coarse-f16-h6-u25,persistent,16,6,0.25,103,confirmation_coarse-f16-h6-u25_s103,8,8,55461,676310721,29564000,7433280,15968000,17232000,262926,hold,1,0
coarse-f16-h6-u25,persistent,16,6,0.25,103,confirmation_coarse-f16-h6-u25_s103,8,8,56645,690690721,43944000,6113280,11900000,17232000,262926,increase,0,0
coarse-f16-h6-u25,persistent,16,6,0.25,103,confirmation_coarse-f16-h6-u25_s103,14,12,54546,665666721,14808000,4002881,27950399,31414399,262926,hold,1,0
coarse-f16-h6-u25,persistent,16,6,0.25,103,confirmation_coarse-f16-h6-u25_s103,14,12,55784,680341441,29482720,3335680,28457921,31414399,262926,hold,1,1
coarse-f16-h6-u25,persistent,16,6,0.25,103,confirmation_coarse-f16-h6-u25_s103,9,5,54702,667522401,15632000,3606400,14270880,15272000,262926,hold,1,0
coarse-f16-h6-u25,persistent,16,6,0.25,103,confirmation_coarse-f16-h6-u25_s103,9,5,55947,682462401,30572000,4265280,8632000,15272000,262926,increase,0,0
coarse-f16-h6-u25,persistent,16,6,0.25,103,confirmation_coarse-f16-h6-u25_s103,15,10,54672,667166721,14888000,3309280,19738880,18080000,262926,hold,1,1
coarse-f16-h6-u25,persistent,16,6,0.25,103,confirmation_coarse-f16-h6-u25_s103,3,3,54832,669093441,14556000,5533280,30864000,32672000,262926,hold,1,0
coarse-f16-h6-u25,persistent,16,6,0.25,103,confirmation_coarse-f16-h6-u25_s103,3,3,56054,683677441,29140000,5293280,30984000,32672000,262926,hold,1,0
coarse-f16-h6-u25,persistent,16,6,0.25,103,confirmation_coarse-f16-h6-u25_s103,3,3,57279,698113441,43576000,5265280,30312000,32672000,262926,hold,1,0
coarse-f16-h6-u25,persistent,16,6,0.25,103,confirmation_coarse-f16-h6-u25_s103,3,3,58554,712945441,58408000,4665280,34536000,32672000,262926,hold,1,0
coarse-f16-h6-u25,persistent,16,6,0.25,103,confirmation_coarse-f16-h6-u25_s103,3,3,59740,727649441,73112000,5477280,33152000,32672000,262926,hold,1,1
coarse-f16-h6-u25,persistent,16,6,0.25,103,confirmation_coarse-f16-h6-u25_s103,11,10,54969,670618561,14507840,63679,31711042,28298720,262926,hold,1,1
coarse-f16-h6-u25,persistent,16,6,0.25,103,confirmation_coarse-f16-h6-u25_s103,1,18,55387,675462401,14608000,2340960,14815040,17944960,262926,hold,1,0
coarse-f16-h6-u25,persistent,16,6,0.25,103,confirmation_coarse-f16-h6-u25_s103,1,18,56599,690098401,29244000,5233280,9087680,17944960,262926,increase,0,1
coarse-f16-h6-u25,persistent,16,6,0.25,103,confirmation_coarse-f16-h6-u25_s103,15,11,55931,682150561,14983840,2885280,20047840,19738880,262926,hold,1,0
coarse-f16-h6-u25,persistent,16,6,0.25,103,confirmation_coarse-f16-h6-u25_s103,15,11,57188,697154721,29988000,2645280,22184000,19738880,262926,hold,1,1
coarse-f16-h6-u25,persistent,16,6,0.25,103,confirmation_coarse-f16-h6-u25_s103,2,14,56243,685894721,15502560,1693119,40992482,41489440,262926,hold,1,0
coarse-f16-h6-u25,persistent,16,6,0.25,103,confirmation_coarse-f16-h6-u25_s103,2,14,57477,700450721,30058560,1541280,40424481,41489440,262926,hold,1,1
coarse-f16-h6-u25,persistent,16,6,0.25,103,confirmation_coarse-f16-h6-u25_s103,11,11,56164,684994721,14376160,799841,27043999,31711042,262926,hold,1,0
coarse-f16-h6-u25,persistent,16,6,0.25,103,confirmation_coarse-f16-h6-u25_s103,11,11,57381,699349441,28730880,2988000,25153280,31711042,262926,hold,1,1
coarse-f16-h6-u25,persistent,16,6,0.25,103,confirmation_coarse-f16-h6-u25_s103,6,10,56420,687982721,14512000,5233600,9295680,14133441,262926,increase,0,0
coarse-f16-h6-u25,persistent,16,6,0.25,103,confirmation_coarse-f16-h6-u25_s103,4,16,56432,688121441,14608000,1249280,11952000,14575040,262926,increase,0,0
coarse-f16-h6-u25,persistent,16,6,0.25,103,confirmation_coarse-f16-h6-u25_s103,12,5,56739,691875681,14648000,3725280,24948960,29697120,262926,hold,1,0
coarse-f16-h6-u25,persistent,16,6,0.25,103,confirmation_coarse-f16-h6-u25_s103,12,5,58001,706321441,29093760,7304000,18400320,29697120,262926,hold,1,0
coarse-f16-h6-u25,persistent,16,6,0.25,103,confirmation_coarse-f16-h6-u25_s103,12,5,59224,721514721,44287040,6435520,18469760,29697120,262926,hold,1,0
coarse-f16-h6-u25,persistent,16,6,0.25,103,confirmation_coarse-f16-h6-u25_s103,12,5,60513,736579681,59352000,3916000,21694240,29697120,262926,hold,1,0
coarse-f16-h6-u25,persistent,16,6,0.25,103,confirmation_coarse-f16-h6-u25_s103,12,5,61838,751394721,74167040,4032320,25163200,29697120,262926,hold,1,0
coarse-f16-h6-u25,persistent,16,6,0.25,103,confirmation_coarse-f16-h6-u25_s103,12,5,63214,766557441,89329760,4323040,28055520,29697120,262926,hold,1,1
coarse-f16-h6-u25,persistent,16,6,0.25,103,confirmation_coarse-f16-h6-u25_s103,14,13,56994,694909121,14567680,2818560,28554720,28457921,262926,hold,1,0
coarse-f16-h6-u25,persistent,16,6,0.25,103,confirmation_coarse-f16-h6-u25_s103,14,13,58298,709877121,29535680,333280,34570400,28457921,262926,hold,1,1
coarse-f16-h6-u25,persistent,16,6,0.25,103,confirmation_coarse-f16-h6-u25_s103,15,12,58475,711978721,14824000,6345280,17092000,22184000,262926,hold,1,1
coarse-f16-h6-u25,persistent,16,6,0.25,103,confirmation_coarse-f16-h6-u25_s103,11,12,58627,713861441,14512000,2656000,22042240,25153280,262926,hold,1,0
coarse-f16-h6-u25,persistent,16,6,0.25,103,confirmation_coarse-f16-h6-u25_s103,11,12,59812,728486721,29137280,5897280,21248000,25153280,262926,hold,1,0
coarse-f16-h6-u25,persistent,16,6,0.25,103,confirmation_coarse-f16-h6-u25_s103,11,12,61143,743758721,44409280,3435520,25037760,25153280,262926,hold,1,1
coarse-f16-h6-u25,persistent,16,6,0.25,103,confirmation_coarse-f16-h6-u25_s103,2,15,58736,715142721,14692000,457280,45175041,40424481,262926,hold,1,0
coarse-f16-h6-u25,persistent,16,6,0.25,103,confirmation_coarse-f16-h6-u25_s103,2,15,59923,730002721,29552000,529441,49311839,40424481,262926,hold,1,1
coarse-f16-h6-u25,persistent,16,6,0.25,103,confirmation_coarse-f16-h6-u25_s103,14,14,59484,724717121,14840000,115680,39181600,34570400,262926,hold,1,1
coarse-f16-h6-u25,persistent,16,6,0.25,103,confirmation_coarse-f16-h6-u25_s103,15,13,59654,726654721,14676000,6557280,17268000,17092000,262926,hold,1,0
coarse-f16-h6-u25,persistent,16,6,0.25,103,confirmation_coarse-f16-h6-u25_s103,15,13,60914,741146721,29168000,8909280,13588000,17092000,262926,increase,0,0
coarse-f16-h6-u25,persistent,16,6,0.25,103,confirmation_coarse-f16-h6-u25_s103,4,17,60084,731806721,14608000,2240160,14474400,14801280,262926,hold,1,0
coarse-f16-h6-u25,persistent,16,6,0.25,103,confirmation_coarse-f16-h6-u25_s103,4,17,61404,746414721,29216000,3900160,11952000,14801280,262926,increase,0,1
coarse-f16-h6-u25,persistent,16,6,0.25,103,confirmation_coarse-f16-h6-u25_s103,1,19,60245,733590401,14636000,3480960,14340320,16299680,262926,hold,1,0
coarse-f16-h6-u25,persistent,16,6,0.25,103,confirmation_coarse-f16-h6-u25_s103,1,19,61562,748198401,29244000,912001,19093599,16299680,262926,hold,1,1
coarse-f16-h6-u25,persistent,16,6,0.25,103,confirmation_coarse-f16-h6-u25_s103,14,15,60745,739262721,14545600,2254880,36690400,39181600,262926,hold,1,1
coarse-f16-h6-u25,persistent,16,6,0.25,103,confirmation_coarse-f16-h6-u25_s103,3,4,61004,742205441,14556000,4481280,33392000,33152000,262926,hold,1,0
coarse-f16-h6-u25,persistent,16,6,0.25,103,confirmation_coarse-f16-h6-u25_s103,3,4,62363,756881441,29232000,4269280,32368000,33152000,262926,hold,1,1
coarse-f16-h6-u25,persistent,16,6,0.25,103,confirmation_coarse-f16-h6-u25_s103,2,16,61227,744598560,14595839,773440,47976000,49311839,262926,hold,1,1
coarse-f16-h6-u25,persistent,16,6,0.25,103,confirmation_coarse-f16-h6-u25_s103,14,16,62110,754262721,15000000,4858880,29646400,36690400,262926,hold,1,0
coarse-f16-h6-u25,persistent,16,6,0.25,103,confirmation_coarse-f16-h6-u25_s103,14,16,63415,768854721,29592000,865280,30585600,36690400,262926,hold,1,1
coarse-f16-h6-u25,persistent,16,6,0.25,103,confirmation_coarse-f16-h6-u25_s103,11,13,62517,758698721,14940000,644320,29944000,25037760,262926,hold,1,1
coarse-f16-h6-u25,persistent,16,6,0.25,103,confirmation_coarse-f16-h6-u25_s103,2,17,62574,759340321,14741761,2198880,48148000,47976000,262926,hold,1,0
coarse-f16-h6-u25,persistent,16,6,0.25,103,confirmation_coarse-f16-h6-u25_s103,2,17,63858,773746721,29148161,3071041,47523839,47976000,262926,hold,1,1
coarse-f16-h6-u25,persistent,16,6,0.25,103,confirmation_coarse-f16-h6-u25_s103,6,11,62713,760819521,14641120,2928960,12264320,16245120,262926,increase,0,0
coarse-f16-h6-u25,persistent,16,6,0.25,103,confirmation_coarse-f16-h6-u25_s103,1,20,62879,762826721,14628320,1797280,17076000,19093599,262926,hold,1,0
coarse-f16-h6-u25,persistent,16,6,0.25,103,confirmation_coarse-f16-h6-u25_s103,1,20,64169,777454721,29256320,3276480,10629120,19093599,262926,increase,0,1
coarse-f16-h6-u25,persistent,16,6,0.25,103,confirmation_coarse-f16-h6-u25_s103,8,9,63075,764966721,14492000,5017280,18744000,21152000,262926,hold,1,0
coarse-f16-h6-u25,persistent,16,6,0.25,103,confirmation_coarse-f16-h6-u25_s103,8,9,64372,779678721,29204000,5893280,16004000,21152000,262926,hold,1,0
coarse-f16-h6-u25,persistent,16,6,0.25,103,confirmation_coarse-f16-h6-u25_s103,8,9,65719,794270721,43796000,3613280,18440000,21152000,262926,hold,1,0
coarse-f16-h6-u25,persistent,16,6,0.25,103,confirmation_coarse-f16-h6-u25_s103,8,9,67020,808706721,58232000,4397280,12028000,21152000,262926,increase,0,1
coarse-f16-h6-u25,persistent,16,6,0.25,103,confirmation_coarse-f16-h6-u25_s103,15,14,63624,771182721,15424000,4381280,23892000,16208000,262926,hold,1,0
coarse-f16-h6-u25,persistent,16,6,0.25,103,confirmation_coarse-f16-h6-u25_s103,15,14,64931,785710721,29952000,4353280,29140000,16208000,262926,hold,1,0
coarse-f16-h6-u25,persistent,16,6,0.25,103,confirmation_coarse-f16-h6-u25_s103,15,14,66266,800378721,44620000,3543360,32237920,16208000,262926,hold,1,1
coarse-f16-h6-u25,persistent,16,6,0.25,103,confirmation_coarse-f16-h6-u25_s103,9,6,63633,771314721,14484320,4569280,11828320,15272000,262926,increase,0,0
coarse-f16-h6-u25,persistent,16,6,0.25,103,confirmation_coarse-f16-h6-u25_s103,3,5,63673,771741441,14860000,4029280,35864000,32368000,262926,hold,1,0
coarse-f16-h6-u25,persistent,16,6,0.25,103,confirmation_coarse-f16-h6-u25_s103,3,5,64990,786297441,29416000,5689280,34840000,32368000,262926,hold,1,0
coarse-f16-h6-u25,persistent,16,6,0.25,103,confirmation_coarse-f16-h6-u25_s103,3,5,66339,801121441,44240000,6289280,34148000,32368000,262926,hold,1,0
coarse-f16-h6-u25,persistent,16,6,0.25,103,confirmation_coarse-f16-h6-u25_s103,3,5,67643,815797441,58916000,7277280,29840000,32368000,262926,hold,1,0
coarse-f16-h6-u25,persistent,16,6,0.25,103,confirmation_coarse-f16-h6-u25_s103,3,5,68997,830685441,73804000,5449280,33448000,32368000,262926,hold,1,0
coarse-f16-h6-u25,persistent,16,6,0.25,103,confirmation_coarse-f16-h6-u25_s103,3,5,70298,845481441,88600000,4657280,33274400,32368000,262926,hold,1,0
coarse-f16-h6-u25,persistent,16,6,0.25,103,confirmation_coarse-f16-h6-u25_s103,3,5,71555,860001441,103120000,4085280,31012000,32368000,262926,hold,1,1
coarse-f16-h6-u25,persistent,16,6,0.25,103,confirmation_coarse-f16-h6-u25_s103,11,14,63817,773306721,14608000,2099520,30412000,29944000,262926,hold,1,1
coarse-f16-h6-u25,persistent,16,6,0.25,103,confirmation_coarse-f16-h6-u25_s103,12,6,64506,781165441,14608000,1969120,31667200,28055520,262926,hold,1,0
coarse-f16-h6-u25,persistent,16,6,0.25,103,confirmation_coarse-f16-h6-u25_s103,12,6,65846,795773441,29216000,4807040,27318240,28055520,262926,hold,1,1
coarse-f16-h6-u25,persistent,16,6,0.25,103,confirmation_coarse-f16-h6-u25_s103,14,17,64759,783770721,14916000,2821280,32756000,30585600,262926,hold,1,1
coarse-f16-h6-u25,persistent,16,6,0.25,103,confirmation_coarse-f16-h6-u25_s103,11,15,65138,787805441,14498720,4792000,28914560,30412000,262926,hold,1,0
coarse-f16-h6-u25,persistent,16,6,0.25,103,confirmation_coarse-f16-h6-u25_s103,11,15,66437,802211681,28904960,4334400,28611840,30412000,262926,hold,1,0
coarse-f16-h6-u25,persistent,16,6,0.25,103,confirmation_coarse-f16-h6-u25_s103,11,15,67772,817135841,43829120,1909280,25236000,30412000,262926,hold,1,1
coarse-f16-h6-u25,persistent,16,6,0.25,103,confirmation_coarse-f16-h6-u25_s103,2,18,65223,788698721,14952000,2883680,47305600,47523839,262926,hold,1,1
coarse-f16-h6-u25,persistent,16,6,0.25,103,confirmation_coarse-f16-h6-u25_s103,6,12,65414,790694401,14417280,5560160,10974080,14152320,262926,increase,0,1
coarse-f16-h6-u25,persistent,16,6,0.25,103,confirmation_coarse-f16-h6-u25_s103,14,18,66075,798314721,14544000,2249280,32092000,32756000,262926,hold,1,1
coarse-f16-h6-u25,persistent,16,6,0.25,103,confirmation_coarse-f16-h6-u25_s103,2,19,66604,803994560,15295839,1681280,48808000,47305600,262926,hold,1,1
coarse-f16-h6-u25,persistent,16,6,0.25,103,confirmation_coarse-f16-h6-u25_s103,12,7,67294,811818721,16045280,2474400,23674880,27318240,262926,hold,1,0
coarse-f16-h6-u25,persistent,16,6,0.25,103,confirmation_coarse-f16-h6-u25_s103,12,7,68632,826426721,30653280,2686560,23457600,27318240,262926,hold,1,1
coarse-f16-h6-u25,persistent,16,6,0.25,103,confirmation_coarse-f16-h6-u25_s103,14,19,67408,813110721,14796000,2477280,35264000,32092000,262926,hold,1,0
coarse-f16-h6-u25,persistent,16,6,0.25,103,confirmation_coarse-f16-h6-u25_s103,14,19,68760,827922721,29608000,985280,39920000,32092000,262926,hold,1,1
coarse-f16-h6-u25,persistent,16,6,0.25,103,confirmation_coarse-f16-h6-u25_s103,15,15,67556,814814721,14436000,3781280,29260000,32237920,262926,hold,1,0
coarse-f16-h6-u25,persistent,16,6,0.25,103,confirmation_coarse-f16-h6-u25_s103,15,15,68888,829434721,29056000,6105280,27184000,32237920,262926,hold,1,0
coarse-f16-h6-u25,persistent,16,6,0.25,103,confirmation_coarse-f16-h6-u25_s103,15,15,70172,844138721,43760000,7829280,24888000,32237920,262926,hold,1,0
coarse-f16-h6-u25,persistent,16,6,0.25,103,confirmation_coarse-f16-h6-u25_s103,15,15,71424,858582721,58204000,2735200,18682080,32237920,262926,hold,1,1
coarse-f16-h6-u25,persistent,16,6,0.25,103,confirmation_coarse-f16-h6-u25_s103,2,20,67967,819130721,15136161,3133280,49736161,48808000,262926,hold,1,1
coarse-f16-h6-u25,persistent,16,6,0.25,103,confirmation_coarse-f16-h6-u25_s103,6,13,68015,819670881,14368480,1244160,14041600,14404800,262926,hold,1,0
coarse-f16-h6-u25,persistent,16,6,0.25,103,confirmation_coarse-f16-h6-u25_s103,6,13,69318,834278881,28976480,917280,13699360,14404800,262926,increase,0,1
coarse-f16-h6-u25,persistent,16,6,0.25,103,confirmation_coarse-f16-h6-u25_s103,11,16,69093,831689120,14553279,530559,26724001,25236000,262926,hold,1,0
coarse-f16-h6-u25,persistent,16,6,0.25,103,confirmation_coarse-f16-h6-u25_s103,11,16,70383,846367681,29231840,1250559,23745761,25236000,262926,hold,1,1
coarse-f16-h6-u25,persistent,16,6,0.25,103,confirmation_coarse-f16-h6-u25_s103,2,21,69300,834050721,14920000,5117441,46830239,49736161,262926,hold,1,0
coarse-f16-h6-u25,persistent,16,6,0.25,103,confirmation_coarse-f16-h6-u25_s103,2,21,70612,848842721,29712000,4061280,42100000,49736161,262926,hold,1,1
coarse-f16-h6-u25,persistent,16,6,0.25,103,confirmation_coarse-f16-h6-u25_s103,12,8,69941,841309120,14882399,1554239,25471041,23457600,262926,hold,1,0
coarse-f16-h6-u25,persistent,16,6,0.25,103,confirmation_coarse-f16-h6-u25_s103,12,8,71285,856679681,30252960,1855679,24293601,23457600,262926,hold,1,1
coarse-f16-h6-u25,persistent,16,6,0.25,103,confirmation_coarse-f16-h6-u25_s103,14,20,70117,843486721,15564000,985280,36184000,39920000,262926,hold,1,0
coarse-f16-h6-u25,persistent,16,6,0.25,103,confirmation_coarse-f16-h6-u25_s103,14,20,71412,858310721,30388000,3469280,29488000,39920000,262926,hold,1,1
coarse-f16-h6-u25,persistent,16,6,0.25,103,confirmation_coarse-f16-h6-u25_s103,16,1,70450,847118721,14684000,3559679,6321601,45046400,262926,increase,0,0
coarse-f16-h6-u25,persistent,16,6,0.25,103,confirmation_coarse-f16-h6-u25_s103,1,21,70673,849666721,14497280,2356000,14497280,14384000,262926,hold,1,1
coarse-f16-h6-u25,persistent,16,6,0.25,103,confirmation_coarse-f16-h6-u25_s103,11,17,71637,860954721,14587040,137280,26061440,23745761,262926,hold,1,1
coarse-f16-h6-u25,persistent,16,6,0.25,103,confirmation_coarse-f16-h6-u25_s103,2,22,71880,863597441,14754720,153280,45148161,42100000,262926,hold,1,0
coarse-f16-h6-u25,persistent,16,6,0.25,103,confirmation_coarse-f16-h6-u25_s103,2,22,73197,878118721,29276000,1039679,47280000,42100000,262926,hold,1,1
coarse-f16-h6-u25,persistent,16,6,0.25,103,confirmation_coarse-f16-h6-u25_s103,1,22,71936,864274721,14608000,1797440,16378720,14497280,262926,hold,1,1
coarse-f16-h6-u25,persistent,16,6,0.25,103,confirmation_coarse-f16-h6-u25_s103,12,9,72562,871246721,14567040,4958881,18975679,24293601,262926,hold,1,0
coarse-f16-h6-u25,persistent,16,6,0.25,103,confirmation_coarse-f16-h6-u25_s103,12,9,73905,885707681,29028000,10734720,12849600,24293601,262926,increase,0,0
coarse-f16-h6-u25,persistent,16,6,0.25,103,confirmation_coarse-f16-h6-u25_s103,14,21,72749,873318721,15008000,5865280,25312000,29488000,262926,hold,1,0
coarse-f16-h6-u25,persistent,16,6,0.25,103,confirmation_coarse-f16-h6-u25_s103,14,21,74095,887730881,29420160,3017280,26251840,29488000,262926,hold,1,1
coarse-f16-h6-u25,persistent,16,6,0.25,103,confirmation_coarse-f16-h6-u25_s103,15,16,72731,873018721,14436000,2765280,19260000,18682080,262926,hold,1,1
coarse-f16-h6-u25,persistent,16,6,0.25,103,confirmation_coarse-f16-h6-u25_s103,3,6,72912,875009441,15008000,4626880,28958400,31012000,262926,hold,1,0
coarse-f16-h6-u25,persistent,16,6,0.25,103,confirmation_coarse-f16-h6-u25_s103,3,6,74310,889953441,29952000,5561280,28900000,31012000,262926,hold,1,0
coarse-f16-h6-u25,persistent,16,6,0.25,103,confirmation_coarse-f16-h6-u25_s103,3,6,75615,904361441,44360000,9149280,22932000,31012000,262926,hold,1,0
coarse-f16-h6-u25,persistent,16,6,0.25,103,confirmation_coarse-f16-h6-u25_s103,3,6,76924,918825441,58824000,7165280,27000000,31012000,262926,hold,1,0
coarse-f16-h6-u25,persistent,16,6,0.25,103,confirmation_coarse-f16-h6-u25_s103,3,6,78216,933705441,73704000,5837280,26096000,31012000,262926,hold,1,0
coarse-f16-h6-u25,persistent,16,6,0.25,103,confirmation_coarse-f16-h6-u25_s103,3,6,79523,948077441,88076000,4953280,23272000,31012000,262926,hold,1,1
coarse-f16-h6-u25,persistent,16,6,0.25,103,confirmation_coarse-f16-h6-u25_s103,11,18,72959,875562721,14608000,1925280,21617601,26061440,262926,hold,1,1
coarse-f16-h6-u25,persistent,16,6,0.25,103,confirmation_coarse-f16-h6-u25_s103,16,2,73030,876277120,14658399,558399,49518881,45276480,262926,hold,1,0
coarse-f16-h6-u25,persistent,16,6,0.25,103,confirmation_coarse-f16-h6-u25_s103,16,2,74412,890998721,29380000,1378881,50166399,45276480,262926,hold,1,1
coarse-f16-h6-u25,persistent,16,6,0.25,103,confirmation_coarse-f16-h6-u25_s103,6,14,73175,877884161,14735040,358880,18467520,16056960,262926,hold,1,0
coarse-f16-h6-u25,persistent,16,6,0.25,103,confirmation_coarse-f16-h6-u25_s103,6,14,74560,892492161,29343040,2625600,16544000,16056960,262926,hold,1,1
coarse-f16-h6-u25,persistent,16,6,0.25,103,confirmation_coarse-f16-h6-u25_s103,1,23,73275,878885281,14610560,450560,20945120,16378720,262926,hold,1,1
coarse-f16-h6-u25,persistent,16,6,0.25,103,confirmation_coarse-f16-h6-u25_s103,8,10,73590,882326721,14888000,5025280,20940000,16124000,262926,hold,1,1
coarse-f16-h6-u25,persistent,16,6,0.25,103,confirmation_coarse-f16-h6-u25_s103,7,1,73794,884582721,14768000,3365280,50892000,44452000,262926,hold,1,0
coarse-f16-h6-u25,persistent,16,6,0.25,103,confirmation_coarse-f16-h6-u25_s103,7,1,75173,899230721,29416000,1889280,53752000,44452000,262926,hold,1,1
coarse-f16-h6-u25,persistent,16,6,0.25,103,confirmation_coarse-f16-h6-u25_s103,15,17,74071,887515681,14496960,926240,23275040,19260000,262926,hold,1,0
coarse-f16-h6-u25,persistent,16,6,0.25,103,confirmation_coarse-f16-h6-u25_s103,15,17,75447,902255681,29236960,806240,20468000,19260000,262926,hold,1,1
coarse-f16-h6-u25,persistent,16,6,0.25,103,confirmation_coarse-f16-h6-u25_s103,11,19,74338,890170721,14608000,5647200,18510080,21617601,262926,hold,1,1
coarse-f16-h6-u25,persistent,16,6,0.25,103,confirmation_coarse-f16-h6-u25_s103,2,23,74601,892948161,14829440,2832000,43685280,47280000,262926,hold,1,1
coarse-f16-h6-u25,persistent,16,6,0.25,103,confirmation_coarse-f16-h6-u25_s103,1,24,74649,893493281,14608000,134720,18705440,20945120,262926,hold,1,1
coarse-f16-h6-u25,persistent,16,6,0.25,103,confirmation_coarse-f16-h6-u25_s103,8,11,75022,897602721,15276000,3005280,18744000,20940000,262926,hold,1,1
coarse-f16-h6-u25,persistent,16,6,0.25,103,confirmation_coarse-f16-h6-u25_s103,14,22,75455,902353601,14622720,812000,30472160,26251840,262926,hold,1,0
coarse-f16-h6-u25,persistent,16,6,0.25,103,confirmation_coarse-f16-h6-u25_s103,14,22,76764,917149601,29418720,1225280,32290880,26251840,262926,hold,1,1
coarse-f16-h6-u25,persistent,16,6,0.25,103,confirmation_coarse-f16-h6-u25_s103,11,20,75652,904778721,14608000,5233280,19544960,18510080,262926,hold,1,0
coarse-f16-h6-u25,persistent,16,6,0.25,103,confirmation_coarse-f16-h6-u25_s103,11,20,76972,919386721,29216000,7839840,16851840,18510080,262926,hold,1,0
coarse-f16-h6-u25,persistent,16,6,0.25,103,confirmation_coarse-f16-h6-u25_s103,11,20,78257,934163681,43992960,4543840,18617440,18510080,262926,hold,1,1
coarse-f16-h6-u25,persistent,16,6,0.25,103,confirmation_coarse-f16-h6-u25_s103,16,3,75716,905570721,14572000,2823840,50185440,50166399,262926,hold,1,1
coarse-f16-h6-u25,persistent,16,6,0.25,103,confirmation_coarse-f16-h6-u25_s103,9,7,75806,906652161,14710720,1913280,17596000,16710720,262926,hold,1,0
coarse-f16-h6-u25,persistent,16,6,0.25,103,confirmation_coarse-f16-h6-u25_s103,9,7,77150,921260161,29318720,4542400,12413600,16710720,262926,increase,0,0
coarse-f16-h6-u25,persistent,16,6,0.25,103,confirmation_coarse-f16-h6-u25_s103,6,15,75826,906854561,14362400,1658720,16657280,16544000,262926,hold,1,0
coarse-f16-h6-u25,persistent,16,6,0.25,103,confirmation_coarse-f16-h6-u25_s103,6,15,77158,921378721,28886560,2995680,12948000,16544000,262926,increase,0,1
coarse-f16-h6-u25,persistent,16,6,0.25,103,confirmation_coarse-f16-h6-u25_s103,2,24,75883,907474721,14526560,3726720,47418560,43685280,262926,hold,1,0
coarse-f16-h6-u25,persistent,16,6,0.25,103,confirmation_coarse-f16-h6-u25_s103,2,24,77214,922006721,29058560,1011840,51797440,43685280,262926,hold,1,1
coarse-f16-h6-u25,persistent,16,6,0.25,103,confirmation_coarse-f16-h6-u25_s103,1,25,75938,908098721,14605440,1451680,17145440,18705440,262926,hold,1,1
coarse-f16-h6-u25,persistent,16,6,0.25,103,confirmation_coarse-f16-h6-u25_s103,8,12,76320,912370721,14768000,4657280,19140000,18744000,262926,hold,1,0
coarse-f16-h6-u25,persistent,16,6,0.25,103,confirmation_coarse-f16-h6-u25_s103,8,12,77660,927222721,29620000,8033280,15940000,18744000,262926,hold,1,0
coarse-f16-h6-u25,persistent,16,6,0.25,103,confirmation_coarse-f16-h6-u25_s103,8,12,78930,941658721,44056000,9057280,10184000,18744000,262926,increase,0,0
coarse-f16-h6-u25,persistent,16,6,0.25,103,confirmation_coarse-f16-h6-u25_s103,7,2,76462,913906721,14676000,2285280,51068000,53752000,262926,hold,1,1
coarse-f16-h6-u25,persistent,16,6,0.25,103,confirmation_coarse-f16-h6-u25_s103,12,10,76561,915070721,14940000,3720320,21432960,20675200,262926,hold,1,0
coarse-f16-h6-u25,persistent,16,6,0.25,103,confirmation_coarse-f16-h6-u25_s103,12,10,77867,929549121,29418400,9472320,14280000,20675200,262926,hold,1,0
coarse-f16-h6-u25,persistent,16,6,0.25,103,confirmation_coarse-f16-h6-u25_s103,12,10,79219,944743681,44612960,10816320,10812960,20675200,262926,increase,0,0
coarse-f16-h6-u25,persistent,16,6,0.25,103,confirmation_coarse-f16-h6-u25_s103,15,18,76731,916931681,14676000,1953280,18776960,20468000,262926,hold,1,1
coarse-f16-h6-u25,persistent,16,6,0.25,103,confirmation_coarse-f16-h6-u25_s103,16,4,77023,919932161,14361440,617280,50678560,50185440,262926,hold,1,1
coarse-f16-h6-u25,persistent,16,6,0.25,103,confirmation_coarse-f16-h6-u25_s103,1,26,77279,922706721,14608000,3246400,13945280,17145440,262926,increase,0,1
coarse-f16-h6-u25,persistent,16,6,0.25,103,confirmation_coarse-f16-h6-u25_s103,7,3,77778,928618721,14712000,2341280,49884000,51068000,262926,hold,1,1
coarse-f16-h6-u25,persistent,16,6,0.25,103,confirmation_coarse-f16-h6-u25_s103,15,19,78092,932271681,15340000,3337280,19140000,18776960,262926,hold,1,0
coarse-f16-h6-u25,persistent,16,6,0.25,103,confirmation_coarse-f16-h6-u25_s103,15,19,79404,946799681,29868000,5957280,16760000,18776960,262926,hold,1,1
coarse-f16-h6-u25,persistent,16,6,0.25,103,confirmation_coarse-f16-h6-u25_s103,14,23,78051,931797601,14648000,1197280,30298880,32290880,262926,hold,1,0
coarse-f16-h6-u25,persistent,16,6,0.25,103,confirmation_coarse-f16-h6-u25_s103,14,23,79375,946473601,29324000,2885280,22938880,32290880,262926,hold,1,1
coarse-f16-h6-u25,persistent,16,6,0.25,103,confirmation_coarse-f16-h6-u25_s103,16,5,78289,934506561,14574400,0,47501441,50678560,262926,hold,1,1
coarse-f16-h6-u25,persistent,16,6,0.25,103,confirmation_coarse-f16-h6-u25_s103,2,25,78455,936486721,14480000,21280,50081280,51797440,262926,hold,1,1
coarse-f16-h6-u25,persistent,16,6,0.25,103,confirmation_coarse-f16-h6-u25_s103,7,4,79076,943266721,14648000,3945280,49276000,49884000,262926,hold,1,1
coarse-f16-h6-u25,persistent,16,6,0.25,103,confirmation_coarse-f16-h6-u25_s103,11,21,79572,948602721,14439040,267679,22300161,18617440,262926,hold,1,0
coarse-f16-h6-u25,persistent,16,6,0.25,103,confirmation_coarse-f16-h6-u25_s103,11,21,80833,963247681,29084000,1041760,24591200,18617440,262926,hold,1,1
coarse-f16-h6-u25,persistent,16,6,0.25,103,confirmation_coarse-f16-h6-u25_s103,16,6,79615,949050400,14543839,337120,50614399,47501441,262926,hold,1,1
coarse-f16-h6-u25,persistent,16,6,0.25,103,confirmation_coarse-f16-h6-u25_s103,2,26,79801,951078721,14592000,2645280,48217601,50081280,262926,hold,1,1
coarse-f16-h6-u25,persistent,16,6,0.25,103,confirmation_coarse-f16-h6-u25_s103,7,5,80371,957970721,14704000,3909280,51028000,49276000,262926,hold,1,1
coarse-f16-h6-u25,persistent,16,6,0.25,103,confirmation_coarse-f16-h6-u25_s103,14,24,80674,961453601,14980000,1713280,25524000,22938880,262926,hold,1,0
coarse-f16-h6-u25,persistent,16,6,0.25,103,confirmation_coarse-f16-h6-u25_s103,14,24,81957,976009601,29536000,2461280,28632000,22938880,262926,hold,1,1
coarse-f16-h6-u25,persistent,16,6,0.25,103,confirmation_coarse-f16-h6-u25_s103,15,20,80677,961475681,14676000,4693280,17572000,16760000,262926,hold,1,0
coarse-f16-h6-u25,persistent,16,6,0.25,103,confirmation_coarse-f16-h6-u25_s103,15,20,81971,976151681,29352000,5957280,16364000,16760000,262926,hold,1,1
coarse-f16-h6-u25,persistent,16,6,0.25,103,confirmation_coarse-f16-h6-u25_s103,3,7,80783,962725441,14648000,2193280,25092000,23272000,262926,hold,1,0
coarse-f16-h6-u25,persistent,16,6,0.25,103,confirmation_coarse-f16-h6-u25_s103,3,7,82081,977409441,29332000,1741280,29048000,23272000,262926,hold,1,1
coarse-f16-h6-u25,persistent,16,6,0.25,103,confirmation_coarse-f16-h6-u25_s103,16,7,80870,963658400,14608000,2097279,47687840,50614399,262926,hold,1,0
coarse-f16-h6-u25,persistent,16,6,0.25,103,confirmation_coarse-f16-h6-u25_s103,16,7,82168,978406721,29356321,4780481,43267358,50614399,262926,hold,1,1
coarse-f16-h6-u25,persistent,16,6,0.25,103,confirmation_coarse-f16-h6-u25_s103,2,27,81180,967290721,16212000,5577119,44660161,48217601,262926,hold,1,0
coarse-f16-h6-u25,persistent,16,6,0.25,103,confirmation_coarse-f16-h6-u25_s103,2,27,82445,981674721,30596000,3545280,50539679,48217601,262926,hold,1,0
coarse-f16-h6-u25,persistent,16,6,0.25,103,confirmation_coarse-f16-h6-u25_s103,2,27,83740,996990721,45912000,3976000,49047679,48217601,262926,hold,1,1
coarse-f16-h6-u25,persistent,16,6,0.25,103,confirmation_coarse-f16-h6-u25_s103,1,27,81094,966466881,14544160,3117600,12675840,14276000,262926,increase,0,1
coarse-f16-h6-u25,persistent,16,6,0.25,103,confirmation_coarse-f16-h6-u25_s103,7,6,81683,972886721,14916000,1826079,49403201,51028000,262926,hold,1,0
coarse-f16-h6-u25,persistent,16,6,0.25,103,confirmation_coarse-f16-h6-u25_s103,7,6,82913,987378721,29408000,2756481,44728799,51028000,262926,hold,1,1
coarse-f16-h6-u25,persistent,16,6,0.25,103,confirmation_coarse-f16-h6-u25_s103,12,11,81757,973770881,14544160,10351840,17457440,15036960,262926,hold,1,0
coarse-f16-h6-u25,persistent,16,6,0.25,103,confirmation_coarse-f16-h6-u25_s103,12,11,82995,988319681,29092960,8812480,19596960,15036960,262926,hold,1,0
coarse-f16-h6-u25,persistent,16,6,0.25,103,confirmation_coarse-f16-h6-u25_s103,12,11,84245,1002986881,43760160,5460480,18696800,15036960,262926,hold,1,0
coarse-f16-h6-u25,persistent,16,6,0.25,103,confirmation_coarse-f16-h6-u25_s103,12,11,85586,1017658721,58432000,4965120,17265120,15036960,262926,hold,1,1
coarse-f16-h6-u25,persistent,16,6,0.25,103,confirmation_coarse-f16-h6-u25_s103,11,22,82109,977711681,14464000,912160,26728160,24591200,262926,hold,1,1
coarse-f16-h6-u25,persistent,16,6,0.25,103,confirmation_coarse-f16-h6-u25_s103,6,16,82267,979414881,14608000,4237280,12030720,14022720,262926,increase,0,1
coarse-f16-h6-u25,persistent,16,6,0.25,103,confirmation_coarse-f16-h6-u25_s103,14,25,83193,990550721,14541120,3322400,28978880,28632000,262926,hold,1,0
coarse-f16-h6-u25,persistent,16,6,0.25,103,confirmation_coarse-f16-h6-u25_s103,14,25,84490,1005594721,29585120,1274400,31224000,28632000,262926,hold,1,1
coarse-f16-h6-u25,persistent,16,6,0.25,103,confirmation_coarse-f16-h6-u25_s103,15,21,83251,991215681,15064000,1613280,20920000,16364000,262926,hold,1,0
coarse-f16-h6-u25,persistent,16,6,0.25,103,confirmation_coarse-f16-h6-u25_s103,15,21,84520,1005863681,29712000,2401440,18139840,16364000,262926,hold,1,1
coarse-f16-h6-u25,persistent,16,6,0.25,103,confirmation_coarse-f16-h6-u25_s103,3,8,83322,992057441,14648000,2229280,30708000,29048000,262926,hold,1,1
coarse-f16-h6-u25,persistent,16,6,0.25,103,confirmation_coarse-f16-h6-u25_s103,11,23,83325,992094721,14383040,3977600,21420640,26728160,262926,hold,1,0
coarse-f16-h6-u25,persistent,16,6,0.25,103,confirmation_coarse-f16-h6-u25_s103,11,23,84592,1006638881,28927200,8553280,15681440,26728160,262926,hold,1,0
coarse-f16-h6-u25,persistent,16,6,0.25,103,confirmation_coarse-f16-h6-u25_s103,11,23,85897,1021310721,43599040,8553280,11395040,26728160,262926,increase,0,0
coarse-f16-h6-u25,persistent,16,6,0.25,103,confirmation_coarse-f16-h6-u25_s103,16,8,83402,992974560,14567839,3432959,40868482,43267358,262926,hold,1,1
coarse-f16-h6-u25,persistent,16,6,0.25,103,confirmation_coarse-f16-h6-u25_s103,8,13,84039,1000518721,14500000,6105280,15368000,15976000,262926,hold,1,0
coarse-f16-h6-u25,persistent,16,6,0.25,103,confirmation_coarse-f16-h6-u25_s103,8,13,85350,1014926721,28908000,6713280,13200000,15976000,262926,increase,0,0
coarse-f16-h6-u25,persistent,16,6,0.25,103,confirmation_coarse-f16-h6-u25_s103,7,7,84142,1001906721,14528000,4545280,45828000,44728799,262926,hold,1,0
coarse-f16-h6-u25,persistent,16,6,0.25,103,confirmation_coarse-f16-h6-u25_s103,7,7,85525,1016970721,29592000,1853280,48068000,44728799,262926,hold,1,1
coarse-f16-h6-u25,persistent,16,6,0.25,103,confirmation_coarse-f16-h6-u25_s103,3,9,84584,1006557441,14500000,5809280,30420000,30708000,262926,hold,1,0
coarse-f16-h6-u25,persistent,16,6,0.25,103,confirmation_coarse-f16-h6-u25_s103,3,9,85883,1021169441,29112000,6685280,31324000,30708000,262926,hold,1,0
coarse-f16-h6-u25,persistent,16,6,0.25,103,confirmation_coarse-f16-h6-u25_s103,3,9,87160,1036021441,43964000,5645280,26924000,30708000,262926,hold,1,0
coarse-f16-h6-u25,persistent,16,6,0.25,103,confirmation_coarse-f16-h6-u25_s103,3,9,88538,1050641441,58584000,1105280,31428000,30708000,262926,hold,1,0
coarse-f16-h6-u25,persistent,16,6,0.25,103,confirmation_coarse-f16-h6-u25_s103,3,9,89882,1065529441,73472000,2617280,31152000,30708000,262926,hold,1,1
coarse-f16-h6-u25,persistent,16,6,0.25,103,confirmation_coarse-f16-h6-u25_s103,16,9,84658,1007366721,14392161,226720,44638720,40868482,262926,hold,1,1
coarse-f16-h6-u25,persistent,16,6,0.25,103,confirmation_coarse-f16-h6-u25_s103,2,28,85082,1012003840,15013119,0,55830399,49047679,262926,hold,1,1
coarse-f16-h6-u25,persistent,16,6,0.25,103,confirmation_coarse-f16-h6-u25_s103,14,26,85802,1020172161,14577440,2327840,28052000,31224000,262926,hold,1,1
coarse-f16-h6-u25,persistent,16,6,0.25,103,confirmation_coarse-f16-h6-u25_s103,15,22,85828,1020567681,14704000,4573280,17084000,18139840,262926,hold,1,1
coarse-f16-h6-u25,persistent,16,6,0.25,103,confirmation_coarse-f16-h6-u25_s103,16,10,85933,1021721441,14354720,202400,48108161,44638720,262926,hold,1,1
coarse-f16-h6-u25,persistent,16,6,0.25,103,confirmation_coarse-f16-h6-u25_s103,4,18,86043,1023054561,14602880,1389120,11812160,14470560,262926,increase,0,1
coarse-f16-h6-u25,persistent,16,6,0.25,103,confirmation_coarse-f16-h6-u25_s103,2,29,86380,1026954721,14950881,22721,55135678,55830399,262926,hold,1,1
coarse-f16-h6-u25,persistent,16,6,0.25,103,confirmation_coarse-f16-h6-u25_s103,7,8,86786,1031686561,14715840,2157280,50755840,48068000,262926,hold,1,1
coarse-f16-h6-u25,persistent,16,6,0.25,103,confirmation_coarse-f16-h6-u25_s103,12,12,86954,1033594721,15936000,5233280,15936000,17265120,262926,hold,1,0
coarse-f16-h6-u25,persistent,16,6,0.25,103,confirmation_coarse-f16-h6-u25_s103,12,12,88339,1048619681,30960960,9217280,16600000,17265120,262926,hold,1,0
coarse-f16-h6-u25,persistent,16,6,0.25,103,confirmation_coarse-f16-h6-u25_s103,12,12,89756,1064023681,46364960,4785280,24632800,17265120,262926,hold,1,0
coarse-f16-h6-u25,persistent,16,6,0.25,103,confirmation_coarse-f16-h6-u25_s103,12,12,91153,1079741120,62082399,2575679,25690561,17265120,262926,hold,1,0
coarse-f16-h6-u25,persistent,16,6,0.25,103,confirmation_coarse-f16-h6-u25_s103,12,12,92593,1095543840,77885119,2577280,24900000,17265120,262926,hold,1,1
coarse-f16-h6-u25,persistent,16,6,0.25,103,confirmation_coarse-f16-h6-u25_s103,14,27,87093,1035279841,15107680,4249120,29981280,28052000,262926,hold,1,0
coarse-f16-h6-u25,persistent,16,6,0.25,103,confirmation_coarse-f16-h6-u25_s103,14,27,88463,1049927841,29755680,3457280,32341120,28052000,262926,hold,1,1
coarse-f16-h6-u25,persistent,16,6,0.25,103,confirmation_coarse-f16-h6-u25_s103,15,23,87082,1035159681,14592000,4785280,18320000,17084000,262926,hold,1,0
coarse-f16-h6-u25,persistent,16,6,0.25,103,confirmation_coarse-f16-h6-u25_s103,15,23,88474,1049983681,29416000,5413280,19836160,17084000,262926,hold,1,1
coarse-f16-h6-u25,persistent,16,6,0.25,103,confirmation_coarse-f16-h6-u25_s103,16,11,87169,1036094561,14373120,18400,49781600,48108161,262926,hold,1,1
coarse-f16-h6-u25,persistent,16,6,0.25,103,confirmation_coarse-f16-h6-u25_s103,6,17,87349,1038073281,14940000,2808800,14865920,16794239,262926,hold,1,0
coarse-f16-h6-u25,persistent,16,6,0.25,103,confirmation_coarse-f16-h6-u25_s103,6,17,88732,1052681281,29548000,4507840,11345920,16794239,262926,increase,0,1
coarse-f16-h6-u25,persistent,16,6,0.25,103,confirmation_coarse-f16-h6-u25_s103,1,28,87432,1039002721,14400000,2245280,11710880,14940000,262926,increase,0,1
coarse-f16-h6-u25,persistent,16,6,0.25,103,confirmation_coarse-f16-h6-u25_s103,2,30,87774,1042682560,15727839,886721,54542398,55135678,262926,hold,1,0
coarse-f16-h6-u25,persistent,16,6,0.25,103,confirmation_coarse-f16-h6-u25_s103,2,30,89140,1057158561,30203840,1529280,54296160,55135678,262926,hold,1,1
coarse-f16-h6-u25,persistent,16,6,0.25,103,confirmation_coarse-f16-h6-u25_s103,8,14,87909,1044158721,14408000,6529280,16428000,17388000,262926,hold,1,0
coarse-f16-h6-u25,persistent,16,6,0.25,103,confirmation_coarse-f16-h6-u25_s103,8,14,89278,1058770721,29020000,8937280,11668000,17388000,262926,increase,0,0
coarse-f16-h6-u25,persistent,16,6,0.25,103,confirmation_coarse-f16-h6-u25_s103,7,9,88104,1046246721,14560160,2681280,54092000,50755840,262926,hold,1,1
coarse-f16-h6-u25,persistent,16,6,0.25,103,confirmation_coarse-f16-h6-u25_s103,11,24,88527,1050526721,14608000,3836320,21380800,22635521,262926,hold,1,0
coarse-f16-h6-u25,persistent,16,6,0.25,103,confirmation_coarse-f16-h6-u25_s103,11,24,89829,1064927681,29008960,6230881,19589918,22635521,262926,hold,1,0
coarse-f16-h6-u25,persistent,16,6,0.25,103,confirmation_coarse-f16-h6-u25_s103,11,24,91130,1079410721,43492000,5570400,22690880,22635521,262926,hold,1,0
coarse-f16-h6-u25,persistent,16,6,0.25,103,confirmation_coarse-f16-h6-u25_s103,11,24,92453,1093883840,57965119,1601,26534719,22635521,262926,hold,1,1
coarse-f16-h6-u25,persistent,16,6,0.25,103,confirmation_coarse-f16-h6-u25_s103,16,12,88531,1050610561,14516000,598560,55258560,49781600,262926,hold,1,0
coarse-f16-h6-u25,persistent,16,6,0.25,103,confirmation_coarse-f16-h6-u25_s103,16,12,89859,1065218561,29124000,3149280,52023840,49781600,262926,hold,1,1
coarse-f16-h6-u25,persistent,16,6,0.25,103,confirmation_coarse-f16-h6-u25_s103,9,8,89167,1057498721,14394560,2909280,11620000,14785280,262926,increase,0,1
coarse-f16-h6-u25,persistent,16,6,0.25,103,confirmation_coarse-f16-h6-u25_s103,7,10,89469,1060810721,14564000,2893280,56756000,54092000,262926,hold,1,0
coarse-f16-h6-u25,persistent,16,6,0.25,103,confirmation_coarse-f16-h6-u25_s103,7,10,90768,1075182721,28936000,4341280,55612000,54092000,262926,hold,1,0
coarse-f16-h6-u25,persistent,16,6,0.25,103,confirmation_coarse-f16-h6-u25_s103,7,10,92113,1090154721,43908000,5201280,58028000,54092000,262926,hold,1,0
coarse-f16-h6-u25,persistent,16,6,0.25,103,confirmation_coarse-f16-h6-u25_s103,7,10,93420,1104830721,58584000,3153280,51488000,54092000,262926,hold,1,1
coarse-f16-h6-u25,persistent,16,6,0.25,103,confirmation_coarse-f16-h6-u25_s103,14,28,89809,1064636161,14708320,4389280,29749120,32341120,262926,hold,1,1
coarse-f16-h6-u25,persistent,16,6,0.25,103,confirmation_coarse-f16-h6-u25_s103,15,24,89787,1064419681,14436000,2277280,20708000,19836160,262926,hold,1,0
coarse-f16-h6-u25,persistent,16,6,0.25,103,confirmation_coarse-f16-h6-u25_s103,15,24,91110,1079159681,29176000,2673280,21308000,19836160,262926,hold,1,1
coarse-f16-h6-u25,persistent,16,6,0.25,103,confirmation_coarse-f16-h6-u25_s103,2,31,90449,1071521441,14362880,2593281,53166880,54296160,262926,hold,1,0
coarse-f16-h6-u25,persistent,16,6,0.25,103,confirmation_coarse-f16-h6-u25_s103,2,31,91728,1086001281,28842720,701279,56654721,54296160,262926,hold,1,1
coarse-f16-h6-u25,persistent,16,6,0.25,103,confirmation_coarse-f16-h6-u25_s103,14,29,91125,1079290721,14654560,1314720,30234880,29749120,262926,hold,1,0
coarse-f16-h6-u25,persistent,16,6,0.25,103,confirmation_coarse-f16-h6-u25_s103,14,29,92472,1094134721,29498560,299840,31000320,29749120,262926,hold,1,0
coarse-f16-h6-u25,persistent,16,6,0.25,103,confirmation_coarse-f16-h6-u25_s103,14,29,93741,1108610561,43974400,2177440,27766720,29749120,262926,hold,1,1
coarse-f16-h6-u25,persistent,16,6,0.25,103,confirmation_coarse-f16-h6-u25_s103,16,13,91227,1080457441,15238880,5228160,53900960,52023840,262926,hold,1,0
coarse-f16-h6-u25,persistent,16,6,0.25,103,confirmation_coarse-f16-h6-u25_s103,16,13,92548,1094965281,29746720,552160,53624960,52023840,262926,hold,1,1
coarse-f16-h6-u25,persistent,16,6,0.25,103,confirmation_coarse-f16-h6-u25_s103,3,10,91181,1079910401,14380960,5301280,31160000,31152000,262926,hold,1,0
coarse-f16-h6-u25,persistent,16,6,0.25,103,confirmation_coarse-f16-h6-u25_s103,3,10,92524,1094705441,29176000,6989280,29444000,31152000,262926,hold,1,0
coarse-f16-h6-u25,persistent,16,6,0.25,103,confirmation_coarse-f16-h6-u25_s103,3,10,93787,1109169441,43640000,7313280,29212000,31152000,262926,hold,1,0
coarse-f16-h6-u25,persistent,16,6,0.25,103,confirmation_coarse-f16-h6-u25_s103,3,10,95045,1123809441,58280000,7305280,24352000,31152000,262926,hold,1,0
coarse-f16-h6-u25,persistent,16,6,0.25,103,confirmation_coarse-f16-h6-u25_s103,3,10,96296,1138459841,72930400,6557280,25764000,31152000,262926,hold,1,0
coarse-f16-h6-u25,persistent,16,6,0.25,103,confirmation_coarse-f16-h6-u25_s103,3,10,97601,1153225441,87696000,4997280,28864000,31152000,262926,hold,1,0
coarse-f16-h6-u25,persistent,16,6,0.25,103,confirmation_coarse-f16-h6-u25_s103,3,10,98862,1167781441,102252000,4509280,29176000,31152000,262926,hold,1,0
coarse-f16-h6-u25,persistent,16,6,0.25,103,confirmation_coarse-f16-h6-u25_s103,3,10,100158,1182429441,116900000,6861280,27276000,31152000,262926,hold,1,0
coarse-f16-h6-u25,persistent,16,6,0.25,103,confirmation_coarse-f16-h6-u25_s103,3,10,101480,1197225441,131696000,6981280,27184000,31152000,262926,hold,1,0
coarse-f16-h6-u25,persistent,16,6,0.25,103,confirmation_coarse-f16-h6-u25_s103,3,10,102756,1211873441,146344000,6258880,28238400,31152000,262926,hold,1,0
coarse-f16-h6-u25,persistent,16,6,0.25,103,confirmation_coarse-f16-h6-u25_s103,3,10,104016,1226365441,160836000,5865280,29059840,31152000,262926,hold,1,0
coarse-f16-h6-u25,persistent,16,6,0.25,103,confirmation_coarse-f16-h6-u25_s103,3,10,105301,1240765441,175236000,3965280,26548000,31152000,262926,hold,1,0
coarse-f16-h6-u25,persistent,16,6,0.25,103,confirmation_coarse-f16-h6-u25_s103,3,10,106675,1255413441,189884000,6013280,24500000,31152000,262926,hold,1,0
coarse-f16-h6-u25,persistent,16,6,0.25,103,confirmation_coarse-f16-h6-u25_s103,3,10,108052,1270089441,204560000,7645280,23772000,31152000,262926,hold,1,0
coarse-f16-h6-u25,persistent,16,6,0.25,103,confirmation_coarse-f16-h6-u25_s103,3,10,109371,1284581441,219052000,8125280,22812000,31152000,262926,hold,1,0
coarse-f16-h6-u25,persistent,16,6,0.25,103,confirmation_coarse-f16-h6-u25_s103,3,10,110625,1299129441,233600000,6881280,22100000,31152000,262926,hold,1,0
coarse-f16-h6-u25,persistent,16,6,0.25,103,confirmation_coarse-f16-h6-u25_s103,3,10,111930,1314165441,248636000,5257280,17444000,31152000,262926,hold,1,0
coarse-f16-h6-u25,persistent,16,6,0.25,103,confirmation_coarse-f16-h6-u25_s103,3,10,113268,1328997441,263468000,5837280,19584000,31152000,262926,hold,1,0
coarse-f16-h6-u25,persistent,16,6,0.25,103,confirmation_coarse-f16-h6-u25_s103,3,10,114672,1343709441,278180000,7653280,20764000,31152000,262926,hold,1,0
coarse-f16-h6-u25,persistent,16,6,0.25,103,confirmation_coarse-f16-h6-u25_s103,3,10,116033,1358505441,292976000,7109280,21972000,31152000,262926,hold,1,0
coarse-f16-h6-u25,persistent,16,6,0.25,103,confirmation_coarse-f16-h6-u25_s103,3,10,117382,1373089441,307560000,8069280,20284000,31152000,262926,hold,1,1
coarse-f16-h6-u25,persistent,16,6,0.25,103,confirmation_coarse-f16-h6-u25_s103,15,25,92450,1093835681,14676000,2129280,22008000,21308000,262926,hold,1,1
coarse-f16-h6-u25,persistent,16,6,0.25,103,confirmation_coarse-f16-h6-u25_s103,2,32,93087,1101168001,15166720,0,51433441,56654721,262926,hold,1,0
coarse-f16-h6-u25,persistent,16,6,0.25,103,confirmation_coarse-f16-h6-u25_s103,2,32,94370,1116020001,30018720,0,51094721,56654721,262926,hold,1,1
coarse-f16-h6-u25,persistent,16,6,0.25,103,confirmation_coarse-f16-h6-u25_s103,15,26,93755,1108751681,14916000,3577280,20588000,22008000,262926,hold,1,0
coarse-f16-h6-u25,persistent,16,6,0.25,103,confirmation_coarse-f16-h6-u25_s103,15,26,95030,1123575681,29740000,6105280,16816000,22008000,262926,hold,1,1
coarse-f16-h6-u25,persistent,16,6,0.25,103,confirmation_coarse-f16-h6-u25_s103,11,25,93718,1108294721,14410881,1049439,21646561,26534719,262926,hold,1,1
coarse-f16-h6-u25,persistent,16,6,0.25,103,confirmation_coarse-f16-h6-u25_s103,16,14,93831,1109576961,14611680,0,48217440,53624960,262926,hold,1,0
coarse-f16-h6-u25,persistent,16,6,0.25,103,confirmation_coarse-f16-h6-u25_s103,16,14,95081,1124230721,29265440,0,48097440,53624960,262926,hold,1,1
coarse-f16-h6-u25,persistent,16,6,0.25,103,confirmation_coarse-f16-h6-u25_s103,12,13,93856,1109954721,14410881,5799841,20173439,24900000,262926,hold,1,0
coarse-f16-h6-u25,persistent,16,6,0.25,103,confirmation_coarse-f16-h6-u25_s103,12,13,95128,1124747681,29203841,10078399,13267841,24900000,262926,increase,0,0
coarse-f16-h6-u25,persistent,16,6,0.25,103,confirmation_coarse-f16-h6-u25_s103,9,9,94431,1116808161,14940000,3241280,13944000,16101280,262926,increase,0,1
coarse-f16-h6-u25,persistent,16,6,0.25,103,confirmation_coarse-f16-h6-u25_s103,7,11,94684,1119806401,14975680,2277280,13108000,51488000,262926,increase,0,1
coarse-f16-h6-u25,persistent,16,6,0.25,103,confirmation_coarse-f16-h6-u25_s103,11,26,94952,1122767840,14473119,3013439,19675840,21646561,262926,hold,1,1
coarse-f16-h6-u25,persistent,16,6,0.25,103,confirmation_coarse-f16-h6-u25_s103,14,30,95011,1123422721,14812160,1981120,25830560,27766720,262926,hold,1,1
coarse-f16-h6-u25,persistent,16,6,0.25,103,confirmation_coarse-f16-h6-u25_s103,2,33,95609,1130470721,14450720,1060000,47061440,51094721,262926,hold,1,0
coarse-f16-h6-u25,persistent,16,6,0.25,103,confirmation_coarse-f16-h6-u25_s103,2,33,96884,1144870721,28850720,2448000,56094560,51094721,262926,hold,1,1
coarse-f16-h6-u25,persistent,16,6,0.25,103,confirmation_coarse-f16-h6-u25_s103,11,27,96186,1137178721,14410881,5098399,18167040,19675840,262926,hold,1,0
coarse-f16-h6-u25,persistent,16,6,0.25,103,confirmation_coarse-f16-h6-u25_s103,11,27,97474,1151691681,28923841,7023041,18828960,19675840,262926,hold,1,0
coarse-f16-h6-u25,persistent,16,6,0.25,103,confirmation_coarse-f16-h6-u25_s103,11,27,98857,1167722721,44954881,3117600,20837441,19675840,262926,hold,1,0
coarse-f16-h6-u25,persistent,16,6,0.25,103,confirmation_coarse-f16-h6-u25_s103,11,27,100141,1182330721,59562881,729120,25083040,19675840,262926,hold,1,1
coarse-f16-h6-u25,persistent,16,6,0.25,103,confirmation_coarse-f16-h6-u25_s103,14,31,96258,1137980161,14557440,3450720,26372000,25830560,262926,hold,1,0
coarse-f16-h6-u25,persistent,16,6,0.25,103,confirmation_coarse-f16-h6-u25_s103,14,31,97550,1152588161,29165440,3274720,29406560,25830560,262926,hold,1,1
coarse-f16-h6-u25,persistent,16,6,0.25,103,confirmation_coarse-f16-h6-u25_s103,15,27,96300,1138463681,14888000,3605280,20460000,16816000,262926,hold,1,0
coarse-f16-h6-u25,persistent,16,6,0.25,103,confirmation_coarse-f16-h6-u25_s103,15,27,97628,1153471681,29896000,3429280,19012000,16816000,262926,hold,1,1
coarse-f16-h6-u25,persistent,16,6,0.25,103,confirmation_coarse-f16-h6-u25_s103,16,15,96344,1138889441,14658720,0,56660160,48097440,262926,hold,1,1
coarse-f16-h6-u25,persistent,16,6,0.25,103,confirmation_coarse-f16-h6-u25_s103,6,18,96461,1140166721,14602880,585280,15444000,16100320,262926,hold,1,1
coarse-f16-h6-u25,persistent,16,6,0.25,103,confirmation_coarse-f16-h6-u25_s103,1,29,96489,1140503841,14608000,34720,15485440,16273120,262926,hold,1,1
coarse-f16-h6-u25,persistent,16,6,0.25,103,confirmation_coarse-f16-h6-u25_s103,8,15,97118,1147526721,14676000,4093280,15552000,16844000,262926,hold,1,1
coarse-f16-h6-u25,persistent,16,6,0.25,103,confirmation_coarse-f16-h6-u25_s103,7,12,97269,1149366721,15100000,3605280,59416000,51464000,262926,hold,1,0
coarse-f16-h6-u25,persistent,16,6,0.25,103,confirmation_coarse-f16-h6-u25_s103,7,12,98513,1163774721,29508000,4694400,62310880,51464000,262926,hold,1,1
coarse-f16-h6-u25,persistent,16,6,0.25,103,confirmation_coarse-f16-h6-u25_s103,16,16,97637,1153541441,14652000,0,62348160,56660160,262926,hold,1,0
coarse-f16-h6-u25,persistent,16,6,0.25,103,confirmation_coarse-f16-h6-u25_s103,16,16,98889,1168005441,29116000,2070400,58696640,56660160,262926,hold,1,1
coarse-f16-h6-u25,persistent,16,6,0.25,103,confirmation_coarse-f16-h6-u25_s103,12,14,97774,1155106721,15711040,3538560,23082880,19234881,262926,hold,1,0
coarse-f16-h6-u25,persistent,16,6,0.25,103,confirmation_coarse-f16-h6-u25_s103,12,14,99036,1169680001,30284320,5193440,19762721,19234881,262926,hold,1,0
coarse-f16-h6-u25,persistent,16,6,0.25,103,confirmation_coarse-f16-h6-u25_s103,12,14,100326,1184322721,44927040,6197600,19035520,19234881,262926,hold,1,0
coarse-f16-h6-u25,persistent,16,6,0.25,103,confirmation_coarse-f16-h6-u25_s103,12,14,101825,1201254721,61859040,5017120,22792160,19234881,262926,hold,1,0
coarse-f16-h6-u25,persistent,16,6,0.25,103,confirmation_coarse-f16-h6-u25_s103,12,14,103257,1217522721,78127040,6229280,18924000,19234881,262926,hold,1,0
coarse-f16-h6-u25,persistent,16,6,0.25,103,confirmation_coarse-f16-h6-u25_s103,12,14,104528,1232284161,92888480,7710720,17116960,19234881,262926,hold,1,0
coarse-f16-h6-u25,persistent,16,6,0.25,103,confirmation_coarse-f16-h6-u25_s103,12,14,105849,1246711681,107316000,6169280,18319840,19234881,262926,hold,1,0
coarse-f16-h6-u25,persistent,16,6,0.25,103,confirmation_coarse-f16-h6-u25_s103,12,14,107239,1261346721,121951040,2909280,22936000,19234881,262926,hold,1,1
coarse-f16-h6-u25,persistent,16,6,0.25,103,confirmation_coarse-f16-h6-u25_s103,6,19,97721,1154582721,14416000,2293600,12410240,15444000,262926,increase,0,1
coarse-f16-h6-u25,persistent,16,6,0.25,103,confirmation_coarse-f16-h6-u25_s103,1,30,97779,1155106721,14602880,3235040,17383680,15485440,262926,hold,1,1
coarse-f16-h6-u25,persistent,16,6,0.25,103,confirmation_coarse-f16-h6-u25_s103,2,34,98155,1159578721,14708000,1169280,58084161,56094560,262926,hold,1,1
coarse-f16-h6-u25,persistent,16,6,0.25,103,confirmation_coarse-f16-h6-u25_s103,8,16,98379,1162266721,14740000,7765280,11004000,15552000,262926,increase,0,0
coarse-f16-h6-u25,persistent,16,6,0.25,103,confirmation_coarse-f16-h6-u25_s103,14,32,98839,1167506721,14918560,5573280,29233600,29406560,262926,hold,1,0
coarse-f16-h6-u25,persistent,16,6,0.25,103,confirmation_coarse-f16-h6-u25_s103,14,32,100167,1182462721,29874560,617120,33313440,29406560,262926,hold,1,1
coarse-f16-h6-u25,persistent,16,6,0.25,103,confirmation_coarse-f16-h6-u25_s103,15,28,98886,1167971681,14500000,3817280,19924000,19012000,262926,hold,1,0
coarse-f16-h6-u25,persistent,16,6,0.25,103,confirmation_coarse-f16-h6-u25_s103,15,28,100170,1182527681,29056000,4065280,21004000,19012000,262926,hold,1,1
coarse-f16-h6-u25,persistent,16,6,0.25,103,confirmation_coarse-f16-h6-u25_s103,1,31,99032,1169601281,14494560,3779200,19926400,17383680,262926,hold,1,1
coarse-f16-h6-u25,persistent,16,6,0.25,103,confirmation_coarse-f16-h6-u25_s103,2,35,99464,1174670721,15092000,2493280,52164000,58084161,262926,hold,1,0
coarse-f16-h6-u25,persistent,16,6,0.25,103,confirmation_coarse-f16-h6-u25_s103,2,35,100760,1189190721,29612000,4233280,46298720,58084161,262926,hold,1,1
coarse-f16-h6-u25,persistent,16,6,0.25,103,confirmation_coarse-f16-h6-u25_s103,7,13,99820,1178478721,14704000,1797280,64340000,62310880,262926,hold,1,0
coarse-f16-h6-u25,persistent,16,6,0.25,103,confirmation_coarse-f16-h6-u25_s103,7,13,101143,1193242561,29467840,72000,48557280,62310880,262926,hold,1,1
coarse-f16-h6-u25,persistent,16,6,0.25,103,confirmation_coarse-f16-h6-u25_s103,16,17,100155,1182419681,14414240,4436160,44249600,58696640,262926,hold,1,0
coarse-f16-h6-u25,persistent,16,6,0.25,103,confirmation_coarse-f16-h6-u25_s103,16,17,101591,1198485280,30479839,3955839,45525440,58696640,262926,hold,1,1
coarse-f16-h6-u25,persistent,16,6,0.25,103,confirmation_coarse-f16-h6-u25_s103,4,19,100312,1184104161,14608000,277760,14940000,14559520,262926,hold,1,1
coarse-f16-h6-u25,persistent,16,6,0.25,103,confirmation_coarse-f16-h6-u25_s103,1,32,100300,1184065441,14464160,4443200,21099360,19926400,262926,hold,1,1
coarse-f16-h6-u25,persistent,16,6,0.25,103,confirmation_coarse-f16-h6-u25_s103,11,28,101707,1199844161,17513440,1641280,24603040,25083040,262926,hold,1,1
coarse-f16-h6-u25,persistent,16,6,0.25,103,confirmation_coarse-f16-h6-u25_s103,14,33,101494,1197280161,14817440,1059840,28465440,33313440,262926,hold,1,1
coarse-f16-h6-u25,persistent,16,6,0.25,103,confirmation_coarse-f16-h6-u25_s103,15,29,101483,1197231681,14704000,4813280,19924000,21004000,262926,hold,1,1
coarse-f16-h6-u25,persistent,16,6,0.25,103,confirmation_coarse-f16-h6-u25_s103,1,33,101608,1198598721,14533280,842560,14791040,21099360,262926,hold,1,1
coarse-f16-h6-u25,persistent,16,6,0.25,103,confirmation_coarse-f16-h6-u25_s103,4,20,101614,1198712161,14608000,2245280,12592000,14940000,262926,increase,0,0
coarse-f16-h6-u25,persistent,16,6,0.25,103,confirmation_coarse-f16-h6-u25_s103,2,36,102142,1204622721,15432000,617120,49244160,46298720,262926,hold,1,0
coarse-f16-h6-u25,persistent,16,6,0.25,103,confirmation_coarse-f16-h6-u25_s103,2,36,103420,1219388000,30197279,290559,51710721,46298720,262926,hold,1,1
coarse-f16-h6-u25,persistent,16,6,0.25,103,confirmation_coarse-f16-h6-u25_s103,7,14,102463,1208402721,15160160,985280,52348000,48557280,262926,hold,1,0
coarse-f16-h6-u25,persistent,16,6,0.25,103,confirmation_coarse-f16-h6-u25_s103,7,14,103733,1223106721,29864160,3997440,53459840,48557280,262926,hold,1,0
coarse-f16-h6-u25,persistent,16,6,0.25,103,confirmation_coarse-f16-h6-u25_s103,7,14,105036,1237790721,44548160,5817280,56860000,48557280,262926,hold,1,1
coarse-f16-h6-u25,persistent,16,6,0.25,103,confirmation_coarse-f16-h6-u25_s103,15,30,102748,1211759681,14528000,3541280,20560000,19924000,262926,hold,1,1
coarse-f16-h6-u25,persistent,16,6,0.25,103,confirmation_coarse-f16-h6-u25_s103,14,34,102739,1211665281,14385120,423840,33309600,28465440,262926,hold,1,1
coarse-f16-h6-u25,persistent,16,6,0.25,103,confirmation_coarse-f16-h6-u25_s103,16,18,102913,1213537280,15052000,719999,49174240,45525440,262926,hold,1,0
coarse-f16-h6-u25,persistent,16,6,0.25,103,confirmation_coarse-f16-h6-u25_s103,16,18,104223,1228636161,30150881,445441,51598398,45525440,262926,hold,1,1
coarse-f16-h6-u25,persistent,16,6,0.25,103,confirmation_coarse-f16-h6-u25_s103,1,34,102884,1213206721,14608000,1174560,15787040,14791040,262926,hold,1,1
coarse-f16-h6-u25,persistent,16,6,0.25,103,confirmation_coarse-f16-h6-u25_s103,11,29,102985,1214356161,14512000,4818720,19762560,24603040,262926,hold,1,0
coarse-f16-h6-u25,persistent,16,6,0.25,103,confirmation_coarse-f16-h6-u25_s103,11,29,104270,1229142721,29298560,8303840,17993760,24603040,262926,hold,1,0
coarse-f16-h6-u25,persistent,16,6,0.25,103,confirmation_coarse-f16-h6-u25_s103,11,29,105667,1244691681,44847520,623840,23918400,24603040,262926,hold,1,1
coarse-f16-h6-u25,persistent,16,6,0.25,103,confirmation_coarse-f16-h6-u25_s103,8,17,103563,1221062721,14860000,5413280,18512000,15340000,262926,hold,1,0
coarse-f16-h6-u25,persistent,16,6,0.25,103,confirmation_coarse-f16-h6-u25_s103,8,17,104830,1235646721,29444000,7044160,16937120,15340000,262926,hold,1,0
coarse-f16-h6-u25,persistent,16,6,0.25,103,confirmation_coarse-f16-h6-u25_s103,8,17,106163,1250046721,43844000,8577280,9908000,15340000,262926,increase,0,0
coarse-f16-h6-u25,persistent,16,6,0.25,103,confirmation_coarse-f16-h6-u25_s103,14,35,103998,1226190721,14525440,3858400,32293600,33309600,262926,hold,1,1
coarse-f16-h6-u25,persistent,16,6,0.25,103,confirmation_coarse-f16-h6-u25_s103,15,31,104013,1226315681,14556000,4453280,21244000,20560000,262926,hold,1,0
coarse-f16-h6-u25,persistent,16,6,0.25,103,confirmation_coarse-f16-h6-u25_s103,15,31,105314,1240927681,29168000,3993280,20136000,20560000,262926,hold,1,1
coarse-f16-h6-u25,persistent,16,6,0.25,103,confirmation_coarse-f16-h6-u25_s103,6,20,104111,1227426401,14548001,1612160,16687680,14718720,262926,hold,1,0
coarse-f16-h6-u25,persistent,16,6,0.25,103,confirmation_coarse-f16-h6-u25_s103,6,20,105415,1241977281,29098881,4964960,7184000,14718720,262926,increase,0,1
coarse-f16-h6-u25,persistent,16,6,0.25,103,confirmation_coarse-f16-h6-u25_s103,1,35,104150,1227862721,14656000,1908160,16198400,15787040,262926,hold,1,1
coarse-f16-h6-u25,persistent,16,6,0.25,103,confirmation_coarse-f16-h6-u25_s103,2,37,104686,1233948161,14560161,0,53791360,51710721,262926,hold,1,1
coarse-f16-h6-u25,persistent,16,6,0.25,103,confirmation_coarse-f16-h6-u25_s103,14,36,105283,1240590721,14400000,6105280,28719840,32293600,262926,hold,1,0
coarse-f16-h6-u25,persistent,16,6,0.25,103,confirmation_coarse-f16-h6-u25_s103,14,36,106678,1255478721,29288000,5597280,26162560,32293600,262926,hold,1,0
coarse-f16-h6-u25,persistent,16,6,0.25,103,confirmation_coarse-f16-h6-u25_s103,14,36,108065,1270210721,44020000,1945280,27064000,32293600,262926,hold,1,1
coarse-f16-h6-u25,persistent,16,6,0.25,103,confirmation_coarse-f16-h6-u25_s103,1,36,105462,1242422721,14560000,4944160,9912000,16198400,262926,increase,0,1
coarse-f16-h6-u25,persistent,16,6,0.25,103,confirmation_coarse-f16-h6-u25_s103,16,19,105522,1243010721,14374560,1071041,52806399,51598398,262926,hold,1,0
coarse-f16-h6-u25,persistent,16,6,0.25,103,confirmation_coarse-f16-h6-u25_s103,16,19,106877,1257590881,28954720,800000,57692480,51598398,262926,hold,1,1
coarse-f16-h6-u25,persistent,16,6,0.25,103,confirmation_coarse-f16-h6-u25_s103,2,38,106044,1248746881,14798720,776000,56113440,53791360,262926,hold,1,1
coarse-f16-h6-u25,persistent,16,6,0.25,103,confirmation_coarse-f16-h6-u25_s103,7,15,106430,1252834721,15044000,3973280,55716000,56860000,262926,hold,1,1
coarse-f16-h6-u25,persistent,16,6,0.25,103,confirmation_coarse-f16-h6-u25_s103,15,32,106736,1256055681,15128000,2341280,19671840,20136000,262926,hold,1,1
coarse-f16-h6-u25,persistent,16,6,0.25,103,confirmation_coarse-f16-h6-u25_s103,11,30,107040,1259254881,14563200,1813440,22854400,23918400,262926,hold,1,1
coarse-f16-h6-u25,persistent,16,6,0.25,103,confirmation_coarse-f16-h6-u25_s103,2,39,107429,1263346881,14600000,1680000,57697440,56113440,262926,hold,1,0
coarse-f16-h6-u25,persistent,16,6,0.25,103,confirmation_coarse-f16-h6-u25_s103,2,39,108771,1277914721,29167840,969120,57636160,56113440,262926,hold,1,1
coarse-f16-h6-u25,persistent,16,6,0.25,103,confirmation_coarse-f16-h6-u25_s103,7,16,107828,1267574721,14740000,2469280,59269280,55716000,262926,hold,1,0
coarse-f16-h6-u25,persistent,16,6,0.25,103,confirmation_coarse-f16-h6-u25_s103,7,16,109151,1282186721,29352000,2884000,60801440,55716000,262926,hold,1,1
coarse-f16-h6-u25,persistent,16,6,0.25,103,confirmation_coarse-f16-h6-u25_s103,15,33,108111,1270555681,14500000,3577280,22028000,19671840,262926,hold,1,1
coarse-f16-h6-u25,persistent,16,6,0.25,103,confirmation_coarse-f16-h6-u25_s103,4,21,108235,1271876001,14553120,481280,18806080,14276000,262926,hold,1,0
coarse-f16-h6-u25,persistent,16,6,0.25,103,confirmation_coarse-f16-h6-u25_s103,4,21,109564,1286582881,29260000,3538720,17338400,14276000,262926,hold,1,1
coarse-f16-h6-u25,persistent,16,6,0.25,103,confirmation_coarse-f16-h6-u25_s103,16,20,108265,1272222721,14631840,435840,60628161,57692480,262926,hold,1,1
coarse-f16-h6-u25,persistent,16,6,0.25,103,confirmation_coarse-f16-h6-u25_s103,11,31,108393,1273630721,14375840,2909280,22758400,22854400,262926,hold,1,0
coarse-f16-h6-u25,persistent,16,6,0.25,103,confirmation_coarse-f16-h6-u25_s103,11,31,109688,1288119681,28864800,8102240,18002080,22854400,262926,hold,1,0
coarse-f16-h6-u25,persistent,16,6,0.25,103,confirmation_coarse-f16-h6-u25_s103,11,31,110936,1302752001,43497120,6649280,12897120,22854400,262926,increase,0,0
coarse-f16-h6-u25,persistent,16,6,0.25,103,confirmation_coarse-f16-h6-u25_s103,12,15,108589,1275854881,14508160,4264320,22456960,22936000,262926,hold,1,0
coarse-f16-h6-u25,persistent,16,6,0.25,103,confirmation_coarse-f16-h6-u25_s103,12,15,109891,1290462881,29116160,9549280,16139040,22936000,262926,hold,1,0
coarse-f16-h6-u25,persistent,16,6,0.25,103,confirmation_coarse-f16-h6-u25_s103,12,15,111128,1305070881,43724160,6452160,13241120,22936000,262926,increase,0,0
coarse-f16-h6-u25,persistent,16,6,0.25,103,confirmation_coarse-f16-h6-u25_s103,14,37,109387,1284674721,14464000,2969280,21244000,27064000,262926,hold,1,0
coarse-f16-h6-u25,persistent,16,6,0.25,103,confirmation_coarse-f16-h6-u25_s103,14,37,110699,1300162721,29952000,2977280,24196000,27064000,262926,hold,1,1
coarse-f16-h6-u25,persistent,16,6,0.25,103,confirmation_coarse-f16-h6-u25_s103,15,34,109422,1285111681,14556000,4785280,21576000,22028000,262926,hold,1,0
coarse-f16-h6-u25,persistent,16,6,0.25,103,confirmation_coarse-f16-h6-u25_s103,15,34,110674,1299815681,29260000,7857280,16548000,22028000,262926,hold,1,0
coarse-f16-h6-u25,persistent,16,6,0.25,103,confirmation_coarse-f16-h6-u25_s103,15,34,111963,1314519681,43964000,7489280,15044000,22028000,262926,hold,1,1
coarse-f16-h6-u25,persistent,16,6,0.25,103,confirmation_coarse-f16-h6-u25_s103,16,21,109613,1287217601,14994880,509120,56806880,60628161,262926,hold,1,0
coarse-f16-h6-u25,persistent,16,6,0.25,103,confirmation_coarse-f16-h6-u25_s103,16,21,110860,1301827841,29605120,601440,53253280,60628161,262926,hold,1,1
coarse-f16-h6-u25,persistent,16,6,0.25,103,confirmation_coarse-f16-h6-u25_s103,2,40,110106,1292922721,15008000,2737280,57644000,57636160,262926,hold,1,1
coarse-f16-h6-u25,persistent,16,6,0.25,103,confirmation_coarse-f16-h6-u25_s103,7,17,110449,1296954721,14768000,4989280,57548000,60801440,262926,hold,1,0
coarse-f16-h6-u25,persistent,16,6,0.25,103,confirmation_coarse-f16-h6-u25_s103,7,17,111678,1311418721,29232000,7193280,56580000,60801440,262926,hold,1,0
coarse-f16-h6-u25,persistent,16,6,0.25,103,confirmation_coarse-f16-h6-u25_s103,7,17,113014,1326214721,44028000,5201280,57780000,60801440,262926,hold,1,0
coarse-f16-h6-u25,persistent,16,6,0.25,103,confirmation_coarse-f16-h6-u25_s103,7,17,114426,1341250721,59064000,2581280,51830720,60801440,262926,hold,1,1
coarse-f16-h6-u25,persistent,16,6,0.25,103,confirmation_coarse-f16-h6-u25_s103,4,22,110795,1301190881,14608000,1244320,14712800,17338400,262926,hold,1,0
coarse-f16-h6-u25,persistent,16,6,0.25,103,confirmation_coarse-f16-h6-u25_s103,4,22,112083,1315796161,29213280,1244320,16698880,17338400,262926,hold,1,1
coarse-f16-h6-u25,persistent,16,6,0.25,103,confirmation_coarse-f16-h6-u25_s103,2,41,111368,1307602721,14680000,657280,54956000,57644000,262926,hold,1,1
coarse-f16-h6-u25,persistent,16,6,0.25,103,confirmation_coarse-f16-h6-u25_s103,14,38,111978,1314718721,14556000,3393280,23928000,24196000,262926,hold,1,0
coarse-f16-h6-u25,persistent,16,6,0.25,103,confirmation_coarse-f16-h6-u25_s103,14,38,113323,1329486721,29324000,4509280,21068000,24196000,262926,hold,1,0
coarse-f16-h6-u25,persistent,16,6,0.25,103,confirmation_coarse-f16-h6-u25_s103,14,38,114711,1344106721,43944000,4213280,19436000,24196000,262926,hold,1,1
coarse-f16-h6-u25,persistent,16,6,0.25,103,confirmation_coarse-f16-h6-u25_s103,16,22,112120,1316181441,14353600,580160,56248960,53253280,262926,hold,1,0
coarse-f16-h6-u25,persistent,16,6,0.25,103,confirmation_coarse-f16-h6-u25_s103,16,22,113443,1330813441,28985600,884160,55905120,53253280,262926,hold,1,1
coarse-f16-h6-u25,persistent,16,6,0.25,103,confirmation_coarse-f16-h6-u25_s103,2,42,112652,1322157441,14554720,293280,54150560,54956000,262926,hold,1,1
coarse-f16-h6-u25,persistent,16,6,0.25,103,confirmation_coarse-f16-h6-u25_s103,15,35,113284,1329143841,14624160,4509280,19288000,15044000,262926,hold,1,1
coarse-f16-h6-u25,persistent,16,6,0.25,103,confirmation_coarse-f16-h6-u25_s103,1,37,113336,1329698881,14563040,2205440,19959840,16312960,262926,hold,1,0
coarse-f16-h6-u25,persistent,16,6,0.25,103,confirmation_coarse-f16-h6-u25_s103,1,37,114722,1344246881,29111040,1908160,19360000,16312960,262926,hold,1,1
coarse-f16-h6-u25,persistent,16,6,0.25,103,confirmation_coarse-f16-h6-u25_s103,4,23,113398,1330333441,14537280,2830880,12616000,16698880,262926,increase,0,1
coarse-f16-h6-u25,persistent,16,6,0.25,103,confirmation_coarse-f16-h6-u25_s103,11,32,113611,1332726721,14987040,954400,25526880,18536480,262926,hold,1,0
coarse-f16-h6-u25,persistent,16,6,0.25,103,confirmation_coarse-f16-h6-u25_s103,11,32,114990,1347155681,29416000,272320,30851840,18536480,262926,hold,1,1
coarse-f16-h6-u25,persistent,16,6,0.25,103,confirmation_coarse-f16-h6-u25_s103,12,16,113717,1333806561,14359840,1681120,23987840,19924960,262926,hold,1,1
coarse-f16-h6-u25,persistent,16,6,0.25,103,confirmation_coarse-f16-h6-u25_s103,10,6,113787,1334684001,14608000,1249280,23305120,18260000,262926,hold,1,1
coarse-f16-h6-u25,persistent,16,6,0.25,103,confirmation_coarse-f16-h6-u25_s103,2,43,113993,1336882721,14725280,597120,51460160,54150560,262926,hold,1,1
coarse-f16-h6-u25,persistent,16,6,0.25,103,confirmation_coarse-f16-h6-u25_s103,15,36,114662,1343667681,14523840,4185280,21936000,19288000,262926,hold,1,0
coarse-f16-h6-u25,persistent,16,6,0.25,103,confirmation_coarse-f16-h6-u25_s103,15,36,116056,1358675681,29531840,5117280,20948000,19288000,262926,hold,1,1
coarse-f16-h6-u25,persistent,16,6,0.25,103,confirmation_coarse-f16-h6-u25_s103,16,23,114841,1345337441,14524000,1605280,45580000,55905120,262926,hold,1,0
coarse-f16-h6-u25,persistent,16,6,0.25,103,confirmation_coarse-f16-h6-u25_s103,16,23,116188,1360029441,29216000,4237280,11657280,55905120,262926,increase,0,1
coarse-f16-h6-u25,persistent,16,6,0.25,103,confirmation_coarse-f16-h6-u25_s103,12,17,115134,1348802561,14996000,4162720,27398400,23987840,262926,hold,1,0
coarse-f16-h6-u25,persistent,16,6,0.25,103,confirmation_coarse-f16-h6-u25_s103,12,17,116480,1363427681,29621120,8142560,20662720,23987840,262926,hold,1,0
coarse-f16-h6-u25,persistent,16,6,0.25,103,confirmation_coarse-f16-h6-u25_s103,12,17,117865,1378210721,44404160,6556160,18689120,23987840,262926,hold,1,0
coarse-f16-h6-u25,persistent,16,6,0.25,103,confirmation_coarse-f16-h6-u25_s103,12,17,119144,1392687681,58881120,5401120,17133760,23987840,262926,hold,1,0
coarse-f16-h6-u25,persistent,16,6,0.25,103,confirmation_coarse-f16-h6-u25_s103,12,17,120510,1407695681,73889120,4062720,21944480,23987840,262926,hold,1,0
coarse-f16-h6-u25,persistent,16,6,0.25,103,confirmation_coarse-f16-h6-u25_s103,12,17,122030,1423635681,89829120,4185280,22900960,23987840,262926,hold,1,0
coarse-f16-h6-u25,persistent,16,6,0.25,103,confirmation_coarse-f16-h6-u25_s103,12,17,123445,1438302881,104496320,6529280,21816000,23987840,262926,hold,1,0
coarse-f16-h6-u25,persistent,16,6,0.25,103,confirmation_coarse-f16-h6-u25_s103,12,17,124818,1452910721,119104160,9945440,18528000,23987840,262926,hold,1,0
coarse-f16-h6-u25,persistent,16,6,0.25,103,confirmation_coarse-f16-h6-u25_s103,12,17,126199,1468263681,134457120,9881440,16698880,23987840,262926,hold,1,0
coarse-f16-h6-u25,persistent,16,6,0.25,103,confirmation_coarse-f16-h6-u25_s103,12,17,127552,1483363681,149557120,10122240,18254880,23987840,262926,hold,1,0
coarse-f16-h6-u25,persistent,16,6,0.25,103,confirmation_coarse-f16-h6-u25_s103,12,17,128875,1498062881,164256320,4237440,24808800,23987840,262926,hold,1,0
coarse-f16-h6-u25,persistent,16,6,0.25,103,confirmation_coarse-f16-h6-u25_s103,12,17,130207,1512687681,178881120,1454880,26379360,23987840,262926,hold,1,1
coarse-f16-h6-u25,persistent,16,6,0.25,103,confirmation_coarse-f16-h6-u25_s103,10,7,115169,1349134561,14450560,2576480,23305920,23305120,262926,hold,1,0
coarse-f16-h6-u25,persistent,16,6,0.25,103,confirmation_coarse-f16-h6-u25_s103,10,7,116493,1363550401,28866400,1890880,20116960,23305120,262926,hold,1,1
coarse-f16-h6-u25,persistent,16,6,0.25,103,confirmation_coarse-f16-h6-u25_s103,2,44,115371,1351346721,14464000,2418560,50302720,51460160,262926,hold,1,0
coarse-f16-h6-u25,persistent,16,6,0.25,103,confirmation_coarse-f16-h6-u25_s103,2,44,116844,1367269120,30386399,3284000,48516000,51460160,262926,hold,1,1
coarse-f16-h6-u25,persistent,16,6,0.25,103,confirmation_coarse-f16-h6-u25_s103,7,18,115775,1355742721,14492000,2461280,50116000,51830720,262926,hold,1,0
coarse-f16-h6-u25,persistent,16,6,0.25,103,confirmation_coarse-f16-h6-u25_s103,7,18,117138,1370474721,29224000,4657280,52008000,51830720,262926,hold,1,0
coarse-f16-h6-u25,persistent,16,6,0.25,103,confirmation_coarse-f16-h6-u25_s103,7,18,118438,1384846721,43596000,4205280,53244000,51830720,262926,hold,1,1
coarse-f16-h6-u25,persistent,16,6,0.25,103,confirmation_coarse-f16-h6-u25_s103,14,39,116093,1358966721,14860000,2497280,21668000,19436000,262926,hold,1,1
coarse-f16-h6-u25,persistent,16,6,0.25,103,confirmation_coarse-f16-h6-u25_s103,1,38,116078,1358854881,14608000,3478560,15975840,19360000,262926,hold,1,1
coarse-f16-h6-u25,persistent,16,6,0.25,103,confirmation_coarse-f16-h6-u25_s103,4,24,116150,1359599521,14358080,298240,18592000,16023200,262926,hold,1,0
coarse-f16-h6-u25,persistent,16,6,0.25,103,confirmation_coarse-f16-h6-u25_s103,4,24,117498,1374207521,28966080,3241280,16230880,16023200,262926,hold,1,1
coarse-f16-h6-u25,persistent,16,6,0.25,103,confirmation_coarse-f16-h6-u25_s103,11,33,116419,1362606721,15451040,2048000,27038080,30851840,262926,hold,1,1
coarse-f16-h6-u25,persistent,16,6,0.25,103,confirmation_coarse-f16-h6-u25_s103,15,37,117414,1373351681,14676000,7553280,18568000,20948000,262926,hold,1,0
coarse-f16-h6-u25,persistent,16,6,0.25,103,confirmation_coarse-f16-h6-u25_s103,15,37,118719,1388083681,29408000,3633280,22396000,20948000,262926,hold,1,1
coarse-f16-h6-u25,persistent,16,6,0.25,103,confirmation_coarse-f16-h6-u25_s103,6,21,117402,1373230721,14375840,1581280,16362720,14181280,262926,hold,1,1
coarse-f16-h6-u25,persistent,16,6,0.25,103,confirmation_coarse-f16-h6-u25_s103,1,39,117408,1373274721,14419840,348000,19765280,15975840,262926,hold,1,0
coarse-f16-h6-u25,persistent,16,6,0.25,103,confirmation_coarse-f16-h6-u25_s103,1,39,118699,1387838721,28983840,585280,11758720,15975840,262926,increase,0,1
coarse-f16-h6-u25,persistent,16,6,0.25,103,confirmation_coarse-f16-h6-u25_s103,14,40,117449,1373698721,14732000,2045280,24528000,21668000,262926,hold,1,1
coarse-f16-h6-u25,persistent,16,6,0.25,103,confirmation_coarse-f16-h6-u25_s103,11,34,117834,1377883841,15277120,3830400,21654880,27038080,262926,hold,1,1
coarse-f16-h6-u25,persistent,16,6,0.25,103,confirmation_coarse-f16-h6-u25_s103,10,8,117872,1378228161,14677760,2315040,18835840,20116960,262926,hold,1,1
coarse-f16-h6-u25,persistent,16,6,0.25,103,confirmation_coarse-f16-h6-u25_s103,8,18,118188,1381954721,14888000,4001280,18808000,17240000,262926,hold,1,0
coarse-f16-h6-u25,persistent,16,6,0.25,103,confirmation_coarse-f16-h6-u25_s103,8,18,119493,1396510721,29444000,5957280,16548000,17240000,262926,hold,1,0
coarse-f16-h6-u25,persistent,16,6,0.25,103,confirmation_coarse-f16-h6-u25_s103,8,18,120872,1411518721,44452000,8309280,9824000,17240000,262926,increase,0,0
coarse-f16-h6-u25,persistent,16,6,0.25,103,confirmation_coarse-f16-h6-u25_s103,2,45,118164,1381680161,14411041,2959679,47179041,48516000,262926,hold,1,0
coarse-f16-h6-u25,persistent,16,6,0.25,103,confirmation_coarse-f16-h6-u25_s103,2,45,119466,1396233601,28964481,75680,50958880,48516000,262926,hold,1,1
coarse-f16-h6-u25,persistent,16,6,0.25,103,confirmation_coarse-f16-h6-u25_s103,9,10,118325,1383532961,14658080,248160,11991840,18652000,262926,increase,0,0
coarse-f16-h6-u25,persistent,16,6,0.25,103,confirmation_coarse-f16-h6-u25_s103,3,11,118658,1387461441,14372000,7129280,19804000,20284000,262926,hold,1,0
coarse-f16-h6-u25,persistent,16,6,0.25,103,confirmation_coarse-f16-h6-u25_s103,3,11,119984,1402045441,28956000,4897280,20976000,20284000,262926,hold,1,0
coarse-f16-h6-u25,persistent,16,6,0.25,103,confirmation_coarse-f16-h6-u25_s103,3,11,121351,1416749441,43660000,6225280,17416000,20284000,262926,hold,1,0
coarse-f16-h6-u25,persistent,16,6,0.25,103,confirmation_coarse-f16-h6-u25_s103,3,11,122786,1431553441,58464000,7525280,18716000,20284000,262926,hold,1,0
coarse-f16-h6-u25,persistent,16,6,0.25,103,confirmation_coarse-f16-h6-u25_s103,3,11,124173,1446101441,73012000,6133280,19776000,20284000,262926,hold,1,0
coarse-f16-h6-u25,persistent,16,6,0.25,103,confirmation_coarse-f16-h6-u25_s103,3,11,125506,1460537441,87448000,6797280,15524000,20284000,262926,hold,1,0
coarse-f16-h6-u25,persistent,16,6,0.25,103,confirmation_coarse-f16-h6-u25_s103,3,11,126871,1475665441,102576000,8069280,14668000,20284000,262926,hold,1,1
coarse-f16-h6-u25,persistent,16,6,0.25,103,confirmation_coarse-f16-h6-u25_s103,6,22,118722,1388130881,14900160,725440,18214560,16362720,262926,hold,1,1
coarse-f16-h6-u25,persistent,16,6,0.25,103,confirmation_coarse-f16-h6-u25_s103,14,41,118762,1388522721,14824000,5349280,24896000,24528000,262926,hold,1,0
coarse-f16-h6-u25,persistent,16,6,0.25,103,confirmation_coarse-f16-h6-u25_s103,14,41,120072,1402950721,29252000,6105280,24620000,24528000,262926,hold,1,0
coarse-f16-h6-u25,persistent,16,6,0.25,103,confirmation_coarse-f16-h6-u25_s103,14,41,121463,1417838721,44140000,8753280,12832000,24528000,262926,increase,0,0
coarse-f16-h6-u25,persistent,16,6,0.25,103,confirmation_coarse-f16-h6-u25_s103,4,25,118804,1389065441,14857920,3573280,11370080,16230880,262926,increase,0,1
coarse-f16-h6-u25,persistent,16,6,0.25,103,confirmation_coarse-f16-h6-u25_s103,16,24,118824,1389254561,14617120,594400,52465760,49140960,262926,hold,1,1
coarse-f16-h6-u25,persistent,16,6,0.25,103,confirmation_coarse-f16-h6-u25_s103,11,35,119115,1392486721,14602880,5760160,16772960,21654880,262926,hold,1,0
coarse-f16-h6-u25,persistent,16,6,0.25,103,confirmation_coarse-f16-h6-u25_s103,11,35,120435,1406920161,29036320,5080320,19740960,21654880,262926,hold,1,0
coarse-f16-h6-u25,persistent,16,6,0.25,103,confirmation_coarse-f16-h6-u25_s103,11,35,121808,1421349120,43465279,178720,25633440,21654880,262926,hold,1,1
coarse-f16-h6-u25,persistent,16,6,0.25,103,confirmation_coarse-f16-h6-u25_s103,10,9,119155,1392857441,14629280,0,20736160,18835840,262926,hold,1,1
coarse-f16-h6-u25,persistent,16,6,0.25,103,confirmation_coarse-f16-h6-u25_s103,7,19,119744,1399254721,14408000,4149280,51584000,53244000,262926,hold,1,1
coarse-f16-h6-u25,persistent,16,6,0.25,103,confirmation_coarse-f16-h6-u25_s103,15,38,120035,1402519681,14436000,3209280,19408000,22396000,262926,hold,1,0
coarse-f16-h6-u25,persistent,16,6,0.25,103,confirmation_coarse-f16-h6-u25_s103,15,38,121444,1417675681,29592000,4905280,19372000,22396000,262926,hold,1,0
coarse-f16-h6-u25,persistent,16,6,0.25,103,confirmation_coarse-f16-h6-u25_s103,15,38,122875,1432499681,44416000,3237280,17636000,22396000,262926,hold,1,1
coarse-f16-h6-u25,persistent,16,6,0.25,103,confirmation_coarse-f16-h6-u25_s103,6,23,120028,1402490721,14359840,4281280,9301120,18214560,262926,increase,0,1
coarse-f16-h6-u25,persistent,16,6,0.25,103,confirmation_coarse-f16-h6-u25_s103,16,25,120170,1403862561,14608000,1249280,47485120,52465760,262926,hold,1,1
coarse-f16-h6-u25,persistent,16,6,0.25,103,confirmation_coarse-f16-h6-u25_s103,10,10,120471,1407252161,14394720,377120,25901920,20736160,262926,hold,1,1
coarse-f16-h6-u25,persistent,16,6,0.25,103,confirmation_coarse-f16-h6-u25_s103,2,46,120776,1410610721,14377120,157280,54336000,50958880,262926,hold,1,1
coarse-f16-h6-u25,persistent,16,6,0.25,103,confirmation_coarse-f16-h6-u25_s103,7,20,121085,1413838721,14584000,1133280,50412000,51584000,262926,hold,1,0
coarse-f16-h6-u25,persistent,16,6,0.25,103,confirmation_coarse-f16-h6-u25_s103,7,20,122476,1428218721,28964000,3061280,51444000,51584000,262926,hold,1,1
coarse-f16-h6-u25,persistent,16,6,0.25,103,confirmation_coarse-f16-h6-u25_s103,1,40,121382,1417054721,14584000,2572160,8964000,15410720,262926,increase,0,0
coarse-f16-h6-u25,persistent,16,6,0.25,103,confirmation_coarse-f16-h6-u25_s103,16,26,121532,1418502721,14640160,917280,47749441,47485120,262926,hold,1,1
coarse-f16-h6-u25,persistent,16,6,0.25,103,confirmation_coarse-f16-h6-u25_s103,10,11,121837,1421628161,14376000,685280,22351360,25901920,262926,hold,1,0
coarse-f16-h6-u25,persistent,16,6,0.25,103,confirmation_coarse-f16-h6-u25_s103,10,11,123222,1436096161,28844000,680160,21114400,25901920,262926,hold,1,1
coarse-f16-h6-u25,persistent,16,6,0.25,103,confirmation_coarse-f16-h6-u25_s103,2,47,122244,1425861120,15250399,2065440,52003840,54336000,262926,hold,1,0
coarse-f16-h6-u25,persistent,16,6,0.25,103,confirmation_coarse-f16-h6-u25_s103,2,47,123641,1440397120,29786399,4029601,48694078,54336000,262926,hold,1,0
coarse-f16-h6-u25,persistent,16,6,0.25,103,confirmation_coarse-f16-h6-u25_s103,2,47,125023,1455278721,44668000,286881,51299519,54336000,262926,hold,1,1
coarse-f16-h6-u25,persistent,16,6,0.25,103,confirmation_coarse-f16-h6-u25_s103,16,27,122934,1433157441,14654720,3605440,47708799,47749441,262926,hold,1,0
coarse-f16-h6-u25,persistent,16,6,0.25,103,confirmation_coarse-f16-h6-u25_s103,16,27,124320,1447593120,29090399,744959,12230880,47749441,262926,increase,0,1
coarse-f16-h6-u25,persistent,16,6,0.25,103,confirmation_coarse-f16-h6-u25_s103,11,36,123213,1435978881,14629761,585440,27956000,25633440,262926,hold,1,0
coarse-f16-h6-u25,persistent,16,6,0.25,103,confirmation_coarse-f16-h6-u25_s103,11,36,124618,1450763681,29414561,1931200,26671040,25633440,262926,hold,1,1
coarse-f16-h6-u25,persistent,16,6,0.25,103,confirmation_coarse-f16-h6-u25_s103,7,21,123875,1442986721,14768000,1769280,53372000,51444000,262926,hold,1,0
coarse-f16-h6-u25,persistent,16,6,0.25,103,confirmation_coarse-f16-h6-u25_s103,7,21,125233,1457662721,29444000,4545280,53888000,51444000,262926,hold,1,1
coarse-f16-h6-u25,persistent,16,6,0.25,103,confirmation_coarse-f16-h6-u25_s103,15,39,124280,1447091681,14592000,3605280,20552000,17636000,262926,hold,1,1
coarse-f16-h6-u25,persistent,16,6,0.25,103,confirmation_coarse-f16-h6-u25_s103,14,42,124288,1447254721,14648000,3337280,20404000,19584000,262926,hold,1,0
coarse-f16-h6-u25,persistent,16,6,0.25,103,confirmation_coarse-f16-h6-u25_s103,14,42,125631,1461866721,29260000,6769280,19712000,19584000,262926,hold,1,0
coarse-f16-h6-u25,persistent,16,6,0.25,103,confirmation_coarse-f16-h6-u25_s103,14,42,126973,1476754721,44148000,6013280,17572000,19584000,262926,hold,1,0
coarse-f16-h6-u25,persistent,16,6,0.25,103,confirmation_coarse-f16-h6-u25_s103,14,42,128259,1491310721,58704000,6381280,18080000,19584000,262926,hold,1,0
coarse-f16-h6-u25,persistent,16,6,0.25,103,confirmation_coarse-f16-h6-u25_s103,14,42,129700,1507034721,74428000,6893280,17232000,19584000,262926,hold,1,0
coarse-f16-h6-u25,persistent,16,6,0.25,103,confirmation_coarse-f16-h6-u25_s103,14,42,131032,1521922721,89316000,3248320,24160960,19584000,262926,hold,1,1
coarse-f16-h6-u25,persistent,16,6,0.25,103,confirmation_coarse-f16-h6-u25_s103,4,26,124277,1447073441,14429280,585280,16932000,15576000,262926,hold,1,1
coarse-f16-h6-u25,persistent,16,6,0.25,103,confirmation_coarse-f16-h6-u25_s103,10,12,124636,1450918721,14822560,1424160,18687520,21114400,262926,hold,1,1
coarse-f16-h6-u25,persistent,16,6,0.25,103,confirmation_coarse-f16-h6-u25_s103,6,24,125516,1460607521,14608800,1732800,16132160,15755840,262926,hold,1,1
coarse-f16-h6-u25,persistent,16,6,0.25,103,confirmation_coarse-f16-h6-u25_s103,1,41,125524,1460682721,14412000,2572160,15941120,16605120,262926,hold,1,1
coarse-f16-h6-u25,persistent,16,6,0.25,103,confirmation_coarse-f16-h6-u25_s103,4,27,125619,1461681441,14608000,3060160,13946400,16932000,262926,increase,0,0
coarse-f16-h6-u25,persistent,16,6,0.25,103,confirmation_coarse-f16-h6-u25_s103,15,40,125648,1462007681,14916000,6325280,17352000,20552000,262926,hold,1,0
coarse-f16-h6-u25,persistent,16,6,0.25,103,confirmation_coarse-f16-h6-u25_s103,15,40,126992,1476951681,29860000,4565280,15312000,20552000,262926,hold,1,0
coarse-f16-h6-u25,persistent,16,6,0.25,103,confirmation_coarse-f16-h6-u25_s103,15,40,128288,1491627681,44536000,6041280,13412000,20552000,262926,increase,0,0
coarse-f16-h6-u25,persistent,16,6,0.25,103,confirmation_coarse-f16-h6-u25_s103,11,37,125986,1465858881,15095200,6893440,19588000,26671040,262926,hold,1,0
coarse-f16-h6-u25,persistent,16,6,0.25,103,confirmation_coarse-f16-h6-u25_s103,11,37,127355,1481130721,30367040,8553120,17928320,26671040,262926,hold,1,0
coarse-f16-h6-u25,persistent,16,6,0.25,103,confirmation_coarse-f16-h6-u25_s103,11,37,128678,1495807681,45044000,6817440,21859040,26671040,262926,hold,1,0
coarse-f16-h6-u25,persistent,16,6,0.25,103,confirmation_coarse-f16-h6-u25_s103,11,37,129999,1510346721,59583040,912320,25657760,26671040,262926,hold,1,1
coarse-f16-h6-u25,persistent,16,6,0.25,103,confirmation_coarse-f16-h6-u25_s103,10,13,125954,1465526881,14608160,136000,15721440,18687520,262926,hold,1,1
coarse-f16-h6-u25,persistent,16,6,0.25,103,confirmation_coarse-f16-h6-u25_s103,8,19,126359,1469962721,15036000,7377280,14288000,16732000,262926,hold,1,0
coarse-f16-h6-u25,persistent,16,6,0.25,103,confirmation_coarse-f16-h6-u25_s103,8,19,127740,1485451841,30525120,9389280,10552000,16732000,262926,increase,0,0
coarse-f16-h6-u25,persistent,16,6,0.25,103,confirmation_coarse-f16-h6-u25_s103,2,48,126337,1469725601,14446880,490881,56295519,51299519,262926,hold,1,0
coarse-f16-h6-u25,persistent,16,6,0.25,103,confirmation_coarse-f16-h6-u25_s103,2,48,127650,1484410721,29132000,1045280,54788000,51299519,262926,hold,1,1
coarse-f16-h6-u25,persistent,16,6,0.25,103,confirmation_coarse-f16-h6-u25_s103,7,22,126552,1472126721,14464000,5773280,55336000,53888000,262926,hold,1,0
coarse-f16-h6-u25,persistent,16,6,0.25,103,confirmation_coarse-f16-h6-u25_s103,7,22,127864,1486950721,29288000,3181280,50124000,53888000,262926,hold,1,1
coarse-f16-h6-u25,persistent,16,6,0.25,103,confirmation_coarse-f16-h6-u25_s103,6,25,126807,1475021441,14413920,3009920,15322880,16132160,262926,hold,1,1
coarse-f16-h6-u25,persistent,16,6,0.25,103,confirmation_coarse-f16-h6-u25_s103,1,42,126842,1475358561,14675840,4368160,11288000,15941120,262926,increase,0,1
coarse-f16-h6-u25,persistent,16,6,0.25,103,confirmation_coarse-f16-h6-u25_s103,16,28,126984,1476794401,14523520,10560,50683040,50664959,262926,hold,1,0
coarse-f16-h6-u25,persistent,16,6,0.25,103,confirmation_coarse-f16-h6-u25_s103,16,28,128265,1491320801,29049920,162240,48958400,50664959,262926,hold,1,1
coarse-f16-h6-u25,persistent,16,6,0.25,103,confirmation_coarse-f16-h6-u25_s103,10,14,127274,1480134721,14607840,130880,15951200,15721440,262926,hold,1,0
coarse-f16-h6-u25,persistent,16,6,0.25,103,confirmation_coarse-f16-h6-u25_s103,10,14,128586,1494742881,29216000,912000,16937280,15721440,262926,hold,1,1
coarse-f16-h6-u25,persistent,16,6,0.25,103,confirmation_coarse-f16-h6-u25_s103,6,26,128081,1489430721,14409280,524480,13280000,15322880,262926,increase,0,1
coarse-f16-h6-u25,persistent,16,6,0.25,103,confirmation_coarse-f16-h6-u25_s103,3,12,128161,1490165441,14500000,3337280,21308000,14668000,262926,hold,1,0
coarse-f16-h6-u25,persistent,16,6,0.25,103,confirmation_coarse-f16-h6-u25_s103,3,12,129506,1505025441,29360000,3853280,23660000,14668000,262926,hold,1,1
coarse-f16-h6-u25,persistent,16,6,0.25,103,confirmation_coarse-f16-h6-u25_s103,2,49,128954,1498890721,14480000,245280,56237280,54788000,262926,hold,1,0
coarse-f16-h6-u25,persistent,16,6,0.25,103,confirmation_coarse-f16-h6-u25_s103,2,49,130331,1514011681,29600960,2441280,54277920,54788000,262926,hold,1,1
coarse-f16-h6-u25,persistent,16,6,0.25,103,confirmation_coarse-f16-h6-u25_s103,7,23,129214,1501810721,14860000,1077280,50264000,50124000,262926,hold,1,0
coarse-f16-h6-u25,persistent,16,6,0.25,103,confirmation_coarse-f16-h6-u25_s103,7,23,130575,1516670721,29720000,1289280,51564000,50124000,262926,hold,1,1
coarse-f16-h6-u25,persistent,16,6,0.25,103,confirmation_coarse-f16-h6-u25_s103,13,2,129465,1504574561,14613120,1576160,14004000,14686720,262926,hold,1,1
coarse-f16-h6-u25,persistent,16,6,0.25,103,confirmation_coarse-f16-h6-u25_s103,1,43,129462,1504569441,14608000,580160,17328321,14338720,262926,hold,1,1
coarse-f16-h6-u25,persistent,16,6,0.25,103,confirmation_coarse-f16-h6-u25_s103,16,29,129601,1505923681,14602880,2822560,48521921,48958400,262926,hold,1,1
coarse-f16-h6-u25,persistent,16,6,0.25,103,confirmation_coarse-f16-h6-u25_s103,10,15,129890,1509233441,14490560,1576320,15935840,16937280,262926,hold,1,0
coarse-f16-h6-u25,persistent,16,6,0.25,103,confirmation_coarse-f16-h6-u25_s103,10,15,131252,1524212161,29469280,2522560,17567040,16937280,262926,hold,1,1
coarse-f16-h6-u25,persistent,16,6,0.25,103,confirmation_coarse-f16-h6-u25_s103,9,11,130380,1514529441,14413920,391200,16645760,15512000,262926,hold,1,1
coarse-f16-h6-u25,persistent,16,6,0.25,103,confirmation_coarse-f16-h6-u25_s103,6,27,130758,1518707521,14668800,912160,17545440,15349600,262926,hold,1,1
coarse-f16-h6-u25,persistent,16,6,0.25,103,confirmation_coarse-f16-h6-u25_s103,1,44,130788,1519177441,14608000,248160,17928000,17328321,262926,hold,1,0
coarse-f16-h6-u25,persistent,16,6,0.25,103,confirmation_coarse-f16-h6-u25_s103,1,44,132114,1533586721,29017280,2577280,18586880,17328321,262926,hold,1,1
coarse-f16-h6-u25,persistent,16,6,0.25,103,confirmation_coarse-f16-h6-u25_s103,13,3,130775,1518991681,14417120,394400,14940000,14004000,262926,hold,1,1
coarse-f16-h6-u25,persistent,16,6,0.25,103,confirmation_coarse-f16-h6-u25_s103,3,13,130838,1519709441,14684000,4757280,26620000,23660000,262926,hold,1,0
coarse-f16-h6-u25,persistent,16,6,0.25,103,confirmation_coarse-f16-h6-u25_s103,3,13,132151,1534081441,29056000,6141280,23752000,23660000,262926,hold,1,0
coarse-f16-h6-u25,persistent,16,6,0.25,103,confirmation_coarse-f16-h6-u25_s103,3,13,133530,1548877441,43852000,7101280,23004000,23660000,262926,hold,1,0
coarse-f16-h6-u25,persistent,16,6,0.25,103,confirmation_coarse-f16-h6-u25_s103,3,13,134853,1563369441,58344000,7581280,20164000,23660000,262926,hold,1,0
coarse-f16-h6-u25,persistent,16,6,0.25,103,confirmation_coarse-f16-h6-u25_s103,3,13,136265,1578109441,73084000,6205280,22564000,23660000,262926,hold,1,0
coarse-f16-h6-u25,persistent,16,6,0.25,103,confirmation_coarse-f16-h6-u25_s103,3,13,137699,1593053441,88028000,6897280,20636000,23660000,262926,hold,1,0
coarse-f16-h6-u25,persistent,16,6,0.25,103,confirmation_coarse-f16-h6-u25_s103,3,13,139053,1607425441,102400000,10053280,17000000,23660000,262926,hold,1,0
coarse-f16-h6-u25,persistent,16,6,0.25,103,confirmation_coarse-f16-h6-u25_s103,3,13,140477,1622185441,117160000,8965280,13256000,23660000,262926,increase,0,0
coarse-f16-h6-u25,persistent,16,6,0.25,103,confirmation_coarse-f16-h6-u25_s103,16,30,130940,1520863681,14940000,5565280,45177441,48521921,262926,hold,1,0
coarse-f16-h6-u25,persistent,16,6,0.25,103,confirmation_coarse-f16-h6-u25_s103,16,30,132269,1535281120,29357439,4378719,5106721,48521921,262926,increase,0,1
coarse-f16-h6-u25,persistent,16,6,0.25,103,confirmation_coarse-f16-h6-u25_s103,15,41,131001,1521551681,14768000,3485280,19952000,14612000,262926,hold,1,1
coarse-f16-h6-u25,persistent,16,6,0.25,103,confirmation_coarse-f16-h6-u25_s103,11,38,131383,1525618721,15272000,4714240,24100000,25657760,262926,hold,1,0
coarse-f16-h6-u25,persistent,16,6,0.25,103,confirmation_coarse-f16-h6-u25_s103,11,38,132779,1540890721,30544000,9713760,18680960,25657760,262926,hold,1,0
coarse-f16-h6-u25,persistent,16,6,0.25,103,confirmation_coarse-f16-h6-u25_s103,11,38,134201,1556162721,45816000,995840,24405440,25657760,262926,hold,1,0
coarse-f16-h6-u25,persistent,16,6,0.25,103,confirmation_coarse-f16-h6-u25_s103,11,38,135559,1570775841,60429120,538240,25362720,25657760,262926,hold,1,1
coarse-f16-h6-u25,persistent,16,6,0.25,103,confirmation_coarse-f16-h6-u25_s103,12,18,131531,1527278721,14591040,3613280,25504960,26379360,262926,hold,1,0
coarse-f16-h6-u25,persistent,16,6,0.25,103,confirmation_coarse-f16-h6-u25_s103,12,18,132857,1541808161,29120480,7461760,21434560,26379360,262926,hold,1,0
coarse-f16-h6-u25,persistent,16,6,0.25,103,confirmation_coarse-f16-h6-u25_s103,12,18,134216,1556327681,43640000,8582400,16087840,26379360,262926,hold,1,0
coarse-f16-h6-u25,persistent,16,6,0.25,103,confirmation_coarse-f16-h6-u25_s103,12,18,135583,1571064161,58376480,4198720,21258560,26379360,262926,hold,1,0
coarse-f16-h6-u25,persistent,16,6,0.25,103,confirmation_coarse-f16-h6-u25_s103,12,18,137105,1587007681,74320000,2178719,26470081,26379360,262926,hold,1,1
coarse-f16-h6-u25,persistent,16,6,0.25,103,confirmation_coarse-f16-h6-u25_s103,2,50,131690,1528989120,14977439,4549920,49711360,54277920,262926,hold,1,0
coarse-f16-h6-u25,persistent,16,6,0.25,103,confirmation_coarse-f16-h6-u25_s103,2,50,133129,1544722240,30710559,142400,54988000,54277920,262926,hold,1,0
coarse-f16-h6-u25,persistent,16,6,0.25,103,confirmation_coarse-f16-h6-u25_s103,2,50,134468,1559238721,45227040,221761,56143519,54277920,262926,hold,1,1
coarse-f16-h6-u25,persistent,16,6,0.25,103,confirmation_coarse-f16-h6-u25_s103,9,12,131704,1529137441,14608000,3236160,13428160,16645760,262926,increase,0,1
coarse-f16-h6-u25,persistent,16,6,0.25,103,confirmation_coarse-f16-h6-u25_s103,8,20,131759,1529682721,14464000,6465280,17840000,15220000,262926,hold,1,0
coarse-f16-h6-u25,persistent,16,6,0.25,103,confirmation_coarse-f16-h6-u25_s103,8,20,133149,1544930721,29712000,7821280,18956000,15220000,262926,hold,1,0
coarse-f16-h6-u25,persistent,16,6,0.25,103,confirmation_coarse-f16-h6-u25_s103,8,20,134487,1559458721,44240000,8281280,11448000,15220000,262926,increase,0,0
coarse-f16-h6-u25,persistent,16,6,0.25,103,confirmation_coarse-f16-h6-u25_s103,7,24,131918,1531438721,14768000,1169280,53252000,51564000,262926,hold,1,0
coarse-f16-h6-u25,persistent,16,6,0.25,103,confirmation_coarse-f16-h6-u25_s103,7,24,133245,1546058721,29388000,3335200,58290080,51564000,262926,hold,1,0
coarse-f16-h6-u25,persistent,16,6,0.25,103,confirmation_coarse-f16-h6-u25_s103,7,24,134610,1560854721,44184000,5173280,62752000,51564000,262926,hold,1,1
coarse-f16-h6-u25,persistent,16,6,0.25,103,confirmation_coarse-f16-h6-u25_s103,6,28,132088,1533315521,14608000,1974080,21242880,17545440,262926,hold,1,1
coarse-f16-h6-u25,persistent,16,6,0.25,103,confirmation_coarse-f16-h6-u25_s103,13,4,132119,1533599681,14608000,1684320,13650080,14940000,262926,increase,0,0
coarse-f16-h6-u25,persistent,16,6,0.25,103,confirmation_coarse-f16-h6-u25_s103,15,42,132329,1535959681,14408000,5025280,19528000,19952000,262926,hold,1,1
coarse-f16-h6-u25,persistent,16,6,0.25,103,confirmation_coarse-f16-h6-u25_s103,14,43,132416,1536930721,15008000,2525280,24856000,24160960,262926,hold,1,1
coarse-f16-h6-u25,persistent,16,6,0.25,103,confirmation_coarse-f16-h6-u25_s103,10,16,132682,1539815681,15603520,253280,19172160,17567040,262926,hold,1,0
coarse-f16-h6-u25,persistent,16,6,0.25,103,confirmation_coarse-f16-h6-u25_s103,10,16,134039,1554466401,30254240,0,23275040,17567040,262926,hold,1,1
coarse-f16-h6-u25,persistent,16,6,0.25,103,confirmation_coarse-f16-h6-u25_s103,6,29,133403,1547729441,14413920,2572960,18790400,21242880,262926,hold,1,1
coarse-f16-h6-u25,persistent,16,6,0.25,103,confirmation_coarse-f16-h6-u25_s103,1,45,133440,1548061441,14474720,2242880,13742560,18586880,262926,increase,0,0
coarse-f16-h6-u25,persistent,16,6,0.25,103,confirmation_coarse-f16-h6-u25_s103,15,43,133707,1550755681,14796000,4149280,18872000,19528000,262926,hold,1,0
coarse-f16-h6-u25,persistent,16,6,0.25,103,confirmation_coarse-f16-h6-u25_s103,15,43,135055,1565403681,29444000,3273280,19564000,19528000,262926,hold,1,1
coarse-f16-h6-u25,persistent,16,6,0.25,103,confirmation_coarse-f16-h6-u25_s103,14,44,133775,1551614721,14684000,1741280,22276000,24856000,262926,hold,1,0
coarse-f16-h6-u25,persistent,16,6,0.25,103,confirmation_coarse-f16-h6-u25_s103,14,44,135152,1566530721,29600000,4821280,21760000,24856000,262926,hold,1,1
coarse-f16-h6-u25,persistent,16,6,0.25,103,confirmation_coarse-f16-h6-u25_s103,6,30,134793,1562753281,15023840,3374080,7110080,18790400,262926,increase,0,1
coarse-f16-h6-u25,persistent,16,6,0.25,103,confirmation_coarse-f16-h6-u25_s103,13,5,134804,1562815681,14608000,2577280,17264000,15565920,262926,hold,1,0
coarse-f16-h6-u25,persistent,16,6,0.25,103,confirmation_coarse-f16-h6-u25_s103,13,5,136203,1577423681,29216000,2577280,14276000,15565920,262926,hold,1,1
coarse-f16-h6-u25,persistent,16,6,0.25,103,confirmation_coarse-f16-h6-u25_s103,16,31,134957,1564383840,14481119,0,62565120,63925120,262926,hold,1,1
coarse-f16-h6-u25,persistent,16,6,0.25,103,confirmation_coarse-f16-h6-u25_s103,10,17,135383,1568931840,14465439,0,19632000,23275040,262926,hold,1,1
coarse-f16-h6-u25,persistent,16,6,0.25,103,confirmation_coarse-f16-h6-u25_s103,2,51,135858,1573874721,14636000,0,54250880,56143519,262926,hold,1,0
coarse-f16-h6-u25,persistent,16,6,0.25,103,confirmation_coarse-f16-h6-u25_s103,2,51,137254,1588489601,29250880,1729280,52802240,56143519,262926,hold,1,1
coarse-f16-h6-u25,persistent,16,6,0.25,103,confirmation_coarse-f16-h6-u25_s103,7,25,135993,1575290721,14436000,2489280,64956000,62752000,262926,hold,1,1
coarse-f16-h6-u25,persistent,16,6,0.25,103,confirmation_coarse-f16-h6-u25_s103,16,32,136372,1579217441,14833601,967679,59400640,62565120,262926,hold,1,1
coarse-f16-h6-u25,persistent,16,6,0.25,103,confirmation_coarse-f16-h6-u25_s103,15,44,136467,1580171681,14768000,4269280,20072000,19564000,262926,hold,1,0
coarse-f16-h6-u25,persistent,16,6,0.25,103,confirmation_coarse-f16-h6-u25_s103,15,44,137860,1594875681,29472000,1917280,22876000,19564000,262926,hold,1,1
coarse-f16-h6-u25,persistent,16,6,0.25,103,confirmation_coarse-f16-h6-u25_s103,14,45,136571,1581234721,14704000,1189280,22672000,21760000,262926,hold,1,0
coarse-f16-h6-u25,persistent,16,6,0.25,103,confirmation_coarse-f16-h6-u25_s103,14,45,137983,1596114721,29584000,3321280,21548000,21760000,262926,hold,1,1
coarse-f16-h6-u25,persistent,16,6,0.25,103,confirmation_coarse-f16-h6-u25_s103,10,18,136790,1583478401,14546561,729439,22827841,19632000,262926,hold,1,0
coarse-f16-h6-u25,persistent,16,6,0.25,103,confirmation_coarse-f16-h6-u25_s103,10,18,138147,1597994721,29062881,2791520,18335200,19632000,262926,hold,1,1
coarse-f16-h6-u25,persistent,16,6,0.25,103,confirmation_coarse-f16-h6-u25_s103,11,39,136966,1585411681,14635840,912160,27971680,25362720,262926,hold,1,1
coarse-f16-h6-u25,persistent,16,6,0.25,103,confirmation_coarse-f16-h6-u25_s103,7,26,137384,1589810721,14520000,2397280,52920000,64956000,262926,hold,1,0
coarse-f16-h6-u25,persistent,16,6,0.25,103,confirmation_coarse-f16-h6-u25_s103,7,26,138760,1604486721,29196000,4057280,52404000,64956000,262926,hold,1,1
coarse-f16-h6-u25,persistent,16,6,0.25,103,confirmation_coarse-f16-h6-u25_s103,6,31,137596,1592018721,14655040,1925280,22365280,14795360,262926,hold,1,0
coarse-f16-h6-u25,persistent,16,6,0.25,103,confirmation_coarse-f16-h6-u25_s103,6,31,138966,1606579681,29216000,2184480,21636800,14795360,262926,hold,1,1
coarse-f16-h6-u25,persistent,16,6,0.25,103,confirmation_coarse-f16-h6-u25_s103,13,6,137602,1592031681,14608000,2577280,14276000,14276000,262926,hold,1,0
coarse-f16-h6-u25,persistent,16,6,0.25,103,confirmation_coarse-f16-h6-u25_s103,13,6,138950,1606386401,28962720,1660000,13612000,14276000,262926,increase,0,1
coarse-f16-h6-u25,persistent,16,6,0.25,103,confirmation_coarse-f16-h6-u25_s103,4,28,137739,1593438401,14940000,2198240,13770720,14719680,262926,increase,0,1
coarse-f16-h6-u25,persistent,16,6,0.25,103,confirmation_coarse-f16-h6-u25_s103,16,33,137772,1593825441,14608000,3134881,47283839,59400640,262926,hold,1,0
coarse-f16-h6-u25,persistent,16,6,0.25,103,confirmation_coarse-f16-h6-u25_s103,16,33,139162,1608564960,29347519,1879519,54393601,59400640,262926,hold,1,1
coarse-f16-h6-u25,persistent,16,6,0.25,103,confirmation_coarse-f16-h6-u25_s103,11,40,138317,1599847681,14436000,3790559,21094721,27971680,262926,hold,1,0
coarse-f16-h6-u25,persistent,16,6,0.25,103,confirmation_coarse-f16-h6-u25_s103,11,40,139708,1614262721,28851040,6388000,19813120,27971680,262926,hold,1,0
coarse-f16-h6-u25,persistent,16,6,0.25,103,confirmation_coarse-f16-h6-u25_s103,11,40,141113,1629534721,44123040,5087040,20398240,27971680,262926,hold,1,0
coarse-f16-h6-u25,persistent,16,6,0.25,103,confirmation_coarse-f16-h6-u25_s103,11,40,142383,1644479841,59068160,5709120,17687040,27971680,262926,hold,1,0
coarse-f16-h6-u25,persistent,16,6,0.25,103,confirmation_coarse-f16-h6-u25_s103,11,40,143788,1659907681,74496000,4232160,26936960,27971680,262926,hold,1,1
coarse-f16-h6-u25,persistent,16,6,0.25,103,confirmation_coarse-f16-h6-u25_s103,12,19,138576,1602642721,15635040,1125280,25444480,26470081,262926,hold,1,0
coarse-f16-h6-u25,persistent,16,6,0.25,103,confirmation_coarse-f16-h6-u25_s103,12,19,140020,1617250721,30243040,5565280,20799520,26470081,262926,hold,1,1
coarse-f16-h6-u25,persistent,16,6,0.25,103,confirmation_coarse-f16-h6-u25_s103,2,52,138613,1603038721,14549120,2610399,56752482,52802240,262926,hold,1,0
coarse-f16-h6-u25,persistent,16,6,0.25,103,confirmation_coarse-f16-h6-u25_s103,2,52,140067,1617670721,29181120,2212160,59262721,52802240,262926,hold,1,1
coarse-f16-h6-u25,persistent,16,6,0.25,103,confirmation_coarse-f16-h6-u25_s103,8,21,138693,1603790721,14768000,8577280,17628000,14620000,262926,hold,1,0
coarse-f16-h6-u25,persistent,16,6,0.25,103,confirmation_coarse-f16-h6-u25_s103,8,21,140166,1618642721,29620000,7675200,13890080,14620000,262926,increase,0,0
coarse-f16-h6-u25,persistent,16,6,0.25,103,confirmation_coarse-f16-h6-u25_s103,1,46,138942,1606294721,14608000,1581280,18929120,17724160,262926,hold,1,1
coarse-f16-h6-u25,persistent,16,6,0.25,103,confirmation_coarse-f16-h6-u25_s103,15,45,139278,1609735681,14860000,3605280,22904000,22876000,262926,hold,1,0
coarse-f16-h6-u25,persistent,16,6,0.25,103,confirmation_coarse-f16-h6-u25_s103,15,45,140694,1624623681,29748000,4453280,20524000,22876000,262926,hold,1,1
coarse-f16-h6-u25,persistent,16,6,0.25,103,confirmation_coarse-f16-h6-u25_s103,14,46,139385,1610790721,14676000,5921280,18920000,21548000,262926,hold,1,1
coarse-f16-h6-u25,persistent,16,6,0.25,103,confirmation_coarse-f16-h6-u25_s103,10,19,139535,1612429441,14434720,3573280,17350560,18335200,262926,hold,1,1
coarse-f16-h6-u25,persistent,16,6,0.25,103,confirmation_coarse-f16-h6-u25_s103,7,27,140247,1619558721,15072000,2857280,59572000,52404000,262926,hold,1,1
coarse-f16-h6-u25,persistent,16,6,0.25,103,confirmation_coarse-f16-h6-u25_s103,1,47,140366,1620902721,14608000,2245280,14929760,18929120,262926,hold,1,1
coarse-f16-h6-u25,persistent,16,6,0.25,103,confirmation_coarse-f16-h6-u25_s103,6,32,140389,1621187681,14608000,1025120,15449120,21636800,262926,hold,1,1
coarse-f16-h6-u25,persistent,16,6,0.25,103,confirmation_coarse-f16-h6-u25_s103,16,34,140568,1623185441,14620481,1734719,56046561,54393601,262926,hold,1,1
coarse-f16-h6-u25,persistent,16,6,0.25,103,confirmation_coarse-f16-h6-u25_s103,14,47,140740,1625226721,14436000,4961280,15756000,18920000,262926,hold,1,0
coarse-f16-h6-u25,persistent,16,6,0.25,103,confirmation_coarse-f16-h6-u25_s103,14,47,141974,1639874721,29084000,5957280,14770080,18920000,262926,hold,1,1
coarse-f16-h6-u25,persistent,16,6,0.25,103,confirmation_coarse-f16-h6-u25_s103,10,20,140894,1627103681,14674240,6325280,17301280,17350560,262926,hold,1,1
coarse-f16-h6-u25,persistent,16,6,0.25,103,confirmation_coarse-f16-h6-u25_s103,12,20,141417,1633345441,16094720,7302240,18763040,20799520,262926,hold,1,0
coarse-f16-h6-u25,persistent,16,6,0.25,103,confirmation_coarse-f16-h6-u25_s103,12,20,142725,1648458721,31208000,9865120,16616160,20799520,262926,hold,1,0
coarse-f16-h6-u25,persistent,16,6,0.25,103,confirmation_coarse-f16-h6-u25_s103,12,20,144055,1662831681,45580960,4783040,26106080,20799520,262926,hold,1,0
coarse-f16-h6-u25,persistent,16,6,0.25,103,confirmation_coarse-f16-h6-u25_s103,2,53,141396,1633067840,15397119,866399,57372000,59262721,262926,hold,1,0
coarse-f16-h6-u25,persistent,16,6,0.25,103,confirmation_coarse-f16-h6-u25_s103,2,53,142664,1647743840,30073119,589280,54326399,59262721,262926,hold,1,1
coarse-f16-h6-u25,persistent,16,6,0.25,103,confirmation_coarse-f16-h6-u25_s103,7,28,141494,1634234721,14676000,4637280,62044000,59572000,262926,hold,1,0
coarse-f16-h6-u25,persistent,16,6,0.25,103,confirmation_coarse-f16-h6-u25_s103,7,28,142779,1649002721,29444000,3033280,62052000,59572000,262926,hold,1,1
coarse-f16-h6-u25,persistent,16,6,0.25,103,confirmation_coarse-f16-h6-u25_s103,1,48,141598,1635409441,14506720,1576160,10618880,14929760,262926,increase,0,0
coarse-f16-h6-u25,persistent,16,6,0.25,103,confirmation_coarse-f16-h6-u25_s103,6,33,141629,1635795681,14608000,1913280,15551840,15449120,262926,hold,1,1
coarse-f16-h6-u25,persistent,16,6,0.25,103,confirmation_coarse-f16-h6-u25_s103,16,35,141834,1638211840,15026399,172000,62444321,56046561,262926,hold,1,1
coarse-f16-h6-u25,persistent,16,6,0.25,103,confirmation_coarse-f16-h6-u25_s103,15,46,141924,1639235681,14612000,2913280,21132000,20524000,262926,hold,1,0
coarse-f16-h6-u25,persistent,16,6,0.25,103,confirmation_coarse-f16-h6-u25_s103,15,46,143196,1653791681,29168000,2729280,19380000,20524000,262926,hold,1,1
coarse-f16-h6-u25,persistent,16,6,0.25,103,confirmation_coarse-f16-h6-u25_s103,10,21,142115,1641486721,14383040,23200,19885120,17301280,262926,hold,1,0
coarse-f16-h6-u25,persistent,16,6,0.25,103,confirmation_coarse-f16-h6-u25_s103,10,21,143389,1655846561,28742880,332000,19369280,17301280,262926,hold,1,1
coarse-f16-h6-u25,persistent,16,6,0.25,103,confirmation_coarse-f16-h6-u25_s103,8,22,142708,1648298721,14620000,7341280,14944000,15457280,262926,hold,1,0
coarse-f16-h6-u25,persistent,16,6,0.25,103,confirmation_coarse-f16-h6-u25_s103,8,22,144083,1663094721,29416000,8706239,9547041,15457280,262926,increase,0,0
coarse-f16-h6-u25,persistent,16,6,0.25,103,confirmation_coarse-f16-h6-u25_s103,13,7,142858,1649884161,14535040,658880,19520160,18338720,262926,hold,1,0
coarse-f16-h6-u25,persistent,16,6,0.25,103,confirmation_coarse-f16-h6-u25_s103,13,7,144204,1664492161,29143040,1840320,18006720,18338720,262926,hold,1,1
coarse-f16-h6-u25,persistent,16,6,0.25,103,confirmation_coarse-f16-h6-u25_s103,6,34,142893,1650349441,14553760,3952320,8372000,15551840,262926,increase,0,1
coarse-f16-h6-u25,persistent,16,6,0.25,103,confirmation_coarse-f16-h6-u25_s103,3,14,143005,1651637441,14472000,5630880,18102400,14612000,262926,hold,1,0
coarse-f16-h6-u25,persistent,16,6,0.25,103,confirmation_coarse-f16-h6-u25_s103,3,14,144364,1666165441,29000000,5393280,21456000,14612000,262926,hold,1,0
coarse-f16-h6-u25,persistent,16,6,0.25,103,confirmation_coarse-f16-h6-u25_s103,16,36,143160,1653453120,15241280,0,53834400,62444321,262926,hold,1,1
coarse-f16-h6-u25,persistent,16,6,0.25,103,confirmation_coarse-f16-h6-u25_s103,14,48,143281,1654778721,14904000,805280,21264000,14770080,262926,hold,1,0
coarse-f16-h6-u25,persistent,16,6,0.25,103,confirmation_coarse-f16-h6-u25_s103,2,54,144016,1662373120,14629280,1180161,53794238,54326399,262926,hold,1,0
coarse-f16-h6-u25,persistent,16,6,0.25,103,confirmation_coarse-f16-h6-u25_s103,7,29,144169,1664110721,15108000,1133280,50724000,62052000,262926,hold,1,0
coarse-f16-h6-u25,persistent,16,6,0.25,103,confirmation_coarse-f16-h6-u25_s103,4,29,144486,1667474401,14940000,253280,20178400,15403841,262926,hold,1,1
coarse-f16-h6-u25,persistent,16,6,0.25,103,confirmation_coarse-f16-h6-u25_s103,15,47,144561,1668319681,14528000,1889280,20792000,19380000,262926,hold,1,1
