cell_id,scenario,foreground_flows,hot_path_groups,background_utilization,seed,run_id,flow_id,round_index,start_event_seq,end_event_seq,start_ps,end_ps,duration_ps,complete,censored,censor_reason,F_ps,S_ps,S_ref_ps,S_end_ps,delta_S,literal_no_progress,no_progress_1us,no_progress_2us,no_progress_4us,hold_duration_ps,hold_epoch_count,low_floor_epoch_count,round_epoch_count,low_floor_fraction,high_spread_fraction,actual_cwnd_bytes,actual_state,fifo_depth,virtual_replacements,seeded_admission_pass,seeded_admission_fail,replacement_admission_pass,replacement_admission_fail,entropy_coverage,physical_path_coverage,mean_qdelay_ps,offered_load_valid,L_foreground_gbps,offered_elapsed_ps_min,offered_elapsed_ps_max,capacity_valid,capacity_classification,C_healthy_gbps,C_hot_residual_gbps,C_effective_residual_gbps,configured_background_gbps,measured_background_gbps,healthy_maxflow_gbps,effective_maxflow_gbps,healthy_feasible,effective_feasible,healthy_deficit_gbps,effective_deficit_gbps,flow_queue_edge_count,unique_cut_queue_count,duplicate_entropy_edge_count,capacity_margin_gbps,valid_round,failed_predicates
coarse-f16-h6-u25,persistent,16,6,0.25,101,confirmation_coarse-f16-h6-u25_s101,12,0,21305,22634,280950721,295473121,14522400,1,0,,575040,28714560,28714560,28471520,0.00846399875185272,0,1,1,1,14190400,1,1,1,1.0,1.0,262926,hold,0,8,0,0,8,0,7,7,9337748.0,1,1423.7913042223418,14522400,31540000,1,persistent,1000.0,450.0,1450.0,150.0,146.804614226056,1000.0,1423.7913042223415,0,1,423.7913042223415,0.0,104,16,24,26.20869577765825,1,
coarse-f16-h6-u25,persistent,16,6,0.25,101,confirmation_coarse-f16-h6-u25_s101,5,0,21426,22756,282193121,296801121,14608000,1,0,,270400,29530880,29530880,29980960,-0.015240995188765117,1,1,1,1,14276000,1,1,1,1.0,1.0,262926,hold,0,8,0,0,8,0,8,6,11597288.205128206,1,1430.113746688482,14608000,31540000,1,persistent,1000.0,450.0,1450.0,150.0,146.804614226056,1000.0,1430.1137466884818,0,1,430.11374668848185,0.0,104,16,24,19.886253311517976,1,
coarse-f16-h6-u25,persistent,16,6,0.25,101,confirmation_coarse-f16-h6-u25_s101,9,0,21467,24009,282610721,311450721,28840000,1,0,,427840,31360320,31360320,23781120,0.24168120733461904,0,0,0,0,28176000,2,2,2,1.0,1.0,262926,hold,1,7,1,0,41,0,7,6,8199196.049382716,1,1416.9789583784088,28840000,47144000,1,persistent,1000.0,450.0,1450.0,150.0,146.804614226056,1000.0,1416.9789583784088,0,1,416.9789583784088,0.0,104,16,24,33.021041621591166,1,
coarse-f16-h6-u25,persistent,16,6,0.25,101,confirmation_coarse-f16-h6-u25_s101,4,0,21639,24234,284844001,314133601,29289600,1,0,,4237280,18164160,18164160,20173280,-0.11060902348360728,1,1,1,1,28630720,2,2,2,1.0,1.0,262926,hold,0,8,0,0,8,0,8,5,10802246.666666666,1,1410.0289815032822,29289600,47144000,1,persistent,1000.0,450.0,1450.0,150.0,146.804614226056,1000.0,1410.0289815032822,0,1,410.0289815032822,0.0,104,16,24,39.97101849671776,1,
coarse-f16-h6-u25,persistent,16,6,0.25,101,confirmation_coarse-f16-h6-u25_s101,8,0,21791,24457,286346561,316614721,30268160,1,0,,917280,30627840,30627840,32951840,-0.07587867769976596,1,1,1,1,29604160,2,2,2,1.0,1.0,262926,hold,0,8,0,0,8,0,7,6,16769807.272727273,1,1411.9732769133223,30268160,47144000,1,persistent,1000.0,450.0,1450.0,150.0,146.804614226056,1000.0,1411.9732769133223,0,1,411.9732769133222,0.0,104,16,24,38.02672308667775,1,
coarse-f16-h6-u25,persistent,16,6,0.25,101,confirmation_coarse-f16-h6-u25_s101,2,0,21878,,287320321,,,0,1,observation_end_right_censored,737600,22507520,22507520,,,,,,,1332078082,93,93,93,1.0,1.0,262926,hold,1,7,0,0,1490,0,6,5,13684632.914728682,1,1328.1454666166967,1384381280,1409524160,1,persistent,1000.0,450.0,1450.0,150.0,146.804614226056,1000.0,1328.1454666166967,0,1,328.1454666166966,0.0,104,16,24,121.8545333833033,0,round_censored
coarse-f16-h6-u25,persistent,16,6,0.25,101,confirmation_coarse-f16-h6-u25_s101,14,0,21897,23303,287590721,302941441,15350720,1,0,,0,40757280,40757280,36684320,0.09993208575253304,0,0,0,0,14276000,1,1,1,1.0,1.0,262926,hold,0,8,0,0,8,0,8,6,14153772.307692308,1,1420.59047675549,15350720,44100160,1,persistent,1000.0,450.0,1450.0,150.0,146.804614226056,1000.0,1420.59047675549,0,1,420.59047675549004,0.0,104,16,24,29.409523244509955,1,
coarse-f16-h6-u25,persistent,16,6,0.25,101,confirmation_coarse-f16-h6-u25_s101,13,0,21924,23248,287922721,302370881,14448160,1,0,,1817440,22261120,22261120,26225600,-0.17808987148894576,1,1,1,1,14116160,1,1,1,1.0,1.0,262926,hold,0,8,0,0,8,0,8,5,8214208.0,1,1427.3840339791698,14448160,31080000,1,persistent,1000.0,450.0,1450.0,150.0,146.804614226056,1000.0,1427.3840339791698,0,1,427.3840339791698,0.0,104,16,24,22.61596602083023,1,
coarse-f16-h6-u25,persistent,16,6,0.25,101,confirmation_coarse-f16-h6-u25_s101,1,0,22049,24710,289250721,319794721,30544000,1,0,,415840,29638720,29638720,24078560,0.18759784498115978,0,0,0,0,28884000,2,2,2,1.0,1.0,262926,hold,0,8,0,0,8,0,6,5,12274004.705882354,1,1395.7940562808772,30544000,47330560,1,persistent,1000.0,450.0,1450.0,150.0,146.804614226056,1000.0,1395.7940562808774,0,1,395.7940562808774,0.0,104,16,24,54.20594371912284,1,
coarse-f16-h6-u25,persistent,16,6,0.25,101,confirmation_coarse-f16-h6-u25_s101,10,0,22133,24821,290156001,321070721,30914720,1,0,,1598400,29441920,29441920,35036000,-0.19000391278829643,1,1,1,1,28712000,2,2,2,1.0,1.0,262926,hold,1,8,0,1,10,0,6,6,15121728.888888888,1,1389.7815216882973,30914720,47330560,1,persistent,1000.0,450.0,1450.0,150.0,146.804614226056,1000.0,1389.7815216882973,0,1,389.7815216882972,0.0,104,16,24,60.21847831170271,1,
coarse-f16-h6-u25,persistent,16,6,0.25,101,confirmation_coarse-f16-h6-u25_s101,3,0,22161,,290493121,,,0,1,observation_end_right_censored,747840,37267840,37267840,,,,,,,1327566720,93,93,93,1.0,1.0,262926,hold,1,7,0,0,1216,0,6,6,13861170.499027867,1,1327.5975166595515,1384381280,1401714720,1,persistent,1000.0,450.0,1450.0,150.0,146.804614226056,1000.0,1327.5975166595515,0,1,327.5975166595515,0.0,104,16,24,122.4024833404485,0,round_censored
coarse-f16-h6-u25,persistent,16,6,0.25,101,confirmation_coarse-f16-h6-u25_s101,11,0,22513,23774,294223841,308653441,14429600,1,0,,246400,30888000,30888000,20613120,0.3326495726495726,0,0,0,0,14097600,1,1,1,1.0,1.0,262926,hold,0,8,0,0,8,0,7,5,8109520.0,1,1415.0645079550904,14429600,31872000,1,persistent,1000.0,450.0,1450.0,150.0,146.804614226056,1000.0,1415.0645079550904,0,1,415.0645079550904,0.0,104,16,24,34.93549204490955,1,
coarse-f16-h6-u25,persistent,16,6,0.25,101,confirmation_coarse-f16-h6-u25_s101,16,0,22560,26256,294646561,338333281,43686720,1,0,,590400,37516000,37516000,31250400,0.1670114084657213,0,0,0,0,42690720,3,3,3,1.0,1.0,262926,hold,1,8,0,1,43,0,7,6,8912362.666666666,1,1359.2821108732787,43686720,72949280,1,persistent,1000.0,450.0,1450.0,150.0,146.804614226056,1000.0,1359.2821108732787,0,1,359.2821108732787,0.0,104,16,24,90.71788912672127,1,
coarse-f16-h6-u25,persistent,16,6,0.25,101,confirmation_coarse-f16-h6-u25_s101,15,0,22569,25058,294675841,323873441,29197600,1,0,,2577280,20994720,20994720,19953120,0.04961247399346121,0,0,1,1,28230880,2,2,2,1.0,1.0,262926,hold,1,8,0,1,23,0,7,5,9438183.896103896,1,1378.0066232801696,29197600,47330560,1,persistent,1000.0,450.0,1450.0,150.0,146.804614226056,1000.0,1378.0066232801694,0,1,378.0066232801694,0.0,104,16,24,71.9933767198304,1,
coarse-f16-h6-u25,persistent,16,6,0.25,101,confirmation_coarse-f16-h6-u25_s101,12,1,22634,23892,295473121,310081121,14608000,1,0,,575040,28471520,28471520,23719200,0.16691486791010807,0,0,0,0,14276000,1,1,1,1.0,1.0,262926,hold,0,8,0,0,8,0,8,7,10319790.222222222,1,1416.2643618111656,14608000,31872000,1,persistent,1000.0,450.0,1450.0,150.0,146.804614226056,1000.0,1416.2643618111656,0,1,416.26436181116554,0.0,104,16,24,33.7356381888344,1,
coarse-f16-h6-u25,persistent,16,6,0.25,101,confirmation_coarse-f16-h6-u25_s101,5,1,22756,25214,296801121,325770721,28969600,1,0,,1827680,29980960,29980960,20659040,0.3109280023054632,0,0,0,0,28305600,2,2,2,1.0,1.0,262926,hold,1,8,0,1,11,0,8,6,10162569.75609756,1,1377.3084751066408,28969600,47330560,1,persistent,1000.0,450.0,1450.0,150.0,146.804614226056,1000.0,1377.3084751066406,0,1,377.3084751066407,0.0,104,16,24,72.6915248933592,1,
coarse-f16-h6-u25,persistent,16,6,0.25,101,confirmation_coarse-f16-h6-u25_s101,13,1,23248,25692,302370881,331554881,29184000,1,0,,681120,26225600,26225600,27876160,-0.06293697760966384,1,1,1,1,28280000,2,2,2,1.0,1.0,262926,hold,0,8,0,0,8,0,8,5,12236264.347826088,1,1362.9583053136598,29184000,47330560,1,persistent,1000.0,450.0,1450.0,150.0,146.804614226056,1000.0,1362.9583053136598,0,1,362.95830531365976,0.0,104,16,24,87.04169468634018,1,
coarse-f16-h6-u25,persistent,16,6,0.25,101,confirmation_coarse-f16-h6-u25_s101,14,1,23303,28383,302941441,363582721,60641280,1,0,,167680,36684320,36684320,25513280,0.3045181156417783,0,0,0,0,57513280,4,4,4,1.0,1.0,262926,hold,0,8,0,0,8,0,5,3,15403628.07017544,1,1333.9321508793932,60641280,75550560,1,persistent,1000.0,450.0,1450.0,150.0,146.804614226056,1000.0,1333.932150879393,0,1,333.9321508793931,0.0,104,16,24,116.06784912060675,1,
coarse-f16-h6-u25,persistent,16,6,0.25,101,confirmation_coarse-f16-h6-u25_s101,11,1,23774,25016,308653441,323441441,14788000,1,0,,905280,20613120,20613120,30869120,-0.49754719324391455,1,1,1,1,14456000,1,1,1,1.0,1.0,262926,hold,0,8,0,0,8,0,8,6,11898005.853658536,1,1365.9831367770698,14788000,31726560,1,persistent,1000.0,450.0,1450.0,150.0,146.804614226056,1000.0,1365.9831367770696,0,1,365.98313677706966,0.0,104,16,24,84.01686322293017,1,
coarse-f16-h6-u25,persistent,16,6,0.25,101,confirmation_coarse-f16-h6-u25_s101,12,2,23892,25131,310081121,324689121,14608000,1,0,,3994240,23719200,23719200,13765120,0.4196633950554825,0,0,0,0,0,0,1,1,1.0,0.0,262926,hold,0,8,0,0,8,0,6,6,7938075.428571428,1,1345.5751766370245,14608000,31726560,1,persistent,1000.0,450.0,1450.0,150.0,146.804614226056,1000.0,1345.5751766370245,0,1,345.5751766370245,0.0,104,16,24,104.42482336297553,1,
coarse-f16-h6-u25,persistent,16,6,0.25,101,confirmation_coarse-f16-h6-u25_s101,9,1,24009,26434,311450721,340570721,29120000,1,0,,2927040,23781120,23781120,21768000,0.08465202648151138,0,0,0,1,28216000,2,2,2,1.0,1.0,262926,hold,1,8,0,1,16,0,8,7,10575285.633802816,1,1327.595827506884,29120000,46094239,1,persistent,1000.0,450.0,1450.0,150.0,146.804614226056,1000.0,1327.595827506884,0,1,327.5958275068839,0.0,104,16,24,122.404172493116,1,
coarse-f16-h6-u25,persistent,16,6,0.25,101,confirmation_coarse-f16-h6-u25_s101,4,1,24234,25487,314133601,329078721,14945120,1,0,,0,20173280,20173280,21313440,-0.0565183252302055,1,1,1,1,14359840,1,1,1,1.0,1.0,262926,hold,1,7,1,0,17,0,8,5,8854248.888888888,1,1339.9898540789318,14945120,31726560,1,persistent,1000.0,450.0,1450.0,150.0,146.804614226056,1000.0,1339.9898540789318,0,1,339.98985407893167,0.0,104,16,24,110.01014592106822,1,
coarse-f16-h6-u25,persistent,16,6,0.25,101,confirmation_coarse-f16-h6-u25_s101,8,1,24457,26901,316614721,346541441,29926720,1,0,,833440,32951840,32951840,32676160,0.008366148900941495,0,1,1,1,28690720,2,2,2,1.0,1.0,262926,hold,0,8,0,0,8,0,7,6,16936656.666666668,1,1318.901988087254,29926720,58996000,1,persistent,1000.0,450.0,1450.0,150.0,146.804614226056,1000.0,1318.9019880872538,0,1,318.90198808725387,0.0,104,16,24,131.09801191274596,1,
coarse-f16-h6-u25,persistent,16,6,0.25,101,confirmation_coarse-f16-h6-u25_s101,1,1,24710,28448,319794721,364282721,44488000,1,0,,1913280,24078560,24078560,22576000,0.062402402801496434,0,0,1,1,43160000,3,3,3,1.0,1.0,262926,hold,0,8,0,0,8,0,5,5,11126426.0,1,1318.1980091814607,44488000,61088000,1,persistent,1000.0,450.0,1450.0,150.0,146.804614226056,1000.0,1318.198009181461,0,1,318.1980091814609,0.0,104,16,24,131.80199081853925,1,
coarse-f16-h6-u25,persistent,16,6,0.25,101,confirmation_coarse-f16-h6-u25_s101,10,1,24821,27244,321070721,350458721,29388000,1,0,,1021280,35036000,35036000,32026880,0.08588651672565362,0,0,0,1,28724000,2,2,2,1.0,1.0,262926,hold,0,8,0,0,8,0,7,6,13931170.909090908,1,1312.3356870217774,29388000,59009440,1,persistent,1000.0,450.0,1450.0,150.0,146.804614226056,1000.0,1312.3356870217772,0,1,312.3356870217772,0.0,104,16,24,137.6643129782226,1,
coarse-f16-h6-u25,persistent,16,6,0.25,101,confirmation_coarse-f16-h6-u25_s101,11,2,25016,27423,323441441,352572001,29130560,1,0,,2584160,30869120,30869120,27353600,0.11388468475939709,0,0,0,1,28466560,2,2,2,1.0,1.0,262926,hold,1,8,0,1,8,0,8,6,11254576.71641791,1,1305.2719019514977,29130560,46426560,1,persistent,1000.0,450.0,1450.0,150.0,146.804614226056,1000.0,1305.2719019514977,0,1,305.27190195149774,0.0,104,16,24,144.72809804850226,1,
coarse-f16-h6-u25,persistent,16,6,0.25,101,confirmation_coarse-f16-h6-u25_s101,15,1,25058,26249,323873441,338296001,14422560,1,0,,1148320,19953120,19953120,21277440,-0.06637157497173374,1,1,1,1,14090560,1,1,1,1.0,1.0,262926,hold,0,8,0,0,8,0,8,6,11684106.666666666,1,1304.4839549037947,14422560,30843840,1,persistent,1000.0,450.0,1450.0,150.0,146.804614226056,1000.0,1304.483954903795,0,1,304.4839549037948,0.0,104,16,24,145.5160450962053,1,
coarse-f16-h6-u25,persistent,16,6,0.25,101,confirmation_coarse-f16-h6-u25_s101,5,2,25214,26415,325770721,340383841,14613120,1,0,,4821120,20659040,20659040,18768320,0.09152022552838854,0,0,1,1,14281120,1,1,1,1.0,1.0,262926,hold,0,8,0,0,8,0,8,6,7526880.0,1,1291.8037487940323,14613120,30843840,1,persistent,1000.0,450.0,1450.0,150.0,146.804614226056,1000.0,1291.8037487940326,0,1,291.8037487940325,0.0,104,16,24,158.19625120596766,1,
coarse-f16-h6-u25,persistent,16,6,0.25,101,confirmation_coarse-f16-h6-u25_s101,4,2,25487,27965,329078721,358808161,29729440,1,0,,174560,21313440,21313440,21819201,-0.02372967479674797,1,1,1,1,28539041,2,2,2,1.0,1.0,262926,hold,1,8,0,1,18,0,8,5,11424866.784810126,1,1303.3411485440122,29729440,46426560,1,persistent,1000.0,450.0,1450.0,150.0,146.804614226056,1000.0,1303.3411485440124,0,1,303.3411485440124,0.0,104,16,24,146.65885145598781,1,
coarse-f16-h6-u25,persistent,16,6,0.25,101,confirmation_coarse-f16-h6-u25_s101,13,2,25692,28183,331554881,361366881,29812000,1,0,,3373280,27876160,27876160,15680000,0.43751219680185505,0,0,0,0,28908000,2,2,2,1.0,1.0,262926,hold,0,8,0,0,8,0,8,5,11422913.333333334,1,1297.2165690138172,29812000,46426560,1,persistent,1000.0,450.0,1450.0,150.0,146.804614226056,1000.0,1297.2165690138172,0,1,297.2165690138173,0.0,104,16,24,152.7834309861828,1,
coarse-f16-h6-u25,persistent,16,6,0.25,101,confirmation_coarse-f16-h6-u25_s101,7,0,25937,28370,334493441,363386721,28893280,1,0,,107840,15604000,15604000,17450560,-0.11833888746475263,1,1,1,1,28229280,2,2,2,1.0,1.0,262926,hold,0,8,0,0,8,0,6,5,12124786.229166666,1,1306.9167029464425,28893280,44904000,1,persistent,1000.0,450.0,1450.0,150.0,146.804614226056,1000.0,1306.9167029464427,0,1,306.91670294644274,0.0,104,16,24,143.08329705355754,1,
coarse-f16-h6-u25,persistent,16,6,0.25,101,confirmation_coarse-f16-h6-u25_s101,15,2,26249,28704,338296001,367270721,28974720,1,0,,1361120,21277440,21277440,21157280,0.005647295915298081,0,1,1,1,28310720,2,2,2,1.0,1.0,262926,hold,0,8,0,0,8,0,8,6,10910586.329113925,1,1312.687828323372,28974720,46092160,1,persistent,1000.0,450.0,1450.0,150.0,146.804614226056,1000.0,1312.6878283233723,0,1,312.68782832337223,0.0,104,16,24,137.31217167662794,1,
coarse-f16-h6-u25,persistent,16,6,0.25,101,confirmation_coarse-f16-h6-u25_s101,16,1,26256,28730,338333281,367549281,29216000,1,0,,0,31250400,31250400,27024160,0.1352379489542534,0,0,0,0,28552000,2,2,2,1.0,1.0,262926,hold,1,7,1,0,22,0,7,6,10177597.922077922,1,1311.682000396522,29216000,46092160,1,persistent,1000.0,450.0,1450.0,150.0,146.804614226056,1000.0,1311.682000396522,0,1,311.6820003965221,0.0,104,16,24,138.31799960347803,1,
coarse-f16-h6-u25,persistent,16,6,0.25,101,confirmation_coarse-f16-h6-u25_s101,12,3,26336,28846,339297121,368851681,29554560,1,0,,1913280,19876480,19876480,25183680,-0.2670090478797051,1,1,1,1,28412000,2,2,2,1.0,1.0,262926,hold,1,8,0,1,13,0,8,7,11627188.888888888,1,1313.736931063029,29554560,46092160,1,persistent,1000.0,450.0,1450.0,150.0,146.804614226056,1000.0,1313.736931063029,0,1,313.73693106302903,0.0,104,16,24,136.26306893697097,1,
coarse-f16-h6-u25,persistent,16,6,0.25,101,confirmation_coarse-f16-h6-u25_s101,5,3,26415,30221,340383841,384117121,43733280,1,0,,2154560,18768320,18768320,18174400,0.03164481424016641,0,1,1,1,42656800,3,3,3,1.0,1.0,262926,hold,1,8,0,1,9,0,7,5,10996858.053097345,1,1322.097387125382,43733280,60978720,1,persistent,1000.0,450.0,1450.0,150.0,146.804614226056,1000.0,1322.0973871253823,0,1,322.0973871253822,0.0,104,16,24,127.90261287461794,1,
coarse-f16-h6-u25,persistent,16,6,0.25,101,confirmation_coarse-f16-h6-u25_s101,9,2,26434,31661,340570721,400134721,59564000,1,0,,4129280,21768000,21768000,28596000,-0.31367144432194044,1,1,1,1,57996000,4,4,4,1.0,1.0,262926,hold,1,8,0,1,8,0,8,7,14588366.25,1,1325.9792215496072,59564000,75586720,1,persistent,1000.0,450.0,1450.0,150.0,146.804614226056,1000.0,1325.9792215496075,0,1,325.9792215496074,0.0,104,16,24,124.02077845039275,1,
coarse-f16-h6-u25,persistent,16,6,0.25,101,confirmation_coarse-f16-h6-u25_s101,8,2,26901,29557,346541441,376889441,30348000,1,0,,444000,32676160,32676160,31724000,0.029139286868469245,0,1,1,1,29352000,2,2,2,1.0,1.0,262926,hold,1,8,0,1,10,0,8,7,14066961.23076923,1,1317.0105532936398,30348000,46092160,1,persistent,1000.0,450.0,1450.0,150.0,146.804614226056,1000.0,1317.0105532936398,0,1,317.0105532936398,0.0,104,16,24,132.98944670636024,1,
coarse-f16-h6-u25,persistent,16,6,0.25,101,confirmation_coarse-f16-h6-u25_s101,6,0,26966,29571,347338721,376989441,29650720,1,0,,1913280,18345600,18345600,13944000,0.23992673992673993,0,0,0,0,14046720,1,2,2,1.0,0.5,262926,hold,0,8,0,0,8,0,7,6,10940911.746031746,1,1317.4086281820098,29650720,46092160,1,persistent,1000.0,450.0,1450.0,150.0,146.804614226056,1000.0,1317.4086281820098,0,1,317.40862818200975,0.0,104,16,24,132.5913718179902,1,
coarse-f16-h6-u25,persistent,16,6,0.25,101,confirmation_coarse-f16-h6-u25_s101,10,2,27244,,350458721,,,0,1,hold_exit_before_slot_completion,5209280,32026880,32026880,,,,,,,0,0,1,1,1.0,0.0,262926,hold,0,0,0,0,0,0,7,6,10491835.555555556,1,1316.1352858470548,14740000,30348000,1,persistent,1000.0,450.0,1450.0,150.0,146.804614226056,1000.0,1316.135285847055,0,1,316.1352858470549,0.0,104,16,24,133.86471415294523,0,round_censored
coarse-f16-h6-u25,persistent,16,6,0.25,101,confirmation_coarse-f16-h6-u25_s101,11,3,27423,28710,352572001,367275841,14703840,1,0,,4993280,27353600,27353600,27905120,-0.020162611137108096,1,1,1,1,14039840,1,1,1,1.0,1.0,262926,hold,0,8,0,0,8,0,8,6,12264168.64864865,1,1315.2294516628729,14703840,43612160,1,persistent,1000.0,450.0,1450.0,150.0,146.804614226056,1000.0,1315.229451662873,0,1,315.22945166287303,0.0,104,16,24,134.77054833712714,1,
coarse-f16-h6-u25,persistent,16,6,0.25,101,confirmation_coarse-f16-h6-u25_s101,4,3,27965,30560,358808161,387954721,29146560,1,0,,3851519,21819201,21819201,29390720,-0.34701174438055726,1,1,1,1,28423200,2,2,2,1.0,1.0,262926,hold,1,7,1,0,18,0,7,5,10176051.043478262,1,1332.4481419022873,29146560,45152000,1,persistent,1000.0,450.0,1450.0,150.0,146.804614226056,1000.0,1332.4481419022873,0,1,332.4481419022874,0.0,104,16,24,117.55185809771274,1,
coarse-f16-h6-u25,persistent,16,6,0.25,101,confirmation_coarse-f16-h6-u25_s101,13,3,28183,29470,361366881,375894881,14528000,1,0,,3697280,15680000,15680000,17600000,-0.12244897959183673,1,1,1,1,14076000,1,1,1,1.0,1.0,262926,hold,0,8,0,0,8,0,8,5,13191602.285714285,1,1334.9049872098803,14528000,30348000,1,persistent,1000.0,450.0,1450.0,150.0,146.804614226056,1000.0,1334.9049872098803,0,1,334.9049872098803,0.0,104,16,24,115.09501279011965,1,
coarse-f16-h6-u25,persistent,16,6,0.25,101,confirmation_coarse-f16-h6-u25_s101,7,1,28370,,363386721,,,0,1,hold_exit_before_slot_completion,2004959,17450560,17450560,,,,,,,0,0,1,1,1.0,0.0,262926,hold,0,0,0,0,0,0,6,5,9906874.5,1,1338.1265556890771,14930720,44120160,1,persistent,1000.0,450.0,1450.0,150.0,146.804614226056,1000.0,1338.1265556890771,0,1,338.12655568907707,0.0,104,16,24,111.87344431092288,0,round_censored
coarse-f16-h6-u25,persistent,16,6,0.25,101,confirmation_coarse-f16-h6-u25_s101,14,2,28383,29663,363582721,378118721,14536000,1,0,,60160,25513280,25513280,25538880,-0.0010033990141604687,1,1,1,1,14204000,1,1,1,1.0,1.0,262926,hold,0,8,0,0,8,0,8,6,12964951.794871794,1,1345.1539801319855,14536000,30265440,1,persistent,1000.0,450.0,1450.0,150.0,146.804614226056,1000.0,1345.1539801319855,0,1,345.1539801319854,0.0,104,16,24,104.84601986801454,1,
coarse-f16-h6-u25,persistent,16,6,0.25,101,confirmation_coarse-f16-h6-u25_s101,1,2,28448,32430,364282721,408849441,44566720,1,0,,1581280,22576000,22576000,17594880,0.22063784549964563,0,0,0,0,43238720,3,3,3,1.0,1.0,262926,hold,0,8,0,0,8,0,6,5,11674122.985074626,1,1337.629187073994,44566720,60106400,1,persistent,1000.0,450.0,1450.0,150.0,146.804614226056,1000.0,1337.629187073994,0,1,337.62918707399405,0.0,104,16,24,112.37081292600601,1,
coarse-f16-h6-u25,persistent,16,6,0.25,101,confirmation_coarse-f16-h6-u25_s101,15,3,28704,31333,367270721,396486721,29216000,1,0,,1340000,21157280,21157280,28564000,-0.3500790271717347,1,1,1,1,28552000,2,2,2,1.0,1.0,262926,hold,1,7,1,0,19,0,8,6,7853133.8271604935,1,1329.6901236945937,29216000,45493280,1,persistent,1000.0,450.0,1450.0,150.0,146.804614226056,1000.0,1329.6901236945937,0,1,329.6901236945938,0.0,104,16,24,120.3098763054063,1,
coarse-f16-h6-u25,persistent,16,6,0.25,101,confirmation_coarse-f16-h6-u25_s101,11,4,28710,30012,367275841,381945441,14669600,1,0,,2577280,27905120,27905120,30236000,-0.08352875744666212,1,1,1,1,14342720,1,1,1,1.0,1.0,262926,hold,0,8,0,0,8,0,8,6,10217591.111111112,1,1332.8740875249784,14669600,43493280,1,persistent,1000.0,450.0,1450.0,150.0,146.804614226056,1000.0,1332.8740875249784,0,1,332.87408752497856,0.0,104,16,24,117.12591247502155,1,
coarse-f16-h6-u25,persistent,16,6,0.25,101,confirmation_coarse-f16-h6-u25_s101,16,2,28730,30008,367549281,381938561,14389280,1,0,,2523840,27024160,27024160,32009280,-0.18446900847241876,1,1,1,1,14057280,1,1,1,1.0,1.0,262926,hold,0,8,0,0,8,0,8,7,10493080.0,1,1340.4864772199085,14389280,30221280,1,persistent,1000.0,450.0,1450.0,150.0,146.804614226056,1000.0,1340.4864772199085,0,1,340.4864772199086,0.0,104,16,24,109.51352278009153,1,
coarse-f16-h6-u25,persistent,16,6,0.25,101,confirmation_coarse-f16-h6-u25_s101,12,4,28846,30164,368851681,383566401,14714720,1,0,,306720,25183680,25183680,27155680,-0.07830467985616081,1,1,1,1,14382720,1,1,1,1.0,1.0,262926,hold,0,8,0,0,8,0,7,7,10021367.61904762,1,1336.297324513701,14714720,30221280,1,persistent,1000.0,450.0,1450.0,150.0,146.804614226056,1000.0,1336.297324513701,0,1,336.2973245137008,0.0,104,16,24,113.70267548629909,1,
coarse-f16-h6-u25,persistent,16,6,0.25,101,confirmation_coarse-f16-h6-u25_s101,13,4,29470,30767,375894881,390422881,14528000,1,0,,3189280,17600000,17600000,19349600,-0.0994090909090909,1,1,1,1,14076000,1,1,1,1.0,1.0,262926,hold,0,8,0,0,8,0,8,5,12580192.0,1,1337.3721585870333,14528000,30221280,1,persistent,1000.0,450.0,1450.0,150.0,146.804614226056,1000.0,1337.3721585870333,0,1,337.37215858703314,0.0,104,16,24,112.62784141296675,1,
coarse-f16-h6-u25,persistent,16,6,0.25,101,confirmation_coarse-f16-h6-u25_s101,8,3,29557,33445,376889441,420733441,43844000,1,0,,4933280,31724000,31724000,35708000,-0.1255831547093683,1,1,1,1,42608000,3,3,3,1.0,1.0,262926,hold,0,8,0,0,8,0,8,7,14921783.092783505,1,1337.6073192796955,43844000,60106400,1,persistent,1000.0,450.0,1450.0,150.0,146.804614226056,1000.0,1337.6073192796955,0,1,337.60731927969556,0.0,104,16,24,112.3926807203045,1,
coarse-f16-h6-u25,persistent,16,6,0.25,101,confirmation_coarse-f16-h6-u25_s101,14,3,29663,36079,378118721,452170721,74052000,1,0,,1562560,25538880,25538880,20348000,0.20325401897029158,0,0,0,0,71912000,5,5,5,1.0,1.0,262926,hold,0,8,0,0,8,0,8,6,12519765.581395349,1,1327.8021683752468,74052000,90306560,1,persistent,1000.0,450.0,1450.0,150.0,146.804614226056,1000.0,1327.8021683752468,0,1,327.8021683752468,0.0,104,16,24,122.19783162475323,1,
coarse-f16-h6-u25,persistent,16,6,0.25,101,confirmation_coarse-f16-h6-u25_s101,10,3,29809,31174,379690721,394670721,14980000,1,0,,5653280,30844000,30844000,35560000,-0.15289845675009725,1,1,1,1,14408000,1,1,1,1.0,1.0,262926,hold,0,8,0,0,8,0,8,7,13042724.444444444,1,1336.3781526066111,14980000,44566720,1,persistent,1000.0,450.0,1450.0,150.0,146.804614226056,1000.0,1336.378152606611,0,1,336.3781526066109,0.0,104,16,24,113.62184739338886,1,
coarse-f16-h6-u25,persistent,16,6,0.25,101,confirmation_coarse-f16-h6-u25_s101,16,3,30008,32627,381938561,411041281,29102720,1,0,,972000,32009280,32009280,34641280,-0.08222615441521959,1,1,1,1,28440000,2,2,2,1.0,1.0,262926,hold,1,7,1,0,45,0,7,6,7679356.144578313,1,1346.958816503374,29102720,44834400,1,persistent,1000.0,450.0,1450.0,150.0,146.804614226056,1000.0,1346.9588165033742,0,1,346.9588165033741,0.0,104,16,24,103.04118349662599,1,
coarse-f16-h6-u25,persistent,16,6,0.25,101,confirmation_coarse-f16-h6-u25_s101,11,5,30012,33852,381945441,425561441,43616000,1,0,,509280,30236000,30236000,32089440,-0.06129911363937029,1,1,1,1,42425280,3,3,3,1.0,1.0,262926,hold,1,8,0,1,8,0,7,5,14072887.422680411,1,1336.6103018861002,43616000,60101280,1,persistent,1000.0,450.0,1450.0,150.0,146.804614226056,1000.0,1336.6103018861004,0,1,336.6103018861003,0.0,104,16,24,113.38969811389984,1,
coarse-f16-h6-u25,persistent,16,6,0.25,101,confirmation_coarse-f16-h6-u25_s101,12,5,30164,32765,383566401,412669121,29102720,1,0,,28000,27155680,27155680,33727519,-0.242006055455065,1,1,1,1,28318720,2,2,2,1.0,1.0,262926,hold,1,7,1,0,25,0,8,7,9157718.350649351,1,1340.225229883624,29102720,44834400,1,persistent,1000.0,450.0,1450.0,150.0,146.804614226056,1000.0,1340.2252298836243,0,1,340.22522988362414,0.0,104,16,24,109.77477011637598,1,
coarse-f16-h6-u25,persistent,16,6,0.25,101,confirmation_coarse-f16-h6-u25_s101,5,4,30221,32815,384117121,413333121,29216000,1,0,,3905280,18174400,18174400,19920000,-0.09604718725239898,1,1,1,1,28552000,2,2,2,1.0,1.0,262926,hold,1,7,1,0,32,0,8,6,9052133.012048192,1,1342.8662216440023,29216000,44834400,1,persistent,1000.0,450.0,1450.0,150.0,146.804614226056,1000.0,1342.8662216440023,0,1,342.8662216440024,0.0,104,16,24,107.13377835599772,1,
coarse-f16-h6-u25,persistent,16,6,0.25,101,confirmation_coarse-f16-h6-u25_s101,4,4,30560,31916,387954721,402894721,14940000,1,0,,33280,29390720,29390720,30147680,-0.025755068266446007,1,1,1,1,14608000,1,1,1,1.0,1.0,262926,hold,0,8,0,0,8,0,8,5,12374564.628571428,1,1337.12251352003,14940000,30221280,1,persistent,1000.0,450.0,1450.0,150.0,146.804614226056,1000.0,1337.12251352003,0,1,337.12251352003005,0.0,104,16,24,112.87748647997,1,
coarse-f16-h6-u25,persistent,16,6,0.25,101,confirmation_coarse-f16-h6-u25_s101,13,5,30767,38366,390422881,478690881,88268000,1,0,,3309280,19349600,19349600,18652000,0.03605242485632778,0,1,1,1,85556000,6,6,6,1.0,1.0,262926,hold,0,8,0,0,8,0,7,5,13768613.6,1,1319.3592191595321,88268000,106913280,1,persistent,1000.0,450.0,1450.0,150.0,146.804614226056,1000.0,1319.359219159532,0,1,319.3592191595319,0.0,104,16,24,130.64078084046787,1,
coarse-f16-h6-u25,persistent,16,6,0.25,101,confirmation_coarse-f16-h6-u25_s101,6,1,30917,,391938721,,,0,1,hold_exit_before_slot_completion,917280,14949280,14949280,,,,,,,0,0,1,1,1.0,0.0,262926,hold,0,2,0,0,2,0,7,6,10550813.333333334,1,1335.7864300531153,15272000,29628000,1,persistent,1000.0,450.0,1450.0,150.0,146.804614226056,1000.0,1335.786430053115,0,1,335.7864300531151,0.0,104,16,24,114.21356994688472,0,round_censored
coarse-f16-h6-u25,persistent,16,6,0.25,101,confirmation_coarse-f16-h6-u25_s101,7,2,31039,33628,393266721,422814721,29548000,1,0,,244000,15945280,15945280,12616000,0.20879407573902747,0,0,0,1,14276000,1,2,2,1.0,0.5,262926,hold,0,8,0,0,8,0,6,5,8385762.890909091,1,1336.531542072965,29548000,58506560,1,persistent,1000.0,450.0,1450.0,150.0,146.804614226056,1000.0,1336.531542072965,0,1,336.53154207296495,0.0,104,16,24,113.46845792703493,1,
coarse-f16-h6-u25,persistent,16,6,0.25,101,confirmation_coarse-f16-h6-u25_s101,10,4,31174,39950,394670721,497182721,102512000,1,0,,3549280,35560000,35560000,44444000,-0.2498312710911136,1,1,1,1,99468000,7,7,7,1.0,1.0,262926,hold,1,8,0,1,8,0,7,6,14362641.762114538,1,1318.603792171935,102512000,119244000,1,persistent,1000.0,450.0,1450.0,150.0,146.804614226056,1000.0,1318.603792171935,0,1,318.603792171935,0.0,104,16,24,131.39620782806492,1,
coarse-f16-h6-u25,persistent,16,6,0.25,101,confirmation_coarse-f16-h6-u25_s101,15,4,31333,33873,396486721,425721441,29234720,1,0,,0,28564000,28564000,18592000,0.34911076879988795,0,0,0,0,28570720,2,2,2,1.0,1.0,262926,hold,1,8,0,1,25,0,8,6,9162849.523809524,1,1336.4387232822044,29234720,58697280,1,persistent,1000.0,450.0,1450.0,150.0,146.804614226056,1000.0,1336.4387232822041,0,1,336.4387232822041,0.0,104,16,24,113.56127671779564,1,
coarse-f16-h6-u25,persistent,16,6,0.25,101,confirmation_coarse-f16-h6-u25_s101,9,3,31661,32942,400134721,414846721,14712000,1,0,,3117280,28596000,28596000,35588000,-0.24450972163939014,1,1,1,1,14260000,1,1,1,1.0,1.0,262926,hold,0,8,0,0,8,0,8,7,13660090.81081081,1,1342.3910769294268,14712000,29885120,1,persistent,1000.0,450.0,1450.0,150.0,146.804614226056,1000.0,1342.3910769294268,0,1,342.39107692942673,0.0,104,16,24,107.60892307057316,1,
coarse-f16-h6-u25,persistent,16,6,0.25,101,confirmation_coarse-f16-h6-u25_s101,4,5,31916,34441,402894721,432584001,29689280,1,0,,580160,30147680,30147680,31572160,-0.047250070320502276,1,1,1,1,28665280,2,2,2,1.0,1.0,262926,hold,1,7,1,0,13,0,7,5,10986175.135135135,1,1335.0455783967193,29689280,45152000,1,persistent,1000.0,450.0,1450.0,150.0,146.804614226056,1000.0,1335.045578396719,0,1,335.04557839671907,0.0,104,16,24,114.95442160328071,1,
coarse-f16-h6-u25,persistent,16,6,0.25,101,confirmation_coarse-f16-h6-u25_s101,1,3,32430,34991,408849441,439081120,30231679,1,0,,1992000,17594880,17594880,14940000,0.15088934962898298,0,0,0,1,29216000,2,2,2,1.0,1.0,262926,hold,0,8,0,0,8,0,7,6,11993297.51923077,1,1334.3765570044795,30231679,58916000,1,persistent,1000.0,450.0,1450.0,150.0,146.804614226056,1000.0,1334.376557004479,0,1,334.37655700447914,0.0,104,16,24,115.62344299552046,1,
coarse-f16-h6-u25,persistent,16,6,0.25,101,confirmation_coarse-f16-h6-u25_s101,16,4,32627,33867,411041281,425649281,14608000,1,0,,1136000,34641280,34641280,36573440,-0.05577622997764517,1,1,1,1,14276000,1,1,1,1.0,1.0,262926,hold,0,8,0,0,8,0,6,5,8956060.0,1,1340.2374293185424,14608000,44072160,1,persistent,1000.0,450.0,1450.0,150.0,146.804614226056,1000.0,1340.2374293185424,0,1,340.23742931854247,0.0,104,16,24,109.76257068145765,1,
coarse-f16-h6-u25,persistent,16,6,0.25,101,confirmation_coarse-f16-h6-u25_s101,12,6,32765,35218,412669121,441745120,29075999,1,0,,1661760,33727519,33727519,17177120,0.4907090557120433,0,0,0,0,28417119,2,2,2,1.0,1.0,262926,hold,0,8,0,0,8,0,7,6,10299433.094594594,1,1320.7644063873634,29075999,45818560,1,persistent,1000.0,450.0,1450.0,150.0,146.804614226056,1000.0,1320.7644063873634,0,1,320.76440638736347,0.0,104,16,24,129.23559361263665,1,
coarse-f16-h6-u25,persistent,16,6,0.25,101,confirmation_coarse-f16-h6-u25_s101,5,5,32815,,413333121,,,0,1,hold_exit_before_slot_completion,1249280,19920000,19920000,,,,,,,14361600,1,2,2,1.0,0.5,262926,hold,0,1,0,0,1,0,7,5,11177099.718309859,1,1310.047082410809,29548000,45818560,1,persistent,1000.0,450.0,1450.0,150.0,146.804614226056,1000.0,1310.047082410809,0,1,310.047082410809,0.0,104,16,24,139.95291758919097,0,round_censored
coarse-f16-h6-u25,persistent,16,6,0.25,101,confirmation_coarse-f16-h6-u25_s101,9,4,32942,36610,414846721,458246721,43400000,1,0,,2645280,35588000,35588000,19620000,0.4486905698550073,0,0,0,0,42404000,3,3,3,1.0,1.0,262926,hold,1,8,0,1,10,0,7,6,13533121.584158415,1,1314.8258598395985,43400000,61070720,1,persistent,1000.0,450.0,1450.0,150.0,146.804614226056,1000.0,1314.8258598395985,0,1,314.82585983959837,0.0,104,16,24,135.17414016040152,1,
coarse-f16-h6-u25,persistent,16,6,0.25,101,confirmation_coarse-f16-h6-u25_s101,8,4,33445,35922,420733441,450261441,29528000,1,0,,4721280,35708000,35708000,36492000,-0.02195586423210485,1,1,1,1,28504000,2,2,2,1.0,1.0,262926,hold,1,7,1,0,20,0,8,7,11813513.846153846,1,1318.2485160747854,29528000,45818560,1,persistent,1000.0,450.0,1450.0,150.0,146.804614226056,1000.0,1318.2485160747854,0,1,318.2485160747853,0.0,104,16,24,131.75148392521464,1,
coarse-f16-h6-u25,persistent,16,6,0.25,101,confirmation_coarse-f16-h6-u25_s101,11,6,33852,36485,425561441,456578721,31017280,1,0,,1695840,32089440,32089440,39508000,-0.23118384116394677,1,1,1,1,29025280,2,2,2,1.0,1.0,262926,hold,0,8,0,0,8,0,8,6,12886484.324324325,1,1311.9472732720876,31017280,58612160,1,persistent,1000.0,450.0,1450.0,150.0,146.804614226056,1000.0,1311.9472732720876,0,1,311.94727327208767,0.0,104,16,24,138.0527267279124,1,
coarse-f16-h6-u25,persistent,16,6,0.25,101,confirmation_coarse-f16-h6-u25_s101,16,5,33867,35097,425649281,440155840,14506559,1,0,,1195840,36573440,36573440,35512161,0.029017751679907604,0,0,1,1,14169439,1,1,1,1.0,1.0,262926,hold,0,8,0,0,8,0,8,7,9650511.875,1,1314.6794633134182,14506559,30878560,1,persistent,1000.0,450.0,1450.0,150.0,146.804614226056,1000.0,1314.679463313418,0,1,314.6794633134179,0.0,104,16,24,135.32053668658182,1,
coarse-f16-h6-u25,persistent,16,6,0.25,101,confirmation_coarse-f16-h6-u25_s101,15,5,33873,35105,425721441,440310721,14589280,1,0,,1908160,18592000,18592000,13625600,0.26712564543889844,0,0,0,0,0,0,1,1,1.0,0.0,262926,hold,0,8,0,0,8,0,8,6,8156618.181818182,1,1312.6693343722745,14589280,30878560,1,persistent,1000.0,450.0,1450.0,150.0,146.804614226056,1000.0,1312.6693343722745,0,1,312.6693343722744,0.0,104,16,24,137.33066562772547,1,
coarse-f16-h6-u25,persistent,16,6,0.25,101,confirmation_coarse-f16-h6-u25_s101,4,6,34441,36927,432584001,462069441,29485440,1,0,,1486560,31572160,31572160,30011040,0.0494460942805307,0,0,1,1,28489440,2,2,2,1.0,1.0,262926,hold,1,8,0,1,31,0,7,5,10503565.432098765,1,1311.4740354942471,29485440,46604000,1,persistent,1000.0,450.0,1450.0,150.0,146.804614226056,1000.0,1311.4740354942471,0,1,311.47403549424706,0.0,104,16,24,138.52596450575288,1,
coarse-f16-h6-u25,persistent,16,6,0.25,101,confirmation_coarse-f16-h6-u25_s101,1,4,34991,37504,439081120,468516001,29434881,1,0,,3592959,14940000,14940000,15936000,-0.06666666666666667,1,1,1,1,28770881,2,2,2,1.0,1.0,262926,hold,0,8,0,0,8,0,5,5,9023552.025,1,1311.0060800580125,29434881,46604000,1,persistent,1000.0,450.0,1450.0,150.0,146.804614226056,1000.0,1311.0060800580127,0,1,311.0060800580126,0.0,104,16,24,138.99391994198754,1,
coarse-f16-h6-u25,persistent,16,6,0.25,101,confirmation_coarse-f16-h6-u25_s101,16,6,35097,36306,440155840,454597441,14441601,1,0,,151839,35512161,35512161,30650560,0.13689961024900738,0,0,0,0,14109601,1,1,1,1.0,1.0,262926,hold,0,8,0,0,8,0,8,7,8390122.38235294,1,1303.118416558696,14441601,31017280,1,persistent,1000.0,450.0,1450.0,150.0,146.804614226056,1000.0,1303.118416558696,0,1,303.1184165586959,0.0,104,16,24,146.88158344130397,1,
coarse-f16-h6-u25,persistent,16,6,0.25,101,confirmation_coarse-f16-h6-u25_s101,12,7,35218,37796,441745120,471934721,30189601,1,0,,1249280,17177120,17177120,32924001,-0.916735809029686,1,1,1,1,29073601,2,2,2,1.0,1.0,262926,hold,0,8,0,0,8,0,7,7,12265199.15942029,1,1300.8485252861904,30189601,46812000,1,persistent,1000.0,450.0,1450.0,150.0,146.804614226056,1000.0,1300.8485252861904,0,1,300.8485252861903,0.0,104,16,24,149.15147471380965,1,
coarse-f16-h6-u25,persistent,16,6,0.25,101,confirmation_coarse-f16-h6-u25_s101,8,5,35922,39689,450261441,493993441,43732000,1,0,,3273280,36492000,36492000,42572000,-0.16661186013372795,1,1,1,1,42496000,3,3,3,1.0,1.0,262926,hold,0,8,0,0,8,0,8,7,14832142.74509804,1,1309.455096996832,43732000,62416000,1,persistent,1000.0,450.0,1450.0,150.0,146.804614226056,1000.0,1309.455096996832,0,1,309.4550969968319,0.0,104,16,24,140.54490300316797,1,
coarse-f16-h6-u25,persistent,16,6,0.25,101,confirmation_coarse-f16-h6-u25_s101,14,4,36079,41115,452170721,511030721,58860000,1,0,,2969280,20348000,20348000,19840000,0.02496559858462748,0,1,1,1,57292000,4,4,4,1.0,1.0,262926,hold,0,8,0,0,8,0,8,6,13698087.05882353,1,1310.2125731743204,58860000,78020000,1,persistent,1000.0,450.0,1450.0,150.0,146.804614226056,1000.0,1310.2125731743204,0,1,310.2125731743204,0.0,104,16,24,139.78742682567963,1,
coarse-f16-h6-u25,persistent,16,6,0.25,101,confirmation_coarse-f16-h6-u25_s101,16,7,36306,38819,454597441,484261441,29664000,1,0,,210880,30650560,30650560,33049279,-0.07826020144493281,1,1,1,1,29000000,2,2,2,1.0,1.0,262926,hold,1,8,0,1,25,0,8,7,11185495.24691358,1,1314.6142250413247,29664000,58432000,1,persistent,1000.0,450.0,1450.0,150.0,146.804614226056,1000.0,1314.614225041325,0,1,314.6142250413249,0.0,104,16,24,135.38577495867526,1,
coarse-f16-h6-u25,persistent,16,6,0.25,101,confirmation_coarse-f16-h6-u25_s101,15,6,36330,38810,454918721,484209281,29290560,1,0,,234560,19697440,19697440,26970720,-0.3692500142150452,1,1,1,1,28626560,2,2,2,1.0,1.0,262926,hold,1,8,0,1,10,0,7,5,11010700.364864865,1,1313.2666981185955,29290560,46138720,1,persistent,1000.0,450.0,1450.0,150.0,146.804614226056,1000.0,1313.2666981185955,0,1,313.2666981185956,0.0,104,16,24,136.7333018814045,1,
coarse-f16-h6-u25,persistent,16,6,0.25,101,confirmation_coarse-f16-h6-u25_s101,11,7,36485,39026,456578721,486640001,30061280,1,0,,253280,39508000,39508000,40673120,-0.029490736053457527,1,1,1,1,28401280,2,2,2,1.0,1.0,262926,hold,1,7,1,0,18,0,8,6,14067966.373134328,1,1319.164542213443,30061280,59321601,1,persistent,1000.0,450.0,1450.0,150.0,146.804614226056,1000.0,1319.164542213443,0,1,319.16454221344287,0.0,104,16,24,130.83545778655707,1,
coarse-f16-h6-u25,persistent,16,6,0.25,101,confirmation_coarse-f16-h6-u25_s101,5,6,36567,37819,457574721,472175841,14601120,1,0,,2577280,14276000,14276000,19190400,-0.3442420846175399,1,1,1,1,14269120,1,1,1,1.0,1.0,262926,hold,0,8,0,0,8,0,8,6,7222825.263157895,1,1310.378302242697,14601120,31773601,1,persistent,1000.0,450.0,1450.0,150.0,146.804614226056,1000.0,1310.3783022426967,0,1,310.37830224269675,0.0,104,16,24,139.62169775730308,1,
coarse-f16-h6-u25,persistent,16,6,0.25,101,confirmation_coarse-f16-h6-u25_s101,9,5,36610,39132,458246721,487774721,29528000,1,0,,4665280,19620000,19620000,34564000,-0.7616717635066259,1,1,1,1,28504000,2,2,2,1.0,1.0,262926,hold,1,8,0,1,15,0,8,7,13575310.76923077,1,1315.0829698657085,29528000,47141440,1,persistent,1000.0,450.0,1450.0,150.0,146.804614226056,1000.0,1315.0829698657085,0,1,315.08296986570855,0.0,104,16,24,134.9170301342915,1,
coarse-f16-h6-u25,persistent,16,6,0.25,101,confirmation_coarse-f16-h6-u25_s101,4,7,36927,38281,462069441,477673441,15604000,1,0,,1850720,30011040,30011040,29895840,0.00383858739983686,0,1,1,1,15272000,1,1,1,1.0,1.0,262926,hold,0,8,0,0,8,0,8,5,10529492.0,1,1308.27544243352,15604000,31773601,1,persistent,1000.0,450.0,1450.0,150.0,146.804614226056,1000.0,1308.2754424335199,0,1,308.27544243351986,0.0,104,16,24,141.72455756647992,1,
coarse-f16-h6-u25,persistent,16,6,0.25,101,confirmation_coarse-f16-h6-u25_s101,1,5,37504,40193,468516001,500070721,31554720,1,0,,2577280,15936000,15936000,20470881,-0.2845683358433735,1,1,1,1,30226720,2,2,2,1.0,1.0,262926,hold,0,8,0,0,8,0,5,5,13149777.520833334,1,1304.6655531381411,31554720,58827840,1,persistent,1000.0,450.0,1450.0,150.0,146.804614226056,1000.0,1304.6655531381411,0,1,304.6655531381412,0.0,104,16,24,145.33444686185885,1,
coarse-f16-h6-u25,persistent,16,6,0.25,101,confirmation_coarse-f16-h6-u25_s101,12,8,37796,39001,471934721,486382560,14447839,1,0,,346880,32924001,32924001,35166720,-0.0681180577050766,1,1,1,1,14115839,1,1,1,1.0,1.0,262926,hold,0,8,0,0,8,0,8,7,13461907.804878049,1,1324.6682250903887,14447839,32204000,1,persistent,1000.0,450.0,1450.0,150.0,146.804614226056,1000.0,1324.6682250903884,0,1,324.6682250903885,0.0,104,16,24,125.33177490961134,1,
coarse-f16-h6-u25,persistent,16,6,0.25,101,confirmation_coarse-f16-h6-u25_s101,5,7,37819,,472175841,,,0,1,hold_exit_before_slot_completion,65600,19190400,19190400,,,,,,,28482719,2,3,3,1.0,0.6666666666666666,262926,hold,1,7,0,1,17,0,7,5,11340443.354545455,1,1317.674137395284,43830880,63069440,1,persistent,1000.0,450.0,1450.0,150.0,146.804614226056,1000.0,1317.6741373952839,0,1,317.6741373952839,0.0,104,16,24,132.3258626047159,0,round_censored
coarse-f16-h6-u25,persistent,16,6,0.25,101,confirmation_coarse-f16-h6-u25_s101,4,8,38281,39562,477673441,492669441,14996000,1,0,,3241280,29895840,29895840,33465440,-0.11940122772934295,1,1,1,1,14276000,1,1,1,1.0,1.0,262926,hold,0,8,0,0,8,0,8,5,10287985.88235294,1,1313.569443676382,14996000,32204000,1,persistent,1000.0,450.0,1450.0,150.0,146.804614226056,1000.0,1313.5694436763818,0,1,313.5694436763818,0.0,104,16,24,136.43055632361802,1,
coarse-f16-h6-u25,persistent,16,6,0.25,101,confirmation_coarse-f16-h6-u25_s101,13,6,38366,,478690881,,,0,1,hold_exit_before_slot_completion,3697280,18652000,18652000,,,,,,,28624000,2,3,3,1.0,0.6666666666666666,262926,hold,0,3,0,0,3,0,7,5,14178011.2,1,1316.9766123723107,44508000,73105280,1,persistent,1000.0,450.0,1450.0,150.0,146.804614226056,1000.0,1316.9766123723107,0,1,316.9766123723107,0.0,104,16,24,133.02338762768932,0,round_censored
coarse-f16-h6-u25,persistent,16,6,0.25,101,confirmation_coarse-f16-h6-u25_s101,15,7,38810,41317,484209281,513350721,29141440,1,0,,3475840,26970720,26970720,25273120,0.06294233153582848,0,0,1,1,28477440,2,2,2,1.0,1.0,262926,hold,1,8,0,1,12,0,8,6,10651390.544303797,1,1327.0400234456215,29141440,47808000,1,persistent,1000.0,450.0,1450.0,150.0,146.804614226056,1000.0,1327.0400234456215,0,1,327.04002344562156,0.0,104,16,24,122.9599765543785,1,
coarse-f16-h6-u25,persistent,16,6,0.25,101,confirmation_coarse-f16-h6-u25_s101,16,8,38819,40099,484261441,498869441,14608000,1,0,,3444161,33049279,33049279,33584160,-0.016184347017071082,1,1,1,1,14276000,1,1,1,1.0,1.0,262926,hold,0,8,0,0,8,0,8,7,10531942.743589744,1,1308.0012500699524,14608000,32204000,1,persistent,1000.0,450.0,1450.0,150.0,146.804614226056,1000.0,1308.0012500699527,0,1,308.00125006995256,0.0,104,16,24,141.99874993004755,1,
coarse-f16-h6-u25,persistent,16,6,0.25,101,confirmation_coarse-f16-h6-u25_s101,12,9,39001,40283,486382560,501066721,14684161,1,0,,625119,35166720,35166720,33258560,0.05426039164300794,0,0,1,1,14352161,1,1,1,1.0,1.0,262926,hold,0,8,0,0,8,0,8,7,10726624.25,1,1311.5874968440678,14684161,43332960,1,persistent,1000.0,450.0,1450.0,150.0,146.804614226056,1000.0,1311.5874968440676,0,1,311.5874968440677,0.0,104,16,24,138.4125031559322,1,
coarse-f16-h6-u25,persistent,16,6,0.25,101,confirmation_coarse-f16-h6-u25_s101,11,8,39026,41521,486640001,515498401,28858400,1,0,,3604000,40673120,40673120,40718880,-0.0011250673663589122,1,1,1,1,28194400,2,2,2,1.0,1.0,262926,hold,1,8,0,1,9,0,8,6,14102620.391304348,1,1323.8190940519798,28858400,47798720,1,persistent,1000.0,450.0,1450.0,150.0,146.804614226056,1000.0,1323.8190940519798,0,1,323.81909405197985,0.0,104,16,24,126.18090594802015,1,
coarse-f16-h6-u25,persistent,16,6,0.25,101,confirmation_coarse-f16-h6-u25_s101,9,6,39132,40440,487774721,502598721,14824000,1,0,,4085280,34564000,34564000,37220000,-0.07684295799097327,1,1,1,1,14372000,1,1,1,1.0,1.0,262926,hold,0,8,0,0,8,0,8,7,15428547.878787879,1,1306.1331967049896,14824000,31208000,1,persistent,1000.0,450.0,1450.0,150.0,146.804614226056,1000.0,1306.1331967049894,0,1,306.1331967049894,0.0,104,16,24,143.8668032950104,1,
coarse-f16-h6-u25,persistent,16,6,0.25,101,confirmation_coarse-f16-h6-u25_s101,4,9,39562,42077,492669441,521650721,28981280,1,0,,257280,33465440,33465440,30871520,0.07751041074015462,0,0,0,1,28237280,2,2,2,1.0,1.0,262926,hold,1,7,1,0,16,0,8,5,11964569.11392405,1,1327.1319751989395,28981280,47798720,1,persistent,1000.0,450.0,1450.0,150.0,146.804614226056,1000.0,1327.1319751989397,0,1,327.1319751989396,0.0,104,16,24,122.86802480106053,1,
coarse-f16-h6-u25,persistent,16,6,0.25,101,confirmation_coarse-f16-h6-u25_s101,8,6,39689,42198,493993441,523062721,29069280,1,0,,3069280,42572000,42572000,40236000,0.05487174668796392,0,0,0,1,28405280,2,2,2,1.0,1.0,262926,hold,1,7,1,0,21,0,8,7,10630862.222222222,1,1320.9307475069515,29069280,47798720,1,persistent,1000.0,450.0,1450.0,150.0,146.804614226056,1000.0,1320.9307475069518,0,1,320.93074750695166,0.0,104,16,24,129.06925249304845,1,
coarse-f16-h6-u25,persistent,16,6,0.25,101,confirmation_coarse-f16-h6-u25_s101,10,5,39950,41201,497182721,512042721,14860000,1,0,,3273280,44444000,44444000,41640000,0.06309063090630906,0,0,0,1,14408000,1,1,1,1.0,1.0,262926,hold,0,8,0,0,8,0,8,7,13564608.888888888,1,1322.744537918923,14860000,31208000,1,persistent,1000.0,450.0,1450.0,150.0,146.804614226056,1000.0,1322.744537918923,0,1,322.744537918923,0.0,104,16,24,127.25546208107698,1,
coarse-f16-h6-u25,persistent,16,6,0.25,101,confirmation_coarse-f16-h6-u25_s101,16,9,40099,41321,498869441,513425281,14555840,1,0,,3573280,33584160,33584160,19048161,0.43282306301542156,0,0,0,0,14223840,1,1,1,1.0,1.0,262926,hold,0,8,0,0,8,0,7,6,8592395.264705881,1,1320.5144875188519,14555840,31208000,1,persistent,1000.0,450.0,1450.0,150.0,146.804614226056,1000.0,1320.5144875188519,0,1,320.514487518852,0.0,104,16,24,129.48551248114813,1,
coarse-f16-h6-u25,persistent,16,6,0.25,101,confirmation_coarse-f16-h6-u25_s101,1,6,40193,42945,500070721,531278721,31208000,1,0,,600000,20470881,20470881,17590880,0.1406876919464287,0,0,0,1,29553120,2,2,2,1.0,1.0,262926,hold,0,8,0,0,8,0,8,7,9802062.630434783,1,1319.974393225276,31208000,59465440,1,persistent,1000.0,450.0,1450.0,150.0,146.804614226056,1000.0,1319.9743932252761,0,1,319.97439322527606,0.0,104,16,24,130.0256067747241,1,
coarse-f16-h6-u25,persistent,16,6,0.25,101,confirmation_coarse-f16-h6-u25_s101,12,10,40283,41511,501066721,515449441,14382720,1,0,,2316321,33258560,33258560,29787680,0.10436050147691302,0,0,0,1,14050720,1,1,1,1.0,1.0,262926,hold,0,8,0,0,8,0,8,7,9771062.75,1,1313.0245049413488,14382720,31540000,1,persistent,1000.0,450.0,1450.0,150.0,146.804614226056,1000.0,1313.024504941349,0,1,313.02450494134905,0.0,104,16,24,136.97549505865118,1,
coarse-f16-h6-u25,persistent,16,6,0.25,101,confirmation_coarse-f16-h6-u25_s101,9,7,40440,44283,502598721,546146721,43548000,1,0,,3245280,37220000,37220000,34276000,0.07909725953788285,0,0,0,1,42546880,3,3,3,1.0,1.0,262926,hold,1,8,0,1,8,0,8,7,13011568.0,1,1331.6803650626568,43548000,63412000,1,persistent,1000.0,450.0,1450.0,150.0,146.804614226056,1000.0,1331.6803650626568,0,1,331.68036506265696,0.0,104,16,24,118.31963493734315,1,
coarse-f16-h6-u25,persistent,16,6,0.25,101,confirmation_coarse-f16-h6-u25_s101,14,5,41115,43740,511030721,540418721,29388000,1,0,,5413280,19840000,19840000,26308000,-0.326008064516129,1,1,1,1,28364000,2,2,2,1.0,1.0,262926,hold,1,7,1,0,16,0,8,6,12675622.857142856,1,1325.3914851164604,29388000,47144000,1,persistent,1000.0,450.0,1450.0,150.0,146.804614226056,1000.0,1325.3914851164607,0,1,325.39148511646073,0.0,104,16,24,124.60851488353956,1,
coarse-f16-h6-u25,persistent,16,6,0.25,101,confirmation_coarse-f16-h6-u25_s101,10,6,41201,42571,512042721,526966721,14924000,1,0,,2157280,41640000,41640000,41740000,-0.0024015369836695487,1,1,1,1,14352000,1,1,1,1.0,1.0,262926,hold,0,8,0,0,8,0,8,7,11704050.52631579,1,1328.5086142903401,14924000,31540000,1,persistent,1000.0,450.0,1450.0,150.0,146.804614226056,1000.0,1328.5086142903401,0,1,328.5086142903402,0.0,104,16,24,121.49138570965988,1,
coarse-f16-h6-u25,persistent,16,6,0.25,101,confirmation_coarse-f16-h6-u25_s101,15,8,41317,42664,513350721,527958721,14608000,1,0,,430720,25273120,25273120,22748480,0.09989427502421545,0,0,0,1,14276000,1,1,1,1.0,1.0,262926,hold,0,8,0,0,8,0,8,6,9667352.0,1,1332.6866355684501,14608000,31540000,1,persistent,1000.0,450.0,1450.0,150.0,146.804614226056,1000.0,1332.6866355684501,0,1,332.6866355684501,0.0,104,16,24,117.31336443154987,1,
coarse-f16-h6-u25,persistent,16,6,0.25,101,confirmation_coarse-f16-h6-u25_s101,16,10,41321,42670,513425281,528033281,14608000,1,0,,0,19048161,19048161,34346880,-0.8031598955930707,1,1,1,1,14276000,1,1,1,1.0,1.0,262926,hold,0,8,0,0,8,0,8,7,11111194.903225806,1,1328.5444125949155,14608000,31540000,1,persistent,1000.0,450.0,1450.0,150.0,146.804614226056,1000.0,1328.5444125949155,0,1,328.5444125949155,0.0,104,16,24,121.45558740508454,1,
coarse-f16-h6-u25,persistent,16,6,0.25,101,confirmation_coarse-f16-h6-u25_s101,12,11,41511,42826,515449441,529950721,14501280,1,0,,1652321,29787680,29787680,29773280,0.00048342133392060074,0,1,1,1,14169280,1,1,1,1.0,1.0,262926,hold,0,8,0,0,8,0,7,7,10647406.131578946,1,1338.823852405118,14501280,31208000,1,persistent,1000.0,450.0,1450.0,150.0,146.804614226056,1000.0,1338.823852405118,0,1,338.8238524051179,0.0,104,16,24,111.17614759488197,1,
coarse-f16-h6-u25,persistent,16,6,0.25,101,confirmation_coarse-f16-h6-u25_s101,11,9,41521,42904,515498401,530770401,15272000,1,0,,0,40718880,40718880,21869920,0.46290467714239686,0,0,0,0,14940000,1,1,1,1.0,1.0,262926,hold,0,8,0,0,8,0,7,5,11985808.972222222,1,1338.2418846496107,15272000,43802881,1,persistent,1000.0,450.0,1450.0,150.0,146.804614226056,1000.0,1338.241884649611,0,1,338.2418846496109,0.0,104,16,24,111.75811535038929,1,
coarse-f16-h6-u25,persistent,16,6,0.25,101,confirmation_coarse-f16-h6-u25_s101,4,10,42077,44680,521650721,550534721,28884000,1,0,,1075040,30871520,30871520,32029760,-0.03751807491176334,1,1,1,1,28220000,2,2,2,1.0,1.0,262926,hold,1,7,1,0,32,0,8,5,11013271.578947369,1,1343.4150010997657,28884000,48472000,1,persistent,1000.0,450.0,1450.0,150.0,146.804614226056,1000.0,1343.4150010997657,0,1,343.41500109976573,0.0,104,16,24,106.58499890023427,1,
coarse-f16-h6-u25,persistent,16,6,0.25,101,confirmation_coarse-f16-h6-u25_s101,8,7,42198,48792,523062721,596518721,73456000,1,0,,1300000,40236000,40236000,32896000,0.1824237001690029,0,0,0,0,70956000,5,5,5,1.0,1.0,262926,hold,1,8,0,1,13,0,8,7,15694468.427672956,1,1342.3983587805508,73456000,94952000,1,persistent,1000.0,450.0,1450.0,150.0,146.804614226056,1000.0,1342.398358780551,0,1,342.398358780551,0.0,104,16,24,107.60164121944922,1,
coarse-f16-h6-u25,persistent,16,6,0.25,101,confirmation_coarse-f16-h6-u25_s101,10,7,42571,43847,526966721,541494721,14528000,1,0,,1409280,41740000,41740000,42708000,-0.023191183517010064,1,1,1,1,14076000,1,1,1,1.0,1.0,262926,hold,0,8,0,0,8,0,7,6,17657394.285714287,1,1340.2015259597206,14528000,32204000,1,persistent,1000.0,450.0,1450.0,150.0,146.804614226056,1000.0,1340.2015259597206,0,1,340.2015259597207,0.0,104,16,24,109.79847404027942,1,
coarse-f16-h6-u25,persistent,16,6,0.25,101,confirmation_coarse-f16-h6-u25_s101,15,9,42664,43923,527958721,542390401,14431680,1,0,,740960,22748480,22748480,22572160,0.007750847529153596,0,1,1,1,14099680,1,1,1,1.0,1.0,262926,hold,0,8,0,0,8,0,8,6,10278387.692307692,1,1334.7396543938598,14431680,32204000,1,persistent,1000.0,450.0,1450.0,150.0,146.804614226056,1000.0,1334.73965439386,0,1,334.73965439386,0.0,104,16,24,115.26034560614016,1,
coarse-f16-h6-u25,persistent,16,6,0.25,101,confirmation_coarse-f16-h6-u25_s101,16,11,42670,45244,528033281,556917281,28884000,1,0,,201120,34346880,34346880,44547840,-0.2969981552909609,1,1,1,1,28220000,2,2,2,1.0,1.0,262926,hold,0,8,0,0,8,0,8,7,14010817.805555556,1,1341.3617397240305,28884000,48472000,1,persistent,1000.0,450.0,1450.0,150.0,146.804614226056,1000.0,1341.3617397240305,0,1,341.36173972403054,0.0,104,16,24,108.63826027596951,1,
coarse-f16-h6-u25,persistent,16,6,0.25,101,confirmation_coarse-f16-h6-u25_s101,12,12,42826,44108,529950721,544404161,14453440,1,0,,3016000,29773280,29773280,32122880,-0.07891639752153609,1,1,1,1,14121440,1,1,1,1.0,1.0,262926,hold,0,8,0,0,8,0,8,7,10801755.714285715,1,1337.6148763308945,14453440,32204000,1,persistent,1000.0,450.0,1450.0,150.0,146.804614226056,1000.0,1337.6148763308947,0,1,337.61487633089473,0.0,104,16,24,112.3851236691055,1,
coarse-f16-h6-u25,persistent,16,6,0.25,101,confirmation_coarse-f16-h6-u25_s101,5,8,42886,44183,530614721,545125441,14510720,1,0,,1813121,17928000,17928000,22560001,-0.25836685631414547,1,1,1,1,14178720,1,1,1,1.0,1.0,262926,hold,0,8,0,0,8,0,8,6,10405794.714285715,1,1346.9655040033724,14510720,31534880,1,persistent,1000.0,450.0,1450.0,150.0,146.804614226056,1000.0,1346.9655040033724,0,1,346.9655040033725,0.0,104,16,24,103.03449599662758,1,
coarse-f16-h6-u25,persistent,16,6,0.25,101,confirmation_coarse-f16-h6-u25_s101,11,10,42904,46889,530770401,575258401,44488000,1,0,,1770240,21869920,21869920,31694240,-0.449216092239935,1,1,1,1,42595680,3,3,3,1.0,1.0,262926,hold,1,8,0,1,8,0,8,6,15032508.274509804,1,1345.3055623013358,44488000,72630880,1,persistent,1000.0,450.0,1450.0,150.0,146.804614226056,1000.0,1345.3055623013358,0,1,345.3055623013358,0.0,104,16,24,104.69443769866416,1,
coarse-f16-h6-u25,persistent,16,6,0.25,101,confirmation_coarse-f16-h6-u25_s101,1,7,42945,45678,531278721,561569441,30290720,1,0,,590400,17590880,17590880,23240000,-0.32113913573397124,1,1,1,1,28962720,2,2,2,1.0,1.0,262926,hold,0,8,0,0,8,0,5,5,10686240.0,1,1348.1842560016787,30290720,58166880,1,persistent,1000.0,450.0,1450.0,150.0,146.804614226056,1000.0,1348.1842560016787,0,1,348.1842560016787,0.0,104,16,24,101.8157439983213,1,
coarse-f16-h6-u25,persistent,16,6,0.25,101,confirmation_coarse-f16-h6-u25_s101,13,7,43524,44870,537938881,552678881,14740000,1,0,,4093280,18496000,18496000,21372000,-0.1554930795847751,1,1,1,1,14408000,1,1,1,1.0,1.0,262926,hold,0,8,0,0,8,0,8,5,12046306.666666666,1,1342.4653018663196,14740000,31872000,1,persistent,1000.0,450.0,1450.0,150.0,146.804614226056,1000.0,1342.4653018663196,0,1,342.4653018663196,0.0,104,16,24,107.53469813368042,1,
coarse-f16-h6-u25,persistent,16,6,0.25,101,confirmation_coarse-f16-h6-u25_s101,14,6,43740,45067,540418721,554890721,14472000,1,0,,2101280,26308000,26308000,28836000,-0.09609244336323552,1,1,1,1,14140000,1,1,1,1.0,1.0,262926,hold,0,8,0,0,8,0,8,6,12717811.891891891,1,1343.4765771545872,14472000,31872000,1,persistent,1000.0,450.0,1450.0,150.0,146.804614226056,1000.0,1343.4765771545872,0,1,343.4765771545873,0.0,104,16,24,106.52342284541282,1,
coarse-f16-h6-u25,persistent,16,6,0.25,101,confirmation_coarse-f16-h6-u25_s101,10,8,43847,,541494721,,,0,1,hold_exit_before_slot_completion,4093280,42708000,42708000,,,,,,,14280000,1,2,2,1.0,0.5,262926,hold,0,0,0,0,0,0,7,6,14395837.5,1,1346.2605679144908,29196000,47476000,1,persistent,1000.0,450.0,1450.0,150.0,146.804614226056,1000.0,1346.2605679144908,0,1,346.2605679144909,0.0,104,16,24,103.73943208550918,0,round_censored
coarse-f16-h6-u25,persistent,16,6,0.25,101,confirmation_coarse-f16-h6-u25_s101,15,10,43923,46587,542390401,571785441,29395040,1,0,,1913280,22572160,22572160,27169120,-0.2036561853185517,1,1,1,1,28399040,2,2,2,1.0,1.0,262926,hold,0,8,0,0,8,0,8,6,9908410.0,1,1346.0526856946306,29395040,58025600,1,persistent,1000.0,450.0,1450.0,150.0,146.804614226056,1000.0,1346.0526856946306,0,1,346.05268569463067,0.0,104,16,24,103.94731430536945,1,
coarse-f16-h6-u25,persistent,16,6,0.25,101,confirmation_coarse-f16-h6-u25_s101,12,13,44108,46744,544404161,573546721,29142560,1,0,,1170881,32122880,32122880,24646720,0.2327362926362767,0,0,0,0,28478560,2,2,2,1.0,1.0,262926,hold,1,7,1,0,21,0,7,7,11220293.03896104,1,1350.7227518953223,29142560,47476000,1,persistent,1000.0,450.0,1450.0,150.0,146.804614226056,1000.0,1350.7227518953225,0,1,350.72275189532246,0.0,104,16,24,99.27724810467771,1,
coarse-f16-h6-u25,persistent,16,6,0.25,101,confirmation_coarse-f16-h6-u25_s101,5,9,44183,45495,545125441,559733441,14608000,1,0,,580160,22560001,22560001,23556001,-0.04414893421325646,1,1,1,1,14276000,1,1,1,1.0,1.0,262926,hold,0,8,0,0,8,0,8,6,9622603.07317073,1,1351.6081867830412,14608000,31872000,1,persistent,1000.0,450.0,1450.0,150.0,146.804614226056,1000.0,1351.608186783041,0,1,351.60818678304105,0.0,104,16,24,98.39181321695878,1,
coarse-f16-h6-u25,persistent,16,6,0.25,101,confirmation_coarse-f16-h6-u25_s101,9,8,44283,46879,546146721,575174721,29028000,1,0,,4685280,34276000,34276000,28024000,0.1824016804761349,0,0,0,0,28244000,2,2,2,1.0,1.0,262926,hold,1,7,1,0,16,0,8,7,14473449.142857144,1,1356.519660422608,29028000,46812000,1,persistent,1000.0,450.0,1450.0,150.0,146.804614226056,1000.0,1356.5196604226082,0,1,356.5196604226083,0.0,104,16,24,93.48033957739199,1,
coarse-f16-h6-u25,persistent,16,6,0.25,101,confirmation_coarse-f16-h6-u25_s101,4,11,44680,47304,550534721,579985441,29450720,1,0,,1913280,32029760,32029760,23572000,0.26405942473499644,0,0,0,0,28220000,2,2,2,1.0,1.0,262926,hold,0,8,0,0,8,0,7,5,9836666.666666666,1,1348.226246973697,29450720,47144000,1,persistent,1000.0,450.0,1450.0,150.0,146.804614226056,1000.0,1348.2262469736972,0,1,348.22624697369713,0.0,104,16,24,101.77375302630298,1,
coarse-f16-h6-u25,persistent,16,6,0.25,101,confirmation_coarse-f16-h6-u25_s101,13,8,44870,46189,552678881,567326881,14648000,1,0,,3125280,21372000,21372000,22488000,-0.05221785513756317,1,1,1,1,14196000,1,1,1,1.0,1.0,262926,hold,0,8,0,0,8,0,8,5,14115328.0,1,1357.0595760273977,14648000,31872000,1,persistent,1000.0,450.0,1450.0,150.0,146.804614226056,1000.0,1357.059576027398,0,1,357.05957602739795,0.0,104,16,24,92.94042397260228,1,
coarse-f16-h6-u25,persistent,16,6,0.25,101,confirmation_coarse-f16-h6-u25_s101,14,7,45067,54194,554890721,658518721,103628000,1,0,,3373280,28836000,28836000,25044000,0.1315022888056596,0,0,0,1,100584000,7,7,7,1.0,1.0,262926,hold,1,8,0,1,13,0,8,6,14143401.043478262,1,1335.5122406279725,103628000,131393280,1,persistent,1000.0,450.0,1450.0,150.0,146.804614226056,1000.0,1335.5122406279727,0,1,335.5122406279726,0.0,104,16,24,114.48775937202754,1,
coarse-f16-h6-u25,persistent,16,6,0.25,101,confirmation_coarse-f16-h6-u25_s101,16,12,45244,47836,556917281,586058881,29141600,1,0,,446560,44547840,44547840,47394880,-0.06390972042640003,1,1,1,1,28477600,2,2,2,1.0,1.0,262926,hold,1,7,1,0,29,0,8,7,9820686.58227848,1,1341.1925469124142,29141600,47144000,1,persistent,1000.0,450.0,1450.0,150.0,146.804614226056,1000.0,1341.1925469124142,0,1,341.1925469124141,0.0,104,16,24,108.80745308758583,1,
coarse-f16-h6-u25,persistent,16,6,0.25,101,confirmation_coarse-f16-h6-u25_s101,5,10,45495,46804,559733441,574341441,14608000,1,0,,580160,23556001,23556001,21253120,0.09776196732204248,0,0,0,1,14276000,1,1,1,1.0,1.0,262926,hold,0,8,0,0,8,0,7,5,9907852.631578946,1,1340.3748346371794,14608000,31872000,1,persistent,1000.0,450.0,1450.0,150.0,146.804614226056,1000.0,1340.37483463718,0,1,340.3748346371798,0.0,104,16,24,109.62516536282055,1,
coarse-f16-h6-u25,persistent,16,6,0.25,101,confirmation_coarse-f16-h6-u25_s101,1,8,45678,,561569441,,,0,1,hold_exit_before_slot_completion,253280,23240000,23240000,,,,,,,14276000,1,2,2,1.0,0.5,262926,hold,1,4,0,0,4,0,5,5,10423043.636363637,1,1339.9363766451718,29960000,47144000,1,persistent,1000.0,450.0,1450.0,150.0,146.804614226056,1000.0,1339.9363766451713,0,1,339.9363766451713,0.0,104,16,24,110.06362335482822,0,round_censored
coarse-f16-h6-u25,persistent,16,6,0.25,101,confirmation_coarse-f16-h6-u25_s101,13,9,46189,,567326881,,,0,1,hold_exit_before_slot_completion,3881280,22488000,22488000,,,,,,,42516000,3,4,4,1.0,0.75,262926,hold,0,0,0,0,0,0,8,5,14402343.816793893,1,1338.9082329998528,58760000,75698720,1,persistent,1000.0,450.0,1450.0,150.0,146.804614226056,1000.0,1338.9082329998525,0,1,338.9082329998525,0.0,104,16,24,111.09176700014723,0,round_censored
coarse-f16-h6-u25,persistent,16,6,0.25,101,confirmation_coarse-f16-h6-u25_s101,15,11,46587,47889,571785441,586548161,14762720,1,0,,3570880,27169120,27169120,26510560,0.024239283421767066,0,1,1,1,14430720,1,1,1,1.0,1.0,262926,hold,0,8,0,0,8,0,8,6,8810429.767441861,1,1338.817951974199,14762720,30876000,1,persistent,1000.0,450.0,1450.0,150.0,146.804614226056,1000.0,1338.817951974199,0,1,338.81795197419905,0.0,104,16,24,111.1820480258009,1,
coarse-f16-h6-u25,persistent,16,6,0.25,101,confirmation_coarse-f16-h6-u25_s101,12,14,46744,49389,573546721,603225441,29678720,1,0,,4779840,24646720,24646720,24020000,0.025428129990522064,0,1,1,1,28442720,2,2,2,1.0,1.0,262926,hold,1,8,0,1,21,0,6,5,11387007.12328767,1,1345.9033049519956,29678720,46480000,1,persistent,1000.0,450.0,1450.0,150.0,146.804614226056,1000.0,1345.9033049519956,0,1,345.9033049519955,0.0,104,16,24,104.09669504800445,1,
coarse-f16-h6-u25,persistent,16,6,0.25,101,confirmation_coarse-f16-h6-u25_s101,5,11,46804,50713,574341441,617930721,43589280,1,0,,1576160,21253120,21253120,15272000,0.28142315104794025,0,0,0,0,42593280,3,3,3,1.0,1.0,262926,hold,1,8,0,1,13,0,8,6,8682486.451612903,1,1348.8031451174659,43589280,60834720,1,persistent,1000.0,450.0,1450.0,150.0,146.804614226056,1000.0,1348.8031451174659,0,1,348.80314511746593,0.0,104,16,24,101.19685488253413,1,
coarse-f16-h6-u25,persistent,16,6,0.25,101,confirmation_coarse-f16-h6-u25_s101,9,9,46879,48161,575174721,589638721,14464000,1,0,,3789280,28024000,28024000,29104000,-0.03853839566086212,1,1,1,1,14132000,1,1,1,1.0,1.0,262926,hold,0,8,0,0,8,0,8,7,13850492.121212121,1,1334.188135536244,14464000,30876000,1,persistent,1000.0,450.0,1450.0,150.0,146.804614226056,1000.0,1334.188135536244,0,1,334.1881355362441,0.0,104,16,24,115.81186446375591,1,
coarse-f16-h6-u25,persistent,16,6,0.25,101,confirmation_coarse-f16-h6-u25_s101,11,11,46889,48217,575258401,590198401,14940000,1,0,,3568320,31694240,31694240,27848000,0.12135454265506919,0,0,0,1,14099680,1,1,1,1.0,1.0,262926,hold,0,8,0,0,8,0,8,6,11372111.111111112,1,1331.80134882623,14940000,30876000,1,persistent,1000.0,450.0,1450.0,150.0,146.804614226056,1000.0,1331.8013488262302,0,1,331.8013488262301,0.0,104,16,24,118.19865117377003,1,
coarse-f16-h6-u25,persistent,16,6,0.25,101,confirmation_coarse-f16-h6-u25_s101,4,12,47304,48598,579985441,594386721,14401280,1,0,,2010560,23572000,23572000,25620000,-0.08688274223655185,1,1,1,1,14061600,1,1,1,1.0,1.0,262926,hold,0,8,0,0,8,0,8,5,9075105.0,1,1323.3716064798734,14401280,30876000,1,persistent,1000.0,450.0,1450.0,150.0,146.804614226056,1000.0,1323.3716064798737,0,1,323.3716064798736,0.0,104,16,24,126.62839352012656,1,
coarse-f16-h6-u25,persistent,16,6,0.25,101,confirmation_coarse-f16-h6-u25_s101,10,9,47774,55527,585330721,673606721,88276000,1,0,,6733280,36988000,36988000,32185120,0.12984968097761437,0,0,0,0,85924000,6,6,6,1.0,1.0,262926,hold,0,8,0,0,8,0,7,6,13957201.56862745,1,1331.486219771558,88276000,106300000,1,persistent,1000.0,450.0,1450.0,150.0,146.804614226056,1000.0,1331.4862197715581,0,1,331.486219771558,0.0,104,16,24,118.5137802284421,1,
coarse-f16-h6-u25,persistent,16,6,0.25,101,confirmation_coarse-f16-h6-u25_s101,16,13,47836,51724,586058881,629957281,43898400,1,0,,917280,47394880,47394880,27224000,0.4255919626761372,0,0,0,0,42399520,3,3,3,1.0,1.0,262926,hold,1,8,0,1,26,0,6,6,11121522.086956521,1,1337.2552400155835,43898400,60758720,1,persistent,1000.0,450.0,1450.0,150.0,146.804614226056,1000.0,1337.2552400155835,0,1,337.2552400155835,0.0,104,16,24,112.74475998441653,1,
coarse-f16-h6-u25,persistent,16,6,0.25,101,confirmation_coarse-f16-h6-u25_s101,15,12,47889,50512,586548161,615606721,29058560,1,0,,76000,26510560,26510560,24574400,0.07303353833340374,0,0,1,1,28389440,2,2,2,1.0,1.0,262926,hold,1,7,1,0,34,0,8,6,8404310.476190476,1,1349.7569958805857,29058560,45486720,1,persistent,1000.0,450.0,1450.0,150.0,146.804614226056,1000.0,1349.7569958805857,0,1,349.7569958805857,0.0,104,16,24,100.24300411941431,1,
coarse-f16-h6-u25,persistent,16,6,0.25,101,confirmation_coarse-f16-h6-u25_s101,9,10,48161,50788,589638721,618750721,29112000,1,0,,4969280,29104000,29104000,33697120,-0.15781748213304014,1,1,1,1,28328000,2,2,2,1.0,1.0,262926,hold,1,7,1,0,12,0,8,7,13356745.074626865,1,1342.59925019841,29112000,45486720,1,persistent,1000.0,450.0,1450.0,150.0,146.804614226056,1000.0,1342.5992501984101,0,1,342.5992501984102,0.0,104,16,24,107.40074980159011,1,
coarse-f16-h6-u25,persistent,16,6,0.25,101,confirmation_coarse-f16-h6-u25_s101,11,12,48217,50812,590198401,619021441,28823040,1,0,,4790560,27848000,27848000,34872960,-0.2522608445848894,1,1,1,1,28159040,2,2,2,1.0,1.0,262926,hold,1,7,1,0,22,0,8,6,11793178.591549296,1,1342.7649068536678,28823040,45486720,1,persistent,1000.0,450.0,1450.0,150.0,146.804614226056,1000.0,1342.764906853668,0,1,342.76490685366804,0.0,104,16,24,107.23509314633225,1,
coarse-f16-h6-u25,persistent,16,6,0.25,101,confirmation_coarse-f16-h6-u25_s101,4,13,48598,49891,594386721,608998721,14612000,1,0,,2937280,25620000,25620000,29908000,-0.16736924277907886,1,1,1,1,14280000,1,1,1,1.0,1.0,262926,hold,0,8,0,0,8,0,8,5,10952890.909090908,1,1355.8334732029796,14612000,29958720,1,persistent,1000.0,450.0,1450.0,150.0,146.804614226056,1000.0,1355.8334732029796,0,1,355.8334732029795,0.0,104,16,24,94.16652679702042,1,
coarse-f16-h6-u25,persistent,16,6,0.25,101,confirmation_coarse-f16-h6-u25_s101,8,8,48792,51402,596518721,626118721,29600000,1,0,,3937280,32896000,32896000,37544000,-0.14129377431906615,1,1,1,1,28936000,2,2,2,1.0,1.0,262926,hold,1,8,0,1,30,0,7,7,12539887.323943662,1,1339.6795592271178,29600000,58696000,1,persistent,1000.0,450.0,1450.0,150.0,146.804614226056,1000.0,1339.6795592271178,0,1,339.6795592271179,0.0,104,16,24,110.3204407728822,1,
coarse-f16-h6-u25,persistent,16,6,0.25,101,confirmation_coarse-f16-h6-u25_s101,12,15,49389,50759,603225441,618358721,15133280,1,0,,6616000,24020000,24020000,27441280,-0.1424346378018318,1,1,1,1,14556000,1,1,1,1.0,1.0,262926,hold,0,8,0,0,8,0,8,7,10349666.341463415,1,1363.40274142733,15133280,44156000,1,persistent,1000.0,450.0,1450.0,150.0,146.804614226056,1000.0,1363.4027414273298,0,1,363.40274142732994,0.0,104,16,24,86.59725857266994,1,
coarse-f16-h6-u25,persistent,16,6,0.25,101,confirmation_coarse-f16-h6-u25_s101,4,14,49891,51194,608998721,623606721,14608000,1,0,,257280,29908000,29908000,29576000,0.011100708840444028,0,1,1,1,14276000,1,1,1,1.0,1.0,262926,hold,0,8,0,0,8,0,8,5,10837066.666666666,1,1345.0249869306392,14608000,30646720,1,persistent,1000.0,450.0,1450.0,150.0,146.804614226056,1000.0,1345.024986930639,0,1,345.0249869306391,0.0,104,16,24,104.97501306936078,1,
coarse-f16-h6-u25,persistent,16,6,0.25,101,confirmation_coarse-f16-h6-u25_s101,15,13,50512,53033,615606721,644749441,29142720,1,0,,1574880,24574400,24574400,16042720,0.3471775506217853,0,0,0,0,28483840,2,2,2,1.0,1.0,262926,hold,1,7,1,0,17,0,7,6,7216135.813953488,1,1310.1895893142864,29142720,45918720,1,persistent,1000.0,450.0,1450.0,150.0,146.804614226056,1000.0,1310.1895893142866,0,1,310.18958931428665,0.0,104,16,24,139.81041068571358,1,
coarse-f16-h6-u25,persistent,16,6,0.25,101,confirmation_coarse-f16-h6-u25_s101,5,12,50713,53231,617930721,647481441,29550720,1,0,,2572160,15272000,15272000,17696000,-0.15872184389732844,1,1,1,1,28886720,2,2,2,1.0,1.0,262926,hold,1,7,1,0,22,0,8,6,9112672.82051282,1,1311.2558661399994,29550720,45918720,1,persistent,1000.0,450.0,1450.0,150.0,146.804614226056,1000.0,1311.2558661399994,0,1,311.2558661399995,0.0,104,16,24,138.7441338600006,1,
coarse-f16-h6-u25,persistent,16,6,0.25,101,confirmation_coarse-f16-h6-u25_s101,12,16,50759,52012,618358721,633302721,14944000,1,0,,4545280,27441280,27441280,32043840,-0.16772395456771697,1,1,1,1,14040000,1,1,1,1.0,1.0,262926,hold,0,8,0,0,8,0,8,7,12575180.606060605,1,1308.8484677653053,14944000,30314720,1,persistent,1000.0,450.0,1450.0,150.0,146.804614226056,1000.0,1308.8484677653053,0,1,308.8484677653053,0.0,104,16,24,141.15153223469474,1,
coarse-f16-h6-u25,persistent,16,6,0.25,101,confirmation_coarse-f16-h6-u25_s101,9,11,50788,53342,618750721,648850721,30100000,1,0,,3908160,33697120,33697120,27516000,0.18343169980105126,0,0,0,0,28596000,2,2,2,1.0,1.0,262926,hold,0,8,0,0,8,0,8,7,14524138.181818182,1,1315.719050237775,30100000,58197600,1,persistent,1000.0,450.0,1450.0,150.0,146.804614226056,1000.0,1315.7190502377753,0,1,315.7190502377752,0.0,104,16,24,134.28094976222496,1,
coarse-f16-h6-u25,persistent,16,6,0.25,101,confirmation_coarse-f16-h6-u25_s101,11,13,50812,53288,619021441,648177441,29156000,1,0,,1676000,34872960,34872960,28067040,0.195163243957496,0,0,0,0,28492000,2,2,2,1.0,1.0,262926,hold,0,8,0,0,8,0,7,5,11966557.37704918,1,1306.4572241214994,29156000,45918720,1,persistent,1000.0,450.0,1450.0,150.0,146.804614226056,1000.0,1306.4572241214994,0,1,306.4572241214993,0.0,104,16,24,143.5427758785006,1,
coarse-f16-h6-u25,persistent,16,6,0.25,101,confirmation_coarse-f16-h6-u25_s101,4,15,51194,52483,623606721,638514721,14908000,1,0,,257280,29576000,29576000,25493280,0.13804165539626725,0,0,0,0,14576000,1,1,1,1.0,1.0,262926,hold,0,8,0,0,8,0,6,5,7763332.571428572,1,1294.8730873593865,14908000,30314720,1,persistent,1000.0,450.0,1450.0,150.0,146.804614226056,1000.0,1294.8730873593868,0,1,294.87308735938666,0.0,104,16,24,155.12691264061345,1,
coarse-f16-h6-u25,persistent,16,6,0.25,101,confirmation_coarse-f16-h6-u25_s101,8,9,51402,53887,626118721,655210721,29092000,1,0,,2073280,37544000,37544000,32856000,0.12486682292776476,0,0,0,0,28308000,2,2,2,1.0,1.0,262926,hold,1,7,1,0,26,0,8,7,11797502.222222222,1,1309.1199307264446,29092000,45546720,1,persistent,1000.0,450.0,1450.0,150.0,146.804614226056,1000.0,1309.1199307264444,0,1,309.11993072644447,0.0,104,16,24,140.88006927355536,1,
coarse-f16-h6-u25,persistent,16,6,0.25,101,confirmation_coarse-f16-h6-u25_s101,16,14,51724,54276,629957281,659505281,29548000,1,0,,2577280,27224000,27224000,36676960,-0.34722891566265063,1,1,1,1,28576000,2,2,2,1.0,1.0,262926,hold,1,7,1,0,26,0,8,7,10038454.11764706,1,1312.1685657095509,29548000,58100000,1,persistent,1000.0,450.0,1450.0,150.0,146.804614226056,1000.0,1312.1685657095509,0,1,312.16856570955093,0.0,104,16,24,137.83143429044912,1,
coarse-f16-h6-u25,persistent,16,6,0.25,101,confirmation_coarse-f16-h6-u25_s101,12,17,52012,53259,633302721,647813441,14510720,1,0,,350560,32043840,32043840,26669280,0.16772521645345875,0,0,0,0,14178720,1,1,1,1.0,1.0,262926,hold,0,8,0,0,8,0,8,7,13271688.64864865,1,1298.025576872985,14510720,30876000,1,persistent,1000.0,450.0,1450.0,150.0,146.804614226056,1000.0,1298.0255768729849,0,1,298.0255768729849,0.0,104,16,24,151.97442312701492,1,
coarse-f16-h6-u25,persistent,16,6,0.25,101,confirmation_coarse-f16-h6-u25_s101,1,9,52276,,636253441,,,0,1,hold_exit_before_slot_completion,568000,17517280,17517280,,,,,,,203601280,14,15,15,1.0,0.9333333333333333,262926,hold,1,7,0,0,86,0,5,5,11302306.443502825,1,1319.205354781884,227357280,253249280,1,persistent,1000.0,450.0,1450.0,150.0,146.804614226056,1000.0,1319.2053547818837,0,1,319.2053547818836,0.0,104,16,24,130.7946452181161,0,round_censored
coarse-f16-h6-u25,persistent,16,6,0.25,101,confirmation_coarse-f16-h6-u25_s101,6,2,52443,54944,637930721,667301121,29370400,1,0,,585280,16612000,16612000,14518560,0.12601974476282204,0,0,0,1,28706400,2,2,2,1.0,1.0,262926,hold,0,8,0,0,8,0,6,5,10899144.827586208,1,1322.0736694246896,29370400,45713280,1,persistent,1000.0,450.0,1450.0,150.0,146.804614226056,1000.0,1322.0736694246893,0,1,322.0736694246894,0.0,104,16,24,127.92633057531043,1,
coarse-f16-h6-u25,persistent,16,6,0.25,101,confirmation_coarse-f16-h6-u25_s101,4,16,52483,55035,638514721,668297121,29782400,1,0,,584000,25493280,25493280,28836960,-0.13115927020767826,1,1,1,1,28538240,2,2,2,1.0,1.0,262926,hold,1,8,0,1,21,0,7,5,11582132.631578946,1,1326.5703796209946,29782400,45713280,1,persistent,1000.0,450.0,1450.0,150.0,146.804614226056,1000.0,1326.5703796209941,0,1,326.5703796209942,0.0,104,16,24,123.42962037900543,1,
coarse-f16-h6-u25,persistent,16,6,0.25,101,confirmation_coarse-f16-h6-u25_s101,7,3,52591,56599,639613441,685154721,45541280,1,0,,1018720,16934400,16934400,12444000,0.2651643990929705,0,0,0,0,28781280,2,3,3,1.0,0.6666666666666666,262926,hold,0,8,0,0,8,0,6,5,9527633.333333334,1,1326.5387762608761,45541280,73664000,1,persistent,1000.0,450.0,1450.0,150.0,146.804614226056,1000.0,1326.5387762608761,0,1,326.53877626087615,0.0,104,16,24,123.46122373912385,1,
coarse-f16-h6-u25,persistent,16,6,0.25,101,confirmation_coarse-f16-h6-u25_s101,15,14,53033,54255,644749441,659205441,14456000,1,0,,2570880,16042720,16042720,17465920,-0.08871313592707471,1,1,1,1,14124000,1,1,1,1.0,1.0,262926,hold,0,8,0,0,8,0,8,6,7914603.636363637,1,1327.9207747711635,14456000,30441280,1,persistent,1000.0,450.0,1450.0,150.0,146.804614226056,1000.0,1327.9207747711632,0,1,327.92077477116334,0.0,104,16,24,122.07922522883655,1,
coarse-f16-h6-u25,persistent,16,6,0.25,101,confirmation_coarse-f16-h6-u25_s101,5,13,53231,55819,647481441,676697441,29216000,1,0,,3573280,17696000,17696000,16600000,0.06193490054249548,0,0,1,1,28552000,2,2,2,1.0,1.0,262926,hold,0,8,0,0,8,0,8,6,10787682.077922078,1,1331.2561318954786,29216000,45600000,1,persistent,1000.0,450.0,1450.0,150.0,146.804614226056,1000.0,1331.2561318954786,0,1,331.25613189547863,0.0,104,16,24,118.74386810452143,1,
coarse-f16-h6-u25,persistent,16,6,0.25,101,confirmation_coarse-f16-h6-u25_s101,12,18,53259,55850,647813441,677026721,29213280,1,0,,2580000,26669280,26669280,27224000,-0.02079996160376283,1,1,1,1,28549280,2,2,2,1.0,1.0,262926,hold,1,7,1,0,12,0,8,7,10506102.857142856,1,1335.373247248182,29213280,45600000,1,persistent,1000.0,450.0,1450.0,150.0,146.804614226056,1000.0,1335.373247248182,0,1,335.37324724818194,0.0,104,16,24,114.626752751818,1,
coarse-f16-h6-u25,persistent,16,6,0.25,101,confirmation_coarse-f16-h6-u25_s101,11,14,53288,54558,648177441,662750721,14573280,1,0,,3249280,28067040,28067040,30257280,-0.0780360166230568,1,1,1,1,14241280,1,1,1,1.0,1.0,262926,hold,0,8,0,0,8,0,8,6,15571118.048780488,1,1353.208668858225,14573280,30441280,1,persistent,1000.0,450.0,1450.0,150.0,146.804614226056,1000.0,1353.2086688582249,0,1,353.2086688582248,0.0,104,16,24,96.79133114177489,1,
coarse-f16-h6-u25,persistent,16,6,0.25,101,confirmation_coarse-f16-h6-u25_s101,9,12,53342,55984,648850721,678506721,29656000,1,0,,4445280,27516000,27516000,28772000,-0.04564616950138101,1,1,1,1,28872000,2,2,2,1.0,1.0,262926,hold,0,8,0,0,8,0,8,7,14387886.376811594,1,1343.2136494428664,29656000,45600000,1,persistent,1000.0,450.0,1450.0,150.0,146.804614226056,1000.0,1343.2136494428667,0,1,343.21364944286654,0.0,104,16,24,106.78635055713357,1,
coarse-f16-h6-u25,persistent,16,6,0.25,101,confirmation_coarse-f16-h6-u25_s101,8,10,53887,56575,655210721,684922721,29712000,1,0,,2709280,32856000,32856000,34156000,-0.039566593620647676,1,1,1,1,29048000,2,2,2,1.0,1.0,262926,hold,0,8,0,0,8,0,8,7,14287754.029850746,1,1335.5284873435103,29712000,58324000,1,persistent,1000.0,450.0,1450.0,150.0,146.804614226056,1000.0,1335.5284873435103,0,1,335.5284873435103,0.0,104,16,24,114.47151265648972,1,
coarse-f16-h6-u25,persistent,16,6,0.25,101,confirmation_coarse-f16-h6-u25_s101,13,10,53902,,655254881,,,0,1,hold_exit_before_slot_completion,5773280,15100000,15100000,,,,,,,56600000,4,5,5,1.0,0.8,262926,hold,1,7,0,1,22,0,7,5,13570714.251497006,1,1331.4826685238793,73112000,91569280,1,persistent,1000.0,450.0,1450.0,150.0,146.804614226056,1000.0,1331.4826685238793,0,1,331.4826685238794,0.0,104,16,24,118.51733147612072,0,round_censored
coarse-f16-h6-u25,persistent,16,6,0.25,101,confirmation_coarse-f16-h6-u25_s101,14,8,54194,56833,658518721,687694721,29176000,1,0,,5837280,25044000,25044000,30220000,-0.20667624980035137,1,1,1,1,28392000,2,2,2,1.0,1.0,262926,hold,1,7,1,0,15,0,7,6,13249222.028985508,1,1345.6946438550733,29176000,46085280,1,persistent,1000.0,450.0,1450.0,150.0,146.804614226056,1000.0,1345.6946438550733,0,1,345.6946438550732,0.0,104,16,24,104.30535614492669,1,
coarse-f16-h6-u25,persistent,16,6,0.25,101,confirmation_coarse-f16-h6-u25_s101,15,15,54255,55543,659205441,673706721,14501280,1,0,,3803680,17465920,17465920,10519520,0.3977116579029333,0,0,0,0,0,0,1,1,1.0,0.0,262926,hold,0,8,0,0,8,0,7,5,6992223.2558139535,1,1342.5187092258857,14501280,30992000,1,persistent,1000.0,450.0,1450.0,150.0,146.804614226056,1000.0,1342.518709225886,0,1,342.5187092258858,0.0,104,16,24,107.48129077411431,1,
coarse-f16-h6-u25,persistent,16,6,0.25,101,confirmation_coarse-f16-h6-u25_s101,16,15,54276,55605,659505281,674445281,14940000,1,0,,89760,36676960,36676960,40421120,-0.10208479655892964,1,1,1,1,14298720,1,1,1,1.0,1.0,262926,hold,0,8,0,0,8,0,8,7,12984988.717948718,1,1345.0632839755824,14940000,30992000,1,persistent,1000.0,450.0,1450.0,150.0,146.804614226056,1000.0,1345.0632839755826,0,1,345.06328397558264,0.0,104,16,24,104.93671602441759,1,
coarse-f16-h6-u25,persistent,16,6,0.25,101,confirmation_coarse-f16-h6-u25_s101,11,15,54558,55874,662750721,677274881,14524160,1,0,,3489440,30257280,30257280,31149120,-0.02947522050891554,1,1,1,1,14105440,1,1,1,1.0,1.0,262926,hold,0,8,0,0,8,0,8,6,14178555.675675675,1,1346.073156509521,14524160,30992000,1,persistent,1000.0,450.0,1450.0,150.0,146.804614226056,1000.0,1346.073156509521,0,1,346.07315650952086,0.0,104,16,24,103.92684349047909,1,
coarse-f16-h6-u25,persistent,16,6,0.25,101,confirmation_coarse-f16-h6-u25_s101,6,3,54944,59140,667301121,713064161,45763040,1,0,,3264000,14518560,14518560,14144320,0.025776661046274563,0,1,1,1,43439040,3,3,3,1.0,1.0,262926,hold,0,8,0,0,8,0,5,5,10462774.025974026,1,1332.7382014162538,45763040,73704000,1,persistent,1000.0,450.0,1450.0,150.0,146.804614226056,1000.0,1332.7382014162538,0,1,332.73820141625384,0.0,104,16,24,117.26179858374621,1,
coarse-f16-h6-u25,persistent,16,6,0.25,101,confirmation_coarse-f16-h6-u25_s101,4,17,55035,56377,668297121,682852161,14555040,1,0,,1165440,28836960,28836960,26722560,0.07332256936930939,0,0,0,1,14125440,1,1,1,1.0,1.0,262926,hold,0,8,0,0,8,0,8,5,11222245.161290323,1,1330.9718962244272,14555040,30481280,1,persistent,1000.0,450.0,1450.0,150.0,146.804614226056,1000.0,1330.9718962244274,0,1,330.97189622442744,0.0,104,16,24,119.02810377557284,1,
coarse-f16-h6-u25,persistent,16,6,0.25,101,confirmation_coarse-f16-h6-u25_s101,10,10,55527,60803,673606721,732734721,59128000,1,0,,6408160,32185120,32185120,29240000,0.09150563987333277,0,0,0,1,57320000,4,4,4,1.0,1.0,262926,hold,0,8,0,0,8,0,8,7,12946647.703703703,1,1324.108763298778,59128000,87752000,1,persistent,1000.0,450.0,1450.0,150.0,146.804614226056,1000.0,1324.108763298778,0,1,324.1087632987781,0.0,104,16,24,125.89123670122194,1,
coarse-f16-h6-u25,persistent,16,6,0.25,101,confirmation_coarse-f16-h6-u25_s101,16,16,55605,56952,674445281,689025441,14580160,1,0,,0,40421120,40421120,46222720,-0.14352892745178758,1,1,1,1,14248160,1,1,1,1.0,1.0,262926,hold,0,8,0,0,8,0,7,6,10772924.0,1,1340.2400686688284,14580160,30491040,1,persistent,1000.0,450.0,1450.0,150.0,146.804614226056,1000.0,1340.2400686688284,0,1,340.2400686688284,0.0,104,16,24,109.75993133117163,1,
coarse-f16-h6-u25,persistent,16,6,0.25,101,confirmation_coarse-f16-h6-u25_s101,5,14,55819,57158,676697441,691052161,14354720,1,0,,2577280,16600000,16600000,19002720,-0.1447421686746988,1,1,1,1,14022720,1,1,1,1.0,1.0,262926,hold,0,8,0,0,8,0,8,6,8236377.142857143,1,1344.9816758462246,14354720,30491040,1,persistent,1000.0,450.0,1450.0,150.0,146.804614226056,1000.0,1344.9816758462246,0,1,344.9816758462245,0.0,104,16,24,105.01832415377544,1,
coarse-f16-h6-u25,persistent,16,6,0.25,101,confirmation_coarse-f16-h6-u25_s101,12,19,55850,58566,677026721,706324161,29297440,1,0,,1913280,27224000,27224000,26265280,0.035215985894798706,0,1,1,1,28496320,2,2,2,1.0,1.0,262926,hold,1,7,1,0,23,0,8,7,10664200.0,1,1326.5835833613246,29297440,45763040,1,persistent,1000.0,450.0,1450.0,150.0,146.804614226056,1000.0,1326.583583361325,0,1,326.583583361325,0.0,104,16,24,123.4164166386754,1,
coarse-f16-h6-u25,persistent,16,6,0.25,101,confirmation_coarse-f16-h6-u25_s101,11,16,55874,58649,677274881,707238721,29963840,1,0,,3786720,31149120,31149120,25423680,0.1838074398249453,0,0,0,0,28607840,2,2,2,1.0,1.0,262926,hold,1,8,0,1,12,0,8,6,12944969.846153846,1,1320.4542537649434,29963840,45763040,1,persistent,1000.0,450.0,1450.0,150.0,146.804614226056,1000.0,1320.4542537649436,0,1,320.4542537649436,0.0,104,16,24,129.54574623505664,1,
coarse-f16-h6-u25,persistent,16,6,0.25,101,confirmation_coarse-f16-h6-u25_s101,9,13,55984,58677,678506721,707646721,29140000,1,0,,4481280,28772000,28772000,27848000,0.03211455581815654,0,1,1,1,28236000,2,2,2,1.0,1.0,262926,hold,1,7,1,0,18,0,8,7,13303687.272727273,1,1321.6099432382089,29140000,45763040,1,persistent,1000.0,450.0,1450.0,150.0,146.804614226056,1000.0,1321.609943238209,0,1,321.60994323820915,0.0,104,16,24,128.39005676179113,1,
coarse-f16-h6-u25,persistent,16,6,0.25,101,confirmation_coarse-f16-h6-u25_s101,4,18,56377,59073,682852161,712293601,29441440,1,0,,1098720,26722560,26722560,25874720,0.031727499161756954,0,1,1,1,28777440,2,2,2,1.0,1.0,262926,hold,1,7,1,0,19,0,8,5,11663162.597402597,1,1331.0639963666522,29441440,44980000,1,persistent,1000.0,450.0,1450.0,150.0,146.804614226056,1000.0,1331.0639963666522,0,1,331.0639963666522,0.0,104,16,24,118.93600363334781,1,
coarse-f16-h6-u25,persistent,16,6,0.25,101,confirmation_coarse-f16-h6-u25_s101,8,11,56575,60577,684922721,729966721,45044000,1,0,,3873280,34156000,34156000,30652000,0.10258812507319358,0,0,0,1,43928000,3,3,3,1.0,1.0,262926,hold,1,8,0,1,13,0,6,6,13667835.102040816,1,1327.3809365718612,45044000,60577280,1,persistent,1000.0,450.0,1450.0,150.0,146.804614226056,1000.0,1327.3809365718612,0,1,327.38093657186124,0.0,104,16,24,122.61906342813882,1,
coarse-f16-h6-u25,persistent,16,6,0.25,101,confirmation_coarse-f16-h6-u25_s101,14,9,56833,63239,687694721,761610721,73916000,1,0,,2589280,30220000,30220000,30044000,0.005823957643944408,0,1,1,1,71176000,5,5,5,1.0,1.0,262926,hold,1,8,0,1,26,0,7,5,14024869.268292682,1,1313.5291895484058,73916000,102256000,1,persistent,1000.0,450.0,1450.0,150.0,146.804614226056,1000.0,1313.5291895484058,0,1,313.5291895484058,0.0,104,16,24,136.47081045159416,1,
coarse-f16-h6-u25,persistent,16,6,0.25,101,confirmation_coarse-f16-h6-u25_s101,15,16,56886,58255,688314721,703001441,14686720,1,0,,917280,25789280,25789280,21169280,0.17914420255237834,0,0,0,0,14354720,1,1,1,1.0,1.0,262926,hold,0,8,0,0,8,0,8,6,8562664.0,1,1335.0983353338393,14686720,30212000,1,persistent,1000.0,450.0,1450.0,150.0,146.804614226056,1000.0,1335.0983353338393,0,1,335.0983353338393,0.0,104,16,24,114.90166466616074,1,
coarse-f16-h6-u25,persistent,16,6,0.25,101,confirmation_coarse-f16-h6-u25_s101,16,17,56952,59599,689025441,718680001,29654560,1,0,,150720,46222720,46222720,42913600,0.07159076748404249,0,0,0,1,28990560,2,2,2,1.0,1.0,262926,hold,1,8,0,1,30,0,8,7,10844772.987012986,1,1325.31409637484,29654560,45152000,1,persistent,1000.0,450.0,1450.0,150.0,146.804614226056,1000.0,1325.3140963748394,0,1,325.31409637483955,0.0,104,16,24,124.68590362516011,1,
coarse-f16-h6-u25,persistent,16,6,0.25,101,confirmation_coarse-f16-h6-u25_s101,5,15,57158,59734,691052161,720268161,29216000,1,0,,253280,19002720,19002720,20328320,-0.06975843458199668,1,1,1,1,28552000,2,2,2,1.0,1.0,262926,hold,1,7,1,0,32,0,8,6,9437830.649350649,1,1317.3774051848036,29216000,45152000,1,persistent,1000.0,450.0,1450.0,150.0,146.804614226056,1000.0,1317.3774051848034,0,1,317.3774051848035,0.0,104,16,24,132.6225948151964,1,
coarse-f16-h6-u25,persistent,16,6,0.25,101,confirmation_coarse-f16-h6-u25_s101,7,4,58009,,700094721,,,0,1,hold_exit_before_slot_completion,2302560,14276000,14276000,,,,,,,0,0,1,1,1.0,0.0,262926,hold,0,2,0,0,2,0,6,5,9856518.4,1,1326.072403493267,14940000,30184000,1,persistent,1000.0,450.0,1450.0,150.0,146.804614226056,1000.0,1326.0724034932673,0,1,326.07240349326725,0.0,104,16,24,123.92759650673293,0,round_censored
coarse-f16-h6-u25,persistent,16,6,0.25,101,confirmation_coarse-f16-h6-u25_s101,15,17,58255,59514,703001441,717609441,14608000,1,0,,2318880,21169280,21169280,17669600,0.16531880158418236,0,0,0,1,14276000,1,1,1,1.0,1.0,262926,hold,0,8,0,0,8,0,8,6,9085596.444444444,1,1325.640030207725,14608000,30212000,1,persistent,1000.0,450.0,1450.0,150.0,146.804614226056,1000.0,1325.640030207725,0,1,325.6400302077251,0.0,104,16,24,124.35996979227502,1,
coarse-f16-h6-u25,persistent,16,6,0.25,101,confirmation_coarse-f16-h6-u25_s101,12,20,58566,62348,706324161,751466721,45142560,1,0,,2377280,26265280,26265280,24307680,0.07453185345825364,0,0,1,1,43357120,3,3,3,1.0,1.0,262926,hold,1,8,0,1,16,0,7,6,11548809.911504425,1,1302.8002561695191,45142560,61420000,1,persistent,1000.0,450.0,1450.0,150.0,146.804614226056,1000.0,1302.8002561695191,0,1,302.8002561695191,0.0,104,16,24,147.19974383048088,1,
coarse-f16-h6-u25,persistent,16,6,0.25,101,confirmation_coarse-f16-h6-u25_s101,11,17,58649,61122,707238721,736786721,29548000,1,0,,2717600,25423680,25423680,29998560,-0.17994562549560095,1,1,1,1,28298720,2,2,2,1.0,1.0,262926,hold,1,8,0,1,8,0,8,6,14731308.169014085,1,1300.9361116551522,29548000,58380000,1,persistent,1000.0,450.0,1450.0,150.0,146.804614226056,1000.0,1300.9361116551524,0,1,300.93611165515233,0.0,104,16,24,149.06388834484778,1,
coarse-f16-h6-u25,persistent,16,6,0.25,101,confirmation_coarse-f16-h6-u25_s101,9,14,58677,59911,707646721,722238721,14592000,1,0,,1853280,27848000,27848000,30468000,-0.09408216029876472,1,1,1,1,14260000,1,1,1,1.0,1.0,262926,hold,0,8,0,0,8,0,8,7,14767277.837837838,1,1309.9955253069688,14592000,30544000,1,persistent,1000.0,450.0,1450.0,150.0,146.804614226056,1000.0,1309.995525306969,0,1,309.99552530696894,0.0,104,16,24,140.00447469303117,1,
coarse-f16-h6-u25,persistent,16,6,0.25,101,confirmation_coarse-f16-h6-u25_s101,4,19,59073,60317,712293601,726826721,14533120,1,0,,1429280,25874720,25874720,24386560,0.05751405232597686,0,0,1,1,14201120,1,1,1,1.0,1.0,262926,hold,0,8,0,0,8,0,8,5,9850715.75,1,1313.7747480133032,14533120,30544000,1,persistent,1000.0,450.0,1450.0,150.0,146.804614226056,1000.0,1313.7747480133035,0,1,313.77474801330334,0.0,104,16,24,136.22525198669678,1,
coarse-f16-h6-u25,persistent,16,6,0.25,101,confirmation_coarse-f16-h6-u25_s101,6,4,59140,,713064161,,,0,1,hold_exit_before_slot_completion,3984000,14144320,14144320,,,,,,,0,0,1,1,1.0,0.0,262926,hold,0,0,0,0,0,0,5,4,6914052.413793104,1,1311.1454042055002,14529280,30544000,1,persistent,1000.0,450.0,1450.0,150.0,146.804614226056,1000.0,1311.1454042055002,0,1,311.14540420550026,0.0,104,16,24,138.8545957944998,0,round_censored
coarse-f16-h6-u25,persistent,16,6,0.25,101,confirmation_coarse-f16-h6-u25_s101,15,18,59514,60750,717609441,732138721,14529280,1,0,,3241280,17669600,17669600,15677600,0.11273599855118395,0,0,1,1,14197280,1,1,1,1.0,1.0,262926,hold,0,8,0,0,8,0,6,4,8032012.972972973,1,1309.6168654534165,14529280,30544000,1,persistent,1000.0,450.0,1450.0,150.0,146.804614226056,1000.0,1309.6168654534167,0,1,309.6168654534167,0.0,104,16,24,140.3831345465835,1,
coarse-f16-h6-u25,persistent,16,6,0.25,101,confirmation_coarse-f16-h6-u25_s101,16,18,59599,60898,718680001,733980161,15300160,1,0,,1716000,42913600,42913600,41657440,0.029271839230453747,0,0,1,1,14304160,1,1,1,1.0,1.0,262926,hold,0,8,0,0,8,0,8,7,12006227.027027028,1,1307.99977697964,15300160,30544000,1,persistent,1000.0,450.0,1450.0,150.0,146.804614226056,1000.0,1307.99977697964,0,1,307.99977697964016,0.0,104,16,24,142.00022302035995,1,
coarse-f16-h6-u25,persistent,16,6,0.25,101,confirmation_coarse-f16-h6-u25_s101,5,16,59734,,720268161,,,0,1,hold_exit_before_slot_completion,3905280,20328320,20328320,,,,,,,0,0,1,1,1.0,0.0,262926,hold,0,1,0,0,1,0,8,6,10908820.0,1,1307.753278624184,14858560,30544000,1,persistent,1000.0,450.0,1450.0,150.0,146.804614226056,1000.0,1307.7532786241843,0,1,307.75327862418436,0.0,104,16,24,142.24672137581592,0,round_censored
coarse-f16-h6-u25,persistent,16,6,0.25,101,confirmation_coarse-f16-h6-u25_s101,9,15,59911,66229,722238721,795222721,72984000,1,0,,3429280,30468000,30468000,27564000,0.09531311539976368,0,0,0,1,70964000,5,5,5,1.0,1.0,262926,hold,0,8,0,0,8,0,7,6,13832123.680981595,1,1309.6236218023887,72984000,91632000,1,persistent,1000.0,450.0,1450.0,150.0,146.804614226056,1000.0,1309.623621802389,0,1,309.62362180238904,0.0,104,16,24,140.3763781976113,1,
coarse-f16-h6-u25,persistent,16,6,0.25,101,confirmation_coarse-f16-h6-u25_s101,4,20,60317,62814,726826721,756864161,30037440,1,0,,1908160,24386560,24386560,27556000,-0.12996667016586186,1,1,1,1,29041440,2,2,2,1.0,1.0,262926,hold,1,7,1,0,30,0,8,5,10299794.246753247,1,1300.3379987335727,30037440,45300000,1,persistent,1000.0,450.0,1450.0,150.0,146.804614226056,1000.0,1300.337998733573,0,1,300.3379987335729,0.0,104,16,24,149.6620012664273,1,
coarse-f16-h6-u25,persistent,16,6,0.25,101,confirmation_coarse-f16-h6-u25_s101,8,12,60577,61763,729966721,744430721,14464000,1,0,,3265280,30652000,30652000,33568000,-0.09513245465222497,1,1,1,1,14132000,1,1,1,1.0,1.0,262926,hold,0,8,0,0,8,0,8,7,13187418.181818182,1,1307.0050290408362,14464000,31540000,1,persistent,1000.0,450.0,1450.0,150.0,146.804614226056,1000.0,1307.0050290408365,0,1,307.00502904083646,0.0,104,16,24,142.99497095916377,1,
coarse-f16-h6-u25,persistent,16,6,0.25,101,confirmation_coarse-f16-h6-u25_s101,15,19,60750,61971,732138721,746957441,14818720,1,0,,581280,15677600,15677600,20173280,-0.28675817727203146,1,1,1,1,14076000,1,1,1,1.0,1.0,262926,hold,0,8,0,0,8,0,8,6,8986454.634146342,1,1305.9379726064487,14818720,31540000,1,persistent,1000.0,450.0,1450.0,150.0,146.804614226056,1000.0,1305.9379726064487,0,1,305.9379726064488,0.0,104,16,24,144.06202739355126,1,
coarse-f16-h6-u25,persistent,16,6,0.25,101,confirmation_coarse-f16-h6-u25_s101,10,11,60803,65860,732734721,791070721,58336000,1,0,,4685280,29240000,29240000,39768000,-0.3600547195622435,1,1,1,1,56408000,4,4,4,1.0,1.0,262926,hold,0,8,0,0,8,0,7,6,14763139.2248062,1,1307.40536752049,58336000,76692000,1,persistent,1000.0,450.0,1450.0,150.0,146.804614226056,1000.0,1307.40536752049,0,1,307.4053675204901,0.0,104,16,24,142.59463247950998,1,
coarse-f16-h6-u25,persistent,16,6,0.25,101,confirmation_coarse-f16-h6-u25_s101,16,19,60898,62112,733980161,748674561,14694400,1,0,,422720,41657440,41657440,37230720,0.1062648112798098,0,0,0,0,14157120,1,1,1,1.0,1.0,262926,hold,0,8,0,0,8,0,8,7,11605506.666666666,1,1303.6513872996968,14694400,31540000,1,persistent,1000.0,450.0,1450.0,150.0,146.804614226056,1000.0,1303.6513872996968,0,1,303.6513872996967,0.0,104,16,24,146.3486127003032,1,
coarse-f16-h6-u25,persistent,16,6,0.25,101,confirmation_coarse-f16-h6-u25_s101,11,18,61122,62384,736786721,751857441,15070720,1,0,,2988000,29998560,29998560,23526720,0.21573835544106118,0,0,0,0,14328000,1,1,1,1.0,1.0,262926,hold,0,8,0,0,8,0,7,5,7944324.571428572,1,1298.5753562362067,15070720,31540000,1,persistent,1000.0,450.0,1450.0,150.0,146.804614226056,1000.0,1298.5753562362067,0,1,298.5753562362068,0.0,104,16,24,151.42464376379326,1,
coarse-f16-h6-u25,persistent,16,6,0.25,101,confirmation_coarse-f16-h6-u25_s101,13,11,61642,64136,743070881,772062881,28992000,1,0,,6825280,14012000,14012000,17239040,-0.23030545246931203,1,1,1,1,28328000,2,2,2,1.0,1.0,262926,hold,0,8,0,0,8,0,8,5,13540728.358208954,1,1306.7410032457162,28992000,45426720,1,persistent,1000.0,450.0,1450.0,150.0,146.804614226056,1000.0,1306.741003245716,0,1,306.7410032457161,0.0,104,16,24,143.25899675428377,1,
coarse-f16-h6-u25,persistent,16,6,0.25,101,confirmation_coarse-f16-h6-u25_s101,8,13,61763,64289,744430721,773718721,29288000,1,0,,3357280,33568000,33568000,45616000,-0.35891325071496666,1,1,1,1,28624000,2,2,2,1.0,1.0,262926,hold,1,7,1,0,15,0,7,6,16928504.615384616,1,1304.319895682331,29288000,46081280,1,persistent,1000.0,450.0,1450.0,150.0,146.804614226056,1000.0,1304.319895682331,0,1,304.3198956823311,0.0,104,16,24,145.68010431766902,1,
coarse-f16-h6-u25,persistent,16,6,0.25,101,confirmation_coarse-f16-h6-u25_s101,15,20,61971,63225,746957441,761481441,14524000,1,0,,0,20173280,20173280,27221600,-0.349388894617038,1,1,1,1,14070720,1,1,1,1.0,1.0,262926,hold,0,8,0,0,8,0,8,6,9634045.714285715,1,1292.5935958755117,14524000,31208000,1,persistent,1000.0,450.0,1450.0,150.0,146.804614226056,1000.0,1292.593595875512,0,1,292.5935958755118,0.0,104,16,24,157.4064041244883,1,
coarse-f16-h6-u25,persistent,16,6,0.25,101,confirmation_coarse-f16-h6-u25_s101,16,20,62112,63412,748674561,763528161,14853600,1,0,,238560,37230720,37230720,33407521,0.10268936512643323,0,0,0,1,14276000,1,1,1,1.0,1.0,262926,hold,0,8,0,0,8,0,8,7,12401333.305555556,1,1292.0610523204887,14853600,31208000,1,persistent,1000.0,450.0,1450.0,150.0,146.804614226056,1000.0,1292.061052320489,0,1,292.06105232048884,0.0,104,16,24,157.93894767951133,1,
coarse-f16-h6-u25,persistent,16,6,0.25,101,confirmation_coarse-f16-h6-u25_s101,12,21,62348,63635,751466721,766150721,14684000,1,0,,2985600,24307680,24307680,28265440,-0.16281932294649262,1,1,1,1,14092000,1,1,1,1.0,1.0,262926,hold,0,8,0,0,8,0,8,7,10435602.051282052,1,1305.1629265389372,14684000,43808000,1,persistent,1000.0,450.0,1450.0,150.0,146.804614226056,1000.0,1305.1629265389372,0,1,305.1629265389372,0.0,104,16,24,144.8370734610628,1,
coarse-f16-h6-u25,persistent,16,6,0.25,101,confirmation_coarse-f16-h6-u25_s101,11,19,62384,63665,751857441,766492161,14634720,1,0,,1425280,23526720,23526720,39712000,-0.6879531018348499,1,1,1,1,14302720,1,1,1,1.0,1.0,262926,hold,0,8,0,0,8,0,8,6,11784562.75862069,1,1303.6079443407,14634720,31208000,1,persistent,1000.0,450.0,1450.0,150.0,146.804614226056,1000.0,1303.6079443407,0,1,303.6079443406999,0.0,104,16,24,146.3920556593,1,
coarse-f16-h6-u25,persistent,16,6,0.25,101,confirmation_coarse-f16-h6-u25_s101,4,21,62814,64064,756864161,771261601,14397440,1,0,,335840,27556000,27556000,28656000,-0.039918710988532446,1,1,1,1,14065440,1,1,1,1.0,1.0,262926,hold,0,8,0,0,8,0,7,4,12654791.789473685,1,1316.8658891189173,14397440,31208000,1,persistent,1000.0,450.0,1450.0,150.0,146.804614226056,1000.0,1316.8658891189175,0,1,316.86588911891744,0.0,104,16,24,133.13411088108273,1,
coarse-f16-h6-u25,persistent,16,6,0.25,101,confirmation_coarse-f16-h6-u25_s101,15,21,63225,65816,761481441,790570721,29089280,1,0,,249280,27221600,27221600,27049440,0.006324389455432451,0,1,1,1,28425280,2,2,2,1.0,1.0,262926,hold,1,7,1,0,23,0,7,5,9706115.789473685,1,1308.2309713141756,29089280,45314560,1,persistent,1000.0,450.0,1450.0,150.0,146.804614226056,1000.0,1308.2309713141756,0,1,308.2309713141756,0.0,104,16,24,141.76902868582442,1,
coarse-f16-h6-u25,persistent,16,6,0.25,101,confirmation_coarse-f16-h6-u25_s101,14,10,63239,64523,761610721,776378721,14768000,1,0,,3929280,30044000,30044000,26696000,0.11143655971242178,0,0,0,1,14312320,1,1,1,1.0,1.0,262926,hold,0,8,0,0,8,0,8,6,15088406.857142856,1,1313.9861813999478,14768000,30544000,1,persistent,1000.0,450.0,1450.0,150.0,146.804614226056,1000.0,1313.9861813999478,0,1,313.9861813999478,0.0,104,16,24,136.01381860005222,1,
coarse-f16-h6-u25,persistent,16,6,0.25,101,confirmation_coarse-f16-h6-u25_s101,16,21,63412,66020,763528161,792937281,29409120,1,0,,1242079,33407521,33407521,37838400,-0.13263118206226676,1,1,1,1,28741440,2,2,2,1.0,1.0,262926,hold,0,8,0,0,8,0,8,7,11236750.0125,1,1317.3660616531006,29409120,45314560,1,persistent,1000.0,450.0,1450.0,150.0,146.804614226056,1000.0,1317.3660616531004,0,1,317.3660616531004,0.0,104,16,24,132.6339383468994,1,
coarse-f16-h6-u25,persistent,16,6,0.25,101,confirmation_coarse-f16-h6-u25_s101,5,17,63483,64794,764342721,779364161,15021440,1,0,,3654720,16434720,16434720,21590560,-0.31371632738495087,1,1,1,1,14276000,1,1,1,1.0,1.0,262926,hold,0,8,0,0,8,0,8,6,9885056.0,1,1324.4385764776089,15021440,30544000,1,persistent,1000.0,450.0,1450.0,150.0,146.804614226056,1000.0,1324.4385764776086,0,1,324.4385764776086,0.0,104,16,24,125.56142352239112,1,
coarse-f16-h6-u25,persistent,16,6,0.25,101,confirmation_coarse-f16-h6-u25_s101,12,22,63635,64926,766150721,780792161,14641440,1,0,,1346720,28265440,28265440,29898880,-0.05778930029038996,1,1,1,1,14309440,1,1,1,1.0,1.0,262926,hold,0,8,0,0,8,0,7,6,9419771.42857143,1,1327.7896480983372,14641440,30544000,1,persistent,1000.0,450.0,1450.0,150.0,146.804614226056,1000.0,1327.789648098337,0,1,327.78964809833695,0.0,104,16,24,122.21035190166276,1,
coarse-f16-h6-u25,persistent,16,6,0.25,101,confirmation_coarse-f16-h6-u25_s101,11,20,63665,64939,766492161,780942721,14450560,1,0,,3037280,39712000,39712000,39154400,0.014041095890410958,0,1,1,1,14118560,1,1,1,1.0,1.0,262926,hold,0,8,0,0,8,0,8,6,16921479.024390243,1,1339.822657728259,14450560,30544000,1,persistent,1000.0,450.0,1450.0,150.0,146.804614226056,1000.0,1339.8226577282587,0,1,339.82265772825866,0.0,104,16,24,110.17734227174105,1,
coarse-f16-h6-u25,persistent,16,6,0.25,101,confirmation_coarse-f16-h6-u25_s101,4,22,64064,65376,771261601,785693441,14431840,1,0,,202720,28656000,28656000,25940320,0.09476828587381352,0,0,0,1,14071840,1,1,1,1.0,1.0,262926,hold,0,8,0,0,8,0,7,5,10019666.42857143,1,1325.9841498013536,14431840,30544000,1,persistent,1000.0,450.0,1450.0,150.0,146.804614226056,1000.0,1325.9841498013534,0,1,325.9841498013535,0.0,104,16,24,124.01585019864638,1,
coarse-f16-h6-u25,persistent,16,6,0.25,101,confirmation_coarse-f16-h6-u25_s101,13,12,64136,68068,772062881,816006881,43944000,1,0,,3033280,17239040,17239040,18299040,-0.061488342738342736,1,1,1,1,42708000,3,3,3,1.0,1.0,262926,hold,0,8,0,0,8,0,8,5,13163549.514563106,1,1325.843931781444,43944000,60308000,1,persistent,1000.0,450.0,1450.0,150.0,146.804614226056,1000.0,1325.8439317814439,0,1,325.84393178144387,0.0,104,16,24,124.1560682185559,1,
coarse-f16-h6-u25,persistent,16,6,0.25,101,confirmation_coarse-f16-h6-u25_s101,8,14,64289,65641,773718721,788606721,14888000,1,0,,2757280,45616000,45616000,44224000,0.03051560855840056,0,0,1,1,14316000,1,1,1,1.0,1.0,262926,hold,0,8,0,0,8,0,8,7,13401814.857142856,1,1316.1621848939117,14888000,30374560,1,persistent,1000.0,450.0,1450.0,150.0,146.804614226056,1000.0,1316.1621848939114,0,1,316.1621848939115,0.0,104,16,24,133.83781510608833,1,
coarse-f16-h6-u25,persistent,16,6,0.25,101,confirmation_coarse-f16-h6-u25_s101,14,11,64523,65867,776378721,791090721,14712000,1,0,,3025280,26696000,26696000,26632000,0.00239736290080911,0,1,1,1,14260000,1,1,1,1.0,1.0,262926,hold,0,8,0,0,8,0,8,6,13740531.891891891,1,1328.1132639941898,14712000,43732000,1,persistent,1000.0,450.0,1450.0,150.0,146.804614226056,1000.0,1328.1132639941893,0,1,328.1132639941893,0.0,104,16,24,121.88673600581023,1,
coarse-f16-h6-u25,persistent,16,6,0.25,101,confirmation_coarse-f16-h6-u25_s101,5,18,64794,66121,779364161,793990721,14626560,1,0,,493280,21590560,21590560,25580160,-0.18478446135718574,1,1,1,1,14294560,1,1,1,1.0,1.0,262926,hold,0,8,0,0,8,0,7,5,10750677.894736841,1,1317.3892218416452,14626560,30374560,1,persistent,1000.0,450.0,1450.0,150.0,146.804614226056,1000.0,1317.3892218416447,0,1,317.38922184164477,0.0,104,16,24,132.61077815835483,1,
coarse-f16-h6-u25,persistent,16,6,0.25,101,confirmation_coarse-f16-h6-u25_s101,12,23,64926,67603,780792161,810809441,30017280,1,0,,45280,29898880,29898880,22636000,0.24291478476785752,0,0,0,0,29021280,2,2,2,1.0,1.0,262926,hold,1,7,1,0,24,0,7,7,9272569.523809524,1,1329.2657096359378,30017280,58274560,1,persistent,1000.0,450.0,1450.0,150.0,146.804614226056,1000.0,1329.2657096359378,0,1,329.2657096359378,0.0,104,16,24,120.73429036406219,1,
coarse-f16-h6-u25,persistent,16,6,0.25,101,confirmation_coarse-f16-h6-u25_s101,11,21,64939,67538,780942721,810037441,29094720,1,0,,2604000,39154400,39154400,32959840,0.1582085282880085,0,0,0,0,28362880,2,2,2,1.0,1.0,262926,hold,1,8,0,1,17,0,6,5,13103972.173913043,1,1323.1121646303939,29094720,45036000,1,persistent,1000.0,450.0,1450.0,150.0,146.804614226056,1000.0,1323.1121646303936,0,1,323.11216463039375,0.0,104,16,24,126.88783536960614,1,
coarse-f16-h6-u25,persistent,16,6,0.25,101,confirmation_coarse-f16-h6-u25_s101,4,23,65376,66730,785693441,800796001,15102560,1,0,,1631840,25940320,25940320,25564960,0.014470137608171372,0,1,1,1,14765440,1,1,1,1.0,1.0,262926,hold,0,8,0,0,8,0,8,5,11444160.025641026,1,1322.682065270187,15102560,30374560,1,persistent,1000.0,450.0,1450.0,150.0,146.804614226056,1000.0,1322.6820652701865,0,1,322.6820652701865,0.0,104,16,24,127.31793472981303,1,
coarse-f16-h6-u25,persistent,16,6,0.25,101,confirmation_coarse-f16-h6-u25_s101,8,15,65641,68305,788606721,818602721,29996000,1,0,,3817280,44224000,44224000,31676000,0.2837373371924747,0,0,0,0,28972000,2,2,2,1.0,1.0,262926,hold,1,7,1,0,22,0,8,7,13774166.486486487,1,1326.5561290742128,29996000,44748000,1,persistent,1000.0,450.0,1450.0,150.0,146.804614226056,1000.0,1326.556129074213,0,1,326.55612907421295,0.0,104,16,24,123.44387092578722,1,
coarse-f16-h6-u25,persistent,16,6,0.25,101,confirmation_coarse-f16-h6-u25_s101,15,22,65816,67108,790570721,805178721,14608000,1,0,,3747840,27049440,27049440,28546880,-0.05535937158033586,1,1,1,1,14276000,1,1,1,1.0,1.0,262926,hold,0,8,0,0,8,0,8,6,9948073.846153846,1,1321.4426225923492,14608000,30162720,1,persistent,1000.0,450.0,1450.0,150.0,146.804614226056,1000.0,1321.4426225923492,0,1,321.44262259234915,0.0,104,16,24,128.55737740765085,1,
coarse-f16-h6-u25,persistent,16,6,0.25,101,confirmation_coarse-f16-h6-u25_s101,10,12,65860,69722,791070721,835022721,43952000,1,0,,4029280,39768000,39768000,30116000,0.24270770468718567,0,0,0,0,42836000,3,3,3,1.0,1.0,262926,hold,0,8,0,0,8,0,8,7,13009879.626168225,1,1323.3767131060713,43952000,60237120,1,persistent,1000.0,450.0,1450.0,150.0,146.804614226056,1000.0,1323.3767131060713,0,1,323.37671310607135,0.0,104,16,24,126.62328689392871,1,
coarse-f16-h6-u25,persistent,16,6,0.25,101,confirmation_coarse-f16-h6-u25_s101,14,12,65867,72277,791090721,864582721,73492000,1,0,,4037280,26632000,26632000,27232000,-0.022529288074496844,1,1,1,1,71232000,5,5,5,1.0,1.0,262926,hold,1,8,0,1,8,0,8,6,14473773.827160494,1,1316.6909932756816,73492000,90038720,1,persistent,1000.0,450.0,1450.0,150.0,146.804614226056,1000.0,1316.6909932756816,0,1,316.6909932756817,0.0,104,16,24,133.30900672431835,1,
coarse-f16-h6-u25,persistent,16,6,0.25,101,confirmation_coarse-f16-h6-u25_s101,16,22,66020,67288,792937281,807352161,14414880,1,0,,1908160,37838400,37838400,43160000,-0.14064019620279927,1,1,1,1,14082880,1,1,1,1.0,1.0,262926,hold,0,8,0,0,8,0,8,7,9885375.0,1,1307.4804295894362,14414880,30162720,1,persistent,1000.0,450.0,1450.0,150.0,146.804614226056,1000.0,1307.4804295894362,0,1,307.4804295894363,0.0,104,16,24,142.5195704105638,1,
coarse-f16-h6-u25,persistent,16,6,0.25,101,confirmation_coarse-f16-h6-u25_s101,5,19,66121,67402,793990721,808498721,14508000,1,0,,0,25580160,25580160,23561440,0.07891741099351998,0,0,0,1,14176000,1,1,1,1.0,1.0,262926,hold,0,8,0,0,8,0,8,6,12227416.0,1,1315.6107617521782,14508000,30162720,1,persistent,1000.0,450.0,1450.0,150.0,146.804614226056,1000.0,1315.6107617521784,0,1,315.6107617521784,0.0,104,16,24,134.38923824782182,1,
coarse-f16-h6-u25,persistent,16,6,0.25,101,confirmation_coarse-f16-h6-u25_s101,9,16,66229,67517,795222721,809870721,14648000,1,0,,4149280,27564000,27564000,25312000,0.08170076911914091,0,0,0,1,14196000,1,1,1,1.0,1.0,262926,hold,0,8,0,0,8,0,8,7,14857504.0,1,1316.5833726357976,14648000,30162720,1,persistent,1000.0,450.0,1450.0,150.0,146.804614226056,1000.0,1316.5833726357978,0,1,316.58337263579784,0.0,104,16,24,133.41662736420244,1,
coarse-f16-h6-u25,persistent,16,6,0.25,101,confirmation_coarse-f16-h6-u25_s101,4,24,66730,69305,800796001,830260161,29464160,1,0,,532000,25564960,25564960,24680960,0.03457857943059563,0,1,1,1,28522720,2,2,2,1.0,1.0,262926,hold,1,8,0,1,18,0,8,5,10655587.368421054,1,1315.9732154574617,29464160,44792000,1,persistent,1000.0,450.0,1450.0,150.0,146.804614226056,1000.0,1315.9732154574617,0,1,315.97321545746166,0.0,104,16,24,134.02678454253828,1,
coarse-f16-h6-u25,persistent,16,6,0.25,101,confirmation_coarse-f16-h6-u25_s101,6,5,66873,69424,802456001,831588161,29132160,1,0,,253280,15434560,15434560,16268000,-0.0539982999191425,1,1,1,1,28468160,2,2,2,1.0,1.0,262926,hold,0,8,0,0,8,0,7,6,10920787.5,1,1323.3962555825826,29132160,44792000,1,persistent,1000.0,450.0,1450.0,150.0,146.804614226056,1000.0,1323.3962555825826,0,1,323.3962555825825,0.0,104,16,24,126.60374441741737,1,
coarse-f16-h6-u25,persistent,16,6,0.25,101,confirmation_coarse-f16-h6-u25_s101,15,23,67108,68438,805178721,820118721,14940000,1,0,,922400,28546880,28546880,25956000,0.09075877994372765,0,0,0,1,14608000,1,1,1,1.0,1.0,262926,hold,0,8,0,0,8,0,8,6,10116938.94736842,1,1325.9448612919698,14940000,44566720,1,persistent,1000.0,450.0,1450.0,150.0,146.804614226056,1000.0,1325.9448612919698,0,1,325.94486129196986,0.0,104,16,24,124.0551387080302,1,
coarse-f16-h6-u25,persistent,16,6,0.25,101,confirmation_coarse-f16-h6-u25_s101,7,5,67113,71048,805281441,850180161,44898720,1,0,,1249280,14690720,14690720,14029440,0.04501345066817692,0,1,1,1,42906720,3,3,3,1.0,1.0,262926,hold,0,8,0,0,8,0,5,4,11040246.315789474,1,1328.5466432005305,44898720,73492000,1,persistent,1000.0,450.0,1450.0,150.0,146.804614226056,1000.0,1328.5466432005305,0,1,328.54664320053047,0.0,104,16,24,121.45335679946947,1,
coarse-f16-h6-u25,persistent,16,6,0.25,101,confirmation_coarse-f16-h6-u25_s101,16,23,67288,68649,807352161,822370881,15018720,1,0,,585280,43160000,43160000,42777440,0.008863762743280816,0,1,1,1,14261761,1,1,1,1.0,1.0,262926,hold,0,8,0,0,8,0,8,7,10735311.975,1,1332.1237657119864,15018720,30072000,1,persistent,1000.0,450.0,1450.0,150.0,146.804614226056,1000.0,1332.1237657119864,0,1,332.1237657119863,0.0,104,16,24,117.87623428801362,1,
coarse-f16-h6-u25,persistent,16,6,0.25,101,confirmation_coarse-f16-h6-u25_s101,5,20,67402,68705,808498721,823082721,14584000,1,0,,2595840,23561440,23561440,18497280,0.21493423152404947,0,0,0,0,14252000,1,1,1,1.0,1.0,262926,hold,0,8,0,0,8,0,8,6,10091572.0,1,1329.3796349953375,14584000,29960000,1,persistent,1000.0,450.0,1450.0,150.0,146.804614226056,1000.0,1329.3796349953375,0,1,329.3796349953375,0.0,104,16,24,120.62036500466252,1,
coarse-f16-h6-u25,persistent,16,6,0.25,101,confirmation_coarse-f16-h6-u25_s101,9,17,67517,70099,809870721,839286721,29416000,1,0,,5173280,25312000,25312000,24776000,0.021175726927939318,0,1,1,1,28632000,2,2,2,1.0,1.0,262926,hold,0,8,0,0,8,0,7,6,13310731.594202898,1,1332.552321565836,29416000,45230400,1,persistent,1000.0,450.0,1450.0,150.0,146.804614226056,1000.0,1332.552321565836,0,1,332.55232156583605,0.0,104,16,24,117.44767843416389,1,
coarse-f16-h6-u25,persistent,16,6,0.25,101,confirmation_coarse-f16-h6-u25_s101,11,22,67538,68853,810037441,824766721,14729280,1,0,,493440,32959840,32959840,30244000,0.08239845824494293,0,0,0,1,14157280,1,1,1,1.0,1.0,262926,hold,0,8,0,0,8,0,8,6,12253884.0,1,1331.3299213774087,14729280,29960000,1,persistent,1000.0,450.0,1450.0,150.0,146.804614226056,1000.0,1331.329921377409,0,1,331.3299213774088,0.0,104,16,24,118.67007862259129,1,
coarse-f16-h6-u25,persistent,16,6,0.25,101,confirmation_coarse-f16-h6-u25_s101,12,24,67603,68909,810809441,825430721,14621280,1,0,,2369280,22636000,22636000,20812160,0.08057253931790069,0,0,1,1,14289280,1,1,1,1.0,1.0,262926,hold,0,8,0,0,8,0,6,6,8746010.256410256,1,1317.675805198431,14621280,29960000,1,persistent,1000.0,450.0,1450.0,150.0,146.804614226056,1000.0,1317.675805198431,0,1,317.6758051984309,0.0,104,16,24,132.3241948015691,1,
coarse-f16-h6-u25,persistent,16,6,0.25,101,confirmation_coarse-f16-h6-u25_s101,13,13,68068,75836,816006881,904698881,88692000,1,0,,5294240,18299040,18299040,21241600,-0.16080406403833206,1,1,1,1,85864960,6,6,6,1.0,1.0,262926,hold,0,8,0,0,8,0,7,5,13758971.881188119,1,1327.4346058222302,88692000,106397440,1,persistent,1000.0,450.0,1450.0,150.0,146.804614226056,1000.0,1327.4346058222302,0,1,327.43460582223014,0.0,104,16,24,122.5653941777698,1,
coarse-f16-h6-u25,persistent,16,6,0.25,101,confirmation_coarse-f16-h6-u25_s101,8,16,68305,76048,818602721,906862721,88260000,1,0,,4065280,31676000,31676000,37388000,-0.18032579871195858,1,1,1,1,85782880,6,6,6,1.0,1.0,262926,hold,0,8,0,0,8,0,7,6,13814537.959183674,1,1327.4529755216827,88260000,106397440,1,persistent,1000.0,450.0,1450.0,150.0,146.804614226056,1000.0,1327.4529755216827,0,1,327.4529755216827,0.0,104,16,24,122.54702447831733,1,
coarse-f16-h6-u25,persistent,16,6,0.25,101,confirmation_coarse-f16-h6-u25_s101,15,24,68438,69699,820118721,834726721,14608000,1,0,,648000,25956000,25956000,24625600,0.051255971644321156,0,0,1,1,14276000,1,1,1,1.0,1.0,262926,hold,0,8,0,0,8,0,7,6,9603097.142857144,1,1326.4492849822582,14608000,30074400,1,persistent,1000.0,450.0,1450.0,150.0,146.804614226056,1000.0,1326.449284982258,0,1,326.44928498225784,0.0,104,16,24,123.55071501774182,1,
coarse-f16-h6-u25,persistent,16,6,0.25,101,confirmation_coarse-f16-h6-u25_s101,16,24,68649,69891,822370881,837017441,14646560,1,0,,326240,42777440,42777440,41489120,0.03011680923402616,0,0,1,1,14061280,1,1,1,1.0,1.0,262926,hold,0,8,0,0,8,0,7,6,14221008.916666666,1,1320.0738734604406,14646560,30290720,1,persistent,1000.0,450.0,1450.0,150.0,146.804614226056,1000.0,1320.0738734604406,0,1,320.07387346044055,0.0,104,16,24,129.9261265395594,1,
coarse-f16-h6-u25,persistent,16,6,0.25,101,confirmation_coarse-f16-h6-u25_s101,5,21,68705,69954,823082721,837701441,14618720,1,0,,3230560,18497280,18497280,18478720,0.001003390768804927,0,1,1,1,14276000,1,1,1,1.0,1.0,262926,hold,0,8,0,0,8,0,8,6,9217720.0,1,1323.5538400301778,14618720,30290720,1,persistent,1000.0,450.0,1450.0,150.0,146.804614226056,1000.0,1323.553840030178,0,1,323.55384003017787,0.0,104,16,24,126.44615996982225,1,
coarse-f16-h6-u25,persistent,16,6,0.25,101,confirmation_coarse-f16-h6-u25_s101,11,23,68853,72686,824766721,869125441,44358720,1,0,,1217280,30244000,30244000,26677600,0.1179209099325486,0,0,0,1,43181280,3,3,3,1.0,1.0,262926,hold,0,8,0,0,8,0,8,6,13035889.484536082,1,1315.0502769247917,44358720,72721280,1,persistent,1000.0,450.0,1450.0,150.0,146.804614226056,1000.0,1315.0502769247917,0,1,315.0502769247917,0.0,104,16,24,134.94972307520834,1,
coarse-f16-h6-u25,persistent,16,6,0.25,101,confirmation_coarse-f16-h6-u25_s101,12,25,68909,70145,825430721,839862721,14432000,1,0,,2625120,20812160,20812160,25720000,-0.23581598450136843,1,1,1,1,14100000,1,1,1,1.0,1.0,262926,hold,0,8,0,0,8,0,8,7,11513141.05263158,1,1317.5279633795442,14432000,30290720,1,persistent,1000.0,450.0,1450.0,150.0,146.804614226056,1000.0,1317.5279633795442,0,1,317.52796337954425,0.0,104,16,24,132.4720366204558,1,
coarse-f16-h6-u25,persistent,16,6,0.25,101,confirmation_coarse-f16-h6-u25_s101,4,25,69305,70628,830260161,845141441,14881280,1,0,,833440,24680960,24680960,27056000,-0.0962296442277772,1,1,1,1,14549280,1,1,1,1.0,1.0,262926,hold,0,8,0,0,8,0,8,5,10527804.878048781,1,1323.0902473854526,14881280,30290720,1,persistent,1000.0,450.0,1450.0,150.0,146.804614226056,1000.0,1323.0902473854526,0,1,323.09024738545247,0.0,104,16,24,126.90975261454741,1,
coarse-f16-h6-u25,persistent,16,6,0.25,101,confirmation_coarse-f16-h6-u25_s101,6,6,69424,,831588161,,,0,1,hold_exit_before_slot_completion,1660000,16268000,16268000,,,,,,,14529280,1,2,2,1.0,0.5,262926,hold,1,7,0,0,15,0,6,6,9729726.511627907,1,1317.1272354302569,29469280,45894720,1,persistent,1000.0,450.0,1450.0,150.0,146.804614226056,1000.0,1317.1272354302564,0,1,317.1272354302565,0.0,104,16,24,132.87276456974314,0,round_censored
coarse-f16-h6-u25,persistent,16,6,0.25,101,confirmation_coarse-f16-h6-u25_s101,15,25,69699,70978,834726721,849334721,14608000,1,0,,522560,24625600,24625600,23254720,0.05566889740757586,0,0,1,1,14276000,1,1,1,1.0,1.0,262926,hold,0,8,0,0,8,0,8,6,9844248.421052631,1,1319.3102903661418,14608000,30328000,1,persistent,1000.0,450.0,1450.0,150.0,146.804614226056,1000.0,1319.310290366142,0,1,319.31029036614194,0.0,104,16,24,130.68970963385823,1,
coarse-f16-h6-u25,persistent,16,6,0.25,101,confirmation_coarse-f16-h6-u25_s101,10,13,69722,71023,835022721,849818721,14796000,1,0,,3189280,30116000,30116000,30752000,-0.02111834240935051,1,1,1,1,14344000,1,1,1,1.0,1.0,262926,hold,0,8,0,0,8,0,8,7,10376715.294117646,1,1323.836703662112,14796000,30328000,1,persistent,1000.0,450.0,1450.0,150.0,146.804614226056,1000.0,1323.8367036621123,0,1,323.8367036621123,0.0,104,16,24,126.16329633788791,1,
coarse-f16-h6-u25,persistent,16,6,0.25,101,confirmation_coarse-f16-h6-u25_s101,16,25,69891,71172,837017441,851625441,14608000,1,0,,923040,41489120,41489120,41500000,-0.0002622374251369998,1,1,1,1,14276000,1,1,1,1.0,1.0,262926,hold,0,8,0,0,8,0,8,7,11382526.315789474,1,1333.986569561761,14608000,30876000,1,persistent,1000.0,450.0,1450.0,150.0,146.804614226056,1000.0,1333.9865695617611,0,1,333.9865695617611,0.0,104,16,24,116.01343043823908,1,
coarse-f16-h6-u25,persistent,16,6,0.25,101,confirmation_coarse-f16-h6-u25_s101,5,22,69954,72515,837701441,867249441,29548000,1,0,,1913280,18478720,18478720,15287680,0.1726872856994424,0,0,0,1,28884000,2,2,2,1.0,1.0,262926,hold,1,7,1,0,29,0,7,5,8693823.209876543,1,1324.3127051593108,29548000,46812000,1,persistent,1000.0,450.0,1450.0,150.0,146.804614226056,1000.0,1324.312705159311,0,1,324.31270515931095,0.0,104,16,24,125.68729484068922,1,
coarse-f16-h6-u25,persistent,16,6,0.25,101,confirmation_coarse-f16-h6-u25_s101,9,18,70099,71382,839286721,854146721,14860000,1,0,,4361280,24776000,24776000,27548480,-0.11190184049079754,1,1,1,1,14408000,1,1,1,1.0,1.0,262926,hold,0,8,0,0,8,0,8,7,11798257.777777778,1,1329.922977528844,14860000,30876000,1,persistent,1000.0,450.0,1450.0,150.0,146.804614226056,1000.0,1329.9229775288438,0,1,329.9229775288439,0.0,104,16,24,120.07702247115594,1,
coarse-f16-h6-u25,persistent,16,6,0.25,101,confirmation_coarse-f16-h6-u25_s101,12,26,70145,71394,839862721,854303841,14441120,1,0,,1913280,25720000,25720000,19313440,0.2490886469673406,0,0,0,0,14109120,1,1,1,1.0,1.0,262926,hold,0,8,0,0,8,0,7,6,9717574.736842105,1,1324.4245416533865,14441120,30876000,1,persistent,1000.0,450.0,1450.0,150.0,146.804614226056,1000.0,1324.4245416533865,0,1,324.42454165338654,0.0,104,16,24,125.57545834661346,1,
coarse-f16-h6-u25,persistent,16,6,0.25,101,confirmation_coarse-f16-h6-u25_s101,4,26,70628,73111,845141441,874089281,28947840,1,0,,834720,27056000,27056000,24229760,0.1044589000591366,0,0,0,1,28283840,2,2,2,1.0,1.0,262926,hold,1,7,1,0,29,0,8,5,9787563.076923076,1,1321.1551420837657,28947840,46812000,1,persistent,1000.0,450.0,1450.0,150.0,146.804614226056,1000.0,1321.1551420837657,0,1,321.15514208376567,0.0,104,16,24,128.84485791623433,1,
coarse-f16-h6-u25,persistent,16,6,0.25,101,confirmation_coarse-f16-h6-u25_s101,15,26,70978,72208,849334721,863797281,14462560,1,0,,88000,23254720,23254720,22388000,0.037270713214349604,0,1,1,1,14130560,1,1,1,1.0,1.0,262926,hold,0,8,0,0,8,0,8,6,11582915.121951219,1,1324.5261451997608,14462560,30876000,1,persistent,1000.0,450.0,1450.0,150.0,146.804614226056,1000.0,1324.5261451997608,0,1,324.52614519976066,0.0,104,16,24,125.47385480023922,1,
coarse-f16-h6-u25,persistent,16,6,0.25,101,confirmation_coarse-f16-h6-u25_s101,10,14,71023,77467,849818721,923366721,73548000,1,0,,2609280,30752000,30752000,38948000,-0.26651925078043703,1,1,1,1,70808000,5,5,5,1.0,1.0,262926,hold,0,8,0,0,8,0,8,7,15330584.0,1,1325.4633033140767,73548000,102048000,1,persistent,1000.0,450.0,1450.0,150.0,146.804614226056,1000.0,1325.4633033140767,0,1,325.4633033140766,0.0,104,16,24,124.53669668592329,1,
coarse-f16-h6-u25,persistent,16,6,0.25,101,confirmation_coarse-f16-h6-u25_s101,7,6,71048,72384,850180161,865784161,15604000,1,0,,1913280,14029440,14029440,13026720,0.07147256055836869,0,0,1,1,0,0,1,1,1.0,0.0,262926,hold,0,8,0,0,8,0,7,7,8000818.823529412,1,1313.7219424616692,15604000,29880000,1,persistent,1000.0,450.0,1450.0,150.0,146.804614226056,1000.0,1313.721942461669,0,1,313.72194246166896,0.0,104,16,24,136.2780575383308,1,
coarse-f16-h6-u25,persistent,16,6,0.25,101,confirmation_coarse-f16-h6-u25_s101,16,26,71172,73720,851625441,881252161,29626720,1,0,,917280,41500000,41500000,41173120,0.007876626506024097,0,1,1,1,28416000,2,2,2,1.0,1.0,262926,hold,1,7,1,0,29,0,8,7,9100557.037037037,1,1324.368982680283,29626720,45177600,1,persistent,1000.0,450.0,1450.0,150.0,146.804614226056,1000.0,1324.368982680283,0,1,324.36898268028295,0.0,104,16,24,125.6310173197171,1,
coarse-f16-h6-u25,persistent,16,6,0.25,101,confirmation_coarse-f16-h6-u25_s101,9,19,71382,79106,854146721,942102721,87956000,1,0,,2224800,27548480,27548480,29592000,-0.07417904726503967,1,1,1,1,85244000,6,6,6,1.0,1.0,262926,hold,1,8,0,1,13,0,7,7,14414591.340206185,1,1321.1420741757938,87956000,116819840,1,persistent,1000.0,450.0,1450.0,150.0,146.804614226056,1000.0,1321.142074175794,0,1,321.142074175794,0.0,104,16,24,128.85792582420618,1,
coarse-f16-h6-u25,persistent,16,6,0.25,101,confirmation_coarse-f16-h6-u25_s101,12,27,71394,75250,854303841,898162721,43858880,1,0,,2068000,19313440,19313440,28372000,-0.46902882138034446,1,1,1,1,42674560,3,3,3,1.0,1.0,262926,hold,0,8,0,0,8,0,7,7,13153831.836734693,1,1328.3057874304618,43858880,61498720,1,persistent,1000.0,450.0,1450.0,150.0,146.804614226056,1000.0,1328.3057874304616,0,1,328.30578743046146,0.0,104,16,24,121.6942125695382,1,
coarse-f16-h6-u25,persistent,16,6,0.25,101,confirmation_coarse-f16-h6-u25_s101,15,27,72208,74762,863797281,892826721,29029440,1,0,,3573280,22388000,22388000,27888000,-0.24566732177952474,1,1,1,1,28365440,2,2,2,1.0,1.0,262926,hold,0,8,0,0,8,0,8,6,9898856.842105264,1,1323.037898560907,29029440,47144000,1,persistent,1000.0,450.0,1450.0,150.0,146.804614226056,1000.0,1323.0378985609073,0,1,323.0378985609072,0.0,104,16,24,126.96210143909298,1,
coarse-f16-h6-u25,persistent,16,6,0.25,101,confirmation_coarse-f16-h6-u25_s101,14,13,72277,74844,864582721,893702721,29120000,1,0,,4389280,27232000,27232000,34960000,-0.28378378378378377,1,1,1,1,28336000,2,2,2,1.0,1.0,262926,hold,1,7,1,0,29,1,8,6,10554406.760563381,1,1328.0066197572294,29120000,47144000,1,persistent,1000.0,450.0,1450.0,150.0,146.804614226056,1000.0,1328.0066197572294,0,1,328.0066197572293,0.0,104,16,24,121.99338024277063,1,
coarse-f16-h6-u25,persistent,16,6,0.25,101,confirmation_coarse-f16-h6-u25_s101,5,23,72515,,867249441,,,0,1,hold_exit_before_slot_completion,2242880,15287680,15287680,,,,,,,0,0,1,1,1.0,0.0,262926,hold,0,4,0,0,4,0,8,6,11008397.948717948,1,1326.0586482269634,14953280,31540000,1,persistent,1000.0,450.0,1450.0,150.0,146.804614226056,1000.0,1326.0586482269634,0,1,326.0586482269634,0.0,104,16,24,123.94135177303656,0,round_censored
coarse-f16-h6-u25,persistent,16,6,0.25,101,confirmation_coarse-f16-h6-u25_s101,11,24,72686,73944,869125441,883777441,14652000,1,0,,5543680,26677600,26677600,33149440,-0.24259453624014155,1,1,1,1,14320000,1,1,1,1.0,1.0,262926,hold,0,8,0,0,8,0,8,6,10988930.52631579,1,1336.0319019202627,14652000,31540000,1,persistent,1000.0,450.0,1450.0,150.0,146.804614226056,1000.0,1336.0319019202625,0,1,336.0319019202625,0.0,104,16,24,113.96809807973727,1,
coarse-f16-h6-u25,persistent,16,6,0.25,101,confirmation_coarse-f16-h6-u25_s101,4,27,73111,75750,874089281,903734721,29645440,1,0,,2657120,24229760,24229760,29538240,-0.21908925222536252,1,1,1,1,28907840,2,2,2,1.0,1.0,262926,hold,1,8,0,1,39,0,7,5,9009815.384615384,1,1341.4608227515962,29645440,45894720,1,persistent,1000.0,450.0,1450.0,150.0,146.804614226056,1000.0,1341.4608227515964,0,1,341.4608227515964,0.0,104,16,24,108.5391772484038,1,
coarse-f16-h6-u25,persistent,16,6,0.25,101,confirmation_coarse-f16-h6-u25_s101,1,10,73487,76219,878550721,908869281,30318560,1,0,,1502880,16130400,16130400,20916000,-0.29668204136289245,1,1,1,1,28658560,2,2,2,1.0,1.0,262926,hold,0,8,0,0,8,0,6,5,11398608.0,1,1340.168904228047,30318560,58808000,1,persistent,1000.0,450.0,1450.0,150.0,146.804614226056,1000.0,1340.168904228047,0,1,340.16890422804704,0.0,104,16,24,109.83109577195296,1,
coarse-f16-h6-u25,persistent,16,6,0.25,101,confirmation_coarse-f16-h6-u25_s101,16,27,73720,75039,881252161,895748001,14495840,1,0,,917280,41173120,41173120,45342880,-0.10127384079710258,1,1,1,1,14163840,1,1,1,1.0,1.0,262926,hold,0,8,0,0,8,0,7,6,10356912.727272727,1,1351.6548464255463,14495840,31540000,1,persistent,1000.0,450.0,1450.0,150.0,146.804614226056,1000.0,1351.6548464255463,0,1,351.6548464255463,0.0,104,16,24,98.34515357445366,1,
coarse-f16-h6-u25,persistent,16,6,0.25,101,confirmation_coarse-f16-h6-u25_s101,11,25,73944,76616,883777441,913477441,29700000,1,0,,817280,33149440,33149440,35404000,-0.06801200864931654,1,1,1,1,29036000,2,2,2,1.0,1.0,262926,hold,1,7,1,0,26,0,8,6,11686535.89041096,1,1337.2974705969743,29700000,45830720,1,persistent,1000.0,450.0,1450.0,150.0,146.804614226056,1000.0,1337.2974705969746,0,1,337.29747059697445,0.0,104,16,24,112.70252940302566,1,
coarse-f16-h6-u25,persistent,16,6,0.25,101,confirmation_coarse-f16-h6-u25_s101,15,28,74762,76099,892826721,907434721,14608000,1,0,,1913280,27888000,27888000,27958400,-0.0025243832472748137,1,1,1,1,14276000,1,1,1,1.0,1.0,262926,hold,0,8,0,0,8,0,8,6,7834346.666666667,1,1342.8359953667866,14608000,30318560,1,persistent,1000.0,450.0,1450.0,150.0,146.804614226056,1000.0,1342.8359953667868,0,1,342.8359953667868,0.0,104,16,24,107.16400463321338,1,
coarse-f16-h6-u25,persistent,16,6,0.25,101,confirmation_coarse-f16-h6-u25_s101,14,14,74844,79965,893702721,951982721,58280000,1,0,,1741280,34960000,34960000,22968000,0.34302059496567505,0,0,0,0,56592000,4,4,4,1.0,1.0,262926,hold,0,8,0,0,8,0,7,5,14769939.541984733,1,1321.8157758320408,58280000,75364000,1,persistent,1000.0,450.0,1450.0,150.0,146.804614226056,1000.0,1321.815775832041,0,1,321.8157758320409,0.0,104,16,24,128.1842241679592,1,
coarse-f16-h6-u25,persistent,16,6,0.25,101,confirmation_coarse-f16-h6-u25_s101,16,28,75039,77598,895748001,924806561,29058560,1,0,,473120,45342880,45342880,47235040,-0.04173003567484024,1,1,1,1,28394560,2,2,2,1.0,1.0,262926,hold,1,8,0,1,28,0,7,6,9097863.157894736,1,1328.8789118727752,29058560,45755840,1,persistent,1000.0,450.0,1450.0,150.0,146.804614226056,1000.0,1328.8789118727755,0,1,328.87891187277546,0.0,104,16,24,121.12108812722477,1,
coarse-f16-h6-u25,persistent,16,6,0.25,101,confirmation_coarse-f16-h6-u25_s101,5,24,75132,76484,896813441,912016001,15202560,1,0,,13280,21822720,21822720,21934400,-0.005117602205407942,1,1,1,1,14870560,1,1,1,1.0,1.0,262926,hold,0,8,0,0,8,0,8,6,7922360.0,1,1326.5059244259985,15202560,44898720,1,persistent,1000.0,450.0,1450.0,150.0,146.804614226056,1000.0,1326.5059244259987,0,1,326.5059244259987,0.0,104,16,24,123.4940755740015,1,
coarse-f16-h6-u25,persistent,16,6,0.25,101,confirmation_coarse-f16-h6-u25_s101,12,28,75250,76548,898162721,912680001,14517280,1,0,,609280,28372000,28372000,29174560,-0.02828704356407726,1,1,1,1,14185280,1,1,1,1.0,1.0,262926,hold,0,8,0,0,8,0,8,7,12171040.0,1,1326.3826827516668,14517280,30784160,1,persistent,1000.0,450.0,1450.0,150.0,146.804614226056,1000.0,1326.382682751667,0,1,326.3826827516671,0.0,104,16,24,123.61731724833317,1,
coarse-f16-h6-u25,persistent,16,6,0.25,101,confirmation_coarse-f16-h6-u25_s101,4,28,75750,78306,903734721,932926881,29192160,1,0,,326880,29538240,29538240,26004320,0.11963881395777134,0,0,0,1,28528160,2,2,2,1.0,1.0,262926,hold,0,8,0,0,8,0,8,5,13229245.217391305,1,1316.7319823239557,29192160,45724160,1,persistent,1000.0,450.0,1450.0,150.0,146.804614226056,1000.0,1316.731982323956,0,1,316.73198232395583,0.0,104,16,24,133.26801767604434,1,
coarse-f16-h6-u25,persistent,16,6,0.25,101,confirmation_coarse-f16-h6-u25_s101,13,14,75836,77128,904698881,919438881,14740000,1,0,,4241280,21241600,21241600,22756000,-0.07129406447725219,1,1,1,1,14408000,1,1,1,1.0,1.0,262926,hold,0,8,0,0,8,0,8,5,12404808.888888888,1,1326.1390088894534,14740000,30784160,1,persistent,1000.0,450.0,1450.0,150.0,146.804614226056,1000.0,1326.1390088894536,0,1,326.1390088894536,0.0,104,16,24,123.86099111054659,1,
coarse-f16-h6-u25,persistent,16,6,0.25,101,confirmation_coarse-f16-h6-u25_s101,8,17,76048,77298,906862721,921378721,14516000,1,0,,2461280,37388000,37388000,37944000,-0.014871081630469669,1,1,1,1,14064000,1,1,1,1.0,1.0,262926,hold,0,8,0,0,8,0,8,7,12134744.242424242,1,1323.7492875902922,14516000,44820000,1,persistent,1000.0,450.0,1450.0,150.0,146.804614226056,1000.0,1323.7492875902924,0,1,323.74928759029234,0.0,104,16,24,126.25071240970783,1,
coarse-f16-h6-u25,persistent,16,6,0.25,101,confirmation_coarse-f16-h6-u25_s101,15,29,76099,78637,907434721,936589121,29154400,1,0,,1908160,27958400,27958400,26373440,0.05668993933844569,0,0,1,1,28500640,2,2,2,1.0,1.0,262926,hold,1,8,0,1,26,0,7,6,8109876.705882353,1,1314.4705093578737,29154400,45724160,1,persistent,1000.0,450.0,1450.0,150.0,146.804614226056,1000.0,1314.4705093578737,0,1,314.47050935787365,0.0,104,16,24,135.52949064212635,1,
coarse-f16-h6-u25,persistent,16,6,0.25,101,confirmation_coarse-f16-h6-u25_s101,1,11,76219,,908869281,,,0,1,hold_exit_before_slot_completion,1023840,20916000,20916000,,,,,,,28792160,2,3,3,1.0,0.6666666666666666,262926,hold,1,7,0,0,7,0,4,4,13279306.666666666,1,1314.3478875346023,46457280,73209600,1,persistent,1000.0,450.0,1450.0,150.0,146.804614226056,1000.0,1314.3478875346025,0,1,314.3478875346024,0.0,104,16,24,135.65211246539775,0,round_censored
coarse-f16-h6-u25,persistent,16,6,0.25,101,confirmation_coarse-f16-h6-u25_s101,5,25,76484,80344,912016001,955840001,43824000,1,0,,578880,21934400,21934400,10296000,0.5306003355459917,0,0,0,0,28618720,2,3,3,1.0,0.6666666666666666,262926,hold,1,8,0,1,24,0,8,6,10641097.345132744,1,1309.2436511742094,43824000,61645440,1,persistent,1000.0,450.0,1450.0,150.0,146.804614226056,1000.0,1309.2436511742094,0,1,309.2436511742094,0.0,104,16,24,140.7563488257906,1,
coarse-f16-h6-u25,persistent,16,6,0.25,101,confirmation_coarse-f16-h6-u25_s101,12,29,76548,79070,912680001,941674561,28994560,1,0,,256000,29174560,29174560,27901440,0.04363801887671999,0,0,1,1,28325440,2,2,2,1.0,1.0,262926,hold,1,8,0,1,25,0,8,7,9780736.0,1,1309.71652333977,28994560,46457280,1,persistent,1000.0,450.0,1450.0,150.0,146.804614226056,1000.0,1309.7165233397702,0,1,309.7165233397702,0.0,104,16,24,140.28347666023,1,
coarse-f16-h6-u25,persistent,16,6,0.25,101,confirmation_coarse-f16-h6-u25_s101,11,26,76616,80558,913477441,958309441,44832000,1,0,,2585280,35404000,35404000,32589280,0.07950288103039205,0,0,0,1,42398400,3,3,3,1.0,1.0,262926,hold,0,8,0,0,8,0,8,6,14158540.408163264,1,1303.8248660604463,44832000,61645440,1,persistent,1000.0,450.0,1450.0,150.0,146.804614226056,1000.0,1303.8248660604465,0,1,303.8248660604465,0.0,104,16,24,146.1751339395537,1,
coarse-f16-h6-u25,persistent,16,6,0.25,101,confirmation_coarse-f16-h6-u25_s101,13,15,77128,80986,919438881,962978881,43540000,1,0,,3245280,22756000,22756000,21801120,0.04196168043592899,0,1,1,1,42544000,3,3,3,1.0,1.0,262926,hold,0,8,0,0,8,0,6,5,14375570.0,1,1308.904562304354,43540000,61645440,1,persistent,1000.0,450.0,1450.0,150.0,146.804614226056,1000.0,1308.904562304354,0,1,308.9045623043539,0.0,104,16,24,141.09543769564607,1,
coarse-f16-h6-u25,persistent,16,6,0.25,101,confirmation_coarse-f16-h6-u25_s101,8,18,77298,79877,921378721,951006721,29628000,1,0,,1157280,37944000,37944000,34764000,0.08380771663504111,0,0,0,1,28964000,2,2,2,1.0,1.0,262926,hold,1,7,1,0,25,0,8,7,13999083.42857143,1,1310.9183414867746,29628000,46457280,1,persistent,1000.0,450.0,1450.0,150.0,146.804614226056,1000.0,1310.9183414867746,0,1,310.9183414867745,0.0,104,16,24,139.08165851322542,1,
coarse-f16-h6-u25,persistent,16,6,0.25,101,confirmation_coarse-f16-h6-u25_s101,10,15,77467,82702,923366721,982402721,59036000,1,0,,3153280,38948000,38948000,42109120,-0.08116257574201499,1,1,1,1,57108000,4,4,4,1.0,1.0,262926,hold,1,8,0,1,11,0,7,6,13263152.23880597,1,1312.9028423554928,59036000,76253440,1,persistent,1000.0,450.0,1450.0,150.0,146.804614226056,1000.0,1312.9028423554928,0,1,312.90284235549285,0.0,104,16,24,137.0971576445072,1,
coarse-f16-h6-u25,persistent,16,6,0.25,101,confirmation_coarse-f16-h6-u25_s101,16,29,77598,78926,924806561,939932161,15125600,1,0,,78400,47235040,47235040,46300160,0.01979208655269478,0,1,1,1,14793600,1,1,1,1.0,1.0,262926,hold,1,7,1,0,13,0,7,6,9591253.333333334,1,1310.9254025675411,15125600,30945120,1,persistent,1000.0,450.0,1450.0,150.0,146.804614226056,1000.0,1310.9254025675414,0,1,310.9254025675414,0.0,104,16,24,139.07459743245886,1,
coarse-f16-h6-u25,persistent,16,6,0.25,101,confirmation_coarse-f16-h6-u25_s101,4,29,78306,80937,932926881,962396161,29469280,1,0,,1918400,26004320,26004320,31977440,-0.22969721953890737,1,1,1,1,28800160,2,2,2,1.0,1.0,262926,hold,1,7,1,0,15,0,7,5,11080855.466666667,1,1316.3362679627248,29469280,46133280,1,persistent,1000.0,450.0,1450.0,150.0,146.804614226056,1000.0,1316.336267962725,0,1,316.33626796272495,0.0,104,16,24,133.66373203727517,1,
coarse-f16-h6-u25,persistent,16,6,0.25,101,confirmation_coarse-f16-h6-u25_s101,15,30,78637,81233,936589121,965945441,29356320,1,0,,3422720,26373440,26373440,26968480,-0.022562092772122257,1,1,1,1,28473440,2,2,2,1.0,1.0,262926,hold,1,8,0,1,22,0,8,6,7894040.0,1,1312.0625766586913,29356320,46133280,1,persistent,1000.0,450.0,1450.0,150.0,146.804614226056,1000.0,1312.0625766586913,0,1,312.0625766586912,0.0,104,16,24,137.93742334130866,1,
coarse-f16-h6-u25,persistent,16,6,0.25,101,confirmation_coarse-f16-h6-u25_s101,16,30,78926,81499,939932161,968957601,29025440,1,0,,344160,46300160,46300160,40722080,0.1204764735154263,0,0,0,0,28361440,2,2,2,1.0,1.0,262926,hold,1,8,0,1,21,0,8,7,9783231.578947369,1,1308.7998041338572,29025440,45816000,1,persistent,1000.0,450.0,1450.0,150.0,146.804614226056,1000.0,1308.7998041338572,0,1,308.7998041338572,0.0,104,16,24,141.20019586614285,1,
coarse-f16-h6-u25,persistent,16,6,0.25,101,confirmation_coarse-f16-h6-u25_s101,7,7,79024,,941226881,,,0,1,hold_exit_before_slot_completion,585280,14686720,14686720,,,,,,,0,0,1,1,1.0,0.0,262926,hold,1,7,0,0,20,0,8,7,7156592.7272727275,1,1315.4758633489168,14608000,31193280,1,persistent,1000.0,450.0,1450.0,150.0,146.804614226056,1000.0,1315.475863348917,0,1,315.47586334891696,0.0,104,16,24,134.52413665108315,0,round_censored
coarse-f16-h6-u25,persistent,16,6,0.25,101,confirmation_coarse-f16-h6-u25_s101,12,30,79070,80415,941674561,956682561,15008000,1,0,,1330560,27901440,27901440,29797440,-0.06795348197082302,1,1,1,1,14454560,1,1,1,1.0,1.0,262926,hold,0,8,0,0,8,0,8,7,9672804.324324325,1,1309.859981724141,15008000,43520000,1,persistent,1000.0,450.0,1450.0,150.0,146.804614226056,1000.0,1309.859981724141,0,1,309.85998172414116,0.0,104,16,24,140.1400182758589,1,
coarse-f16-h6-u25,persistent,16,6,0.25,101,confirmation_coarse-f16-h6-u25_s101,9,20,79106,83038,942102721,985870721,43768000,1,0,,2941280,29592000,29592000,35504000,-0.1997837253311706,1,1,1,1,42652000,3,3,3,1.0,1.0,262926,hold,1,8,0,1,13,0,8,7,12731061.333333334,1,1311.8382156386144,43768000,61078400,1,persistent,1000.0,450.0,1450.0,150.0,146.804614226056,1000.0,1311.8382156386142,0,1,311.8382156386142,0.0,104,16,24,138.16178436138557,1,
coarse-f16-h6-u25,persistent,16,6,0.25,101,confirmation_coarse-f16-h6-u25_s101,8,19,79877,81243,951006721,965978721,14972000,1,0,,2893280,34764000,34764000,36828000,-0.05937176389368312,1,1,1,1,14280000,1,1,1,1.0,1.0,262926,hold,0,8,0,0,8,0,8,7,13016780.0,1,1319.3815328727121,14972000,43828320,1,persistent,1000.0,450.0,1450.0,150.0,146.804614226056,1000.0,1319.3815328727121,0,1,319.38153287271217,0.0,104,16,24,130.6184671272879,1,
coarse-f16-h6-u25,persistent,16,6,0.25,101,confirmation_coarse-f16-h6-u25_s101,14,15,79965,83936,951982721,996830721,44848000,1,0,,4021280,22968000,22968000,25144000,-0.09474050853361198,1,1,1,1,43132000,3,3,3,1.0,1.0,262926,hold,0,8,0,0,8,0,8,6,12976710.095238095,1,1319.9578227232762,44848000,73745280,1,persistent,1000.0,450.0,1450.0,150.0,146.804614226056,1000.0,1319.9578227232762,0,1,319.95782272327625,0.0,104,16,24,130.0421772767238,1,
coarse-f16-h6-u25,persistent,16,6,0.25,101,confirmation_coarse-f16-h6-u25_s101,12,31,80415,83151,956682561,987238721,30556160,1,0,,1702400,29797440,29797440,33101280,-0.11087663906698025,1,1,1,1,29738720,2,2,2,1.0,1.0,262926,hold,1,7,1,0,29,0,8,7,12671115.675675675,1,1309.347116403302,30556160,47144000,1,persistent,1000.0,450.0,1450.0,150.0,146.804614226056,1000.0,1309.347116403302,0,1,309.347116403302,0.0,104,16,24,140.65288359669808,1,
coarse-f16-h6-u25,persistent,16,6,0.25,101,confirmation_coarse-f16-h6-u25_s101,11,27,80558,83239,958309441,988292161,29982720,1,0,,0,32589280,32589280,36705120,-0.126294290637903,1,1,1,1,28137120,2,2,2,1.0,1.0,262926,hold,1,7,1,0,16,0,7,6,12759144.347826088,1,1307.729958234204,29982720,47144000,1,persistent,1000.0,450.0,1450.0,150.0,146.804614226056,1000.0,1307.729958234204,0,1,307.7299582342041,0.0,104,16,24,142.2700417657959,1,
coarse-f16-h6-u25,persistent,16,6,0.25,101,confirmation_coarse-f16-h6-u25_s101,4,30,80937,83467,962396161,991201441,28805280,1,0,,1397120,31977440,31977440,29452160,0.0789706743253994,0,0,0,1,28141280,2,2,2,1.0,1.0,262926,hold,1,7,1,0,29,0,7,5,11271283.2,1,1308.9376338376917,28805280,47144000,1,persistent,1000.0,450.0,1450.0,150.0,146.804614226056,1000.0,1308.9376338376917,0,1,308.9376338376917,0.0,104,16,24,141.0623661623083,1,
coarse-f16-h6-u25,persistent,16,6,0.25,101,confirmation_coarse-f16-h6-u25_s101,13,16,80986,83567,962978881,992366881,29388000,1,0,,3324160,21801120,21801120,17868000,0.1804090799004822,0,0,0,1,28484000,2,2,2,1.0,1.0,262926,hold,1,8,0,1,21,0,8,5,14032637.714285715,1,1311.724043174453,29388000,47144000,1,persistent,1000.0,450.0,1450.0,150.0,146.804614226056,1000.0,1311.724043174453,0,1,311.72404317445313,0.0,104,16,24,138.27595682554693,1,
coarse-f16-h6-u25,persistent,16,6,0.25,101,confirmation_coarse-f16-h6-u25_s101,15,31,81233,83758,965945441,994829441,28884000,1,0,,577280,26968480,26968480,29356320,-0.08854188296856182,1,1,1,1,28220000,2,2,2,1.0,1.0,262926,hold,1,8,0,1,27,0,8,6,9012044.8,1,1306.1738600380065,28884000,47144000,1,persistent,1000.0,450.0,1450.0,150.0,146.804614226056,1000.0,1306.1738600380065,0,1,306.17386003800647,0.0,104,16,24,143.82613996199348,1,
coarse-f16-h6-u25,persistent,16,6,0.25,101,confirmation_coarse-f16-h6-u25_s101,8,20,81243,83800,965978721,995238721,29260000,1,0,,2665280,36828000,36828000,42220000,-0.14641033995872704,1,1,1,1,28356000,2,2,2,1.0,1.0,262926,hold,1,8,0,1,15,0,8,7,14515367.272727273,1,1310.7579620021693,29260000,47144000,1,persistent,1000.0,450.0,1450.0,150.0,146.804614226056,1000.0,1310.7579620021693,0,1,310.7579620021694,0.0,104,16,24,139.24203799783072,1,
coarse-f16-h6-u25,persistent,16,6,0.25,101,confirmation_coarse-f16-h6-u25_s101,16,31,81499,84043,968957601,998120161,29162560,1,0,,196320,40722080,40722080,41469280,-0.018348768039353588,1,1,1,1,28498560,2,2,2,1.0,1.0,262926,hold,1,7,1,0,16,0,8,7,10520793.239436619,1,1315.6567307099028,29162560,47144000,1,persistent,1000.0,450.0,1450.0,150.0,146.804614226056,1000.0,1315.6567307099028,0,1,315.6567307099027,0.0,104,16,24,134.34326929009717,1,
coarse-f16-h6-u25,persistent,16,6,0.25,101,confirmation_coarse-f16-h6-u25_s101,1,12,81630,82966,970514721,985122721,14608000,1,0,,332000,18909280,18909280,24637120,-0.3029115862687527,1,1,1,1,14276000,1,1,1,1.0,1.0,262926,hold,0,8,0,0,8,0,8,7,12394124.137931034,1,1310.5913185765676,14608000,30876000,1,persistent,1000.0,450.0,1450.0,150.0,146.804614226056,1000.0,1310.5913185765676,0,1,310.5913185765675,0.0,104,16,24,139.40868142343243,1,
coarse-f16-h6-u25,persistent,16,6,0.25,101,confirmation_coarse-f16-h6-u25_s101,5,26,81633,84200,970514721,999897601,29382880,1,0,,585280,20584000,20584000,22753440,-0.10539448115040809,1,1,1,1,28718880,2,2,2,1.0,1.0,262926,hold,1,8,0,1,25,0,8,6,10274430.0,1,1314.3280173193086,29382880,47144000,1,persistent,1000.0,450.0,1450.0,150.0,146.804614226056,1000.0,1314.3280173193086,0,1,314.3280173193087,0.0,104,16,24,135.67198268069137,1,
coarse-f16-h6-u25,persistent,16,6,0.25,101,confirmation_coarse-f16-h6-u25_s101,10,16,82702,85243,982402721,1012063841,29661120,1,0,,4804160,42109120,42109120,39140000,0.07051014127105958,0,0,0,1,28877120,2,2,2,1.0,1.0,262926,hold,0,8,0,0,8,0,8,7,14307053.913043479,1,1317.342221685653,29661120,46654560,1,persistent,1000.0,450.0,1450.0,150.0,146.804614226056,1000.0,1317.3422216856532,0,1,317.3422216856532,0.0,104,16,24,132.65777831434707,1,
coarse-f16-h6-u25,persistent,16,6,0.25,101,confirmation_coarse-f16-h6-u25_s101,1,13,82966,85520,985122721,1015334721,30212000,1,0,,501440,24637120,24637120,14529280,0.4102687327090179,0,0,0,0,28889120,2,2,2,1.0,1.0,262926,hold,0,8,0,0,8,0,6,5,12520752.727272727,1,1314.7952590922455,30212000,58464000,1,persistent,1000.0,450.0,1450.0,150.0,146.804614226056,1000.0,1314.7952590922457,0,1,314.7952590922456,0.0,104,16,24,135.2047409077545,1,
coarse-f16-h6-u25,persistent,16,6,0.25,101,confirmation_coarse-f16-h6-u25_s101,9,21,83038,84269,985870721,1000666721,14796000,1,0,,3853280,35504000,35504000,33520000,0.0558810274898603,0,0,1,1,14344000,1,1,1,1.0,1.0,262926,hold,0,8,0,0,8,0,8,7,12114080.0,1,1309.638881796168,14796000,32204000,1,persistent,1000.0,450.0,1450.0,150.0,146.804614226056,1000.0,1309.638881796168,0,1,309.6388817961682,0.0,104,16,24,140.3611182038319,1,
coarse-f16-h6-u25,persistent,16,6,0.25,101,confirmation_coarse-f16-h6-u25_s101,12,32,83151,84469,987238721,1003058721,15820000,1,0,,1254400,33101280,33101280,32740160,0.010909547908721354,0,1,1,1,15488000,1,1,1,1.0,1.0,262926,hold,0,8,0,0,8,0,8,7,11696138.378378378,1,1300.544716846707,15820000,44896480,1,persistent,1000.0,450.0,1450.0,150.0,146.804614226056,1000.0,1300.5447168467067,0,1,300.5447168467068,0.0,104,16,24,149.45528315329307,1,
coarse-f16-h6-u25,persistent,16,6,0.25,101,confirmation_coarse-f16-h6-u25_s101,11,28,83239,84446,988292161,1002797441,14505280,1,0,,3821440,36705120,36705120,37360320,-0.017850370738469182,1,1,1,1,14173280,1,1,1,1.0,1.0,262926,hold,0,8,0,0,8,0,8,6,14629968.888888888,1,1314.6117542661548,14505280,30212000,1,persistent,1000.0,450.0,1450.0,150.0,146.804614226056,1000.0,1314.6117542661545,0,1,314.6117542661545,0.0,104,16,24,135.38824573384522,1,
coarse-f16-h6-u25,persistent,16,6,0.25,101,confirmation_coarse-f16-h6-u25_s101,4,31,83467,84720,991201441,1006045601,14844160,1,0,,1677120,29452160,29452160,27559360,0.06426693322323389,0,0,1,1,14512160,1,1,1,1.0,1.0,262926,hold,0,8,0,0,8,0,8,5,11177325.128205128,1,1307.1603688822872,14844160,30718560,1,persistent,1000.0,450.0,1450.0,150.0,146.804614226056,1000.0,1307.160368882287,0,1,307.16036888228706,0.0,104,16,24,142.83963111771277,1,
coarse-f16-h6-u25,persistent,16,6,0.25,101,confirmation_coarse-f16-h6-u25_s101,13,17,83567,87478,992366881,1035942881,43576000,1,0,,7829280,17868000,17868000,20884000,-0.16879337362883368,1,1,1,1,42583680,3,3,3,1.0,1.0,262926,hold,1,8,0,1,11,0,8,5,13461270.303030303,1,1319.3592717761483,43576000,60598560,1,persistent,1000.0,450.0,1450.0,150.0,146.804614226056,1000.0,1319.3592717761485,0,1,319.35927177614843,0.0,104,16,24,130.64072822385174,1,
coarse-f16-h6-u25,persistent,16,6,0.25,101,confirmation_coarse-f16-h6-u25_s101,15,32,83758,85004,994829441,1009358721,14529280,1,0,,2773280,29356320,29356320,28353280,0.03416777034723698,0,0,1,1,14197280,1,1,1,1.0,1.0,262926,hold,0,8,0,0,8,0,8,6,10166179.047619049,1,1312.8350475713248,14529280,30718560,1,persistent,1000.0,450.0,1450.0,150.0,146.804614226056,1000.0,1312.8350475713246,0,1,312.83504757132465,0.0,104,16,24,137.16495242867518,1,
coarse-f16-h6-u25,persistent,16,6,0.25,101,confirmation_coarse-f16-h6-u25_s101,8,21,83800,86339,995238721,1024330721,29092000,1,0,,3605280,42220000,42220000,41400000,0.019422074846044527,0,1,1,1,28308000,2,2,2,1.0,1.0,262926,hold,0,8,0,0,8,0,8,7,14016160.0,1,1319.726231031468,29092000,45658560,1,persistent,1000.0,450.0,1450.0,150.0,146.804614226056,1000.0,1319.7262310314682,0,1,319.7262310314681,0.0,104,16,24,130.27376896853207,1,
coarse-f16-h6-u25,persistent,16,6,0.25,101,confirmation_coarse-f16-h6-u25_s101,14,16,83936,85199,996830721,1011626721,14796000,1,0,,3633280,25144000,25144000,29112000,-0.1578110085905186,1,1,1,1,14464000,1,1,1,1.0,1.0,262926,hold,0,8,0,0,8,0,8,6,14256470.588235294,1,1319.023308641372,14796000,30718560,1,persistent,1000.0,450.0,1450.0,150.0,146.804614226056,1000.0,1319.023308641372,0,1,319.0233086413721,0.0,104,16,24,130.97669135862793,1,
coarse-f16-h6-u25,persistent,16,6,0.25,101,confirmation_coarse-f16-h6-u25_s101,16,32,84043,86695,998120161,1027977441,29857280,1,0,,542720,41469280,41469280,46899840,-0.13095380484059527,1,1,1,1,28494880,2,2,2,1.0,1.0,262926,hold,0,8,0,0,8,0,8,7,14326416.71641791,1,1324.2273739186307,29857280,45658560,1,persistent,1000.0,450.0,1450.0,150.0,146.804614226056,1000.0,1324.2273739186307,0,1,324.22737391863063,0.0,104,16,24,125.77262608136925,1,
coarse-f16-h6-u25,persistent,16,6,0.25,101,confirmation_coarse-f16-h6-u25_s101,5,27,84200,85435,999897601,1014338721,14441120,1,0,,806560,22753440,22753440,19224000,0.15511676476172395,0,0,0,1,14109120,1,1,1,1.0,1.0,262926,hold,0,8,0,0,8,0,8,6,11265284.0,1,1324.7286242093446,14441120,30718560,1,persistent,1000.0,450.0,1450.0,150.0,146.804614226056,1000.0,1324.7286242093446,0,1,324.72862420934456,0.0,104,16,24,125.27137579065538,1,
coarse-f16-h6-u25,persistent,16,6,0.25,101,confirmation_coarse-f16-h6-u25_s101,9,22,84269,88295,1000666721,1044778721,44112000,1,0,,2673280,33520000,33520000,29712000,0.11360381861575179,0,0,0,1,42876000,3,3,3,1.0,1.0,262926,hold,1,8,0,1,8,0,7,7,15077939.793814434,1,1328.4135942477678,44112000,61752000,1,persistent,1000.0,450.0,1450.0,150.0,146.804614226056,1000.0,1328.4135942477678,0,1,328.4135942477678,0.0,104,16,24,121.58640575223217,1,
coarse-f16-h6-u25,persistent,16,6,0.25,101,confirmation_coarse-f16-h6-u25_s101,11,29,84446,85723,1002797441,1017572321,14774880,1,0,,1731840,37360320,37360320,38122880,-0.020410960077429742,1,1,1,1,14189600,1,1,1,1.0,1.0,262926,hold,0,8,0,0,8,0,8,6,15058880.0,1,1313.235829414238,14774880,45658560,1,persistent,1000.0,450.0,1450.0,150.0,146.804614226056,1000.0,1313.2358294142377,0,1,313.23582941423786,0.0,104,16,24,136.76417058576203,1,
coarse-f16-h6-u25,persistent,16,6,0.25,101,confirmation_coarse-f16-h6-u25_s101,12,33,84469,85730,1003058721,1017663841,14605120,1,0,,660160,32740160,32740160,28964000,0.11533724942089471,0,0,0,1,14273120,1,1,1,1.0,1.0,262926,hold,0,8,0,0,8,0,8,7,12082360.0,1,1317.2078182578714,14605120,30188000,1,persistent,1000.0,450.0,1450.0,150.0,146.804614226056,1000.0,1317.2078182578714,0,1,317.20781825787145,0.0,104,16,24,132.7921817421286,1,
coarse-f16-h6-u25,persistent,16,6,0.25,101,confirmation_coarse-f16-h6-u25_s101,4,32,84720,87443,1006045601,1035593601,29548000,1,0,,3997760,27559360,27559360,28800320,-0.04502862185478908,1,1,1,1,28552000,2,2,2,1.0,1.0,262926,hold,1,7,1,0,28,0,8,5,9002305.641025642,1,1329.799226665596,29548000,45489120,1,persistent,1000.0,450.0,1450.0,150.0,146.804614226056,1000.0,1329.7992266655965,0,1,329.79922666559645,0.0,104,16,24,120.20077333440395,1,
coarse-f16-h6-u25,persistent,16,6,0.25,101,confirmation_coarse-f16-h6-u25_s101,15,33,85004,86305,1009358721,1023921441,14562720,1,0,,2033280,28353280,28353280,28385120,-0.0011229741320933591,1,1,1,1,14230720,1,1,1,1.0,1.0,262926,hold,0,8,0,0,8,0,8,6,8650395.897435898,1,1326.196235796796,14562720,30188000,1,persistent,1000.0,450.0,1450.0,150.0,146.804614226056,1000.0,1326.1962357967961,0,1,326.1962357967961,0.0,104,16,24,123.80376420320408,1,
coarse-f16-h6-u25,persistent,16,6,0.25,101,confirmation_coarse-f16-h6-u25_s101,14,17,85199,91881,1011626721,1084950721,73324000,1,0,,3033280,29112000,29112000,31952000,-0.09755427315196483,1,1,1,1,71544000,5,5,5,1.0,1.0,262926,hold,1,8,0,1,16,0,7,6,13344563.80952381,1,1324.6847200218858,73324000,91614880,1,persistent,1000.0,450.0,1450.0,150.0,146.804614226056,1000.0,1324.6847200218858,0,1,324.6847200218859,0.0,104,16,24,125.31527997811418,1,
coarse-f16-h6-u25,persistent,16,6,0.25,101,confirmation_coarse-f16-h6-u25_s101,10,17,85243,87930,1012063841,1041058721,28994880,1,0,,5053280,39140000,39140000,39000000,0.0035769034236075624,0,1,1,1,28336000,2,2,2,1.0,1.0,262926,hold,1,7,1,0,28,0,8,7,12475797.183098592,1,1324.4004786603546,28994880,44814880,1,persistent,1000.0,450.0,1450.0,150.0,146.804614226056,1000.0,1324.4004786603546,0,1,324.4004786603546,0.0,104,16,24,125.59952133964543,1,
coarse-f16-h6-u25,persistent,16,6,0.25,101,confirmation_coarse-f16-h6-u25_s101,5,28,85435,86777,1014338721,1028781601,14442880,1,0,,3440160,19224000,19224000,16268000,0.15376612567623804,0,0,0,1,14110880,1,1,1,1.0,1.0,262926,hold,0,8,0,0,8,0,8,6,8025348.0,1,1336.7533911267697,14442880,30217120,1,persistent,1000.0,450.0,1450.0,150.0,146.804614226056,1000.0,1336.7533911267697,0,1,336.7533911267697,0.0,104,16,24,113.24660887323034,1,
coarse-f16-h6-u25,persistent,16,6,0.25,101,confirmation_coarse-f16-h6-u25_s101,1,14,85520,,1015334721,,,0,1,hold_exit_before_slot_completion,1913280,14529280,14529280,,,,,,,0,0,1,1,1.0,0.0,262926,hold,0,4,0,0,4,0,7,6,9144779.130434783,1,1335.1572193337265,14626720,30217120,1,persistent,1000.0,450.0,1450.0,150.0,146.804614226056,1000.0,1335.1572193337267,0,1,335.1572193337267,0.0,104,16,24,114.84278066627348,0,round_censored
coarse-f16-h6-u25,persistent,16,6,0.25,101,confirmation_coarse-f16-h6-u25_s101,11,30,85723,88471,1017572321,1046705281,29132960,1,0,,585280,38122880,38122880,38330560,-0.005447647187200967,1,1,1,1,28468960,2,2,2,1.0,1.0,262926,hold,1,7,1,0,14,0,8,6,14233619.692307692,1,1325.6984782230718,29132960,46480000,1,persistent,1000.0,450.0,1450.0,150.0,146.804614226056,1000.0,1325.6984782230716,0,1,325.6984782230716,0.0,104,16,24,124.30152177692821,1,
coarse-f16-h6-u25,persistent,16,6,0.25,101,confirmation_coarse-f16-h6-u25_s101,12,34,85730,87135,1017663841,1032282721,14618880,1,0,,3660160,28964000,28964000,30856640,-0.06534456566772545,1,1,1,1,14292000,1,1,1,1.0,1.0,262926,hold,0,8,0,0,8,0,8,7,12032861.818181818,1,1337.903675941401,14618880,30217120,1,persistent,1000.0,450.0,1450.0,150.0,146.804614226056,1000.0,1337.903675941401,0,1,337.903675941401,0.0,104,16,24,112.09632405859907,1,
coarse-f16-h6-u25,persistent,16,6,0.25,101,confirmation_coarse-f16-h6-u25_s101,15,34,86305,87702,1023921441,1038574721,14653280,1,0,,253280,28385120,28385120,27666400,0.025320308668767298,0,1,1,1,14321280,1,1,1,1.0,1.0,262926,hold,0,8,0,0,8,0,8,6,8908044.65116279,1,1334.0192226132276,14653280,30217120,1,persistent,1000.0,450.0,1450.0,150.0,146.804614226056,1000.0,1334.0192226132276,0,1,334.0192226132275,0.0,104,16,24,115.98077738677239,1,
coarse-f16-h6-u25,persistent,16,6,0.25,101,confirmation_coarse-f16-h6-u25_s101,8,22,86339,89124,1024330721,1053590721,29260000,1,0,,2709280,41400000,41400000,37828000,0.08628019323671497,0,0,0,1,28476000,2,2,2,1.0,1.0,262926,hold,1,7,1,0,27,0,8,7,12929696.969696969,1,1329.5153087872927,29260000,46480000,1,persistent,1000.0,450.0,1450.0,150.0,146.804614226056,1000.0,1329.5153087872925,0,1,329.5153087872925,0.0,104,16,24,120.48469121270728,1,
coarse-f16-h6-u25,persistent,16,6,0.25,101,confirmation_coarse-f16-h6-u25_s101,6,7,86569,92154,1026701441,1088128321,61426880,1,0,,1576160,15585120,15585120,16932000,-0.08642089377560135,1,1,1,1,58776000,4,4,4,1.0,1.0,262926,hold,0,8,0,0,8,0,5,4,12465733.333333334,1,1320.630170378609,61426880,87677280,1,persistent,1000.0,450.0,1450.0,150.0,146.804614226056,1000.0,1320.6301703786091,0,1,320.63017037860914,0.0,104,16,24,129.3698296213911,1,
coarse-f16-h6-u25,persistent,16,6,0.25,101,confirmation_coarse-f16-h6-u25_s101,16,33,86695,88067,1027977441,1042384161,14406720,1,0,,230560,46899840,46899840,48516320,-0.03446664210368308,1,1,1,1,14052000,1,1,1,1.0,1.0,262926,hold,0,8,0,0,8,0,8,7,10622949.090909092,1,1337.7765319454818,14406720,31564000,1,persistent,1000.0,450.0,1450.0,150.0,146.804614226056,1000.0,1337.7765319454818,0,1,337.77653194548174,0.0,104,16,24,112.22346805451821,1,
coarse-f16-h6-u25,persistent,16,6,0.25,101,confirmation_coarse-f16-h6-u25_s101,5,29,86777,89543,1028781601,1058018721,29237120,1,0,,4237280,16268000,16268000,21722880,-0.3353134988935333,1,1,1,1,28570720,2,2,2,1.0,1.0,262926,hold,1,7,1,0,25,0,8,6,8777632.771084337,1,1330.8118152500695,29237120,44820000,1,persistent,1000.0,450.0,1450.0,150.0,146.804614226056,1000.0,1330.8118152500692,0,1,330.8118152500693,0.0,104,16,24,119.18818474993054,1,
coarse-f16-h6-u25,persistent,16,6,0.25,101,confirmation_coarse-f16-h6-u25_s101,12,35,87135,88478,1032282721,1046838721,14556000,1,0,,1098400,30856640,30856640,26982240,0.1255613054434961,0,0,0,1,14073120,1,1,1,1.0,1.0,262926,hold,0,8,0,0,8,0,8,7,7412836.923076923,1,1331.9230619588789,14556000,31564000,1,persistent,1000.0,450.0,1450.0,150.0,146.804614226056,1000.0,1331.9230619588784,0,1,331.9230619588785,0.0,104,16,24,118.07693804112114,1,
coarse-f16-h6-u25,persistent,16,6,0.25,101,confirmation_coarse-f16-h6-u25_s101,7,8,87143,,1032369441,,,0,1,hold_exit_before_slot_completion,80160,18607680,18607680,,,,,,,57714720,4,5,5,1.0,0.8,262926,hold,1,7,0,0,18,0,6,5,11575248.695652174,1,1325.4334769563905,74314720,91065280,1,persistent,1000.0,450.0,1450.0,150.0,146.804614226056,1000.0,1325.4334769563905,0,1,325.43347695639045,0.0,104,16,24,124.56652304360955,0,round_censored
coarse-f16-h6-u25,persistent,16,6,0.25,101,confirmation_coarse-f16-h6-u25_s101,4,33,87443,90219,1035593601,1065629281,30035680,1,0,,506560,28800320,28800320,29818880,-0.03536627370806991,1,1,1,1,28843520,2,2,2,1.0,1.0,262926,hold,1,7,1,0,9,0,8,5,11998617.708333334,1,1333.7830168319067,30035680,58468320,1,persistent,1000.0,450.0,1450.0,150.0,146.804614226056,1000.0,1333.7830168319067,0,1,333.78301683190665,0.0,104,16,24,116.2169831680933,1,
coarse-f16-h6-u25,persistent,16,6,0.25,101,confirmation_coarse-f16-h6-u25_s101,13,18,87478,88821,1035942881,1050498881,14556000,1,0,,4933280,20884000,20884000,22396000,-0.07239992338632446,1,1,1,1,14104000,1,1,1,1.0,1.0,262926,hold,0,8,0,0,8,0,8,5,12267317.647058824,1,1327.675952143564,14556000,31564000,1,persistent,1000.0,450.0,1450.0,150.0,146.804614226056,1000.0,1327.6759521435638,0,1,327.67595214356385,0.0,104,16,24,122.32404785643598,1,
coarse-f16-h6-u25,persistent,16,6,0.25,101,confirmation_coarse-f16-h6-u25_s101,15,35,87702,90435,1038574721,1068122721,29548000,1,0,,298560,27666400,27666400,23701120,0.143324754937397,0,0,0,1,28384320,2,2,2,1.0,1.0,262926,hold,1,8,0,1,37,0,8,6,8693752.558139535,1,1332.958718335775,29548000,46172000,1,persistent,1000.0,450.0,1450.0,150.0,146.804614226056,1000.0,1332.958718335775,0,1,332.958718335775,0.0,104,16,24,117.04128166422493,1,
coarse-f16-h6-u25,persistent,16,6,0.25,101,confirmation_coarse-f16-h6-u25_s101,10,18,87930,89370,1041058721,1055974721,14916000,1,0,,1925280,39000000,39000000,38640000,0.009230769230769232,0,1,1,1,14584000,1,1,1,1.0,1.0,262926,hold,0,8,0,0,8,0,7,6,15081482.352941176,1,1320.0674105682356,14916000,43880000,1,persistent,1000.0,450.0,1450.0,150.0,146.804614226056,1000.0,1320.0674105682356,0,1,320.0674105682355,0.0,104,16,24,129.93258943176443,1,
coarse-f16-h6-u25,persistent,16,6,0.25,101,confirmation_coarse-f16-h6-u25_s101,16,34,88067,90709,1042384161,1071288161,28904000,1,0,,619680,48516320,48516320,49165120,-0.013372819702730958,1,1,1,1,28240000,2,2,2,1.0,1.0,262926,hold,1,7,1,0,38,0,7,6,8610488.0,1,1325.2094519168988,28904000,44978720,1,persistent,1000.0,450.0,1450.0,150.0,146.804614226056,1000.0,1325.209451916899,0,1,325.20945191689896,0.0,104,16,24,124.79054808310116,1,
coarse-f16-h6-u25,persistent,16,6,0.25,101,confirmation_coarse-f16-h6-u25_s101,9,23,88295,90950,1044778721,1074102721,29324000,1,0,,5533280,29712000,29712000,29584000,0.004308023694130318,0,1,1,1,28420000,2,2,2,1.0,1.0,262926,hold,1,7,1,0,9,0,8,7,14791103.529411765,1,1325.2821261243787,29324000,46125760,1,persistent,1000.0,450.0,1450.0,150.0,146.804614226056,1000.0,1325.2821261243787,0,1,325.28212612437864,0.0,104,16,24,124.71787387562131,1,
coarse-f16-h6-u25,persistent,16,6,0.25,101,confirmation_coarse-f16-h6-u25_s101,1,15,88328,91023,1045214721,1074940161,29725440,1,0,,229280,16717600,16717600,15585280,0.06773221036512418,0,0,1,1,28729440,2,2,2,1.0,1.0,262926,hold,0,8,0,0,8,0,6,6,10027478.518518519,1,1327.7038248847887,29725440,46125760,1,persistent,1000.0,450.0,1450.0,150.0,146.804614226056,1000.0,1327.7038248847884,0,1,327.70382488478856,0.0,104,16,24,122.29617511521133,1,
coarse-f16-h6-u25,persistent,16,6,0.25,101,confirmation_coarse-f16-h6-u25_s101,11,31,88471,91105,1046705281,1075844321,29139040,1,0,,1079840,38330560,38330560,30082400,0.21518495946837196,0,0,0,0,28344320,2,2,2,1.0,1.0,262926,hold,1,8,0,1,9,0,8,6,14128960.0,1,1335.0968706614644,29139040,46125760,1,persistent,1000.0,450.0,1450.0,150.0,146.804614226056,1000.0,1335.0968706614642,0,1,335.0968706614643,0.0,104,16,24,114.90312933853556,1,
coarse-f16-h6-u25,persistent,16,6,0.25,101,confirmation_coarse-f16-h6-u25_s101,12,36,88478,91131,1046838721,1076106721,29268000,1,0,,1743040,26982240,26982240,26689120,0.010863442027051869,0,1,1,1,28152000,2,2,2,1.0,1.0,262926,hold,1,7,1,0,24,0,7,6,10108130.0,1,1329.204341378626,29268000,46125760,1,persistent,1000.0,450.0,1450.0,150.0,146.804614226056,1000.0,1329.204341378626,0,1,329.2043413786259,0.0,104,16,24,120.79565862137406,1,
coarse-f16-h6-u25,persistent,16,6,0.25,101,confirmation_coarse-f16-h6-u25_s101,13,19,88821,90189,1050498881,1065242561,14743680,1,0,,4389280,22396000,22396000,23635680,-0.055352741560993034,1,1,1,1,14291680,1,1,1,1.0,1.0,262926,hold,0,8,0,0,8,0,8,5,13026373.333333334,1,1334.7246527839952,14743680,30870880,1,persistent,1000.0,450.0,1450.0,150.0,146.804614226056,1000.0,1334.7246527839952,0,1,334.7246527839952,0.0,104,16,24,115.27534721600477,1,
coarse-f16-h6-u25,persistent,16,6,0.25,101,confirmation_coarse-f16-h6-u25_s101,8,23,89124,93015,1053590721,1098098721,44508000,1,0,,4905280,37828000,37828000,28236000,0.25356878502696417,0,0,0,0,43152000,3,3,3,1.0,1.0,262926,hold,0,8,0,0,8,0,8,7,14790811.2,1,1324.326467901889,44508000,61242399,1,persistent,1000.0,450.0,1450.0,150.0,146.804614226056,1000.0,1324.326467901889,0,1,324.3264679018889,0.0,104,16,24,125.67353209811108,1,
coarse-f16-h6-u25,persistent,16,6,0.25,101,confirmation_coarse-f16-h6-u25_s101,10,19,89370,90690,1055974721,1071074721,15100000,1,0,,3613280,38640000,38640000,35568000,0.07950310559006211,0,0,0,1,14408000,1,1,1,1.0,1.0,262926,hold,0,8,0,0,8,0,8,7,14548311.111111112,1,1329.2694708985748,15100000,30870880,1,persistent,1000.0,450.0,1450.0,150.0,146.804614226056,1000.0,1329.2694708985748,0,1,329.2694708985748,0.0,104,16,24,120.73052910142519,1,
coarse-f16-h6-u25,persistent,16,6,0.25,101,confirmation_coarse-f16-h6-u25_s101,5,30,89543,92078,1058018721,1087218721,29200000,1,0,,1621280,21722880,21722880,20917760,0.0370632255023275,0,1,1,1,28370880,2,2,2,1.0,1.0,262926,hold,0,8,0,0,8,0,7,6,10161978.734177215,1,1313.4994700834845,29200000,46125760,1,persistent,1000.0,450.0,1450.0,150.0,146.804614226056,1000.0,1313.4994700834845,0,1,313.49947008348465,0.0,104,16,24,136.50052991651546,1,
coarse-f16-h6-u25,persistent,16,6,0.25,101,confirmation_coarse-f16-h6-u25_s101,13,20,90189,96616,1065242561,1138342881,73100320,1,0,,3365280,23635680,23635680,17684000,0.25180912924866133,0,0,0,0,70604000,5,5,5,1.0,1.0,262926,hold,0,8,0,0,8,0,7,4,14840383.803680982,1,1319.6604256139847,73100320,91632000,1,persistent,1000.0,450.0,1450.0,150.0,146.804614226056,1000.0,1319.6604256139844,0,1,319.6604256139844,0.0,104,16,24,130.33957438601533,1,
coarse-f16-h6-u25,persistent,16,6,0.25,101,confirmation_coarse-f16-h6-u25_s101,4,34,90219,91494,1065629281,1080456161,14826880,1,0,,2040000,29818880,29818880,24959679,0.16295719356327268,0,0,0,0,14276000,1,1,1,1.0,1.0,262926,hold,0,8,0,0,8,0,8,5,11396269.742857143,1,1319.7995803018052,14826880,31053440,1,persistent,1000.0,450.0,1450.0,150.0,146.804614226056,1000.0,1319.799580301805,0,1,319.799580301805,0.0,104,16,24,130.20041969819476,1,
coarse-f16-h6-u25,persistent,16,6,0.25,101,confirmation_coarse-f16-h6-u25_s101,15,36,90435,92919,1068122721,1097017441,28894720,1,0,,1908160,23701120,23701120,15776000,0.33437744714173845,0,0,0,0,28230720,2,2,2,1.0,1.0,262926,hold,1,7,1,0,20,0,8,6,7942840.963414635,1,1325.769539318092,28894720,46302399,1,persistent,1000.0,450.0,1450.0,150.0,146.804614226056,1000.0,1325.769539318092,0,1,325.76953931809203,0.0,104,16,24,124.23046068190797,1,
coarse-f16-h6-u25,persistent,16,6,0.25,101,confirmation_coarse-f16-h6-u25_s101,10,20,90690,97211,1071074721,1145350721,74276000,1,0,,4361280,35568000,35568000,41428000,-0.1647548358074674,1,1,1,1,72256000,5,5,5,1.0,1.0,262926,hold,0,8,0,0,8,0,7,6,13737081.951219512,1,1315.9954292863738,74276000,103328000,1,persistent,1000.0,450.0,1450.0,150.0,146.804614226056,1000.0,1315.9954292863738,0,1,315.9954292863737,0.0,104,16,24,134.0045707136262,1,
coarse-f16-h6-u25,persistent,16,6,0.25,101,confirmation_coarse-f16-h6-u25_s101,16,35,90709,93282,1071288161,1101069441,29781280,1,0,,1240160,49165120,49165120,50161280,-0.020261518735233432,1,1,1,1,28453280,2,2,2,1.0,1.0,262926,hold,1,8,0,1,29,0,7,6,10985244.675324675,1,1321.9048232434893,29781280,58760000,1,persistent,1000.0,450.0,1450.0,150.0,146.804614226056,1000.0,1321.9048232434893,0,1,321.9048232434893,0.0,104,16,24,128.09517675651068,1,
coarse-f16-h6-u25,persistent,16,6,0.25,101,confirmation_coarse-f16-h6-u25_s101,9,24,90950,94814,1074102721,1117962721,43860000,1,0,,4361280,29584000,29584000,29360000,0.0075716603569497025,0,1,1,1,42504000,3,3,3,1.0,1.0,262926,hold,1,8,0,1,14,0,7,7,12351430.943396226,1,1321.6956736942263,43860000,60872000,1,persistent,1000.0,450.0,1450.0,150.0,146.804614226056,1000.0,1321.6956736942261,0,1,321.6956736942261,0.0,104,16,24,128.30432630577366,1,
coarse-f16-h6-u25,persistent,16,6,0.25,101,confirmation_coarse-f16-h6-u25_s101,1,16,91023,,1074940161,,,0,1,hold_exit_before_slot_completion,1249280,15585280,15585280,,,,,,,0,0,1,1,1.0,0.0,262926,hold,1,7,0,0,9,0,7,6,6854550.588235294,1,1317.1154790624148,16268000,44166720,1,persistent,1000.0,450.0,1450.0,150.0,146.804614226056,1000.0,1317.1154790624148,0,1,317.11547906241486,0.0,104,16,24,132.8845209375852,0,round_censored
coarse-f16-h6-u25,persistent,16,6,0.25,101,confirmation_coarse-f16-h6-u25_s101,11,32,91105,93662,1075844321,1105317441,29473120,1,0,,324000,30082400,30082400,28530399,0.05159166156955562,0,0,1,1,28268000,2,2,2,1.0,1.0,262926,hold,0,8,0,0,8,0,8,6,13272470.971830986,1,1325.9269557785144,29473120,44896000,1,persistent,1000.0,450.0,1450.0,150.0,146.804614226056,1000.0,1325.9269557785146,0,1,325.9269557785145,0.0,104,16,24,124.07304422148559,1,
coarse-f16-h6-u25,persistent,16,6,0.25,101,confirmation_coarse-f16-h6-u25_s101,12,37,91131,93672,1076106721,1105402721,29296000,1,0,,1861280,26689120,26689120,29140000,-0.0918306785686452,1,1,1,1,28632000,2,2,2,1.0,1.0,262926,hold,1,8,0,1,23,0,7,7,10211752.727272727,1,1322.143278019506,29296000,44896000,1,persistent,1000.0,450.0,1450.0,150.0,146.804614226056,1000.0,1322.1432780195062,0,1,322.14327801950606,0.0,104,16,24,127.85672198049406,1,
coarse-f16-h6-u25,persistent,16,6,0.25,101,confirmation_coarse-f16-h6-u25_s101,4,35,91494,94034,1080456161,1109476001,29019840,1,0,,2756321,24959679,24959679,28352000,-0.13591204438166052,1,1,1,1,28355840,2,2,2,1.0,1.0,262926,hold,1,7,1,0,16,0,8,5,11268092.69736842,1,1318.7429974471268,29019840,46086560,1,persistent,1000.0,450.0,1450.0,150.0,146.804614226056,1000.0,1318.7429974471268,0,1,318.74299744712687,0.0,104,16,24,131.25700255287325,1,
coarse-f16-h6-u25,persistent,16,6,0.25,101,confirmation_coarse-f16-h6-u25_s101,14,18,91881,97157,1084950721,1144734721,59784000,1,0,,2213280,31952000,31952000,32544000,-0.018527791687531298,1,1,1,1,57853440,4,4,4,1.0,1.0,262926,hold,0,8,0,0,8,0,8,6,14144552.180451129,1,1312.583595749405,59784000,88973280,1,persistent,1000.0,450.0,1450.0,150.0,146.804614226056,1000.0,1312.5835957494053,0,1,312.58359574940516,0.0,104,16,24,137.41640425059495,1,
coarse-f16-h6-u25,persistent,16,6,0.25,101,confirmation_coarse-f16-h6-u25_s101,5,31,92078,93328,1087218721,1101582721,14364000,1,0,,2410400,20917760,20917760,15732000,0.2479118222983723,0,0,0,0,14037120,1,1,1,1.0,1.0,262926,hold,0,8,0,0,8,0,8,6,8562033.170731707,1,1316.4392685001778,14364000,31516959,1,persistent,1000.0,450.0,1450.0,150.0,146.804614226056,1000.0,1316.4392685001778,0,1,316.43926850017783,0.0,104,16,24,133.56073149982217,1,
coarse-f16-h6-u25,persistent,16,6,0.25,101,confirmation_coarse-f16-h6-u25_s101,6,8,92154,,1088128321,,,0,1,hold_exit_before_slot_completion,1249280,16932000,16932000,,,,,,,14276000,1,2,2,1.0,0.5,262926,hold,0,6,0,0,6,0,6,5,11687479.215686275,1,1316.071414015825,29216000,46086560,1,persistent,1000.0,450.0,1450.0,150.0,146.804614226056,1000.0,1316.0714140158248,0,1,316.0714140158248,0.0,104,16,24,133.92858598417502,0,round_censored
coarse-f16-h6-u25,persistent,16,6,0.25,101,confirmation_coarse-f16-h6-u25_s101,15,37,92919,95554,1097017441,1126233441,29216000,1,0,,3074880,15776000,15776000,21096160,-0.3372312373225152,1,1,1,1,28397600,2,2,2,1.0,1.0,262926,hold,1,7,1,0,14,0,8,6,9443414.0125,1,1324.2441932583854,29216000,45845280,1,persistent,1000.0,450.0,1450.0,150.0,146.804614226056,1000.0,1324.2441932583854,0,1,324.2441932583854,0.0,104,16,24,125.7558067416146,1,
coarse-f16-h6-u25,persistent,16,6,0.25,101,confirmation_coarse-f16-h6-u25_s101,8,24,93015,94323,1098098721,1112682721,14584000,1,0,,4177280,28236000,28236000,33448000,-0.1845870519903669,1,1,1,1,14252000,1,1,1,1.0,1.0,262926,hold,0,8,0,0,8,0,8,7,12102724.848484848,1,1330.1556675124757,14584000,30376000,1,persistent,1000.0,450.0,1450.0,150.0,146.804614226056,1000.0,1330.1556675124757,0,1,330.1556675124758,0.0,104,16,24,119.8443324875243,1,
coarse-f16-h6-u25,persistent,16,6,0.25,101,confirmation_coarse-f16-h6-u25_s101,16,36,93282,94574,1101069441,1115444161,14374720,1,0,,1581280,50161280,50161280,45073280,0.10143281830128736,0,0,0,0,14042720,1,1,1,1.0,1.0,262926,hold,0,8,0,0,8,0,8,7,12444076.0,1,1331.2951756847904,14374720,30809600,1,persistent,1000.0,450.0,1450.0,150.0,146.804614226056,1000.0,1331.2951756847906,0,1,331.2951756847905,0.0,104,16,24,118.70482431520963,1,
coarse-f16-h6-u25,persistent,16,6,0.25,101,confirmation_coarse-f16-h6-u25_s101,5,32,93328,95936,1101582721,1130666881,29084160,1,0,,2670400,15732000,15732000,17478560,-0.11101957793033308,1,1,1,1,28420160,2,2,2,1.0,1.0,262926,hold,1,7,1,0,26,0,7,5,7921632.0,1,1323.7361258416806,29084160,46081600,1,persistent,1000.0,450.0,1450.0,150.0,146.804614226056,1000.0,1323.7361258416806,0,1,323.7361258416806,0.0,104,16,24,126.26387415831937,1,
coarse-f16-h6-u25,persistent,16,6,0.25,101,confirmation_coarse-f16-h6-u25_s101,11,33,93662,95020,1105317441,1120277441,14960000,1,0,,5265601,28530399,28530399,31550720,-0.10586325834419631,1,1,1,1,14476160,1,1,1,1.0,1.0,262926,hold,0,8,0,0,8,0,7,6,10731025.484848484,1,1318.8197658518081,14960000,43824000,1,persistent,1000.0,450.0,1450.0,150.0,146.804614226056,1000.0,1318.8197658518081,0,1,318.81976585180814,0.0,104,16,24,131.18023414819186,1,
coarse-f16-h6-u25,persistent,16,6,0.25,101,confirmation_coarse-f16-h6-u25_s101,12,38,93672,94978,1105402721,1119838721,14436000,1,0,,265280,29140000,29140000,28553120,0.020140013726835965,0,1,1,1,14104000,1,1,1,1.0,1.0,262926,hold,0,8,0,0,8,0,6,6,9914330.0,1,1307.5379955301376,14436000,30809600,1,persistent,1000.0,450.0,1450.0,150.0,146.804614226056,1000.0,1307.5379955301376,0,1,307.5379955301376,0.0,104,16,24,142.46200446986245,1,
coarse-f16-h6-u25,persistent,16,6,0.25,101,confirmation_coarse-f16-h6-u25_s101,4,36,94034,96657,1109476001,1138762881,29286880,1,0,,446560,28352000,28352000,33042400,-0.16543453724604967,1,1,1,1,28626720,2,2,2,1.0,1.0,262926,hold,1,7,1,0,28,0,8,5,10416206.829268293,1,1318.1282825083044,29286880,46081600,1,persistent,1000.0,450.0,1450.0,150.0,146.804614226056,1000.0,1318.1282825083044,0,1,318.1282825083044,0.0,104,16,24,131.87171749169556,1,
coarse-f16-h6-u25,persistent,16,6,0.25,101,confirmation_coarse-f16-h6-u25_s101,8,25,94323,98202,1112682721,1157134721,44452000,1,0,,3845280,33448000,33448000,44628000,-0.33425017938292273,1,1,1,1,42856000,3,3,3,1.0,1.0,262926,hold,1,8,0,1,18,0,7,6,14103087.05882353,1,1308.3617621775093,44452000,60809441,1,persistent,1000.0,450.0,1450.0,150.0,146.804614226056,1000.0,1308.3617621775095,0,1,308.36176217750955,0.0,104,16,24,141.63823782249074,1,
coarse-f16-h6-u25,persistent,16,6,0.25,101,confirmation_coarse-f16-h6-u25_s101,16,37,94574,97139,1115444161,1144561441,29117280,1,0,,2676000,45073280,45073280,37282720,0.17284209181137916,0,0,0,0,28453280,2,2,2,1.0,1.0,262926,hold,1,8,0,1,47,0,8,7,9153377.56097561,1,1309.7095363230194,29117280,45329601,1,persistent,1000.0,450.0,1450.0,150.0,146.804614226056,1000.0,1309.7095363230194,0,1,309.7095363230194,0.0,104,16,24,140.2904636769806,1,
coarse-f16-h6-u25,persistent,16,6,0.25,101,confirmation_coarse-f16-h6-u25_s101,9,25,94814,99852,1117962721,1176742721,58780000,1,0,,3973280,29360000,29360000,31696000,-0.07956403269754768,1,1,1,1,56972000,4,4,4,1.0,1.0,262926,hold,0,8,0,0,8,0,8,7,15036264.126984127,1,1297.4210274161578,58780000,76205601,1,persistent,1000.0,450.0,1450.0,150.0,146.804614226056,1000.0,1297.4210274161578,0,1,297.42102741615787,0.0,104,16,24,152.5789725838422,1,
coarse-f16-h6-u25,persistent,16,6,0.25,101,confirmation_coarse-f16-h6-u25_s101,12,39,94978,97544,1119838721,1149158721,29320000,1,0,,174720,28553120,28553120,32998880,-0.1557013734401004,1,1,1,1,28656000,2,2,2,1.0,1.0,262926,hold,1,7,1,0,20,0,8,7,11639258.16883117,1,1305.0758799403,29320000,46049280,1,persistent,1000.0,450.0,1450.0,150.0,146.804614226056,1000.0,1305.0758799403,0,1,305.0758799402999,0.0,104,16,24,144.92412005970004,1,
coarse-f16-h6-u25,persistent,16,6,0.25,101,confirmation_coarse-f16-h6-u25_s101,11,34,95020,100022,1120277441,1178745441,58468000,1,0,,2065120,31550720,31550720,32492160,-0.029838938699338714,1,1,1,1,56678560,4,4,4,1.0,1.0,262926,hold,1,8,0,1,19,0,7,6,13522252.213740459,1,1304.020304290424,58468000,76205601,1,persistent,1000.0,450.0,1450.0,150.0,146.804614226056,1000.0,1304.020304290424,0,1,304.020304290424,0.0,104,16,24,145.97969570957594,1,
coarse-f16-h6-u25,persistent,16,6,0.25,101,confirmation_coarse-f16-h6-u25_s101,1,17,95081,97778,1121026721,1151786721,30760000,1,0,,2222239,14569601,14569601,19929280,-0.36786724633021867,1,1,1,1,29754720,2,2,2,1.0,1.0,262926,hold,0,8,0,0,8,0,7,6,11464721.978723405,1,1298.594972417776,30760000,58953280,1,persistent,1000.0,450.0,1450.0,150.0,146.804614226056,1000.0,1298.594972417776,0,1,298.59497241777603,0.0,104,16,24,151.40502758222397,1,
coarse-f16-h6-u25,persistent,16,6,0.25,101,confirmation_coarse-f16-h6-u25_s101,15,38,95554,98059,1126233441,1155217441,28984000,1,0,,2245280,21096160,21096160,28140000,-0.33389204480815465,1,1,1,1,28320000,2,2,2,1.0,1.0,262926,hold,1,8,0,1,15,0,8,6,9159545.263157895,1,1296.7965257812116,28984000,46239840,1,persistent,1000.0,450.0,1450.0,150.0,146.804614226056,1000.0,1296.7965257812116,0,1,296.79652578121147,0.0,104,16,24,153.20347421878841,1,
coarse-f16-h6-u25,persistent,16,6,0.25,101,confirmation_coarse-f16-h6-u25_s101,5,33,95936,,1130666881,,,0,1,hold_exit_before_slot_completion,897760,17478560,17478560,,,,,,,14670560,1,2,2,1.0,0.5,262926,hold,1,6,0,1,6,0,8,6,12157461.89041096,1,1298.8404206480345,29548000,59368000,1,persistent,1000.0,450.0,1450.0,150.0,146.804614226056,1000.0,1298.8404206480343,0,1,298.8404206480344,0.0,104,16,24,151.15957935196548,0,round_censored
coarse-f16-h6-u25,persistent,16,6,0.25,101,confirmation_coarse-f16-h6-u25_s101,13,21,96616,99072,1138342881,1167546881,29204000,1,0,,5505280,17684000,17684000,21308000,-0.2049310110834653,1,1,1,1,28420000,2,2,2,1.0,1.0,262926,hold,1,7,1,0,24,0,8,5,13491254.11764706,1,1299.973865805755,29204000,45609280,1,persistent,1000.0,450.0,1450.0,150.0,146.804614226056,1000.0,1299.973865805755,0,1,299.9738658057549,0.0,104,16,24,150.02613419424506,1,
coarse-f16-h6-u25,persistent,16,6,0.25,101,confirmation_coarse-f16-h6-u25_s101,4,37,96657,99212,1138762881,1169174721,30411840,1,0,,917280,33042400,33042400,33620320,-0.01749025494516137,1,1,1,1,28918560,2,2,2,1.0,1.0,262926,hold,1,8,0,1,19,0,8,5,10457349.18918919,1,1294.3127069290515,30411840,45609280,1,persistent,1000.0,450.0,1450.0,150.0,146.804614226056,1000.0,1294.3127069290515,0,1,294.31270692905144,0.0,104,16,24,155.6872930709485,1,
coarse-f16-h6-u25,persistent,16,6,0.25,101,confirmation_coarse-f16-h6-u25_s101,16,38,97139,98462,1144561441,1160261441,15700000,1,0,,1482560,37282720,37282720,26479520,0.2897642661265058,0,0,0,0,15368000,1,1,1,1.0,1.0,262926,hold,0,8,0,0,8,0,7,6,8666131.764705881,1,1282.7699930324325,15700000,44816959,1,persistent,1000.0,450.0,1450.0,150.0,146.804614226056,1000.0,1282.7699930324325,0,1,282.7699930324324,0.0,104,16,24,167.23000696756753,1,
coarse-f16-h6-u25,persistent,16,6,0.25,101,confirmation_coarse-f16-h6-u25_s101,14,19,97157,99624,1144734721,1174250721,29516000,1,0,,4325280,32544000,32544000,26824000,0.17576204523107178,0,0,0,0,28492000,2,2,2,1.0,1.0,262926,hold,1,8,0,1,13,0,8,6,15000899.45945946,1,1290.5226333108815,29516000,45609280,1,persistent,1000.0,450.0,1450.0,150.0,146.804614226056,1000.0,1290.5226333108815,0,1,290.5226333108815,0.0,104,16,24,159.47736668911853,1,
coarse-f16-h6-u25,persistent,16,6,0.25,101,confirmation_coarse-f16-h6-u25_s101,10,21,97211,101002,1145350721,1189562721,44212000,1,0,,4961280,41428000,41428000,35652000,0.13942261272569276,0,0,0,0,42976000,3,3,3,1.0,1.0,262926,hold,1,8,0,1,12,0,8,7,14738387.450980391,1,1298.657796763467,44212000,73243840,1,persistent,1000.0,450.0,1450.0,150.0,146.804614226056,1000.0,1298.657796763467,0,1,298.6577967634671,0.0,104,16,24,151.3422032365329,1,
coarse-f16-h6-u25,persistent,16,6,0.25,101,confirmation_coarse-f16-h6-u25_s101,12,40,97544,98762,1149158721,1163738721,14580000,1,0,,684000,32998880,32998880,33312000,-0.009488806892839999,1,1,1,1,14248000,1,1,1,1.0,1.0,262926,hold,0,8,0,0,8,0,7,7,11519844.878787879,1,1283.6345723645577,14580000,30411840,1,persistent,1000.0,450.0,1450.0,150.0,146.804614226056,1000.0,1283.6345723645577,0,1,283.63457236455764,0.0,104,16,24,166.3654276354423,1,
coarse-f16-h6-u25,persistent,16,6,0.25,101,confirmation_coarse-f16-h6-u25_s101,1,18,97778,100388,1151786721,1182662721,30876000,1,0,,0,19929280,19929280,22122560,-0.11005314793108431,1,1,1,1,29548000,2,2,2,1.0,1.0,262926,hold,0,8,0,0,8,0,5,5,13633427.76923077,1,1295.8025787556835,30876000,58916000,1,persistent,1000.0,450.0,1450.0,150.0,146.804614226056,1000.0,1295.8025787556837,0,1,295.80257875568384,0.0,104,16,24,154.1974212443165,1,
coarse-f16-h6-u25,persistent,16,6,0.25,101,confirmation_coarse-f16-h6-u25_s101,15,39,98059,100579,1155217441,1184761441,29544000,1,0,,2409120,28140000,28140000,22352000,0.20568585643212509,0,0,0,0,28788000,2,2,2,1.0,1.0,262926,hold,0,8,0,0,8,0,8,6,9239284.938271604,1,1297.2332570719723,29544000,45852000,1,persistent,1000.0,450.0,1450.0,150.0,146.804614226056,1000.0,1297.2332570719725,0,1,297.2332570719725,0.0,104,16,24,152.76674292802772,1,
coarse-f16-h6-u25,persistent,16,6,0.25,101,confirmation_coarse-f16-h6-u25_s101,8,26,98202,99423,1157134721,1171746721,14612000,1,0,,1981280,44628000,44628000,43188000,0.032266738370529714,0,0,1,1,14280000,1,1,1,1.0,1.0,262926,hold,0,8,0,0,8,0,8,7,12148165.0,1,1285.2985850802388,14612000,30876000,1,persistent,1000.0,450.0,1450.0,150.0,146.804614226056,1000.0,1285.2985850802388,0,1,285.29858508023887,0.0,104,16,24,164.7014149197612,1,
coarse-f16-h6-u25,persistent,16,6,0.25,101,confirmation_coarse-f16-h6-u25_s101,16,39,98462,101030,1160261441,1189881601,29620160,1,0,,580160,26479520,26479520,41497921,-0.5671704396454317,1,1,1,1,28860481,2,2,2,1.0,1.0,262926,hold,0,8,0,0,8,0,8,7,14109023.529411765,1,1298.7988431497631,29620160,45852000,1,persistent,1000.0,450.0,1450.0,150.0,146.804614226056,1000.0,1298.7988431497631,0,1,298.7988431497631,0.0,104,16,24,151.20115685023688,1,
coarse-f16-h6-u25,persistent,16,6,0.25,101,confirmation_coarse-f16-h6-u25_s101,12,41,98762,99984,1163738721,1178346721,14608000,1,0,,47840,33312000,33312000,30008160,0.09917867435158502,0,0,0,1,14276000,1,1,1,1.0,1.0,262926,hold,0,8,0,0,8,0,7,7,12342499.047619049,1,1310.5277284097315,14608000,30876000,1,persistent,1000.0,450.0,1450.0,150.0,146.804614226056,1000.0,1310.5277284097315,0,1,310.52772840973154,0.0,104,16,24,139.47227159026852,1,
coarse-f16-h6-u25,persistent,16,6,0.25,101,confirmation_coarse-f16-h6-u25_s101,13,22,99072,104331,1167546881,1227034881,59488000,1,0,,4121280,21308000,21308000,18228000,0.1445466491458607,0,0,0,1,57200000,4,4,4,1.0,1.0,262926,hold,0,8,0,0,8,0,7,5,14154691.555555556,1,1331.222363478861,59488000,77369280,1,persistent,1000.0,450.0,1450.0,150.0,146.804614226056,1000.0,1331.222363478861,0,1,331.222363478861,0.0,104,16,24,118.7776365211389,1,
coarse-f16-h6-u25,persistent,16,6,0.25,101,confirmation_coarse-f16-h6-u25_s101,4,38,99212,100479,1169174721,1183582881,14408160,1,0,,235840,33620320,33620320,30426880,0.09498541358321397,0,0,0,1,14076160,1,1,1,1.0,1.0,262926,hold,0,8,0,0,8,0,8,5,11871803.42857143,1,1308.2280878427632,14408160,30372160,1,persistent,1000.0,450.0,1450.0,150.0,146.804614226056,1000.0,1308.2280878427634,0,1,308.22808784276333,0.0,104,16,24,141.77191215723678,1,
coarse-f16-h6-u25,persistent,16,6,0.25,101,confirmation_coarse-f16-h6-u25_s101,8,27,99423,100736,1171746721,1186606721,14860000,1,0,,1945280,43188000,43188000,35716000,0.17301102158006854,0,0,0,0,14288000,1,1,1,1.0,1.0,262926,hold,0,8,0,0,8,0,8,7,13418440.0,1,1308.4071345460034,14860000,30372160,1,persistent,1000.0,450.0,1450.0,150.0,146.804614226056,1000.0,1308.4071345460036,0,1,308.4071345460035,0.0,104,16,24,141.59286545399664,1,
coarse-f16-h6-u25,persistent,16,6,0.25,101,confirmation_coarse-f16-h6-u25_s101,14,20,99624,100937,1174250721,1188918721,14668000,1,0,,4157280,26824000,26824000,24452000,0.08842827318818969,0,0,0,1,14096000,1,1,1,1.0,1.0,262926,hold,0,8,0,0,8,0,7,6,11920480.0,1,1298.5250413983629,14668000,30372160,1,persistent,1000.0,450.0,1450.0,150.0,146.804614226056,1000.0,1298.525041398363,0,1,298.52504139836304,0.0,104,16,24,151.47495860163713,1,
coarse-f16-h6-u25,persistent,16,6,0.25,101,confirmation_coarse-f16-h6-u25_s101,5,34,99667,100970,1174721281,1189302721,14581440,1,0,,3370400,17365280,17365280,21185440,-0.21998839062773534,1,1,1,1,14249440,1,1,1,1.0,1.0,262926,hold,0,8,0,0,8,0,8,6,11718412.631578946,1,1306.7403698614257,14581440,30372160,1,persistent,1000.0,450.0,1450.0,150.0,146.804614226056,1000.0,1306.740369861426,0,1,306.74036986142596,0.0,104,16,24,143.25963013857427,1,
coarse-f16-h6-u25,persistent,16,6,0.25,101,confirmation_coarse-f16-h6-u25_s101,9,26,99852,102405,1176742721,1205890721,29148000,1,0,,1733280,31696000,31696000,33448000,-0.05527511357900051,1,1,1,1,28484000,2,2,2,1.0,1.0,262926,hold,1,8,0,1,35,0,8,7,12564937.142857144,1,1322.7971091980291,29148000,45816000,1,persistent,1000.0,450.0,1450.0,150.0,146.804614226056,1000.0,1322.7971091980291,0,1,322.79710919802915,0.0,104,16,24,127.20289080197085,1,
coarse-f16-h6-u25,persistent,16,6,0.25,101,confirmation_coarse-f16-h6-u25_s101,6,9,99885,101222,1177108161,1192048161,14940000,1,0,,2980000,15604000,15604000,15674720,-0.004532171238144066,1,1,1,1,14608000,1,1,1,1.0,1.0,262926,hold,0,8,0,0,8,0,6,5,8692417.391304348,1,1312.32288213072,14940000,30372160,1,persistent,1000.0,450.0,1450.0,150.0,146.804614226056,1000.0,1312.3228821307202,0,1,312.3228821307202,0.0,104,16,24,137.67711786927998,1,
coarse-f16-h6-u25,persistent,16,6,0.25,101,confirmation_coarse-f16-h6-u25_s101,12,42,99984,102536,1178346721,1207314721,28968000,1,0,,789120,30008160,30008160,19867040,0.33794541218122004,0,0,0,0,28100160,2,2,2,1.0,1.0,262926,hold,1,8,0,1,30,0,6,6,10119494.4,1,1319.7000120757539,28968000,44980160,1,persistent,1000.0,450.0,1450.0,150.0,146.804614226056,1000.0,1319.7000120757539,0,1,319.7000120757538,0.0,104,16,24,130.29998792424612,1,
coarse-f16-h6-u25,persistent,16,6,0.25,101,confirmation_coarse-f16-h6-u25_s101,11,35,100022,101347,1178745441,1193449281,14703840,1,0,,5289280,32492160,32492160,36368160,-0.11929031495597707,1,1,1,1,14371840,1,1,1,1.0,1.0,262926,hold,0,8,0,0,8,0,8,6,13326412.972972972,1,1309.5669383987367,14703840,30876000,1,persistent,1000.0,450.0,1450.0,150.0,146.804614226056,1000.0,1309.566938398737,0,1,309.56693839873685,0.0,104,16,24,140.43306160126326,1,
coarse-f16-h6-u25,persistent,16,6,0.25,101,confirmation_coarse-f16-h6-u25_s101,7,9,100162,102819,1180262881,1210321441,30058560,1,0,,1385280,15604000,15604000,7482560,0.5204716739297616,0,0,0,0,14122560,1,2,2,1.0,0.5,262926,hold,1,7,1,0,11,0,7,7,8470291.764705881,1,1321.7198504638216,30058560,46480000,1,persistent,1000.0,450.0,1450.0,150.0,146.804614226056,1000.0,1321.7198504638218,0,1,321.71985046382173,0.0,104,16,24,128.28014953617844,1,
coarse-f16-h6-u25,persistent,16,6,0.25,101,confirmation_coarse-f16-h6-u25_s101,1,19,100388,,1182662721,,,0,1,hold_exit_before_slot_completion,0,22122560,22122560,,,,,,,28920000,2,3,3,1.0,0.6666666666666666,262926,hold,1,7,0,0,14,0,6,6,12700245.0,1,1339.4371242047275,45188000,72696960,1,persistent,1000.0,450.0,1450.0,150.0,146.804614226056,1000.0,1339.4371242047275,0,1,339.43712420472747,0.0,104,16,24,110.56287579527248,0,round_censored
coarse-f16-h6-u25,persistent,16,6,0.25,101,confirmation_coarse-f16-h6-u25_s101,4,39,100479,101755,1183582881,1198190881,14608000,1,0,,934720,30426880,30426880,29585120,0.027665011989398847,0,1,1,1,14276000,1,1,1,1.0,1.0,262926,hold,0,8,0,0,8,0,7,5,12058070.588235294,1,1310.0763285966316,14608000,30876000,1,persistent,1000.0,450.0,1450.0,150.0,146.804614226056,1000.0,1310.0763285966316,0,1,310.07632859663164,0.0,104,16,24,139.92367140336842,1,
coarse-f16-h6-u25,persistent,16,6,0.25,101,confirmation_coarse-f16-h6-u25_s101,15,40,100579,101856,1184761441,1199425281,14663840,1,0,,2393280,22352000,22352000,21660000,0.03095919828203293,0,1,1,1,14331840,1,1,1,1.0,1.0,262926,hold,0,8,0,0,8,0,8,6,9146481.951219512,1,1316.4358453129353,14663840,30876000,1,persistent,1000.0,450.0,1450.0,150.0,146.804614226056,1000.0,1316.4358453129355,0,1,316.4358453129354,0.0,104,16,24,133.56415468706473,1,
coarse-f16-h6-u25,persistent,16,6,0.25,101,confirmation_coarse-f16-h6-u25_s101,8,28,100736,104712,1186606721,1231058721,44452000,1,0,,3541280,35716000,35716000,43032000,-0.20483816776794714,1,1,1,1,43216000,3,3,3,1.0,1.0,262926,hold,0,8,0,0,8,0,7,6,14441974.901960785,1,1342.60783474949,44452000,62429280,1,persistent,1000.0,450.0,1450.0,150.0,146.804614226056,1000.0,1342.6078347494902,0,1,342.6078347494901,0.0,104,16,24,107.39216525051006,1,
coarse-f16-h6-u25,persistent,16,6,0.25,101,confirmation_coarse-f16-h6-u25_s101,14,21,100937,102211,1188918721,1203714721,14796000,1,0,,3449280,24452000,24452000,24692000,-0.009815148045149682,1,1,1,1,14104000,1,1,1,1.0,1.0,262926,hold,0,8,0,0,8,0,8,6,14407392.94117647,1,1322.1478729729986,14796000,43396321,1,persistent,1000.0,450.0,1450.0,150.0,146.804614226056,1000.0,1322.1478729729986,0,1,322.14787297299847,0.0,104,16,24,127.85212702700142,1,
coarse-f16-h6-u25,persistent,16,6,0.25,101,confirmation_coarse-f16-h6-u25_s101,5,35,100970,104866,1189302721,1232794721,43492000,1,0,,2245280,21185440,21185440,19297440,0.08911780921236472,0,0,1,1,42496000,3,3,3,1.0,1.0,262926,hold,1,8,0,1,8,0,8,6,10992858.57142857,1,1341.7353346920047,43492000,62429280,1,persistent,1000.0,450.0,1450.0,150.0,146.804614226056,1000.0,1341.7353346920047,0,1,341.7353346920046,0.0,104,16,24,108.2646653079953,1,
coarse-f16-h6-u25,persistent,16,6,0.25,101,confirmation_coarse-f16-h6-u25_s101,10,22,101002,108758,1189562721,1277710721,88148000,1,0,,6169280,35652000,35652000,40928000,-0.14798608773701336,1,1,1,1,85676000,6,6,6,1.0,1.0,262926,hold,0,8,0,0,8,0,8,7,13605329.6,1,1328.6426409288415,88148000,106893280,1,persistent,1000.0,450.0,1450.0,150.0,146.804614226056,1000.0,1328.6426409288417,0,1,328.6426409288417,0.0,104,16,24,121.3573590711585,1,
coarse-f16-h6-u25,persistent,16,6,0.25,101,confirmation_coarse-f16-h6-u25_s101,16,40,101030,103599,1189881601,1219261441,29379840,1,0,,252959,41497921,41497921,37184000,0.1039551113897971,0,0,0,0,28383840,2,2,2,1.0,1.0,262926,hold,1,7,1,0,11,0,8,7,12575160.561643835,1,1343.6046735704167,29379840,46480000,1,persistent,1000.0,450.0,1450.0,150.0,146.804614226056,1000.0,1343.6046735704167,0,1,343.60467357041676,0.0,104,16,24,106.39532642958329,1,
coarse-f16-h6-u25,persistent,16,6,0.25,101,confirmation_coarse-f16-h6-u25_s101,6,10,101222,102606,1192048161,1207984161,15936000,1,0,,1913280,15674720,15674720,10956000,0.3010401461716701,0,0,0,0,0,0,1,1,1.0,0.0,262926,hold,0,8,0,0,8,0,6,6,6760480.0,1,1324.8530162267189,15936000,43620160,1,persistent,1000.0,450.0,1450.0,150.0,146.804614226056,1000.0,1324.8530162267189,0,1,324.8530162267189,0.0,104,16,24,125.14698377328114,1,
coarse-f16-h6-u25,persistent,16,6,0.25,101,confirmation_coarse-f16-h6-u25_s101,11,36,101347,103946,1193449281,1223177441,29728160,1,0,,3725120,36368160,36368160,38660160,-0.06302216004329061,1,1,1,1,28700000,2,2,2,1.0,1.0,262926,hold,1,8,0,1,16,0,8,6,13818724.444444444,1,1342.5905108943011,29728160,45662560,1,persistent,1000.0,450.0,1450.0,150.0,146.804614226056,1000.0,1342.5905108943014,0,1,342.5905108943013,0.0,104,16,24,107.40948910569887,1,
coarse-f16-h6-u25,persistent,16,6,0.25,101,confirmation_coarse-f16-h6-u25_s101,4,40,101755,103007,1198190881,1212686721,14495840,1,0,,2706880,29585120,29585120,29576000,0.00030826307278794204,0,1,1,1,14163840,1,1,1,1.0,1.0,262926,hold,0,8,0,0,8,0,8,5,12615814.054054054,1,1336.1569538942317,14495840,31540000,1,persistent,1000.0,450.0,1450.0,150.0,146.804614226056,1000.0,1336.1569538942317,0,1,336.1569538942317,0.0,104,16,24,113.84304610576828,1,
coarse-f16-h6-u25,persistent,16,6,0.25,101,confirmation_coarse-f16-h6-u25_s101,15,41,101856,103133,1199425281,1214033281,14608000,1,0,,4145120,21660000,21660000,25139840,-0.16065743305632502,1,1,1,1,14276000,1,1,1,1.0,1.0,262926,hold,0,8,0,0,8,0,8,6,10271889.777777778,1,1347.3374069441595,14608000,31540000,1,persistent,1000.0,450.0,1450.0,150.0,146.804614226056,1000.0,1347.3374069441595,0,1,347.3374069441595,0.0,104,16,24,102.66259305584049,1,
coarse-f16-h6-u25,persistent,16,6,0.25,101,confirmation_coarse-f16-h6-u25_s101,14,22,102211,109942,1203714721,1291762721,88048000,1,0,,2933280,24692000,24692000,25312000,-0.025109347156973917,1,1,1,1,85696000,6,6,6,1.0,1.0,262926,hold,0,8,0,0,8,0,8,6,14456324.923076924,1,1323.0958834435287,88048000,116818560,1,persistent,1000.0,450.0,1450.0,150.0,146.804614226056,1000.0,1323.095883443529,0,1,323.0958834435289,0.0,104,16,24,126.90411655647131,1,
coarse-f16-h6-u25,persistent,16,6,0.25,101,confirmation_coarse-f16-h6-u25_s101,9,27,102405,106513,1205890721,1250766721,44876000,1,0,,4157280,33448000,33448000,29204000,0.12688352068883044,0,0,0,0,42920000,3,3,3,1.0,1.0,262926,hold,0,8,0,0,8,0,7,6,14270126.153846154,1,1358.4027680081604,44876000,62102400,1,persistent,1000.0,450.0,1450.0,150.0,146.804614226056,1000.0,1358.4027680081606,0,1,358.4027680081606,0.0,104,16,24,91.59723199183964,1,
coarse-f16-h6-u25,persistent,16,6,0.25,101,confirmation_coarse-f16-h6-u25_s101,12,43,102536,103846,1207314721,1221966881,14652160,1,0,,3080000,19867040,19867040,32817760,-0.6518696292955568,1,1,1,1,14320160,1,1,1,1.0,1.0,262926,hold,0,8,0,0,8,0,8,7,10019246.315789474,1,1364.548964660146,14652160,31540000,1,persistent,1000.0,450.0,1450.0,150.0,146.804614226056,1000.0,1364.548964660146,0,1,364.548964660146,0.0,104,16,24,85.45103533985389,1,
coarse-f16-h6-u25,persistent,16,6,0.25,101,confirmation_coarse-f16-h6-u25_s101,4,41,103007,104361,1212686721,1227318881,14632160,1,0,,3124000,29576000,29576000,31052000,-0.049905328644847174,1,1,1,1,14300160,1,1,1,1.0,1.0,262926,hold,0,8,0,0,8,0,8,5,11269879.069767442,1,1371.4939010611301,14632160,31553280,1,persistent,1000.0,450.0,1450.0,150.0,146.804614226056,1000.0,1371.4939010611301,0,1,371.49390106113015,0.0,104,16,24,78.50609893886985,1,
coarse-f16-h6-u25,persistent,16,6,0.25,101,confirmation_coarse-f16-h6-u25_s101,15,42,103133,,1214033281,,,0,1,hold_exit_before_slot_completion,2577280,25139840,25139840,,,,,,,0,0,1,1,1.0,0.0,262926,hold,1,7,0,0,24,0,7,5,6291196.444444444,1,1368.3403166381695,14608000,31553280,1,persistent,1000.0,450.0,1450.0,150.0,146.804614226056,1000.0,1368.3403166381695,0,1,368.3403166381695,0.0,104,16,24,81.6596833618305,0,round_censored
coarse-f16-h6-u25,persistent,16,6,0.25,101,confirmation_coarse-f16-h6-u25_s101,16,41,103599,106329,1219261441,1248809441,29548000,1,0,,2745440,37184000,37184000,42108320,-0.13243115318416523,1,1,1,1,28826880,2,2,2,1.0,1.0,262926,hold,1,8,0,1,32,0,8,7,9571400.0,1,1366.095908058442,29548000,46850720,1,persistent,1000.0,450.0,1450.0,150.0,146.804614226056,1000.0,1366.0959080584423,0,1,366.0959080584422,0.0,104,16,24,83.90409194155791,1,
coarse-f16-h6-u25,persistent,16,6,0.25,101,confirmation_coarse-f16-h6-u25_s101,12,44,103846,106535,1221966881,1250982721,29015840,1,0,,1041280,32817760,32817760,29393760,0.10433375099336457,0,0,0,1,28351840,2,2,2,1.0,1.0,262926,hold,1,7,1,0,23,0,8,7,10761578.94736842,1,1363.9684989689317,29015840,46850720,1,persistent,1000.0,450.0,1450.0,150.0,146.804614226056,1000.0,1363.9684989689317,0,1,363.9684989689318,0.0,104,16,24,86.03150103106827,1,
coarse-f16-h6-u25,persistent,16,6,0.25,101,confirmation_coarse-f16-h6-u25_s101,11,37,103946,105454,1223177441,1239492161,16314720,1,0,,1997120,38660160,38660160,30437440,0.21269234271146317,0,0,0,0,15982720,1,1,1,1.0,1.0,262926,hold,0,8,0,0,8,0,8,6,10859991.794871794,1,1371.319180047636,16314720,31553280,1,persistent,1000.0,450.0,1450.0,150.0,146.804614226056,1000.0,1371.3191800476363,0,1,371.3191800476362,0.0,104,16,24,78.68081995236389,1,
coarse-f16-h6-u25,persistent,16,6,0.25,101,confirmation_coarse-f16-h6-u25_s101,13,23,104331,105649,1227034881,1241738881,14704000,1,0,,5929280,18228000,18228000,18808000,-0.031819179284617076,1,1,1,1,14132000,1,1,1,1.0,1.0,262926,hold,0,8,0,0,8,0,7,5,13817643.636363637,1,1365.1636993600598,14704000,31208000,1,persistent,1000.0,450.0,1450.0,150.0,146.804614226056,1000.0,1365.16369936006,0,1,365.16369936006004,0.0,104,16,24,84.83630063994019,1,
coarse-f16-h6-u25,persistent,16,6,0.25,101,confirmation_coarse-f16-h6-u25_s101,4,42,104361,105676,1227318881,1241871681,14552800,1,0,,253280,31052000,31052000,28445440,0.08394177508695091,0,0,0,1,14220800,1,1,1,1.0,1.0,262926,hold,0,8,0,0,8,0,8,5,10143968.0,1,1365.5964235189608,14552800,31208000,1,persistent,1000.0,450.0,1450.0,150.0,146.804614226056,1000.0,1365.596423518961,0,1,365.59642351896093,0.0,104,16,24,84.40357648103918,1,
coarse-f16-h6-u25,persistent,16,6,0.25,101,confirmation_coarse-f16-h6-u25_s101,8,29,104712,107325,1231058721,1260234721,29176000,1,0,,4241280,43032000,43032000,35864000,0.16657371258598253,0,0,0,0,28272000,2,2,2,1.0,1.0,262926,hold,1,7,1,0,22,0,8,7,12855387.826086957,1,1341.093837697062,29176000,46305440,1,persistent,1000.0,450.0,1450.0,150.0,146.804614226056,1000.0,1341.0938376970619,0,1,341.0938376970619,0.0,104,16,24,108.9061623029379,1,
coarse-f16-h6-u25,persistent,16,6,0.25,101,confirmation_coarse-f16-h6-u25_s101,5,36,104866,106196,1232794721,1247402721,14608000,1,0,,742720,19297440,19297440,22249120,-0.15295707617176163,1,1,1,1,14276000,1,1,1,1.0,1.0,262926,hold,0,8,0,0,8,0,8,6,8603402.666666666,1,1365.6320029326057,14608000,31246720,1,persistent,1000.0,450.0,1450.0,150.0,146.804614226056,1000.0,1365.632002932606,0,1,365.6320029326059,0.0,104,16,24,84.3679970673943,1,
coarse-f16-h6-u25,persistent,16,6,0.25,101,confirmation_coarse-f16-h6-u25_s101,11,38,105454,107996,1239492161,1268661441,29169280,1,0,,1677600,30437440,30437440,37864320,-0.2440047520422217,1,1,1,1,28484000,2,2,2,1.0,1.0,262926,hold,1,7,1,0,20,0,8,6,11132042.985074626,1,1329.7894052755228,29169280,46305440,1,persistent,1000.0,450.0,1450.0,150.0,146.804614226056,1000.0,1329.789405275523,0,1,329.78940527552305,0.0,104,16,24,120.21059472447723,1,
coarse-f16-h6-u25,persistent,16,6,0.25,101,confirmation_coarse-f16-h6-u25_s101,13,24,105649,107015,1241738881,1256358881,14620000,1,0,,5173280,18808000,18808000,20948000,-0.1137813696299447,1,1,1,1,14048000,1,1,1,1.0,1.0,262926,hold,0,8,0,0,8,0,8,5,13694355.555555556,1,1339.4395416626178,14620000,43481280,1,persistent,1000.0,450.0,1450.0,150.0,146.804614226056,1000.0,1339.4395416626178,0,1,339.4395416626179,0.0,104,16,24,110.56045833738222,1,
coarse-f16-h6-u25,persistent,16,6,0.25,101,confirmation_coarse-f16-h6-u25_s101,4,43,105676,108182,1241871681,1270800161,28928480,1,0,,1262720,28445440,28445440,24967680,0.12226072087476939,0,0,0,1,28274720,2,2,2,1.0,1.0,262926,hold,1,8,0,1,30,0,8,5,9768269.47368421,1,1323.7526073617669,28928480,46305440,1,persistent,1000.0,450.0,1450.0,150.0,146.804614226056,1000.0,1323.7526073617669,0,1,323.7526073617668,0.0,104,16,24,126.24739263823312,1,
coarse-f16-h6-u25,persistent,16,6,0.25,101,confirmation_coarse-f16-h6-u25_s101,15,43,105777,107144,1243097441,1257944161,14846720,1,0,,1576160,23752160,23752160,22576000,0.049518022781928045,0,0,1,1,14514720,1,1,1,1.0,1.0,262926,hold,0,8,0,0,8,0,8,6,7969182.439024391,1,1335.5810926215165,14846720,31246720,1,persistent,1000.0,450.0,1450.0,150.0,146.804614226056,1000.0,1335.5810926215165,0,1,335.5810926215165,0.0,104,16,24,114.41890737848348,1,
coarse-f16-h6-u25,persistent,16,6,0.25,101,confirmation_coarse-f16-h6-u25_s101,1,20,105814,108458,1243454721,1274156161,30701440,1,0,,1581280,15604000,15604000,14686720,0.05878492694180979,0,1,1,1,28709440,2,2,2,1.0,1.0,262926,hold,0,8,0,0,8,0,6,6,9404729.23076923,1,1315.9354833649472,30701440,45012960,1,persistent,1000.0,450.0,1450.0,150.0,146.804614226056,1000.0,1315.9354833649472,0,1,315.9354833649472,0.0,104,16,24,134.06451663505277,1,
coarse-f16-h6-u25,persistent,16,6,0.25,101,confirmation_coarse-f16-h6-u25_s101,5,37,106196,108643,1247402721,1276444161,29041440,1,0,,248160,22249120,22249120,21574880,0.030304119893281172,0,1,1,1,28377440,2,2,2,1.0,1.0,262926,hold,1,7,1,0,15,0,8,6,8651752.0,1,1305.6018305992297,29041440,45624000,1,persistent,1000.0,450.0,1450.0,150.0,146.804614226056,1000.0,1305.6018305992297,0,1,305.60183059922974,0.0,104,16,24,144.39816940077026,1,
coarse-f16-h6-u25,persistent,16,6,0.25,101,confirmation_coarse-f16-h6-u25_s101,16,42,106329,108840,1248809441,1278718561,29909120,1,0,,145120,42108320,42108320,43836960,-0.0410522196088564,1,1,1,1,29245120,2,2,2,1.0,1.0,262926,hold,1,8,0,1,17,0,8,7,11904076.962025316,1,1303.7024054799713,29909120,45624000,1,persistent,1000.0,450.0,1450.0,150.0,146.804614226056,1000.0,1303.7024054799715,0,1,303.70240547997145,0.0,104,16,24,146.29759452002872,1,
coarse-f16-h6-u25,persistent,16,6,0.25,101,confirmation_coarse-f16-h6-u25_s101,9,28,106513,110237,1250766721,1295098721,44332000,1,0,,4269280,29204000,29204000,29388000,-0.006300506779893166,1,1,1,1,42496000,3,3,3,1.0,1.0,262926,hold,0,8,0,0,8,0,8,7,13286832.94117647,1,1299.4336894798628,44332000,61325120,1,persistent,1000.0,450.0,1450.0,150.0,146.804614226056,1000.0,1299.4336894798628,0,1,299.43368947986284,0.0,104,16,24,150.56631052013722,1,
coarse-f16-h6-u25,persistent,16,6,0.25,101,confirmation_coarse-f16-h6-u25_s101,12,45,106535,107741,1250982721,1265493281,14510560,1,0,,477120,29393760,29393760,30172800,-0.02650358443424727,1,1,1,1,14178560,1,1,1,1.0,1.0,262926,hold,0,8,0,0,8,0,8,7,9589595.675675675,1,1308.2044642100143,14510560,30701440,1,persistent,1000.0,450.0,1450.0,150.0,146.804614226056,1000.0,1308.204464210014,0,1,308.2044642100141,0.0,104,16,24,141.7955357899857,1,
coarse-f16-h6-u25,persistent,16,6,0.25,101,confirmation_coarse-f16-h6-u25_s101,13,25,107015,,1256358881,,,0,1,hold_exit_before_slot_completion,4057280,20948000,20948000,,,,,,,28356000,2,3,3,1.0,0.6666666666666666,262926,hold,0,4,0,0,4,0,7,5,13879951.515151516,1,1290.1544235729048,44056000,61325120,1,persistent,1000.0,450.0,1450.0,150.0,146.804614226056,1000.0,1290.1544235729048,0,1,290.15442357290476,0.0,104,16,24,159.84557642709524,0,round_censored
coarse-f16-h6-u25,persistent,16,6,0.25,101,confirmation_coarse-f16-h6-u25_s101,15,44,107144,110865,1257944161,1302345281,44401120,1,0,,3084320,22576000,22576000,22450400,0.00556343019135365,0,1,1,1,42414720,3,3,3,1.0,1.0,262926,hold,0,8,0,0,8,0,8,6,11135465.714285715,1,1289.5636957120448,44401120,61325120,1,persistent,1000.0,450.0,1450.0,150.0,146.804614226056,1000.0,1289.5636957120448,0,1,289.56369571204476,0.0,104,16,24,160.43630428795518,1,
coarse-f16-h6-u25,persistent,16,6,0.25,101,confirmation_coarse-f16-h6-u25_s101,8,30,107325,112270,1260234721,1318394721,58160000,1,0,,3097280,35864000,35864000,36400000,-0.014945349096587107,1,1,1,1,56472000,4,4,4,1.0,1.0,262926,hold,1,8,0,1,8,0,8,7,13808174.656488549,1,1303.29092854942,58160000,76829440,1,persistent,1000.0,450.0,1450.0,150.0,146.804614226056,1000.0,1303.2909285494197,0,1,303.29092854941973,0.0,104,16,24,146.70907145058004,1,
coarse-f16-h6-u25,persistent,16,6,0.25,101,confirmation_coarse-f16-h6-u25_s101,12,46,107741,108931,1265493281,1279938721,14445440,1,0,,658880,30172800,30172800,31670560,-0.049639410329833496,1,1,1,1,14113440,1,1,1,1.0,1.0,262926,hold,0,8,0,0,8,0,8,7,12236004.102564102,1,1270.846479678502,14445440,29981280,1,persistent,1000.0,450.0,1450.0,150.0,146.804614226056,1000.0,1270.846479678502,0,1,270.8464796785019,0.0,104,16,24,179.15352032149804,1,
coarse-f16-h6-u25,persistent,16,6,0.25,101,confirmation_coarse-f16-h6-u25_s101,11,39,107996,109236,1268661441,1283601441,14940000,1,0,,1329280,37864320,37864320,38529440,-0.01756587732197488,1,1,1,1,14608000,1,1,1,1.0,1.0,262926,hold,0,8,0,0,8,0,7,5,17391907.36842105,1,1274.7960831252433,14940000,29981280,1,persistent,1000.0,450.0,1450.0,150.0,146.804614226056,1000.0,1274.7960831252433,0,1,274.7960831252433,0.0,104,16,24,175.20391687475671,1,
coarse-f16-h6-u25,persistent,16,6,0.25,101,confirmation_coarse-f16-h6-u25_s101,6,11,108036,110531,1269085441,1298609441,29524000,1,0,,972000,14289280,14289280,16939680,-0.1854817037667398,1,1,1,1,28860000,2,2,2,1.0,1.0,262926,hold,1,7,1,0,7,0,7,6,10260465.454545455,1,1284.1670725690274,29524000,46053120,1,persistent,1000.0,450.0,1450.0,150.0,146.804614226056,1000.0,1284.1670725690274,0,1,284.16707256902737,0.0,104,16,24,165.83292743097263,1,
coarse-f16-h6-u25,persistent,16,6,0.25,101,confirmation_coarse-f16-h6-u25_s101,4,44,108182,110639,1270800161,1299857441,29057280,1,0,,4281760,24967680,24967680,23557120,0.056495437301343175,0,0,1,1,28393280,2,2,2,1.0,1.0,262926,hold,0,8,0,0,8,0,7,4,11784467.692307692,1,1281.2391554877279,29057280,46053120,1,persistent,1000.0,450.0,1450.0,150.0,146.804614226056,1000.0,1281.239155487728,0,1,281.23915548772806,0.0,104,16,24,168.76084451227212,1,
coarse-f16-h6-u25,persistent,16,6,0.25,101,confirmation_coarse-f16-h6-u25_s101,1,21,108458,112282,1274156161,1318537281,44381120,1,0,,1541280,14686720,14686720,14524000,0.0110793968973331,0,1,1,1,42721120,3,3,3,1.0,1.0,262926,hold,0,8,0,0,8,0,5,5,10162237.68115942,1,1304.3790737742115,44381120,72624000,1,persistent,1000.0,450.0,1450.0,150.0,146.804614226056,1000.0,1304.3790737742115,0,1,304.3790737742114,0.0,104,16,24,145.62092622578848,1,
coarse-f16-h6-u25,persistent,16,6,0.25,101,confirmation_coarse-f16-h6-u25_s101,5,38,108643,109864,1276444161,1290894721,14450560,1,0,,742720,21574880,21574880,16449120,0.23758000044496191,0,0,0,0,14118560,1,1,1,1.0,1.0,262926,hold,0,8,0,0,8,0,8,6,9102762.92682927,1,1271.053337138482,14450560,29880000,1,persistent,1000.0,450.0,1450.0,150.0,146.804614226056,1000.0,1271.0533371384822,0,1,271.0533371384821,0.0,104,16,24,178.946662861518,1,
coarse-f16-h6-u25,persistent,16,6,0.25,101,confirmation_coarse-f16-h6-u25_s101,10,23,108758,115240,1277710721,1351182721,73472000,1,0,,4029280,40928000,40928000,42080000,-0.028146989835809225,1,1,1,1,71332000,5,5,5,1.0,1.0,262926,hold,1,8,0,1,8,0,7,6,13099197.125748502,1,1324.1514342258108,73472000,91276000,1,persistent,1000.0,450.0,1450.0,150.0,146.804614226056,1000.0,1324.1514342258106,0,1,324.15143422581065,0.0,104,16,24,125.84856577418918,1,
coarse-f16-h6-u25,persistent,16,6,0.25,101,confirmation_coarse-f16-h6-u25_s101,16,43,108840,110131,1278718561,1293961441,15242880,1,0,,585280,43836960,43836960,17203360,0.6075603782744059,0,0,0,0,14910880,1,1,1,1.0,1.0,262926,hold,0,8,0,0,8,0,6,5,8865257.931034483,1,1278.0779134644106,15242880,29880000,1,persistent,1000.0,450.0,1450.0,150.0,146.804614226056,1000.0,1278.0779134644108,0,1,278.0779134644108,0.0,104,16,24,171.92208653558941,1,
coarse-f16-h6-u25,persistent,16,6,0.25,101,confirmation_coarse-f16-h6-u25_s101,12,47,108931,110257,1279938721,1295368161,15429440,1,0,,454720,31670560,31670560,28423840,0.10251539600183893,0,0,0,1,14433440,1,1,1,1.0,1.0,262926,hold,0,8,0,0,8,0,8,7,10827636.0,1,1285.5394277938283,15429440,44360000,1,persistent,1000.0,450.0,1450.0,150.0,146.804614226056,1000.0,1285.5394277938285,0,1,285.5394277938285,0.0,104,16,24,164.46057220617172,1,
coarse-f16-h6-u25,persistent,16,6,0.25,101,confirmation_coarse-f16-h6-u25_s101,11,40,109236,111756,1283601441,1312637281,29035840,1,0,,3370560,38529440,38529440,34065280,0.11586360974880507,0,0,0,0,28371840,2,2,2,1.0,1.0,262926,hold,0,8,0,0,8,0,7,6,12443498.666666666,1,1297.381959955778,29035840,46920320,1,persistent,1000.0,450.0,1450.0,150.0,146.804614226056,1000.0,1297.381959955778,0,1,297.38195995577803,0.0,104,16,24,152.61804004422197,1,
coarse-f16-h6-u25,persistent,16,6,0.25,101,confirmation_coarse-f16-h6-u25_s101,7,10,109428,,1286017441,,,0,1,hold_exit_before_slot_completion,1581280,14608000,14608000,,,,,,,14276000,1,2,2,1.0,0.5,262926,hold,1,7,0,0,20,0,7,6,9834219.016393442,1,1309.6932985487565,29548000,46920320,1,persistent,1000.0,450.0,1450.0,150.0,146.804614226056,1000.0,1309.6932985487567,0,1,309.6932985487566,0.0,104,16,24,140.3067014512435,0,round_censored
coarse-f16-h6-u25,persistent,16,6,0.25,101,confirmation_coarse-f16-h6-u25_s101,5,39,109864,113721,1290894721,1334718721,43824000,1,0,,2572160,16449120,16449120,13304000,0.19120293365237775,0,0,0,1,28546880,2,3,3,1.0,0.6666666666666666,262926,hold,1,8,0,1,23,0,8,6,9296166.666666666,1,1326.7319221232158,43824000,72708000,1,persistent,1000.0,450.0,1450.0,150.0,146.804614226056,1000.0,1326.731922123216,0,1,326.7319221232159,0.0,104,16,24,123.26807787678422,1,
coarse-f16-h6-u25,persistent,16,6,0.25,101,confirmation_coarse-f16-h6-u25_s101,14,23,109942,111205,1291762721,1306262721,14500000,1,0,,2693280,25312000,25312000,27184000,-0.07395701643489254,1,1,1,1,14168000,1,1,1,1.0,1.0,262926,hold,0,8,0,0,8,0,8,6,15097466.666666666,1,1309.4293466007405,14500000,31416000,1,persistent,1000.0,450.0,1450.0,150.0,146.804614226056,1000.0,1309.4293466007405,0,1,309.4293466007404,0.0,104,16,24,140.57065339925953,1,
coarse-f16-h6-u25,persistent,16,6,0.25,101,confirmation_coarse-f16-h6-u25_s101,16,44,110131,111535,1293961441,1310134561,16173120,1,0,,70880,17203360,17203360,39562720,-1.299708894076506,1,1,1,1,14707680,1,1,1,1.0,1.0,262926,hold,0,8,0,0,8,0,8,7,12433596.0,1,1322.508884972387,16173120,44645440,1,persistent,1000.0,450.0,1450.0,150.0,146.804614226056,1000.0,1322.508884972387,0,1,322.50888497238697,0.0,104,16,24,127.49111502761298,1,
coarse-f16-h6-u25,persistent,16,6,0.25,101,confirmation_coarse-f16-h6-u25_s101,9,29,110237,111529,1295098721,1310014721,14916000,1,0,,5837280,29388000,29388000,27460000,0.0656050088471485,0,0,1,1,14344000,1,1,1,1.0,1.0,262926,hold,0,8,0,0,8,0,8,7,13506894.11764706,1,1322.508884972387,14916000,44645440,1,persistent,1000.0,450.0,1450.0,150.0,146.804614226056,1000.0,1322.508884972387,0,1,322.50888497238697,0.0,104,16,24,127.49111502761298,1,
coarse-f16-h6-u25,persistent,16,6,0.25,101,confirmation_coarse-f16-h6-u25_s101,12,48,110257,112822,1295368161,1324584161,29216000,1,0,,1737440,28423840,28423840,29840000,-0.04982296551064177,1,1,1,1,28552000,2,2,2,1.0,1.0,262926,hold,1,8,0,1,20,0,8,7,10674088.311688311,1,1326.322077064744,29216000,45816000,1,persistent,1000.0,450.0,1450.0,150.0,146.804614226056,1000.0,1326.3220770647442,0,1,326.3220770647442,0.0,104,16,24,123.67792293525599,1,
coarse-f16-h6-u25,persistent,16,6,0.25,101,confirmation_coarse-f16-h6-u25_s101,6,12,110531,,1298609441,,,0,1,hold_exit_before_slot_completion,1165440,16939680,16939680,,,,,,,0,0,1,1,1.0,0.0,262926,hold,0,6,0,0,6,0,7,6,8997524.705882354,1,1329.6820636920918,15936000,31677440,1,persistent,1000.0,450.0,1450.0,150.0,146.804614226056,1000.0,1329.6820636920918,0,1,329.68206369209184,0.0,104,16,24,120.31793630790821,0,round_censored
coarse-f16-h6-u25,persistent,16,6,0.25,101,confirmation_coarse-f16-h6-u25_s101,4,45,110639,113242,1299857441,1329405441,29548000,1,0,,2664000,23557120,23557120,30586720,-0.29840659639208866,1,1,1,1,28534560,2,2,2,1.0,1.0,262926,hold,1,7,1,0,22,0,8,5,11037843.116883118,1,1338.2792176186458,29548000,46148000,1,persistent,1000.0,450.0,1450.0,150.0,146.804614226056,1000.0,1338.279217618646,0,1,338.27921761864604,0.0,104,16,24,111.72078238135418,1,
coarse-f16-h6-u25,persistent,16,6,0.25,101,confirmation_coarse-f16-h6-u25_s101,15,45,110865,113456,1302345281,1331640001,29294720,1,0,,2065120,22450400,22450400,28298560,-0.26049246338595305,1,1,1,1,28360320,2,2,2,1.0,1.0,262926,hold,1,7,1,0,23,0,8,6,8340649.756097561,1,1346.584161718198,29294720,46148000,1,persistent,1000.0,450.0,1450.0,150.0,146.804614226056,1000.0,1346.5841617181982,0,1,346.5841617181982,0.0,104,16,24,103.41583828180205,1,
coarse-f16-h6-u25,persistent,16,6,0.25,101,confirmation_coarse-f16-h6-u25_s101,14,24,111205,115132,1306262721,1350030721,43768000,1,0,,2545280,27184000,27184000,32921280,-0.21105356091818717,1,1,1,1,42532000,3,3,3,1.0,1.0,262926,hold,0,8,0,0,8,0,8,6,11930727.61904762,1,1340.6645847150578,43768000,61752000,1,persistent,1000.0,450.0,1450.0,150.0,146.804614226056,1000.0,1340.6645847150578,0,1,340.6645847150577,0.0,104,16,24,109.3354152849422,1,
coarse-f16-h6-u25,persistent,16,6,0.25,101,confirmation_coarse-f16-h6-u25_s101,9,30,111529,116852,1310014721,1368718721,58704000,1,0,,6373280,27460000,27460000,32385440,-0.17936780772032046,1,1,1,1,56776000,4,4,4,1.0,1.0,262926,hold,0,8,0,0,8,0,8,7,14397440.0,1,1346.2552408513163,58704000,76770720,1,persistent,1000.0,450.0,1450.0,150.0,146.804614226056,1000.0,1346.255240851316,0,1,346.25524085131616,0.0,104,16,24,103.74475914868367,1,
coarse-f16-h6-u25,persistent,16,6,0.25,101,confirmation_coarse-f16-h6-u25_s101,16,45,111535,112911,1310134561,1325638881,15504320,1,0,,638880,39562720,39562720,40973440,-0.035657811191950405,1,1,1,1,14310720,1,1,1,1.0,1.0,262926,hold,0,8,0,0,8,0,8,7,11983400.930232558,1,1328.5787996547858,15504320,31208000,1,persistent,1000.0,450.0,1450.0,150.0,146.804614226056,1000.0,1328.5787996547858,0,1,328.5787996547858,0.0,104,16,24,121.42120034521417,1,
coarse-f16-h6-u25,persistent,16,6,0.25,101,confirmation_coarse-f16-h6-u25_s101,11,41,111756,114415,1312637281,1342033441,29396160,1,0,,1578720,34065280,34065280,39024160,-0.14556991752306161,1,1,1,1,28248320,2,2,2,1.0,1.0,262926,hold,1,7,1,0,16,0,8,6,16426413.52112676,1,1346.7407756370587,29396160,46148000,1,persistent,1000.0,450.0,1450.0,150.0,146.804614226056,1000.0,1346.7407756370587,0,1,346.7407756370588,0.0,104,16,24,103.25922436294127,1,
coarse-f16-h6-u25,persistent,16,6,0.25,101,confirmation_coarse-f16-h6-u25_s101,13,26,111954,113256,1314850881,1329526881,14676000,1,0,,6621280,18320000,18320000,19224000,-0.049344978165938864,1,1,1,1,14224000,1,1,1,1.0,1.0,262926,hold,0,8,0,0,8,0,8,5,12543308.235294119,1,1348.4253528782406,14676000,30544000,1,persistent,1000.0,450.0,1450.0,150.0,146.804614226056,1000.0,1348.4253528782406,0,1,348.4253528782406,0.0,104,16,24,101.57464712175943,1,
coarse-f16-h6-u25,persistent,16,6,0.25,101,confirmation_coarse-f16-h6-u25_s101,8,31,112270,116296,1318394721,1362598721,44204000,1,0,,4241280,36400000,36400000,39352000,-0.0810989010989011,1,1,1,1,42968000,3,3,3,1.0,1.0,262926,hold,0,8,0,0,8,0,8,7,14585012.24489796,1,1346.6744521344563,44204000,74357280,1,persistent,1000.0,450.0,1450.0,150.0,146.804614226056,1000.0,1346.6744521344565,0,1,346.6744521344565,0.0,104,16,24,103.32554786554374,1,
coarse-f16-h6-u25,persistent,16,6,0.25,101,confirmation_coarse-f16-h6-u25_s101,1,22,112282,,1318537281,,,0,1,hold_exit_before_slot_completion,1513280,14524000,14524000,,,,,,,0,0,1,1,1.0,0.0,262926,hold,0,3,0,0,3,0,6,6,10169112.727272727,1,1351.6602027715348,14608000,30544000,1,persistent,1000.0,450.0,1450.0,150.0,146.804614226056,1000.0,1351.6602027715348,0,1,351.66020277153484,0.0,104,16,24,98.33979722846516,0,round_censored
coarse-f16-h6-u25,persistent,16,6,0.25,101,confirmation_coarse-f16-h6-u25_s101,12,49,112822,114130,1324584161,1338981601,14397440,1,0,,5165280,29840000,29840000,33701280,-0.1293994638069705,1,1,1,1,14061600,1,1,1,1.0,1.0,262926,hold,0,8,0,0,8,0,7,7,7953623.529411765,1,1330.562220657347,14397440,30544000,1,persistent,1000.0,450.0,1450.0,150.0,146.804614226056,1000.0,1330.562220657347,0,1,330.5622206573471,0.0,104,16,24,119.4377793426529,1,
coarse-f16-h6-u25,persistent,16,6,0.25,101,confirmation_coarse-f16-h6-u25_s101,16,46,112911,115571,1325638881,1354717441,29078560,1,0,,912160,40973440,40973440,42136160,-0.028377407413192546,1,1,1,1,28414560,2,2,2,1.0,1.0,262926,hold,1,8,0,1,41,0,8,7,10223777.142857144,1,1346.1757848341203,29078560,45816000,1,persistent,1000.0,450.0,1450.0,150.0,146.804614226056,1000.0,1346.1757848341201,0,1,346.1757848341202,0.0,104,16,24,103.82421516587965,1,
coarse-f16-h6-u25,persistent,16,6,0.25,101,confirmation_coarse-f16-h6-u25_s101,4,46,113242,115923,1329405441,1358448161,29042720,1,0,,1249280,30586720,30586720,26539840,0.13230840050845596,0,0,0,0,28378720,2,2,2,1.0,1.0,262926,hold,1,7,1,0,28,0,8,5,10714246.075949367,1,1350.1614317382496,29042720,45816000,1,persistent,1000.0,450.0,1450.0,150.0,146.804614226056,1000.0,1350.1614317382493,0,1,350.1614317382494,0.0,104,16,24,99.83856826175042,1,
coarse-f16-h6-u25,persistent,16,6,0.25,101,confirmation_coarse-f16-h6-u25_s101,13,27,113256,122429,1329526881,1432498881,102972000,1,0,,4749280,19224000,19224000,13200000,0.31335830212234705,0,0,0,0,85848320,6,7,7,1.0,0.8571428571428571,262926,hold,1,8,0,1,21,0,7,5,14355628.27586207,1,1340.8444632793035,102972000,121180000,1,persistent,1000.0,450.0,1450.0,150.0,146.804614226056,1000.0,1340.8444632793035,0,1,340.84446327930345,0.0,104,16,24,109.15553672069655,1,
coarse-f16-h6-u25,persistent,16,6,0.25,101,confirmation_coarse-f16-h6-u25_s101,15,46,113456,116123,1331640001,1360630561,28990560,1,0,,1069280,28298560,28298560,25637600,0.09403163977248312,0,0,0,1,28326560,2,2,2,1.0,1.0,262926,hold,1,7,1,0,24,0,7,6,9249413.647058824,1,1351.3610160087392,28990560,45562720,1,persistent,1000.0,450.0,1450.0,150.0,146.804614226056,1000.0,1351.361016008739,0,1,351.36101600873906,0.0,104,16,24,98.63898399126083,1,
coarse-f16-h6-u25,persistent,16,6,0.25,101,confirmation_coarse-f16-h6-u25_s101,12,50,114130,116791,1338981601,1368078721,29097120,1,0,,240160,33701280,33701280,33150880,0.016331723898914224,0,1,1,1,28433120,2,2,2,1.0,1.0,262926,hold,1,7,1,0,26,0,7,7,12312372.631578946,1,1357.715745560003,29097120,45562720,1,persistent,1000.0,450.0,1450.0,150.0,146.804614226056,1000.0,1357.7157455600027,0,1,357.71574556000263,0.0,104,16,24,92.28425443999708,1,
coarse-f16-h6-u25,persistent,16,6,0.25,101,confirmation_coarse-f16-h6-u25_s101,11,42,114415,115749,1342033441,1356641441,14608000,1,0,,2577280,39024160,39024160,37423840,0.0410084419498075,0,0,1,1,14276000,1,1,1,1.0,1.0,262926,hold,0,8,0,0,8,0,8,6,11471282.162162162,1,1352.705328879517,14608000,30544000,1,persistent,1000.0,450.0,1450.0,150.0,146.804614226056,1000.0,1352.705328879517,0,1,352.705328879517,0.0,104,16,24,97.29467112048292,1,
coarse-f16-h6-u25,persistent,16,6,0.25,101,confirmation_coarse-f16-h6-u25_s101,5,40,115059,116404,1349326721,1363762721,14436000,1,0,,2577280,21090560,21090560,25234560,-0.19648601080293743,1,1,1,1,14104000,1,1,1,1.0,1.0,262926,hold,0,8,0,0,8,0,8,6,8942990.476190476,1,1355.0845108019396,14436000,30876000,1,persistent,1000.0,450.0,1450.0,150.0,146.804614226056,1000.0,1355.0845108019398,0,1,355.08451080193976,0.0,104,16,24,94.91548919806041,1,
coarse-f16-h6-u25,persistent,16,6,0.25,101,confirmation_coarse-f16-h6-u25_s101,14,25,115132,119152,1350030721,1394122721,44092000,1,0,,3096000,32921280,32921280,28088000,0.14681324662953568,0,0,0,0,42616000,3,3,3,1.0,1.0,262926,hold,1,8,0,1,14,0,7,6,14049902.74509804,1,1348.1462025587898,44092000,61112000,1,persistent,1000.0,450.0,1450.0,150.0,146.804614226056,1000.0,1348.1462025587898,0,1,348.14620255878987,0.0,104,16,24,101.85379744121019,1,
coarse-f16-h6-u25,persistent,16,6,0.25,101,confirmation_coarse-f16-h6-u25_s101,10,24,115240,120467,1351182721,1409858721,58676000,1,0,,4777280,42080000,42080000,37276000,0.11416349809885931,0,0,0,0,56988000,4,4,4,1.0,1.0,262926,hold,1,8,0,1,8,0,8,7,15364745.074626865,1,1346.4260582112618,58676000,76052000,1,persistent,1000.0,450.0,1450.0,150.0,146.804614226056,1000.0,1346.4260582112618,0,1,346.42605821126165,0.0,104,16,24,103.57394178873824,1,
coarse-f16-h6-u25,persistent,16,6,0.25,101,confirmation_coarse-f16-h6-u25_s101,16,47,115571,118232,1354717441,1383687841,28970400,1,0,,2848160,42136160,42136160,45854880,-0.08825483859943574,1,1,1,1,28136960,2,2,2,1.0,1.0,262926,hold,1,7,1,0,21,0,7,6,9003126.153846154,1,1360.6610005771001,28970400,46226720,1,persistent,1000.0,450.0,1450.0,150.0,146.804614226056,1000.0,1360.6610005771001,0,1,360.66100057710014,0.0,104,16,24,89.33899942289986,1,
coarse-f16-h6-u25,persistent,16,6,0.25,101,confirmation_coarse-f16-h6-u25_s101,11,43,115749,118405,1356641441,1385672161,29030720,1,0,,824160,37423840,37423840,18889280,0.49526077494987153,0,0,0,0,28366720,2,2,2,1.0,1.0,262926,hold,1,8,0,1,24,0,7,5,9833614.358974358,1,1360.3386971306472,29030720,46226720,1,persistent,1000.0,450.0,1450.0,150.0,146.804614226056,1000.0,1360.3386971306472,0,1,360.33869713064723,0.0,104,16,24,89.66130286935277,1,
coarse-f16-h6-u25,persistent,16,6,0.25,101,confirmation_coarse-f16-h6-u25_s101,4,47,115923,118544,1358448161,1387173441,28725280,1,0,,3132160,26539840,26539840,31094559,-0.17161817855721814,1,1,1,1,28061280,2,2,2,1.0,1.0,262926,hold,1,7,1,0,28,0,8,5,10614693.658227848,1,1357.656420590572,28725280,46226720,1,persistent,1000.0,450.0,1450.0,150.0,146.804614226056,1000.0,1357.6564205905722,0,1,357.65642059057217,0.0,104,16,24,92.343579409428,1,
coarse-f16-h6-u25,persistent,16,6,0.25,101,confirmation_coarse-f16-h6-u25_s101,15,47,116123,117455,1360630561,1375233441,14602880,1,0,,3674720,25637600,25637600,18878720,0.2636315411739008,0,0,0,0,14270880,1,1,1,1.0,1.0,262926,hold,0,8,0,0,8,0,7,6,8108266.666666667,1,1351.2043970320472,14602880,30876000,1,persistent,1000.0,450.0,1450.0,150.0,146.804614226056,1000.0,1351.2043970320472,0,1,351.2043970320472,0.0,104,16,24,98.79560296795285,1,
coarse-f16-h6-u25,persistent,16,6,0.25,101,confirmation_coarse-f16-h6-u25_s101,1,23,116288,117744,1362440001,1378376001,15936000,1,0,,1992000,14276000,14276000,10702720,0.2502998038666293,0,0,0,1,0,0,1,1,1.0,0.0,262926,hold,0,8,0,0,8,0,6,6,8307226.666666667,1,1360.2022152442833,15936000,44733440,1,persistent,1000.0,450.0,1450.0,150.0,146.804614226056,1000.0,1360.202215244283,0,1,360.2022152442831,0.0,104,16,24,89.79778475571675,1,
coarse-f16-h6-u25,persistent,16,6,0.25,101,confirmation_coarse-f16-h6-u25_s101,8,32,116296,118987,1362598721,1392232161,29633440,1,0,,4573280,39352000,39352000,40378720,-0.026090668835129092,1,1,1,1,28609440,2,2,2,1.0,1.0,262926,hold,1,7,1,0,24,0,7,6,11936019.726027397,1,1354.724690623358,29633440,45508000,1,persistent,1000.0,450.0,1450.0,150.0,146.804614226056,1000.0,1354.724690623358,0,1,354.72469062335784,0.0,104,16,24,95.2753093766421,1,
coarse-f16-h6-u25,persistent,16,6,0.25,101,confirmation_coarse-f16-h6-u25_s101,5,41,116404,119033,1363762721,1392818721,29056000,1,0,,917280,25234560,25234560,17264000,0.3158588855918233,0,0,0,0,28392000,2,2,2,1.0,1.0,262926,hold,1,7,1,0,27,0,8,6,7776444.651162791,1,1356.9751156143093,29056000,45508000,1,persistent,1000.0,450.0,1450.0,150.0,146.804614226056,1000.0,1356.9751156143093,0,1,356.97511561430935,0.0,104,16,24,93.02488438569071,1,
coarse-f16-h6-u25,persistent,16,6,0.25,101,confirmation_coarse-f16-h6-u25_s101,12,51,116791,118140,1368078721,1382686721,14608000,1,0,,2162400,33150880,33150880,33737120,-0.017683995115665103,1,1,1,1,14276000,1,1,1,1.0,1.0,262926,hold,0,8,0,0,8,0,8,7,9930288.0,1,1367.9340180424927,14608000,30876000,1,persistent,1000.0,450.0,1450.0,150.0,146.804614226056,1000.0,1367.9340180424924,0,1,367.9340180424924,0.0,104,16,24,82.06598195750735,1,
coarse-f16-h6-u25,persistent,16,6,0.25,101,confirmation_coarse-f16-h6-u25_s101,9,31,116852,118191,1368718721,1383274721,14556000,1,0,,5449280,32385440,32385440,35800000,-0.10543503500338423,1,1,1,1,14104000,1,1,1,1.0,1.0,262926,hold,0,8,0,0,8,0,8,7,11753044.705882354,1,1367.9340180424927,14556000,30876000,1,persistent,1000.0,450.0,1450.0,150.0,146.804614226056,1000.0,1367.9340180424924,0,1,367.9340180424924,0.0,104,16,24,82.06598195750735,1,
coarse-f16-h6-u25,persistent,16,6,0.25,101,confirmation_coarse-f16-h6-u25_s101,15,48,117455,118773,1375233441,1389656161,14422720,1,0,,3056000,18878720,18878720,20548960,-0.0884720998033765,1,1,1,1,14090720,1,1,1,1.0,1.0,262926,hold,0,8,0,0,8,0,8,6,9306276.363636363,1,1355.585210197471,14422720,30876000,1,persistent,1000.0,450.0,1450.0,150.0,146.804614226056,1000.0,1355.585210197471,0,1,355.5852101974711,0.0,104,16,24,94.41478980252896,1,
coarse-f16-h6-u25,persistent,16,6,0.25,101,confirmation_coarse-f16-h6-u25_s101,12,52,118140,119423,1382686721,1397294721,14608000,1,0,,2812160,33737120,33737120,33872000,-0.003997970188326686,1,1,1,1,14276000,1,1,1,1.0,1.0,262926,hold,0,8,0,0,8,0,8,7,9203772.0,1,1336.5794704904142,14608000,31084160,1,persistent,1000.0,450.0,1450.0,150.0,146.804614226056,1000.0,1336.5794704904142,0,1,336.5794704904142,0.0,104,16,24,113.42052950958578,1,
coarse-f16-h6-u25,persistent,16,6,0.25,101,confirmation_coarse-f16-h6-u25_s101,9,32,118191,121993,1383274721,1427358721,44084000,1,0,,4933280,35800000,35800000,33484000,0.0646927374301676,0,0,0,1,42728000,3,3,3,1.0,1.0,262926,hold,0,8,0,0,8,0,8,7,14852161.632653061,1,1328.6586027750366,44084000,72457440,1,persistent,1000.0,450.0,1450.0,150.0,146.804614226056,1000.0,1328.6586027750363,0,1,328.65860277503646,0.0,104,16,24,121.34139722496343,1,
coarse-f16-h6-u25,persistent,16,6,0.25,101,confirmation_coarse-f16-h6-u25_s101,16,48,118232,119486,1383687841,1398040001,14352160,1,0,,2075840,45854880,45854880,40366560,0.11968889679789807,0,0,0,0,14022720,1,1,1,1.0,1.0,262926,hold,0,8,0,0,8,0,8,7,9941755.555555556,1,1330.795604205314,14352160,31084160,1,persistent,1000.0,450.0,1450.0,150.0,146.804614226056,1000.0,1330.795604205314,0,1,330.7956042053141,0.0,104,16,24,119.20439579468598,1,
coarse-f16-h6-u25,persistent,16,6,0.25,101,confirmation_coarse-f16-h6-u25_s101,11,44,118405,122266,1385672161,1430620161,44948000,1,0,,3276000,18889280,18889280,32105280,-0.6996561012383744,1,1,1,1,42624000,3,3,3,1.0,1.0,262926,hold,0,8,0,0,8,0,8,6,13758112.94117647,1,1327.3930628409482,44948000,60801600,1,persistent,1000.0,450.0,1450.0,150.0,146.804614226056,1000.0,1327.3930628409482,0,1,327.39306284094823,0.0,104,16,24,122.60693715905177,1,
coarse-f16-h6-u25,persistent,16,6,0.25,101,confirmation_coarse-f16-h6-u25_s101,4,48,118544,119779,1387173441,1401781441,14608000,1,0,,1585601,31094559,31094559,14812000,0.5236465646610392,0,0,0,0,14276000,1,1,1,1.0,1.0,262926,hold,0,8,0,0,8,0,5,4,7749981.205882353,1,1324.0866652510795,14608000,31084160,1,persistent,1000.0,450.0,1450.0,150.0,146.804614226056,1000.0,1324.0866652510797,0,1,324.08666525107964,0.0,104,16,24,125.91333474892053,1,
coarse-f16-h6-u25,persistent,16,6,0.25,101,confirmation_coarse-f16-h6-u25_s101,15,49,118773,121232,1389656161,1418780161,29124000,1,0,,3050880,20548960,20548960,17941120,0.12690861240666193,0,0,0,1,28460000,2,2,2,1.0,1.0,262926,hold,1,7,1,0,26,0,8,6,7426249.523809524,1,1333.4826768784112,29124000,45692160,1,persistent,1000.0,450.0,1450.0,150.0,146.804614226056,1000.0,1333.4826768784114,0,1,333.4826768784113,0.0,104,16,24,116.51732312158879,1,
coarse-f16-h6-u25,persistent,16,6,0.25,101,confirmation_coarse-f16-h6-u25_s101,7,11,118848,,1390597441,,,0,1,hold_exit_before_slot_completion,1249280,14276000,14276000,,,,,,,14940000,1,2,2,1.0,0.5,262926,hold,0,6,0,0,6,0,7,6,8216677.647058823,1,1333.7002559640232,30544000,59933280,1,persistent,1000.0,450.0,1450.0,150.0,146.804614226056,1000.0,1333.7002559640232,0,1,333.70025596402314,0.0,104,16,24,116.2997440359768,0,round_censored
coarse-f16-h6-u25,persistent,16,6,0.25,101,confirmation_coarse-f16-h6-u25_s101,6,13,118878,,1390984161,,,0,1,hold_exit_before_slot_completion,972000,15293440,15293440,,,,,,,0,0,1,1,1.0,0.0,262926,hold,0,0,0,0,0,0,6,5,9976314.285714285,1,1325.1092615565103,14885280,31084160,1,persistent,1000.0,450.0,1450.0,150.0,146.804614226056,1000.0,1325.1092615565103,0,1,325.1092615565104,0.0,104,16,24,124.89073844348968,0,round_censored
coarse-f16-h6-u25,persistent,16,6,0.25,101,confirmation_coarse-f16-h6-u25_s101,8,33,118987,124089,1392232161,1451464161,59232000,1,0,,0,40378720,40378720,32268000,0.20086619882948245,0,0,0,0,57064000,4,4,4,1.0,1.0,262926,hold,1,8,0,1,8,0,7,6,14837569.763779528,1,1324.1380072186653,59232000,87546720,1,persistent,1000.0,450.0,1450.0,150.0,146.804614226056,1000.0,1324.1380072186653,0,1,324.1380072186652,0.0,104,16,24,125.86199278133472,1,
coarse-f16-h6-u25,persistent,16,6,0.25,101,confirmation_coarse-f16-h6-u25_s101,5,42,119033,121525,1392818721,1422170721,29352000,1,0,,1421280,17264000,17264000,13256000,0.23215940685820205,0,0,0,0,14106560,1,2,2,1.0,0.5,262926,hold,1,7,1,0,27,0,8,6,8295381.204819277,1,1326.7591569925985,29352000,46148000,1,persistent,1000.0,450.0,1450.0,150.0,146.804614226056,1000.0,1326.7591569925985,0,1,326.7591569925985,0.0,104,16,24,123.24084300740151,1,
coarse-f16-h6-u25,persistent,16,6,0.25,101,confirmation_coarse-f16-h6-u25_s101,14,26,119152,121643,1394122721,1423474721,29352000,1,0,,5145280,28088000,28088000,25736000,0.08373682711478211,0,0,0,1,28568000,2,2,2,1.0,1.0,262926,hold,0,8,0,0,8,0,7,5,13671137.910447761,1,1320.6311889632432,29352000,46148000,1,persistent,1000.0,450.0,1450.0,150.0,146.804614226056,1000.0,1320.631188963243,0,1,320.631188963243,0.0,104,16,24,129.36881103675682,1,
coarse-f16-h6-u25,persistent,16,6,0.25,101,confirmation_coarse-f16-h6-u25_s101,12,53,119423,120652,1397294721,1411902721,14608000,1,0,,1845280,33872000,33872000,30054880,0.11269248937175248,0,0,0,1,14276000,1,1,1,1.0,1.0,262926,hold,0,8,0,0,8,0,7,7,11797029.743589744,1,1323.327149051804,14608000,30876000,1,persistent,1000.0,450.0,1450.0,150.0,146.804614226056,1000.0,1323.3271490518039,0,1,323.32714905180393,0.0,104,16,24,126.6728509481959,1,
coarse-f16-h6-u25,persistent,16,6,0.25,101,confirmation_coarse-f16-h6-u25_s101,16,49,119486,121980,1398040001,1427256001,29216000,1,0,,3989120,40366560,40366560,23739680,0.411897372478606,0,0,0,0,28557120,2,2,2,1.0,1.0,262926,hold,1,8,0,1,26,0,7,6,9662589.268292682,1,1325.0033630293326,29216000,46148000,1,persistent,1000.0,450.0,1450.0,150.0,146.804614226056,1000.0,1325.0033630293328,0,1,325.0033630293328,0.0,104,16,24,124.9966369706674,1,
coarse-f16-h6-u25,persistent,16,6,0.25,101,confirmation_coarse-f16-h6-u25_s101,4,49,119779,122437,1401781441,1432644161,30862720,1,0,,609280,14812000,14812000,27970720,-0.8883823926546044,1,1,1,1,29449600,2,2,2,1.0,1.0,262926,hold,1,8,0,1,21,0,8,5,12213249.23076923,1,1326.007098958913,30862720,58796000,1,persistent,1000.0,450.0,1450.0,150.0,146.804614226056,1000.0,1326.0070989589128,0,1,326.00709895891293,0.0,104,16,24,123.99290104108695,1,
coarse-f16-h6-u25,persistent,16,6,0.25,101,confirmation_coarse-f16-h6-u25_s101,10,25,120467,125663,1409858721,1469558721,59700000,1,0,,5053280,37276000,37276000,35624000,0.04431805987766928,0,0,1,1,57532000,4,4,4,1.0,1.0,262926,hold,0,8,0,0,8,0,8,7,13271624.705882354,1,1330.0750836077827,59700000,76692000,1,persistent,1000.0,450.0,1450.0,150.0,146.804614226056,1000.0,1330.0750836077823,0,1,330.07508360778235,0.0,104,16,24,119.92491639221726,1,
coarse-f16-h6-u25,persistent,16,6,0.25,101,confirmation_coarse-f16-h6-u25_s101,12,54,120652,121898,1411902721,1426358721,14456000,1,0,,2829280,30054880,30054880,28020000,0.06770547744659104,0,0,0,1,14124000,1,1,1,1.0,1.0,262926,hold,0,8,0,0,8,0,8,7,10434230.857142856,1,1325.9639088347494,14456000,30876000,1,persistent,1000.0,450.0,1450.0,150.0,146.804614226056,1000.0,1325.9639088347494,0,1,325.9639088347495,0.0,104,16,24,124.03609116525058,1,
coarse-f16-h6-u25,persistent,16,6,0.25,101,confirmation_coarse-f16-h6-u25_s101,15,50,121232,122529,1418780161,1433665441,14885280,1,0,,912160,17941120,17941120,20338720,-0.1336371419398566,1,1,1,1,14174560,1,1,1,1.0,1.0,262926,hold,0,8,0,0,8,0,7,5,8737203.80952381,1,1335.5653749218166,14885280,30876000,1,persistent,1000.0,450.0,1450.0,150.0,146.804614226056,1000.0,1335.5653749218168,0,1,335.56537492181684,0.0,104,16,24,114.43462507818344,1,
coarse-f16-h6-u25,persistent,16,6,0.25,101,confirmation_coarse-f16-h6-u25_s101,1,24,121571,,1422610721,,,0,1,hold_exit_before_slot_completion,1557280,15794720,15794720,,,,,,,0,0,1,1,1.0,0.0,262926,hold,1,4,0,0,4,0,6,6,10957848.0,1,1334.0877872653657,14940000,30212000,1,persistent,1000.0,450.0,1450.0,150.0,146.804614226056,1000.0,1334.087787265366,0,1,334.08778726536593,0.0,104,16,24,115.9122127346343,0,round_censored
coarse-f16-h6-u25,persistent,16,6,0.25,101,confirmation_coarse-f16-h6-u25_s101,14,27,121643,124204,1423474721,1452698721,29224000,1,0,,3789280,25736000,25736000,27876000,-0.08315200497357787,1,1,1,1,28320000,2,2,2,1.0,1.0,262926,hold,0,8,0,0,8,0,8,6,13657914.92063492,1,1325.5386432178495,29224000,45484000,1,persistent,1000.0,450.0,1450.0,150.0,146.804614226056,1000.0,1325.5386432178493,0,1,325.5386432178493,0.0,104,16,24,124.46135678215046,1,
coarse-f16-h6-u25,persistent,16,6,0.25,101,confirmation_coarse-f16-h6-u25_s101,12,55,121898,123160,1426358721,1440958721,14600000,1,0,,1249280,28020000,28020000,23729120,0.1531363311920057,0,0,0,0,14268000,1,1,1,1.0,1.0,262926,hold,0,8,0,0,8,0,8,7,10147256.0,1,1324.996999617505,14600000,30417280,1,persistent,1000.0,450.0,1450.0,150.0,146.804614226056,1000.0,1324.9969996175053,0,1,324.9969996175052,0.0,104,16,24,125.00300038249497,1,
coarse-f16-h6-u25,persistent,16,6,0.25,101,confirmation_coarse-f16-h6-u25_s101,16,50,121980,124534,1427256001,1456641441,29385440,1,0,,3568160,23739680,23739680,43352000,-0.8261408746874431,1,1,1,1,28389440,2,2,2,1.0,1.0,262926,hold,1,8,0,1,26,0,7,6,10129145.507246377,1,1316.0883581201765,29385440,45484000,1,persistent,1000.0,450.0,1450.0,150.0,146.804614226056,1000.0,1316.0883581201765,0,1,316.0883581201766,0.0,104,16,24,133.9116418798235,1,
coarse-f16-h6-u25,persistent,16,6,0.25,101,confirmation_coarse-f16-h6-u25_s101,9,33,121993,128614,1427358721,1501226721,73868000,1,0,,4085280,33484000,33484000,32962880,0.015563254091506391,0,1,1,1,71968000,5,5,5,1.0,1.0,262926,hold,1,8,0,1,8,0,7,6,13682698.352941176,1,1336.4575330711364,73868000,92609120,1,persistent,1000.0,450.0,1450.0,150.0,146.804614226056,1000.0,1336.4575330711366,0,1,336.4575330711365,0.0,104,16,24,113.54246692886363,1,
coarse-f16-h6-u25,persistent,16,6,0.25,101,confirmation_coarse-f16-h6-u25_s101,11,45,122266,124820,1430620161,1459917441,29297280,1,0,,2753280,32105280,32105280,31465280,0.01993441577210976,0,1,1,1,28244000,2,2,2,1.0,1.0,262926,hold,1,7,1,0,28,0,8,6,10246039.466666667,1,1321.650028664132,29297280,45484000,1,persistent,1000.0,450.0,1450.0,150.0,146.804614226056,1000.0,1321.650028664132,0,1,321.65002866413204,0.0,104,16,24,128.34997133586808,1,
coarse-f16-h6-u25,persistent,16,6,0.25,101,confirmation_coarse-f16-h6-u25_s101,4,50,122437,123725,1432644161,1447301441,14657280,1,0,,1148160,27970720,27970720,26162880,0.06463330225321336,0,0,1,1,14325280,1,1,1,1.0,1.0,262926,hold,0,8,0,0,8,0,8,5,11769808.0,1,1327.573379981737,14657280,30417280,1,persistent,1000.0,450.0,1450.0,150.0,146.804614226056,1000.0,1327.5733799817367,0,1,327.5733799817367,0.0,104,16,24,122.42662001826307,1,
coarse-f16-h6-u25,persistent,16,6,0.25,101,confirmation_coarse-f16-h6-u25_s101,15,51,122529,123803,1433665441,1448273441,14608000,1,0,,2670720,20338720,20338720,22000320,-0.08169638993997656,1,1,1,1,14276000,1,1,1,1.0,1.0,262926,hold,0,8,0,0,8,0,8,6,8081294.545454546,1,1327.34635427856,14608000,30417280,1,persistent,1000.0,450.0,1450.0,150.0,146.804614226056,1000.0,1327.3463542785598,0,1,327.34635427855983,0.0,104,16,24,122.65364572143994,1,
coarse-f16-h6-u25,persistent,16,6,0.25,101,confirmation_coarse-f16-h6-u25_s101,5,43,122810,,1436802721,,,0,1,hold_exit_before_slot_completion,4566720,15429440,15429440,,,,,,,0,0,1,1,1.0,0.0,262926,hold,0,4,0,0,4,0,7,5,10239399.024390243,1,1326.4508934221983,14608000,30629120,1,persistent,1000.0,450.0,1450.0,150.0,146.804614226056,1000.0,1326.450893422198,0,1,326.450893422198,0.0,104,16,24,123.5491065778017,0,round_censored
coarse-f16-h6-u25,persistent,16,6,0.25,101,confirmation_coarse-f16-h6-u25_s101,12,56,123160,124431,1440958721,1455394721,14436000,1,0,,3416160,23729120,23729120,25605760,-0.07908595009001598,1,1,1,1,14104000,1,1,1,1.0,1.0,262926,hold,0,8,0,0,8,0,7,7,12578547.368421054,1,1317.9989972109456,14436000,30629120,1,persistent,1000.0,450.0,1450.0,150.0,146.804614226056,1000.0,1317.9989972109456,0,1,317.99899721094556,0.0,104,16,24,132.00100278905438,1,
coarse-f16-h6-u25,persistent,16,6,0.25,101,confirmation_coarse-f16-h6-u25_s101,13,28,123702,124955,1447054881,1461526881,14472000,1,0,,2793280,18956000,18956000,22994080,-0.2130238446929732,1,1,1,1,14140000,1,1,1,1.0,1.0,262926,hold,0,8,0,0,8,0,8,5,11615277.837837838,1,1327.2631972977638,14472000,30629120,1,persistent,1000.0,450.0,1450.0,150.0,146.804614226056,1000.0,1327.2631972977636,0,1,327.26319729776367,0.0,104,16,24,122.73680270223622,1,
coarse-f16-h6-u25,persistent,16,6,0.25,101,confirmation_coarse-f16-h6-u25_s101,4,51,123725,126350,1447301441,1477230561,29929120,1,0,,1118400,26162880,26162880,28496639,-0.08920115063785027,1,1,1,1,28601120,2,2,2,1.0,1.0,262926,hold,1,8,0,1,12,0,7,4,11139607.492957747,1,1330.9020989271,29929120,46565120,1,persistent,1000.0,450.0,1450.0,150.0,146.804614226056,1000.0,1330.9020989271,0,1,330.9020989271001,0.0,104,16,24,119.09790107289996,1,
coarse-f16-h6-u25,persistent,16,6,0.25,101,confirmation_coarse-f16-h6-u25_s101,15,52,123803,126382,1448273441,1477577601,29304160,1,0,,2148960,22000320,22000320,29124000,-0.3237989265610682,1,1,1,1,28640160,2,2,2,1.0,1.0,262926,hold,1,8,0,1,13,0,8,6,9016202.105263159,1,1327.1703712984065,29304160,46565120,1,persistent,1000.0,450.0,1450.0,150.0,146.804614226056,1000.0,1327.1703712984067,0,1,327.1703712984067,0.0,104,16,24,122.82962870159349,1,
coarse-f16-h6-u25,persistent,16,6,0.25,101,confirmation_coarse-f16-h6-u25_s101,8,34,124089,125359,1451464161,1466176161,14712000,1,0,,3661280,32268000,32268000,35184000,-0.09036816660468576,1,1,1,1,14260000,1,1,1,1.0,1.0,262926,hold,0,8,0,0,8,0,8,7,14534028.108108109,1,1328.0022201488023,14712000,31540000,1,persistent,1000.0,450.0,1450.0,150.0,146.804614226056,1000.0,1328.0022201488023,0,1,328.0022201488022,0.0,104,16,24,121.99777985119772,1,
coarse-f16-h6-u25,persistent,16,6,0.25,101,confirmation_coarse-f16-h6-u25_s101,14,28,124204,125472,1452698721,1467374721,14676000,1,0,,3237280,27876000,27876000,29112000,-0.04433921653034869,1,1,1,1,14344000,1,1,1,1.0,1.0,262926,hold,0,8,0,0,8,0,8,6,15051632.94117647,1,1322.9360620057282,14676000,31540000,1,persistent,1000.0,450.0,1450.0,150.0,146.804614226056,1000.0,1322.936062005728,0,1,322.9360620057279,0.0,104,16,24,127.06393799427178,1,
coarse-f16-h6-u25,persistent,16,6,0.25,101,confirmation_coarse-f16-h6-u25_s101,12,57,124431,125705,1455394721,1469970721,14576000,1,0,,4522400,25605760,25605760,23102240,0.09777175135594492,0,0,0,1,14240160,1,1,1,1.0,1.0,262926,hold,0,8,0,0,8,0,7,6,7650330.810810811,1,1336.2238399104613,14576000,31540000,1,persistent,1000.0,450.0,1450.0,150.0,146.804614226056,1000.0,1336.2238399104613,0,1,336.22383991046115,0.0,104,16,24,113.77616008953873,1,
coarse-f16-h6-u25,persistent,16,6,0.25,101,confirmation_coarse-f16-h6-u25_s101,16,51,124534,125819,1456641441,1471285281,14643840,1,0,,0,43352000,43352000,44600160,-0.028791289905886697,1,1,1,1,14311840,1,1,1,1.0,1.0,262926,hold,0,8,0,0,8,0,8,7,13011318.095238095,1,1345.5846091711035,14643840,31540000,1,persistent,1000.0,450.0,1450.0,150.0,146.804614226056,1000.0,1345.5846091711032,0,1,345.5846091711033,0.0,104,16,24,104.41539082889653,1,
coarse-f16-h6-u25,persistent,16,6,0.25,101,confirmation_coarse-f16-h6-u25_s101,11,46,124820,127492,1459917441,1489197601,29280160,1,0,,2197280,31465280,31465280,26630560,0.15365253384047434,0,0,0,0,28308160,2,2,2,1.0,1.0,262926,hold,0,8,0,0,8,0,7,5,12848714.20289855,1,1343.8971332885471,29280160,47144000,1,persistent,1000.0,450.0,1450.0,150.0,146.804614226056,1000.0,1343.8971332885471,0,1,343.8971332885472,0.0,104,16,24,106.10286671145286,1,
coarse-f16-h6-u25,persistent,16,6,0.25,101,confirmation_coarse-f16-h6-u25_s101,13,29,124955,129055,1461526881,1506006881,44480000,1,0,,2139200,22994080,22994080,21196000,0.07819751866567395,0,0,1,1,43124000,3,3,3,1.0,1.0,262926,hold,1,8,0,1,17,0,8,5,13277470.099009901,1,1341.7709939704964,44480000,63080000,1,persistent,1000.0,450.0,1450.0,150.0,146.804614226056,1000.0,1341.7709939704966,0,1,341.77099397049665,0.0,104,16,24,108.22900602950358,1,
coarse-f16-h6-u25,persistent,16,6,0.25,101,confirmation_coarse-f16-h6-u25_s101,5,44,125337,126653,1465917441,1480525441,14608000,1,0,,413280,22576000,22576000,25724000,-0.13944011339475548,1,1,1,1,14276000,1,1,1,1.0,1.0,262926,hold,0,8,0,0,8,0,8,6,8828853.333333334,1,1349.2095203390245,14608000,31540000,1,persistent,1000.0,450.0,1450.0,150.0,146.804614226056,1000.0,1349.2095203390245,0,1,349.20952033902444,0.0,104,16,24,100.7904796609755,1,
coarse-f16-h6-u25,persistent,16,6,0.25,101,confirmation_coarse-f16-h6-u25_s101,8,35,125359,128054,1466176161,1495212161,29036000,1,0,,2073280,35184000,35184000,32064000,0.08867667121418826,0,0,0,1,28372000,2,2,2,1.0,1.0,262926,hold,1,7,1,0,25,0,8,7,13027405.405405406,1,1352.0313862460066,29036000,45816000,1,persistent,1000.0,450.0,1450.0,150.0,146.804614226056,1000.0,1352.0313862460066,0,1,352.0313862460066,0.0,104,16,24,97.9686137539934,1,
coarse-f16-h6-u25,persistent,16,6,0.25,101,confirmation_coarse-f16-h6-u25_s101,1,25,125469,128301,1467372161,1497845281,30473120,1,0,,2186720,15330560,15330560,19676000,-0.28344952826250314,1,1,1,1,29145120,2,2,2,1.0,1.0,262926,hold,0,8,0,0,8,0,6,6,12199424.0,1,1345.2685176982427,30473120,59312000,1,persistent,1000.0,450.0,1450.0,150.0,146.804614226056,1000.0,1345.268517698243,0,1,345.2685176982429,0.0,104,16,24,104.7314823017573,1,
coarse-f16-h6-u25,persistent,16,6,0.25,101,confirmation_coarse-f16-h6-u25_s101,14,29,125472,128214,1467374721,1496854721,29480000,1,0,,3393280,29112000,29112000,31132000,-0.069387194284144,1,1,1,1,28696000,2,2,2,1.0,1.0,262926,hold,0,8,0,0,8,0,8,6,14421899.718309859,1,1348.8233188320435,29480000,44913280,1,persistent,1000.0,450.0,1450.0,150.0,146.804614226056,1000.0,1348.8233188320435,0,1,348.82331883204336,0.0,104,16,24,101.17668116795653,1,
coarse-f16-h6-u25,persistent,16,6,0.25,101,confirmation_coarse-f16-h6-u25_s101,10,26,125663,127001,1469558721,1484122721,14564000,1,0,,4149280,35624000,35624000,35984000,-0.010105546822366944,1,1,1,1,14232000,1,1,1,1.0,1.0,262926,hold,0,8,0,0,8,0,8,7,12908753.684210526,1,1360.4671364270162,14564000,31540000,1,persistent,1000.0,450.0,1450.0,150.0,146.804614226056,1000.0,1360.4671364270162,0,1,360.4671364270162,0.0,104,16,24,89.53286357298384,1,
coarse-f16-h6-u25,persistent,16,6,0.25,101,confirmation_coarse-f16-h6-u25_s101,12,58,125705,128473,1469970721,1499786881,29816160,1,0,,88160,23102240,23102240,27556000,-0.19278476892284038,1,1,1,1,28488160,2,2,2,1.0,1.0,262926,hold,1,7,1,0,24,0,7,6,11546412.151898734,1,1355.6118220972073,29816160,47476000,1,persistent,1000.0,450.0,1450.0,150.0,146.804614226056,1000.0,1355.6118220972073,0,1,355.6118220972074,0.0,104,16,24,94.38817790279268,1,
coarse-f16-h6-u25,persistent,16,6,0.25,101,confirmation_coarse-f16-h6-u25_s101,16,52,125819,128565,1471285281,1500797441,29512160,1,0,,673280,44600160,44600160,51460000,-0.15380751997302253,1,1,1,1,28848160,2,2,2,1.0,1.0,262926,hold,1,8,0,1,36,0,8,7,8650686.11764706,1,1350.8492688038887,29512160,47476000,1,persistent,1000.0,450.0,1450.0,150.0,146.804614226056,1000.0,1350.849268803889,0,1,350.8492688038888,0.0,104,16,24,99.15073119611134,1,
coarse-f16-h6-u25,persistent,16,6,0.25,101,confirmation_coarse-f16-h6-u25_s101,4,52,126350,127743,1477230561,1491901120,14670559,1,0,,1561600,28496639,28496639,31284799,-0.09784171389475088,1,1,1,1,14160000,1,1,1,1.0,1.0,262926,hold,0,8,0,0,8,0,8,5,11290586.722222222,1,1352.4527757478795,14670559,31540000,1,persistent,1000.0,450.0,1450.0,150.0,146.804614226056,1000.0,1352.4527757478793,0,1,352.45277574787934,0.0,104,16,24,97.54722425212049,1,
coarse-f16-h6-u25,persistent,16,6,0.25,101,confirmation_coarse-f16-h6-u25_s101,15,53,126382,129124,1477577601,1506705441,29127840,1,0,,316960,29124000,29124000,22334880,0.2331108364235682,0,0,0,0,28405280,2,2,2,1.0,1.0,262926,hold,1,7,1,0,31,0,7,6,9081091.08433735,1,1359.066264884298,29127840,47476000,1,persistent,1000.0,450.0,1450.0,150.0,146.804614226056,1000.0,1359.0662648842983,0,1,359.0662648842983,0.0,104,16,24,90.9337351157019,1,
coarse-f16-h6-u25,persistent,16,6,0.25,101,confirmation_coarse-f16-h6-u25_s101,5,45,126653,129409,1480525441,1509682721,29157280,1,0,,1148000,25724000,25724000,19378880,0.2466614834395895,0,0,0,0,28493280,2,2,2,1.0,1.0,262926,hold,1,7,1,0,35,0,7,5,8500410.352941176,1,1354.4826346169707,29157280,47476000,1,persistent,1000.0,450.0,1450.0,150.0,146.804614226056,1000.0,1354.4826346169707,0,1,354.4826346169707,0.0,104,16,24,95.5173653830293,1,
coarse-f16-h6-u25,persistent,16,6,0.25,101,confirmation_coarse-f16-h6-u25_s101,10,27,127001,,1484122721,,,0,1,hold_exit_before_slot_completion,1981280,35984000,35984000,,,,,,,56748000,4,5,5,1.0,0.8,262926,hold,1,7,0,1,8,0,7,6,13339965.090909092,1,1333.4381312204034,73408000,89072160,1,persistent,1000.0,450.0,1450.0,150.0,146.804614226056,1000.0,1333.4381312204034,0,1,333.4381312204035,0.0,104,16,24,116.56186877959658,0,round_censored
coarse-f16-h6-u25,persistent,16,6,0.25,101,confirmation_coarse-f16-h6-u25_s101,11,47,127492,130204,1489197601,1518544161,29346560,1,0,,2641440,26630560,26630560,30188000,-0.13358487391928672,1,1,1,1,28682560,2,2,2,1.0,1.0,262926,hold,1,7,1,0,17,0,8,6,12523584.444444444,1,1345.220740591077,29346560,46898560,1,persistent,1000.0,450.0,1450.0,150.0,146.804614226056,1000.0,1345.2207405910767,0,1,345.22074059107683,0.0,104,16,24,104.77925940892305,1,
coarse-f16-h6-u25,persistent,16,6,0.25,101,confirmation_coarse-f16-h6-u25_s101,4,53,127743,130411,1491901120,1520934721,29033601,1,0,,405761,31284799,31284799,28273601,0.09625115379517062,0,0,0,1,28369601,2,2,2,1.0,1.0,262926,hold,1,7,1,0,24,0,8,5,10583961.73493976,1,1349.528805876982,29033601,46898560,1,persistent,1000.0,450.0,1450.0,150.0,146.804614226056,1000.0,1349.528805876982,0,1,349.52880587698195,0.0,104,16,24,100.471194123018,1,
coarse-f16-h6-u25,persistent,16,6,0.25,101,confirmation_coarse-f16-h6-u25_s101,8,36,128054,134568,1495212161,1569176161,73964000,1,0,,3317280,32064000,32064000,37056000,-0.15568862275449102,1,1,1,1,72304000,5,5,5,1.0,1.0,262926,hold,1,8,0,1,24,0,7,6,13556242.025316456,1,1329.0115618425205,73964000,92628000,1,persistent,1000.0,450.0,1450.0,150.0,146.804614226056,1000.0,1329.0115618425205,0,1,329.0115618425205,0.0,104,16,24,120.98843815747955,1,
coarse-f16-h6-u25,persistent,16,6,0.25,101,confirmation_coarse-f16-h6-u25_s101,14,30,128214,129628,1496854721,1512010721,15156000,1,0,,3881280,31132000,31132000,31952000,-0.026339457792624952,1,1,1,1,14584000,1,1,1,1.0,1.0,262926,hold,0,8,0,0,8,0,8,6,9995345.852941176,1,1346.9306404839906,15156000,31540000,1,persistent,1000.0,450.0,1450.0,150.0,146.804614226056,1000.0,1346.9306404839906,0,1,346.93064048399066,0.0,104,16,24,103.0693595160094,1,
coarse-f16-h6-u25,persistent,16,6,0.25,101,confirmation_coarse-f16-h6-u25_s101,1,26,128301,131205,1497845281,1530049281,32204000,1,0,,1031840,19676000,19676000,2990560,0.8480097580809107,0,0,0,0,14276000,1,2,2,1.0,0.5,262926,hold,0,8,0,0,8,0,7,6,9143226.666666666,1,1338.4011531881115,32204000,59194400,1,persistent,1000.0,450.0,1450.0,150.0,146.804614226056,1000.0,1338.4011531881115,0,1,338.4011531881115,0.0,104,16,24,111.5988468118885,1,
coarse-f16-h6-u25,persistent,16,6,0.25,101,confirmation_coarse-f16-h6-u25_s101,12,59,128473,129835,1499786881,1514330721,14543840,1,0,,3969440,27556000,27556000,21797440,0.20897662940920309,0,0,0,0,14068000,1,1,1,1.0,1.0,262926,hold,0,8,0,0,8,0,7,6,9650979.59375,1,1345.9396914127371,14543840,32204000,1,persistent,1000.0,450.0,1450.0,150.0,146.804614226056,1000.0,1345.939691412737,0,1,345.93969141273686,0.0,104,16,24,104.06030858726285,1,
coarse-f16-h6-u25,persistent,16,6,0.25,101,confirmation_coarse-f16-h6-u25_s101,16,53,128565,129949,1500797441,1515670561,14873120,1,0,,1581280,51460000,51460000,46153120,0.10312631169840653,0,0,0,0,14541120,1,1,1,1.0,1.0,262926,hold,0,8,0,0,8,0,8,7,6745131.357142857,1,1345.0979789941123,14873120,32204000,1,persistent,1000.0,450.0,1450.0,150.0,146.804614226056,1000.0,1345.097978994112,0,1,345.09797899411205,0.0,104,16,24,104.90202100588772,1,
coarse-f16-h6-u25,persistent,16,6,0.25,101,confirmation_coarse-f16-h6-u25_s101,9,34,128614,131245,1501226721,1530586721,29360000,1,0,,3485280,32962880,32962880,33003040,-0.0012183401450358707,1,1,1,1,28696000,2,2,2,1.0,1.0,262926,hold,0,8,0,0,8,0,8,7,12516308.732394366,1,1340.7978491123952,29360000,46812000,1,persistent,1000.0,450.0,1450.0,150.0,146.804614226056,1000.0,1340.7978491123952,0,1,340.7978491123953,0.0,104,16,24,109.20215088760483,1,
coarse-f16-h6-u25,persistent,16,6,0.25,101,confirmation_coarse-f16-h6-u25_s101,13,30,129055,131645,1506006881,1535302881,29296000,1,0,,7405280,21196000,21196000,22600000,-0.0662389130024533,1,1,1,1,28512000,2,2,2,1.0,1.0,262926,hold,1,7,1,0,19,0,8,5,13827181.449275363,1,1344.8295881853624,29296000,46812000,1,persistent,1000.0,450.0,1450.0,150.0,146.804614226056,1000.0,1344.8295881853624,0,1,344.82958818536235,0.0,104,16,24,105.17041181463765,1,
coarse-f16-h6-u25,persistent,16,6,0.25,101,confirmation_coarse-f16-h6-u25_s101,15,54,129124,130452,1506705441,1521313441,14608000,1,0,,643840,22334880,22334880,26350720,-0.1798012794337825,1,1,1,1,14276000,1,1,1,1.0,1.0,262926,hold,0,8,0,0,8,0,8,6,9474690.52631579,1,1332.2371101641984,14608000,32204000,1,persistent,1000.0,450.0,1450.0,150.0,146.804614226056,1000.0,1332.2371101641982,0,1,332.2371101641982,0.0,104,16,24,117.76288983580162,1,
coarse-f16-h6-u25,persistent,16,6,0.25,101,confirmation_coarse-f16-h6-u25_s101,5,46,129409,130721,1509682721,1524354881,14672160,1,0,,2850560,19378880,19378880,21253440,-0.09673211248534487,1,1,1,1,14340160,1,1,1,1.0,1.0,262926,hold,0,8,0,0,8,0,8,6,7239758.222222222,1,1342.027092131283,14672160,32204000,1,persistent,1000.0,450.0,1450.0,150.0,146.804614226056,1000.0,1342.0270921312829,0,1,342.0270921312829,0.0,104,16,24,107.9729078687169,1,
coarse-f16-h6-u25,persistent,16,6,0.25,101,confirmation_coarse-f16-h6-u25_s101,14,31,129628,133471,1512010721,1556587680,44576959,1,0,,3153280,31952000,31952000,34536000,-0.08087130696044066,1,1,1,1,43220959,3,3,3,1.0,1.0,262926,hold,1,8,0,1,8,0,6,5,14462767.05882353,1,1324.8022108850205,44576959,73704000,1,persistent,1000.0,450.0,1450.0,150.0,146.804614226056,1000.0,1324.8022108850203,0,1,324.8022108850203,0.0,104,16,24,125.19778911497951,1,
coarse-f16-h6-u25,persistent,16,6,0.25,101,confirmation_coarse-f16-h6-u25_s101,12,60,129835,131167,1514330721,1529666881,15336160,1,0,,5659519,21797440,21797440,32945119,-0.5114214788525625,1,1,1,1,14608000,1,1,1,1.0,1.0,262926,hold,0,8,0,0,8,0,8,7,12573202.256410256,1,1338.333491165005,15336160,31009279,1,persistent,1000.0,450.0,1450.0,150.0,146.804614226056,1000.0,1338.333491165005,0,1,338.333491165005,0.0,104,16,24,111.66650883499506,1,
coarse-f16-h6-u25,persistent,16,6,0.25,101,confirmation_coarse-f16-h6-u25_s101,16,54,129949,131281,1515670561,1530944960,15274399,1,0,,912160,46153120,46153120,47113280,-0.020803793979691947,1,1,1,1,14281120,1,1,1,1.0,1.0,262926,hold,0,8,0,0,8,0,7,6,8339354.685714286,1,1336.5054161981666,15274399,44064000,1,persistent,1000.0,450.0,1450.0,150.0,146.804614226056,1000.0,1336.5054161981668,0,1,336.50541619816676,0.0,104,16,24,113.49458380183341,1,
coarse-f16-h6-u25,persistent,16,6,0.25,101,confirmation_coarse-f16-h6-u25_s101,11,48,130204,131443,1518544161,1532933441,14389280,1,0,,2333440,30188000,30188000,31872000,-0.05578375513449053,1,1,1,1,14057280,1,1,1,1.0,1.0,262926,hold,0,8,0,0,8,0,8,6,12495868.235294119,1,1336.4816969543153,14389280,31208000,1,persistent,1000.0,450.0,1450.0,150.0,146.804614226056,1000.0,1336.4816969543156,0,1,336.48169695431545,0.0,104,16,24,113.51830304568466,1,
coarse-f16-h6-u25,persistent,16,6,0.25,101,confirmation_coarse-f16-h6-u25_s101,4,54,130411,131649,1520934721,1535330561,14395840,1,0,,917280,28273601,28273601,27305441,0.03424254307047765,0,1,1,1,14063840,1,1,1,1.0,1.0,262926,hold,0,8,0,0,8,0,7,5,9428466.314285714,1,1327.0291181180187,14395840,31208000,1,persistent,1000.0,450.0,1450.0,150.0,146.804614226056,1000.0,1327.029118118019,0,1,327.0291181180188,0.0,104,16,24,122.97088188198131,1,
coarse-f16-h6-u25,persistent,16,6,0.25,101,confirmation_coarse-f16-h6-u25_s101,15,55,130452,131700,1521313441,1535921441,14608000,1,0,,585280,26350720,26350720,11282880,0.5718189104510237,0,0,0,0,0,0,1,1,1.0,0.0,262926,hold,0,8,0,0,8,0,7,5,9466712.844444444,1,1336.3688536789266,14608000,31208000,1,persistent,1000.0,450.0,1450.0,150.0,146.804614226056,1000.0,1336.3688536789268,0,1,336.36885367892677,0.0,104,16,24,113.6311463210734,1,
coarse-f16-h6-u25,persistent,16,6,0.25,101,confirmation_coarse-f16-h6-u25_s101,5,47,130721,133177,1524354881,1553294721,28939840,1,0,,3241280,21253440,21253440,19320160,0.09096315702305133,0,0,1,1,28275840,2,2,2,1.0,1.0,262926,hold,1,8,0,1,18,0,8,6,7896584.096385542,1,1320.1891652175452,28939840,47476000,1,persistent,1000.0,450.0,1450.0,150.0,146.804614226056,1000.0,1320.1891652175452,0,1,320.18916521754517,0.0,104,16,24,129.81083478245478,1,
coarse-f16-h6-u25,persistent,16,6,0.25,101,confirmation_coarse-f16-h6-u25_s101,12,61,131167,132368,1529666881,1544041281,14374400,1,0,,538881,32945119,32945119,31741440,0.036535882599179566,0,0,1,1,14042400,1,1,1,1.0,1.0,262926,hold,0,8,0,0,8,0,8,7,12619200.162162162,1,1314.5591781658068,14374400,31208000,1,persistent,1000.0,450.0,1450.0,150.0,146.804614226056,1000.0,1314.559178165807,0,1,314.5591781658071,0.0,104,16,24,135.44082183419323,1,
coarse-f16-h6-u25,persistent,16,6,0.25,101,confirmation_coarse-f16-h6-u25_s101,9,35,131245,136480,1530586721,1589578721,58992000,1,0,,4997280,33003040,33003040,32728000,0.008333777736838788,0,1,1,1,56944000,4,4,4,1.0,1.0,262926,hold,0,8,0,0,8,0,7,6,14284287.244094487,1,1317.874827907021,58992000,74976000,1,persistent,1000.0,450.0,1450.0,150.0,146.804614226056,1000.0,1317.8748279070212,0,1,317.8748279070211,0.0,104,16,24,132.12517209297903,1,
coarse-f16-h6-u25,persistent,16,6,0.25,101,confirmation_coarse-f16-h6-u25_s101,16,55,131281,132530,1530944960,1545879840,14934880,1,0,,510559,47113280,47113280,50945120,-0.0813324820517697,1,1,1,1,14357279,1,1,1,1.0,1.0,262926,hold,0,8,0,0,8,0,8,7,13228373.23076923,1,1317.9424480962796,14934880,30876000,1,persistent,1000.0,450.0,1450.0,150.0,146.804614226056,1000.0,1317.9424480962798,0,1,317.94244809627975,0.0,104,16,24,132.05755190372042,1,
coarse-f16-h6-u25,persistent,16,6,0.25,101,confirmation_coarse-f16-h6-u25_s101,11,49,131443,133952,1532933441,1561984161,29050720,1,0,,3905280,31872000,31872000,32536000,-0.020833333333333332,1,1,1,1,28298560,2,2,2,1.0,1.0,262926,hold,0,8,0,0,8,0,8,6,11026611.891891891,1,1324.7735929762832,29050720,45729440,1,persistent,1000.0,450.0,1450.0,150.0,146.804614226056,1000.0,1324.7735929762832,0,1,324.7735929762831,0.0,104,16,24,125.22640702371677,1,
coarse-f16-h6-u25,persistent,16,6,0.25,101,confirmation_coarse-f16-h6-u25_s101,13,31,131645,135546,1535302881,1579654881,44352000,1,0,,4481280,22600000,22600000,21660000,0.0415929203539823,0,1,1,1,42876000,3,3,3,1.0,1.0,262926,hold,0,8,0,0,8,0,7,5,14853590.103092784,1,1322.0480209459456,44352000,72708000,1,persistent,1000.0,450.0,1450.0,150.0,146.804614226056,1000.0,1322.0480209459454,0,1,322.0480209459454,0.0,104,16,24,127.95197905405439,1,
coarse-f16-h6-u25,persistent,16,6,0.25,101,confirmation_coarse-f16-h6-u25_s101,4,55,131649,134329,1535330561,1566302721,30972160,1,0,,2904160,27305441,27305441,31019040,-0.1360021616204624,1,1,1,1,29096000,2,2,2,1.0,1.0,262926,hold,1,8,0,1,14,0,7,5,11860112.220779222,1,1323.3949164000264,30972160,58325440,1,persistent,1000.0,450.0,1450.0,150.0,146.804614226056,1000.0,1323.3949164000262,0,1,323.39491640002626,0.0,104,16,24,126.60508359997357,1,
coarse-f16-h6-u25,persistent,16,6,0.25,101,confirmation_coarse-f16-h6-u25_s101,12,62,132368,133666,1544041281,1558722881,14681600,1,0,,683680,31741440,31741440,32605280,-0.02721489636260989,1,1,1,1,14349600,1,1,1,1.0,1.0,262926,hold,0,8,0,0,8,0,8,7,11194175.238095239,1,1324.5597638348863,14681600,30972160,1,persistent,1000.0,450.0,1450.0,150.0,146.804614226056,1000.0,1324.5597638348863,0,1,324.55976383488627,0.0,104,16,24,125.44023616511367,1,
coarse-f16-h6-u25,persistent,16,6,0.25,101,confirmation_coarse-f16-h6-u25_s101,16,56,132530,135105,1545879840,1574842560,28962720,1,0,,253280,50945120,50945120,47867679,0.06040698304371449,0,0,0,1,28171680,2,2,2,1.0,1.0,262926,hold,1,8,0,1,31,0,8,7,9621349.615384616,1,1315.0513802943144,28962720,45468000,1,persistent,1000.0,450.0,1450.0,150.0,146.804614226056,1000.0,1315.0513802943144,0,1,315.05138029431436,0.0,104,16,24,134.9486197056856,1,
coarse-f16-h6-u25,persistent,16,6,0.25,101,confirmation_coarse-f16-h6-u25_s101,15,56,132952,134233,1550608161,1565077441,14469280,1,0,,732000,24147840,24147840,23317119,0.03440146199411624,0,1,1,1,14137280,1,1,1,1.0,1.0,262926,hold,1,7,1,0,10,0,8,6,8314906.595238095,1,1322.904180319685,14469280,31121440,1,persistent,1000.0,450.0,1450.0,150.0,146.804614226056,1000.0,1322.904180319685,0,1,322.90418031968505,0.0,104,16,24,127.09581968031489,1,
coarse-f16-h6-u25,persistent,16,6,0.25,101,confirmation_coarse-f16-h6-u25_s101,5,48,133177,135785,1553294721,1582294881,29000160,1,0,,372000,19320160,19320160,20964160,-0.08509246300237679,1,1,1,1,28336160,2,2,2,1.0,1.0,262926,hold,1,8,0,1,31,0,8,6,8503830.361445783,1,1323.5621990382758,29000160,45852000,1,persistent,1000.0,450.0,1450.0,150.0,146.804614226056,1000.0,1323.5621990382758,0,1,323.56219903827576,0.0,104,16,24,126.43780096172418,1,
coarse-f16-h6-u25,persistent,16,6,0.25,101,confirmation_coarse-f16-h6-u25_s101,14,32,133471,138693,1556587680,1615166721,58579041,1,0,,4693280,34536000,34536000,25200000,0.27032661570535094,0,0,0,0,56776000,4,4,4,1.0,1.0,262926,hold,1,8,0,1,8,0,8,6,14197175.338345865,1,1316.814913976432,58579041,76965440,1,persistent,1000.0,450.0,1450.0,150.0,146.804614226056,1000.0,1316.814913976432,0,1,316.8149139764321,0.0,104,16,24,133.18508602356792,1,
coarse-f16-h6-u25,persistent,16,6,0.25,101,confirmation_coarse-f16-h6-u25_s101,12,63,133666,136312,1558722881,1587845601,29122720,1,0,,912160,32605280,32605280,31618240,0.03027239759940721,0,1,1,1,28458720,2,2,2,1.0,1.0,262926,hold,1,7,1,0,21,0,8,7,10296633.315068493,1,1319.3337949066342,29122720,45852000,1,persistent,1000.0,450.0,1450.0,150.0,146.804614226056,1000.0,1319.333794906634,0,1,319.33379490663407,0.0,104,16,24,130.66620509336576,1,
coarse-f16-h6-u25,persistent,16,6,0.25,101,confirmation_coarse-f16-h6-u25_s101,11,50,133952,136629,1561984161,1591258881,29274720,1,0,,2909280,32536000,32536000,40582560,-0.24731251536759283,1,1,1,1,28610720,2,2,2,1.0,1.0,262926,hold,1,8,0,1,31,0,8,6,12295070.27027027,1,1322.1391046171786,29274720,45625440,1,persistent,1000.0,450.0,1450.0,150.0,146.804614226056,1000.0,1322.1391046171786,0,1,322.1391046171786,0.0,104,16,24,127.86089538282135,1,
coarse-f16-h6-u25,persistent,16,6,0.25,101,confirmation_coarse-f16-h6-u25_s101,15,57,134233,136866,1565077441,1594021441,28944000,1,0,,396481,23317119,23317119,28113440,-0.20569955490641875,1,1,1,1,28280000,2,2,2,1.0,1.0,262926,hold,1,7,1,0,17,0,8,6,9491730.962025316,1,1323.6877877712814,28944000,45625440,1,persistent,1000.0,450.0,1450.0,150.0,146.804614226056,1000.0,1323.6877877712811,0,1,323.6877877712812,0.0,104,16,24,126.31221222871864,1,
coarse-f16-h6-u25,persistent,16,6,0.25,101,confirmation_coarse-f16-h6-u25_s101,4,56,134329,135647,1566302721,1580751840,14449119,1,0,,253280,31019040,31019040,29694720,0.042693777757145286,0,0,1,1,14030399,1,1,1,1.0,1.0,262926,hold,0,8,0,0,8,0,7,5,6765050.566666666,1,1320.8714401858551,14449119,30340000,1,persistent,1000.0,450.0,1450.0,150.0,146.804614226056,1000.0,1320.8714401858551,0,1,320.87144018585514,0.0,104,16,24,129.12855981414486,1,
coarse-f16-h6-u25,persistent,16,6,0.25,101,confirmation_coarse-f16-h6-u25_s101,8,37,134568,137280,1569176161,1598536161,29360000,1,0,,3781280,37056000,37056000,40700000,-0.09833765112262521,1,1,1,1,28576000,2,2,2,1.0,1.0,262926,hold,1,7,1,0,18,0,6,5,12586406.760563381,1,1325.9272040026033,29360000,45020320,1,persistent,1000.0,450.0,1450.0,150.0,146.804614226056,1000.0,1325.9272040026033,0,1,325.9272040026032,0.0,104,16,24,124.07279599739672,1,
coarse-f16-h6-u25,persistent,16,6,0.25,101,confirmation_coarse-f16-h6-u25_s101,7,12,134734,136147,1570873441,1586145441,15272000,1,0,,664000,14216160,14216160,16771679,-0.17976155304948735,1,1,1,1,14276000,1,1,1,1.0,1.0,262926,hold,0,8,0,0,8,0,8,7,8720097.972222222,1,1332.539611036997,15272000,43931041,1,persistent,1000.0,450.0,1450.0,150.0,146.804614226056,1000.0,1332.5396110369968,0,1,332.53961103699675,0.0,104,16,24,117.46038896300297,1,
coarse-f16-h6-u25,persistent,16,6,0.25,101,confirmation_coarse-f16-h6-u25_s101,10,28,134836,138891,1571938721,1617462721,45524000,1,0,,6741280,36372000,36372000,42488000,-0.1681513251952051,1,1,1,1,43088000,3,3,3,1.0,1.0,262926,hold,0,8,0,0,8,0,8,7,14125485.714285715,1,1318.0904734522833,45524000,74621280,1,persistent,1000.0,450.0,1450.0,150.0,146.804614226056,1000.0,1318.0904734522833,0,1,318.0904734522833,0.0,104,16,24,131.90952654771672,1,
coarse-f16-h6-u25,persistent,16,6,0.25,101,confirmation_coarse-f16-h6-u25_s101,6,14,134928,,1573029441,,,0,1,hold_exit_before_slot_completion,566400,16118880,16118880,,,,,,,14074560,1,2,2,1.0,0.5,262926,hold,0,4,0,0,4,0,5,4,10288194.509803921,1,1319.8553413259044,29052000,45484000,1,persistent,1000.0,450.0,1450.0,150.0,146.804614226056,1000.0,1319.8553413259044,0,1,319.85534132590453,0.0,104,16,24,130.14465867409558,0,round_censored
coarse-f16-h6-u25,persistent,16,6,0.25,101,confirmation_coarse-f16-h6-u25_s101,16,57,135105,137747,1574842560,1604058560,29216000,1,0,,733601,47867679,47867679,39027679,0.184675760025883,0,0,0,0,28403679,2,2,2,1.0,1.0,262926,hold,1,7,1,0,23,0,6,6,11989066.717948718,1,1319.7062290405665,29216000,45524000,1,persistent,1000.0,450.0,1450.0,150.0,146.804614226056,1000.0,1319.7062290405665,0,1,319.7062290405666,0.0,104,16,24,130.29377095943346,1,
coarse-f16-h6-u25,persistent,16,6,0.25,101,confirmation_coarse-f16-h6-u25_s101,1,27,135187,137917,1575778721,1605945601,30166880,1,0,,914720,17596000,17596000,21449120,-0.21897704023641737,1,1,1,1,28506880,2,2,2,1.0,1.0,262926,hold,0,8,0,0,8,0,5,5,11508826.046511628,1,1320.6005052427354,30166880,45524000,1,persistent,1000.0,450.0,1450.0,150.0,146.804614226056,1000.0,1320.6005052427354,0,1,320.60050524273527,0.0,104,16,24,129.39949475726462,1,
coarse-f16-h6-u25,persistent,16,6,0.25,101,confirmation_coarse-f16-h6-u25_s101,13,32,135546,136901,1579654881,1594366881,14712000,1,0,,3125280,21660000,21660000,20100000,0.07202216066481995,0,0,1,1,14380000,1,1,1,1.0,1.0,262926,hold,0,8,0,0,8,0,8,5,13533820.54054054,1,1325.438315750775,14712000,30580000,1,persistent,1000.0,450.0,1450.0,150.0,146.804614226056,1000.0,1325.4383157507748,0,1,325.4383157507749,0.0,104,16,24,124.56168424922498,1,
coarse-f16-h6-u25,persistent,16,6,0.25,101,confirmation_coarse-f16-h6-u25_s101,4,57,135647,138294,1580751840,1610409441,29657601,1,0,,217440,29694720,29694720,39082399,-0.3161396706215785,1,1,1,1,28661601,2,2,2,1.0,1.0,262926,hold,1,8,0,1,29,0,8,5,12183087.394366197,1,1318.9812428815583,29657601,45844000,1,persistent,1000.0,450.0,1450.0,150.0,146.804614226056,1000.0,1318.9812428815583,0,1,318.9812428815583,0.0,104,16,24,131.01875711844173,1,
coarse-f16-h6-u25,persistent,16,6,0.25,101,confirmation_coarse-f16-h6-u25_s101,5,49,135785,138377,1582294881,1611485441,29190560,1,0,,1913280,20964160,20964160,20177280,0.03753453513043213,0,1,1,1,28236320,2,2,2,1.0,1.0,262926,hold,1,7,1,0,37,0,8,6,8648408.0,1,1318.2371918718172,29190560,45844000,1,persistent,1000.0,450.0,1450.0,150.0,146.804614226056,1000.0,1318.237191871817,0,1,318.2371918718171,0.0,104,16,24,131.76280812818277,1,
coarse-f16-h6-u25,persistent,16,6,0.25,101,confirmation_coarse-f16-h6-u25_s101,7,13,136147,,1586145441,,,0,1,hold_exit_before_slot_completion,745601,16771679,16771679,,,,,,,0,0,1,1,1.0,0.0,262926,hold,0,6,0,0,6,0,7,6,8625920.04,1,1324.8938691918863,14940000,30580000,1,persistent,1000.0,450.0,1450.0,150.0,146.804614226056,1000.0,1324.8938691918863,0,1,324.8938691918863,0.0,104,16,24,125.10613080811368,0,round_censored
coarse-f16-h6-u25,persistent,16,6,0.25,101,confirmation_coarse-f16-h6-u25_s101,12,64,136312,138929,1587845601,1617861441,30015840,1,0,,546720,31618240,31618240,19196641,0.3928618101450302,0,0,0,0,29138560,2,2,2,1.0,1.0,262926,hold,1,8,0,1,25,0,7,6,9322742.666666666,1,1321.0643376388145,30015840,46148000,1,persistent,1000.0,450.0,1450.0,150.0,146.804614226056,1000.0,1321.0643376388143,0,1,321.0643376388144,0.0,104,16,24,128.93566236118545,1,
coarse-f16-h6-u25,persistent,16,6,0.25,101,confirmation_coarse-f16-h6-u25_s101,9,36,136480,139031,1589578721,1619114721,29536000,1,0,,2241280,32728000,32728000,39204000,-0.1978733805915424,1,1,1,1,28632000,2,2,2,1.0,1.0,262926,hold,1,8,0,1,15,0,7,6,14736667.826086957,1,1319.2579283037846,29536000,58098881,1,persistent,1000.0,450.0,1450.0,150.0,146.804614226056,1000.0,1319.2579283037844,0,1,319.2579283037845,0.0,104,16,24,130.74207169621536,1,
coarse-f16-h6-u25,persistent,16,6,0.25,101,confirmation_coarse-f16-h6-u25_s101,11,51,136629,139200,1591258881,1621138881,29880000,1,0,,976000,40582560,40582560,37276160,0.08147342109516995,0,0,0,1,28793600,2,2,2,1.0,1.0,262926,hold,0,8,0,0,8,0,8,6,12142068.235294119,1,1320.5262471699612,29880000,46148000,1,persistent,1000.0,450.0,1450.0,150.0,146.804614226056,1000.0,1320.5262471699612,0,1,320.5262471699611,0.0,104,16,24,129.47375283003885,1,
coarse-f16-h6-u25,persistent,16,6,0.25,101,confirmation_coarse-f16-h6-u25_s101,15,58,136866,138135,1594021441,1608522881,14501440,1,0,,2577280,28113440,28113440,25057921,0.1086853476486691,0,0,0,1,14169440,1,1,1,1.0,1.0,262926,hold,0,8,0,0,8,0,8,6,9241158.166666666,1,1314.4450071541005,14501440,31113440,1,persistent,1000.0,450.0,1450.0,150.0,146.804614226056,1000.0,1314.4450071541005,0,1,314.44500715410044,0.0,104,16,24,135.5549928458995,1,
coarse-f16-h6-u25,persistent,16,6,0.25,101,confirmation_coarse-f16-h6-u25_s101,13,33,136901,,1594366881,,,0,1,hold_exit_before_slot_completion,4637280,20100000,20100000,,,,,,,28984000,2,3,3,1.0,0.6666666666666666,262926,hold,0,0,0,0,0,0,8,5,14572790.204081632,1,1332.3964543234797,44444000,61118880,1,persistent,1000.0,450.0,1450.0,150.0,146.804614226056,1000.0,1332.3964543234797,0,1,332.39645432347976,0.0,104,16,24,117.6035456765203,0,round_censored
coarse-f16-h6-u25,persistent,16,6,0.25,101,confirmation_coarse-f16-h6-u25_s101,8,38,137280,142378,1598536161,1657240161,58704000,1,0,,1141280,40700000,40700000,43380000,-0.06584766584766585,1,1,1,1,57376000,4,4,4,1.0,1.0,262926,hold,1,8,0,1,19,0,7,6,14578420.45112782,1,1327.5480874246466,58704000,76722880,1,persistent,1000.0,450.0,1450.0,150.0,146.804614226056,1000.0,1327.5480874246468,0,1,327.5480874246467,0.0,104,16,24,122.45191257535339,1,
coarse-f16-h6-u25,persistent,16,6,0.25,101,confirmation_coarse-f16-h6-u25_s101,16,58,137747,138976,1604058560,1618468321,14409761,1,0,,4569280,39027679,39027679,21593440,0.44671472777051385,0,0,0,0,14077761,1,1,1,1.0,1.0,262926,hold,0,8,0,0,8,0,7,6,9752937.0,1,1325.3598295939785,14409761,31208000,1,persistent,1000.0,450.0,1450.0,150.0,146.804614226056,1000.0,1325.3598295939785,0,1,325.35982959397836,0.0,104,16,24,124.64017040602153,1,
coarse-f16-h6-u25,persistent,16,6,0.25,101,confirmation_coarse-f16-h6-u25_s101,1,28,137917,,1605945601,,,0,1,hold_exit_before_slot_completion,749600,21449120,21449120,,,,,,,0,0,1,1,1.0,0.0,262926,hold,0,1,0,0,1,0,6,5,9420160.0,1,1325.1821304986056,15677120,44594560,1,persistent,1000.0,450.0,1450.0,150.0,146.804614226056,1000.0,1325.1821304986054,0,1,325.1821304986055,0.0,104,16,24,124.8178695013944,0,round_censored
coarse-f16-h6-u25,persistent,16,6,0.25,101,confirmation_coarse-f16-h6-u25_s101,15,59,138135,139399,1608522881,1623357441,14834560,1,0,,2669120,25057921,25057921,20584000,0.1785431840095593,0,0,0,0,14064000,1,1,1,1.0,1.0,262926,hold,0,8,0,0,8,0,7,6,8623970.909090908,1,1324.396522004795,14834560,31208000,1,persistent,1000.0,450.0,1450.0,150.0,146.804614226056,1000.0,1324.3965220047946,0,1,324.39652200479475,0.0,104,16,24,125.60347799520491,1,
coarse-f16-h6-u25,persistent,16,6,0.25,101,confirmation_coarse-f16-h6-u25_s101,4,58,138294,140836,1610409441,1639957441,29548000,1,0,,245601,39082399,39082399,36447840,0.06741037058651389,0,0,0,1,28884000,2,2,2,1.0,1.0,262926,hold,1,8,0,1,22,0,8,5,14522152.533333333,1,1342.2548180605932,29548000,45816000,1,persistent,1000.0,450.0,1450.0,150.0,146.804614226056,1000.0,1342.254818060593,0,1,342.25481806059304,0.0,104,16,24,107.74518193940685,1,
coarse-f16-h6-u25,persistent,16,6,0.25,101,confirmation_coarse-f16-h6-u25_s101,5,50,138377,,1611485441,,,0,1,hold_exit_before_slot_completion,3142880,20177280,20177280,,,,,,,0,0,1,1,1.0,0.0,262926,hold,0,0,0,0,0,0,7,5,9825911.35135135,1,1324.219089769692,14540160,31208000,1,persistent,1000.0,450.0,1450.0,150.0,146.804614226056,1000.0,1324.2190897696917,0,1,324.21908976969166,0.0,104,16,24,125.78091023030811,0,round_censored
coarse-f16-h6-u25,persistent,16,6,0.25,101,confirmation_coarse-f16-h6-u25_s101,14,33,138693,,1615166721,,,0,1,observation_end_right_censored,3597280,25200000,25200000,,,,,,,42892000,3,3,3,1.0,1.0,262926,hold,1,0,0,1,0,0,8,6,12422040.32,1,1333.5657734138747,58739840,75949280,1,persistent,1000.0,450.0,1450.0,150.0,146.804614226056,1000.0,1333.5657734138747,0,1,333.56577341387464,0.0,104,16,24,116.4342265861253,0,round_censored
coarse-f16-h6-u25,persistent,16,6,0.25,101,confirmation_coarse-f16-h6-u25_s101,10,29,138891,,1617462721,,,0,1,observation_end_right_censored,4325280,42488000,42488000,,,,,,,42948000,3,3,3,1.0,1.0,262926,hold,0,0,0,0,0,0,8,7,14837079.663865546,1,1335.3058468439697,58739840,75949280,1,persistent,1000.0,450.0,1450.0,150.0,146.804614226056,1000.0,1335.3058468439697,0,1,335.30584684396956,0.0,104,16,24,114.69415315603032,0,round_censored
coarse-f16-h6-u25,persistent,16,6,0.25,101,confirmation_coarse-f16-h6-u25_s101,12,65,138929,140170,1617861441,1632426881,14565440,1,0,,919840,19196641,19196641,40693280,-1.1198125234513685,1,1,1,1,14233440,1,1,1,1.0,1.0,262926,hold,0,8,0,0,8,0,8,7,10848189.790697675,1,1340.5810849185493,14565440,30617120,1,persistent,1000.0,450.0,1450.0,150.0,146.804614226056,1000.0,1340.581084918549,0,1,340.58108491854915,0.0,104,16,24,109.41891508145068,1,
coarse-f16-h6-u25,persistent,16,6,0.25,101,confirmation_coarse-f16-h6-u25_s101,16,59,138976,141522,1618468321,1647698881,29230560,1,0,,5205280,21593440,21593440,34862881,-0.6145126019754148,1,1,1,1,28566560,2,2,2,1.0,1.0,262926,hold,1,7,1,0,26,0,8,7,8484802.282051282,1,1340.7671180119064,29230560,45682560,1,persistent,1000.0,450.0,1450.0,150.0,146.804614226056,1000.0,1340.7671180119066,0,1,340.7671180119065,0.0,104,16,24,109.2328819880936,1,
coarse-f16-h6-u25,persistent,16,6,0.25,101,confirmation_coarse-f16-h6-u25_s101,9,37,139031,142943,1619114721,1663242721,44128000,1,0,,4573280,39204000,39204000,34720000,0.11437608407305377,0,0,0,0,42892000,3,3,3,1.0,1.0,262926,hold,0,8,0,0,8,0,7,7,13362043.42857143,1,1333.2720405009247,44128000,61286560,1,persistent,1000.0,450.0,1450.0,150.0,146.804614226056,1000.0,1333.2720405009247,0,1,333.27204050092473,0.0,104,16,24,116.72795949907527,1,
coarse-f16-h6-u25,persistent,16,6,0.25,101,confirmation_coarse-f16-h6-u25_s101,11,52,139200,140464,1621138881,1635853441,14714560,1,0,,3813120,37276160,37276160,39293440,-0.054117162282810244,1,1,1,1,14382560,1,1,1,1.0,1.0,262926,hold,0,8,0,0,8,0,8,6,14411822.222222222,1,1354.8705028104523,14714560,30617120,1,persistent,1000.0,450.0,1450.0,150.0,146.804614226056,1000.0,1354.8705028104523,0,1,354.8705028104523,0.0,104,16,24,95.12949718954769,1,
coarse-f16-h6-u25,persistent,16,6,0.25,101,confirmation_coarse-f16-h6-u25_s101,15,60,139399,141939,1623357441,1652453441,29096000,1,0,,705280,20584000,20584000,19525120,0.051441896618732996,0,0,1,1,28432000,2,2,2,1.0,1.0,262926,hold,1,8,0,1,33,0,8,6,6880272.183908046,1,1342.8738148885323,29096000,45609440,1,persistent,1000.0,450.0,1450.0,150.0,146.804614226056,1000.0,1342.8738148885323,0,1,342.87381488853225,0.0,104,16,24,107.12618511146775,1,
coarse-f16-h6-u25,persistent,16,6,0.25,101,confirmation_coarse-f16-h6-u25_s101,12,66,140170,141449,1632426881,1646941601,14514720,1,0,,1086720,40693280,40693280,35314720,0.13217317453889194,0,0,0,0,14182720,1,1,1,1.0,1.0,262926,hold,0,8,0,0,8,0,7,6,11135067.31707317,1,1351.957441622257,14514720,30544000,1,persistent,1000.0,450.0,1450.0,150.0,146.804614226056,1000.0,1351.9574416222567,0,1,351.9574416222568,0.0,104,16,24,98.04255837774303,1,
coarse-f16-h6-u25,persistent,16,6,0.25,101,confirmation_coarse-f16-h6-u25_s101,11,53,140464,141775,1635853441,1650466721,14613280,1,0,,4209120,39293440,39293440,41168000,-0.04770669098964102,1,1,1,1,14281280,1,1,1,1.0,1.0,262926,hold,0,8,0,0,8,0,7,6,10202650.81081081,1,1347.8046886076054,14613280,30422881,1,persistent,1000.0,450.0,1450.0,150.0,146.804614226056,1000.0,1347.8046886076054,0,1,347.8046886076054,0.0,104,16,24,102.19531139239461,1,
coarse-f16-h6-u25,persistent,16,6,0.25,101,confirmation_coarse-f16-h6-u25_s101,4,59,140836,142134,1639957441,1654576161,14618720,1,0,,321280,36447840,36447840,36226560,0.006071141664362003,0,1,1,1,14286720,1,1,1,1.0,1.0,262926,hold,0,8,0,0,8,0,8,5,12314435.555555556,1,1340.3524170966614,14618720,30669440,1,persistent,1000.0,450.0,1450.0,150.0,146.804614226056,1000.0,1340.3524170966612,0,1,340.3524170966612,0.0,104,16,24,109.64758290333862,1,
coarse-f16-h6-u25,persistent,16,6,0.25,101,confirmation_coarse-f16-h6-u25_s101,12,67,141449,,1646941601,,,0,1,observation_end_right_censored,2484000,35314720,35314720,,,,,,,14069280,1,1,1,1.0,1.0,262926,hold,1,7,0,0,12,0,7,7,8497227.586206896,1,1332.525281932554,28927680,45512001,1,persistent,1000.0,450.0,1450.0,150.0,146.804614226056,1000.0,1332.525281932554,0,1,332.525281932554,0.0,104,16,24,117.47471806744602,0,round_censored
coarse-f16-h6-u25,persistent,16,6,0.25,101,confirmation_coarse-f16-h6-u25_s101,16,60,141522,,1647698881,,,0,1,observation_end_right_censored,581280,34862881,34862881,,,,,,,14276000,1,1,1,1.0,1.0,262926,hold,1,7,0,0,29,0,8,7,8785196.222222222,1,1331.6469283906445,28927680,45512001,1,persistent,1000.0,450.0,1450.0,150.0,146.804614226056,1000.0,1331.6469283906445,0,1,331.6469283906445,0.0,104,16,24,118.35307160935554,0,round_censored
coarse-f16-h6-u25,persistent,16,6,0.25,101,confirmation_coarse-f16-h6-u25_s101,11,54,141775,,1650466721,,,0,1,observation_end_right_censored,585280,41168000,41168000,,,,,,,14306720,1,1,1,1.0,1.0,262926,hold,1,7,0,0,10,0,8,6,12537966.222222222,1,1324.820704735729,28927680,45332160,1,persistent,1000.0,450.0,1450.0,150.0,146.804614226056,1000.0,1324.8207047357291,0,1,324.82070473572907,0.0,104,16,24,125.1792952642711,0,round_censored
coarse-f16-h6-u25,persistent,16,6,0.25,101,confirmation_coarse-f16-h6-u25_s101,1,29,141877,,1651628161,,,0,1,observation_end_right_censored,917280,16545280,16545280,,,,,,,14608000,1,1,1,1.0,1.0,262926,hold,0,6,0,0,6,0,7,6,12138782.857142856,1,1327.6022792704393,28927680,43704000,1,persistent,1000.0,450.0,1450.0,150.0,146.804614226056,1000.0,1327.6022792704393,0,1,327.6022792704394,0.0,104,16,24,122.39772072956066,0,round_censored
coarse-f16-h6-u25,persistent,16,6,0.25,101,confirmation_coarse-f16-h6-u25_s101,15,61,141939,143284,1652453441,1667008161,14554720,1,0,,248160,19525120,19525120,19938880,-0.021191162973646257,1,1,1,1,14030720,1,1,1,1.0,1.0,262926,hold,0,8,0,0,8,0,8,6,8484674.285714285,1,1326.7401848007753,14554720,30136000,1,persistent,1000.0,450.0,1450.0,150.0,146.804614226056,1000.0,1326.7401848007753,0,1,326.74018480077535,0.0,104,16,24,123.2598151992247,1,
coarse-f16-h6-u25,persistent,16,6,0.25,101,confirmation_coarse-f16-h6-u25_s101,4,60,142134,,1654576161,,,0,1,observation_end_right_censored,0,36226560,36226560,,,,,,,14317120,1,1,1,1.0,1.0,262926,hold,1,7,0,0,24,0,7,5,8936093.333333334,1,1325.7240468684272,14649120,30266720,1,persistent,1000.0,450.0,1450.0,150.0,146.804614226056,1000.0,1325.7240468684272,0,1,325.72404686842725,0.0,104,16,24,124.2759531315728,0,round_censored
coarse-f16-h6-u25,persistent,16,6,0.25,101,confirmation_coarse-f16-h6-u25_s101,5,51,142177,,1655008001,,,0,1,observation_end_right_censored,818880,15795680,15795680,,,,,,,0,0,0,0,,,262926,hold,0,0,0,0,0,0,0,0,8423764.0,1,1322.7994236685793,14649120,30266720,1,persistent,1000.0,450.0,1450.0,150.0,146.804614226056,1000.0,1322.7994236685793,0,1,322.7994236685793,0.0,104,16,24,127.20057633142073,0,round_censored
coarse-f16-h6-u25,persistent,16,6,0.25,101,confirmation_coarse-f16-h6-u25_s101,8,39,142378,,1657240161,,,0,1,observation_end_right_censored,4325280,43380000,43380000,,,,,,,0,0,0,0,,,262926,hold,1,0,0,0,0,0,0,0,10245894.4,1,1324.0281160712539,14649120,30266720,1,persistent,1000.0,450.0,1450.0,150.0,146.804614226056,1000.0,1324.028116071254,0,1,324.02811607125403,0.0,104,16,24,125.97188392874614,0,round_censored
coarse-f16-h6-u25,persistent,16,6,0.25,101,confirmation_coarse-f16-h6-u25_s101,9,38,142943,,1663242721,,,0,1,observation_end_right_censored,3189280,34720000,34720000,,,,,,,0,0,0,0,,,262926,hold,0,0,0,0,0,0,0,0,10311293.333333334,1,1318.1197254536396,14520000,30266720,1,persistent,1000.0,450.0,1450.0,150.0,146.804614226056,1000.0,1318.1197254536396,0,1,318.1197254536396,0.0,104,16,24,131.8802745463604,0,round_censored
coarse-f16-h6-u25,persistent,16,6,0.25,101,confirmation_coarse-f16-h6-u25_s101,15,62,143284,,1667008161,,,0,1,observation_end_right_censored,652160,19938880,19938880,,,,,,,0,0,0,0,,,262926,hold,0,0,0,0,0,0,0,0,8464091.42857143,1,1335.5932806378055,14520000,30266720,1,persistent,1000.0,450.0,1450.0,150.0,146.804614226056,1000.0,1335.5932806378053,0,1,335.59328063780526,0.0,104,16,24,114.40671936219451,0,round_censored
coarse-f16-h6-u25,persistent,16,6,0.25,102,confirmation_coarse-f16-h6-u25_s102,2,0,22883,26757,280950721,324982721,44032000,1,0,,3157440,17684960,17684960,13611680,0.23032452434158743,0,0,0,0,28720000,2,3,3,1.0,0.6666666666666666,262926,hold,0,8,0,0,8,0,7,6,9966665.098039215,1,1360.8903130691622,44032000,61356000,1,persistent,1000.0,450.0,1450.0,150.0,146.2740466899432,1000.0,1360.8903130691622,0,1,360.89031306916223,0.0,106,16,22,89.10968693083782,1,
coarse-f16-h6-u25,persistent,16,6,0.25,102,confirmation_coarse-f16-h6-u25_s102,14,0,23080,25672,283105281,312394881,29289600,1,0,,3241280,24236000,24236000,25716320,-0.061079386037299885,1,1,1,1,28625600,2,2,2,1.0,1.0,262926,hold,1,8,0,1,11,0,8,7,9842944.0,1,1363.8801782854869,29289600,46548000,1,persistent,1000.0,450.0,1450.0,150.0,146.2740466899432,1000.0,1363.8801782854866,0,1,363.8801782854866,0.0,106,16,22,86.11982171451314,1,
coarse-f16-h6-u25,persistent,16,6,0.25,102,confirmation_coarse-f16-h6-u25_s102,4,0,23132,25734,283685441,313046721,29361280,1,0,,1244160,33121280,33121280,35674880,-0.07709846962436234,1,1,1,1,28696000,2,2,2,1.0,1.0,262926,hold,1,8,0,1,30,0,7,5,10405871.111111112,1,1367.0760133715276,29361280,46548000,1,persistent,1000.0,450.0,1450.0,150.0,146.2740466899432,1000.0,1367.076013371527,0,1,367.0760133715272,0.0,106,16,22,82.92398662847245,1,
coarse-f16-h6-u25,persistent,16,6,0.25,102,confirmation_coarse-f16-h6-u25_s102,13,0,23164,24601,284017441,299557441,15540000,1,0,,1834560,33362560,33362560,34285120,-0.02765255424044198,1,1,1,1,14876000,1,1,1,1.0,1.0,262926,hold,0,8,0,0,8,0,7,6,16683822.222222222,1,1382.1739560214137,15540000,43824000,1,persistent,1000.0,450.0,1450.0,150.0,146.2740466899432,1000.0,1382.1739560214137,0,1,382.1739560214137,0.0,106,16,22,67.82604397858631,1,
coarse-f16-h6-u25,persistent,16,6,0.25,102,confirmation_coarse-f16-h6-u25_s102,16,0,23177,25763,284096161,313312161,29216000,1,0,,2240160,15936000,15936000,21912000,-0.375,1,1,1,1,28552000,2,2,2,1.0,1.0,262926,hold,1,7,1,0,34,0,8,8,7119613.483146068,1,1366.998644121548,29216000,58183840,1,persistent,1000.0,450.0,1450.0,150.0,146.2740466899432,1000.0,1366.9986441215478,0,1,366.99864412154784,0.0,106,16,22,83.00135587845193,1,
coarse-f16-h6-u25,persistent,16,6,0.25,102,confirmation_coarse-f16-h6-u25_s102,15,0,23193,25751,284270721,313154721,28884000,1,0,,990880,30470400,30470400,31213120,-0.02437513127494224,1,1,1,1,28220000,2,2,2,1.0,1.0,262926,hold,1,8,0,1,28,0,8,5,13077163.243243244,1,1371.592571264189,28884000,44801280,1,persistent,1000.0,450.0,1450.0,150.0,146.2740466899432,1000.0,1371.5925712641888,0,1,371.59257126418885,0.0,106,16,22,78.40742873581098,1,
coarse-f16-h6-u25,persistent,16,6,0.25,102,confirmation_coarse-f16-h6-u25_s102,8,0,23247,28479,284934721,344285281,59350560,1,0,,4321120,22492160,22492160,27524000,-0.22371528568176643,1,1,1,1,56520960,4,4,4,1.0,1.0,262926,hold,0,8,0,0,8,0,7,6,12124916.974789916,1,1343.6051771619004,59350560,74621280,1,persistent,1000.0,450.0,1450.0,150.0,146.2740466899432,1000.0,1343.6051771619004,0,1,343.6051771619004,0.0,106,16,22,106.39482283809957,1,
coarse-f16-h6-u25,persistent,16,6,0.25,102,confirmation_coarse-f16-h6-u25_s102,1,0,23351,24702,286009441,300837120,14827679,1,0,,0,35108160,35108160,33121280,0.056593111117187574,0,0,1,1,14495679,1,1,1,1.0,1.0,262926,hold,0,8,0,0,8,0,8,7,8394750.243243244,1,1380.9221998056603,14827679,31359840,1,persistent,1000.0,450.0,1450.0,150.0,146.2740466899432,1000.0,1380.9221998056603,0,1,380.92219980566034,0.0,106,16,22,69.07780019433972,1,
coarse-f16-h6-u25,persistent,16,6,0.25,102,confirmation_coarse-f16-h6-u25_s102,12,0,23382,27230,286420161,330490721,44070560,1,0,,1581280,26070560,26070560,27032000,-0.03687837929066349,1,1,1,1,42236000,3,3,3,1.0,1.0,262926,hold,0,8,0,0,8,0,7,6,13627445.714285715,1,1343.4548027610974,44070560,61295840,1,persistent,1000.0,450.0,1450.0,150.0,146.2740466899432,1000.0,1343.4548027610974,0,1,343.45480276109737,0.0,106,16,22,106.54519723890257,1,
coarse-f16-h6-u25,persistent,16,6,0.25,102,confirmation_coarse-f16-h6-u25_s102,11,0,24009,26579,293144001,323018881,29874880,1,0,,2476320,26233120,26233120,22982400,0.12391663667912928,0,0,0,1,29216000,2,2,2,1.0,1.0,262926,hold,0,8,0,0,8,0,7,5,10039108.923076924,1,1336.8359316073868,29874880,58100000,1,persistent,1000.0,450.0,1450.0,150.0,146.2740466899432,1000.0,1336.8359316073866,0,1,336.8359316073866,0.0,106,16,22,113.16406839261322,1,
coarse-f16-h6-u25,persistent,16,6,0.25,102,confirmation_coarse-f16-h6-u25_s102,9,0,24083,26571,293898721,322926721,29028000,1,0,,73600,27725440,27725440,30078880,-0.08488377461277441,1,1,1,1,28133440,2,2,2,1.0,1.0,262926,hold,1,8,0,1,12,0,8,6,10221634.461538462,1,1328.8913657694766,29028000,46167840,1,persistent,1000.0,450.0,1450.0,150.0,146.2740466899432,1000.0,1328.8913657694764,0,1,328.8913657694764,0.0,106,16,22,121.10863423052342,1,
coarse-f16-h6-u25,persistent,16,6,0.25,102,confirmation_coarse-f16-h6-u25_s102,7,0,24186,27983,294894721,339208161,44313440,1,0,,2240160,19925120,19925120,20753440,-0.04157164423601966,1,1,1,1,43312320,3,3,3,1.0,1.0,262926,hold,1,8,0,1,14,0,8,6,10669062.743119266,1,1322.5630893217526,44313440,61295840,1,persistent,1000.0,450.0,1450.0,150.0,146.2740466899432,1000.0,1322.5630893217526,0,1,322.56308932175256,0.0,106,16,22,127.43691067824739,1,
coarse-f16-h6-u25,persistent,16,6,0.25,102,confirmation_coarse-f16-h6-u25_s102,13,1,24601,,299557441,,,0,1,hold_exit_before_slot_completion,332000,34285120,34285120,,,,,,,428536321,30,31,31,1.0,0.967741935483871,262926,hold,1,7,0,0,229,0,7,6,14593666.200398803,1,1322.8629113915206,458264000,483458720,1,persistent,1000.0,450.0,1450.0,150.0,146.2740466899432,1000.0,1322.8629113915204,0,1,322.8629113915203,0.0,106,16,22,127.13708860847942,0,round_censored
coarse-f16-h6-u25,persistent,16,6,0.25,102,confirmation_coarse-f16-h6-u25_s102,1,1,24702,27202,300837120,330169120,29332000,1,0,,0,33121280,33121280,39105440,-0.18067417684340703,1,1,1,1,28308000,2,2,2,1.0,1.0,262926,hold,1,8,0,1,21,0,7,6,11511803.722222222,1,1323.5830174497623,29332000,44673280,1,persistent,1000.0,450.0,1450.0,150.0,146.2740466899432,1000.0,1323.583017449762,0,1,323.583017449762,0.0,106,16,22,126.41698255023766,1,
coarse-f16-h6-u25,persistent,16,6,0.25,102,confirmation_coarse-f16-h6-u25_s102,5,0,24776,27311,301539841,331250881,29711040,1,0,,1755840,14349600,14349600,19236160,-0.34053632156993924,1,1,1,1,29052160,2,2,2,1.0,1.0,262926,hold,0,8,0,0,8,0,8,6,10875168.888888888,1,1318.2635325509614,29711040,58902560,1,persistent,1000.0,450.0,1450.0,150.0,146.2740466899432,1000.0,1318.2635325509614,0,1,318.2635325509614,0.0,106,16,22,131.73646744903863,1,
coarse-f16-h6-u25,persistent,16,6,0.25,102,confirmation_coarse-f16-h6-u25_s102,3,0,25091,,305344161,,,0,1,hold_exit_before_slot_completion,580160,16351840,16351840,,,,,,,0,0,1,1,1.0,0.0,262926,hold,0,0,0,0,0,0,7,7,11011961.212121213,1,1322.1042214522035,14510560,30627840,1,persistent,1000.0,450.0,1450.0,150.0,146.2740466899432,1000.0,1322.1042214522035,0,1,322.10422145220355,0.0,106,16,22,127.89577854779645,0,round_censored
coarse-f16-h6-u25,persistent,16,6,0.25,102,confirmation_coarse-f16-h6-u25_s102,10,0,25098,,305349281,,,0,1,hold_exit_before_slot_completion,2909280,14934880,14934880,,,,,,,0,0,1,1,1.0,0.0,262926,hold,0,1,0,0,1,0,5,4,11068358.4,1,1320.5427150608298,14777440,30627840,1,persistent,1000.0,450.0,1450.0,150.0,146.2740466899432,1000.0,1320.5427150608298,0,1,320.5427150608297,0.0,106,16,22,129.45728493917022,0,round_censored
coarse-f16-h6-u25,persistent,16,6,0.25,102,confirmation_coarse-f16-h6-u25_s102,14,1,25672,26937,312394881,327002881,14608000,1,0,,2914400,25716320,25716320,28297600,-0.10037517031985914,1,1,1,1,14276000,1,1,1,1.0,1.0,262926,hold,0,8,0,0,8,0,8,7,11577352.0,1,1332.1095186614873,14608000,30627840,1,persistent,1000.0,450.0,1450.0,150.0,146.2740466899432,1000.0,1332.1095186614873,0,1,332.1095186614873,0.0,106,16,22,117.8904813385127,1,
coarse-f16-h6-u25,persistent,16,6,0.25,102,confirmation_coarse-f16-h6-u25_s102,4,1,25734,28354,313046721,343101441,30054720,1,0,,3128160,35674880,35674880,34060160,0.04526210039108751,0,0,1,1,28648000,2,2,2,1.0,1.0,262926,hold,1,8,0,1,11,0,7,5,13885318.208955225,1,1316.9168443888952,30054720,58432000,1,persistent,1000.0,450.0,1450.0,150.0,146.2740466899432,1000.0,1316.9168443888952,0,1,316.9168443888953,0.0,106,16,22,133.08315561110476,1,
coarse-f16-h6-u25,persistent,16,6,0.25,102,confirmation_coarse-f16-h6-u25_s102,15,1,25751,28296,313154721,342454561,29299840,1,0,,3236160,31213120,31213120,22502400,0.27907239007186724,0,0,0,0,28635840,2,2,2,1.0,1.0,262926,hold,0,8,0,0,8,0,8,5,12921978.823529411,1,1314.3135913993865,29299840,45755840,1,persistent,1000.0,450.0,1450.0,150.0,146.2740466899432,1000.0,1314.3135913993865,0,1,314.3135913993865,0.0,106,16,22,135.6864086006135,1,
coarse-f16-h6-u25,persistent,16,6,0.25,102,confirmation_coarse-f16-h6-u25_s102,16,1,25763,27021,313312161,327920161,14608000,1,0,,2240160,21912000,21912000,15936000,0.2727272727272727,0,0,0,0,14276000,1,1,1,1.0,1.0,262926,hold,0,8,0,0,8,0,7,7,6216782.222222222,1,1317.9868129364957,14608000,30627840,1,persistent,1000.0,450.0,1450.0,150.0,146.2740466899432,1000.0,1317.9868129364954,0,1,317.98681293649554,0.0,106,16,22,132.01318706350435,1,
coarse-f16-h6-u25,persistent,16,6,0.25,102,confirmation_coarse-f16-h6-u25_s102,9,1,26571,29215,322926721,352418721,29492000,1,0,,206720,30078880,30078880,26477120,0.11974382024862627,0,0,0,1,28828000,2,2,2,1.0,1.0,262926,hold,0,8,0,0,8,0,8,6,12020695.873015873,1,1306.756084798511,29492000,59017280,1,persistent,1000.0,450.0,1450.0,150.0,146.2740466899432,1000.0,1306.756084798511,0,1,306.7560847985111,0.0,106,16,22,143.24391520148902,1,
coarse-f16-h6-u25,persistent,16,6,0.25,102,confirmation_coarse-f16-h6-u25_s102,11,1,26579,27837,323018881,337626881,14608000,1,0,,5822880,22982400,22982400,27629600,-0.20220690615427458,1,1,1,1,14276000,1,1,1,1.0,1.0,262926,hold,0,8,0,0,8,0,8,6,12271566.829268293,1,1310.1718072923798,14608000,30054720,1,persistent,1000.0,450.0,1450.0,150.0,146.2740466899432,1000.0,1310.1718072923798,0,1,310.1718072923798,0.0,106,16,22,139.82819270762025,1,
coarse-f16-h6-u25,persistent,16,6,0.25,102,confirmation_coarse-f16-h6-u25_s102,14,2,26937,29599,327002881,356393441,29390560,1,0,,79840,28297600,28297600,25659840,0.0932149722944702,0,0,0,1,28394560,2,2,2,1.0,1.0,262926,hold,1,8,0,1,30,0,8,7,9143096.842105264,1,1309.3426324693658,29390560,44820000,1,persistent,1000.0,450.0,1450.0,150.0,146.2740466899432,1000.0,1309.3426324693658,0,1,309.3426324693657,0.0,106,16,22,140.65736753063425,1,
coarse-f16-h6-u25,persistent,16,6,0.25,102,confirmation_coarse-f16-h6-u25_s102,16,2,27021,29661,327920161,357136161,29216000,1,0,,1908160,15936000,15936000,21912000,-0.375,1,1,1,1,28552000,2,2,2,1.0,1.0,262926,hold,1,7,1,0,30,0,8,8,7056082.696629213,1,1300.8229632174284,29216000,44820000,1,persistent,1000.0,450.0,1450.0,150.0,146.2740466899432,1000.0,1300.8229632174282,0,1,300.82296321742825,0.0,106,16,22,149.17703678257158,1,
coarse-f16-h6-u25,persistent,16,6,0.25,102,confirmation_coarse-f16-h6-u25_s102,1,2,27202,29896,330169120,359633120,29464000,1,0,,3093119,39105440,39105440,30534721,0.21916948127933095,0,0,0,0,28440000,2,2,2,1.0,1.0,262926,hold,0,8,0,0,8,0,7,6,15414976.317460317,1,1299.7923159781471,29464000,44820000,1,persistent,1000.0,450.0,1450.0,150.0,146.2740466899432,1000.0,1299.7923159781471,0,1,299.7923159781471,0.0,106,16,22,150.20768402185286,1,
coarse-f16-h6-u25,persistent,16,6,0.25,102,confirmation_coarse-f16-h6-u25_s102,12,1,27230,28573,330490721,345322721,14832000,1,0,,1816000,27032000,27032000,26510880,0.01927789286771234,0,1,1,1,14082560,1,1,1,1.0,1.0,262926,hold,0,8,0,0,8,0,7,6,11780720.0,1,1311.3282018105058,14832000,29898720,1,persistent,1000.0,450.0,1450.0,150.0,146.2740466899432,1000.0,1311.3282018105058,0,1,311.32820181050585,0.0,106,16,22,138.6717981894942,1,
coarse-f16-h6-u25,persistent,16,6,0.25,102,confirmation_coarse-f16-h6-u25_s102,5,1,27311,28625,331250881,345934881,14684000,1,0,,980160,19236160,19236160,25317440,-0.3161379402125996,1,1,1,1,14352000,1,1,1,1.0,1.0,262926,hold,0,8,0,0,8,0,8,6,11862514.285714285,1,1314.4335611844103,14684000,29898720,1,persistent,1000.0,450.0,1450.0,150.0,146.2740466899432,1000.0,1314.4335611844103,0,1,314.43356118441034,0.0,106,16,22,135.56643881558966,1,
coarse-f16-h6-u25,persistent,16,6,0.25,102,confirmation_coarse-f16-h6-u25_s102,3,1,27604,28946,334813441,349421441,14608000,1,0,,506560,18581600,18581600,26982560,-0.4521117664786671,1,1,1,1,14276000,1,1,1,1.0,1.0,262926,hold,0,8,0,0,8,0,8,8,11171652.413793104,1,1313.892847479959,14608000,29898720,1,persistent,1000.0,450.0,1450.0,150.0,146.2740466899432,1000.0,1313.892847479959,0,1,313.8928474799591,0.0,106,16,22,136.10715252004093,1,
coarse-f16-h6-u25,persistent,16,6,0.25,102,confirmation_coarse-f16-h6-u25_s102,10,1,27623,,335066721,,,0,1,hold_exit_before_slot_completion,3078720,14106560,14106560,,,,,,,57364640,4,5,5,1.0,0.8,262926,hold,1,7,0,0,27,0,4,3,9749939.188034188,1,1299.9706607688827,75966880,101592000,1,persistent,1000.0,450.0,1450.0,150.0,146.2740466899432,1000.0,1299.9706607688827,0,1,299.9706607688828,0.0,106,16,22,150.02933923111732,0,round_censored
coarse-f16-h6-u25,persistent,16,6,0.25,102,confirmation_coarse-f16-h6-u25_s102,11,2,27837,29187,337626881,352118721,14491840,1,0,,1175680,27629600,27629600,27709120,-0.002878072791498972,1,1,1,1,14159840,1,1,1,1.0,1.0,262926,hold,0,8,0,0,8,0,8,6,12347413.307692308,1,1300.8313311845186,14491840,29898720,1,persistent,1000.0,450.0,1450.0,150.0,146.2740466899432,1000.0,1300.8313311845184,0,1,300.83133118451843,0.0,106,16,22,149.1686688154814,1,
coarse-f16-h6-u25,persistent,16,6,0.25,102,confirmation_coarse-f16-h6-u25_s102,7,1,27983,30726,339208161,368930721,29722560,1,0,,332000,20753440,20753440,18924000,0.08815116915557132,0,0,1,1,28552000,2,2,2,1.0,1.0,262926,hold,1,8,0,1,20,0,8,6,11051579.487179488,1,1301.05069701006,29722560,45006720,1,persistent,1000.0,450.0,1450.0,150.0,146.2740466899432,1000.0,1301.05069701006,0,1,301.05069701006005,0.0,106,16,22,148.94930298993995,1,
coarse-f16-h6-u25,persistent,16,6,0.25,102,confirmation_coarse-f16-h6-u25_s102,2,1,28006,33413,339418721,398850721,59432000,1,0,,6169280,19904160,19904160,20108000,-0.010241075232514208,1,1,1,1,57264000,4,4,4,1.0,1.0,262926,hold,0,8,0,0,8,0,8,7,13060645.839416059,1,1300.2537652602073,59432000,86857600,1,persistent,1000.0,450.0,1450.0,150.0,146.2740466899432,1000.0,1300.2537652602073,0,1,300.2537652602074,0.0,106,16,22,149.74623473979273,1,
coarse-f16-h6-u25,persistent,16,6,0.25,102,confirmation_coarse-f16-h6-u25_s102,6,0,28083,30747,340209281,369154721,28945440,1,0,,2166560,14276000,14276000,15085280,-0.056688147940599606,1,1,1,1,28281440,2,2,2,1.0,1.0,262926,hold,1,8,0,1,38,0,8,8,7855479.518072289,1,1298.5055464578659,28945440,45006720,1,persistent,1000.0,450.0,1450.0,150.0,146.2740466899432,1000.0,1298.5055464578659,0,1,298.5055464578659,0.0,106,16,22,151.49445354213412,1,
coarse-f16-h6-u25,persistent,16,6,0.25,102,confirmation_coarse-f16-h6-u25_s102,15,2,28296,31038,342454561,372329441,29874880,1,0,,4980000,22502400,22502400,28962720,-0.28709470989761093,1,1,1,1,29210880,2,2,2,1.0,1.0,262926,hold,0,8,0,0,8,0,7,5,11537883.943661971,1,1291.2236192410862,29874880,59722720,1,persistent,1000.0,450.0,1450.0,150.0,146.2740466899432,1000.0,1291.2236192410862,0,1,291.2236192410862,0.0,106,16,22,158.77638075891377,1,
coarse-f16-h6-u25,persistent,16,6,0.25,102,confirmation_coarse-f16-h6-u25_s102,4,2,28354,29715,343101441,357721441,14620000,1,0,,2944000,34060160,34060160,31042720,0.08859148048629249,0,0,0,1,14168000,1,1,1,1.0,1.0,262926,hold,0,8,0,0,8,0,8,6,14732235.527777778,1,1305.5469281442727,14620000,29898720,1,persistent,1000.0,450.0,1450.0,150.0,146.2740466899432,1000.0,1305.5469281442727,0,1,305.5469281442726,0.0,106,16,22,144.45307185572733,1,
coarse-f16-h6-u25,persistent,16,6,0.25,102,confirmation_coarse-f16-h6-u25_s102,8,1,28479,29843,344285281,359049441,14764160,1,0,,115840,27524000,27524000,26678560,0.03071646562999564,0,1,1,1,14100160,1,1,1,1.0,1.0,262926,hold,0,8,0,0,8,0,8,7,12679151.111111112,1,1302.1931490212785,14764160,29887839,1,persistent,1000.0,450.0,1450.0,150.0,146.2740466899432,1000.0,1302.1931490212787,0,1,302.19314902127877,0.0,106,16,22,147.8068509787215,1,
coarse-f16-h6-u25,persistent,16,6,0.25,102,confirmation_coarse-f16-h6-u25_s102,12,2,28573,31232,345322721,374718721,29396000,1,0,,992960,26510880,26510880,28363840,-0.06989432263282094,1,1,1,1,28372000,2,2,2,1.0,1.0,262926,hold,1,7,1,0,20,0,8,6,11860960.0,1,1304.9303562669793,29396000,45006720,1,persistent,1000.0,450.0,1450.0,150.0,146.2740466899432,1000.0,1304.9303562669793,0,1,304.93035626697923,0.0,106,16,22,145.0696437330207,1,
coarse-f16-h6-u25,persistent,16,6,0.25,102,confirmation_coarse-f16-h6-u25_s102,5,2,28625,29971,345934881,360350881,14416000,1,0,,1374880,25317440,25317440,30771040,-0.2154088249048877,1,1,1,1,14084000,1,1,1,1.0,1.0,262926,hold,0,8,0,0,8,0,8,6,8278724.324324325,1,1305.8125279968383,14416000,29880000,1,persistent,1000.0,450.0,1450.0,150.0,146.2740466899432,1000.0,1305.8125279968383,0,1,305.81252799683836,0.0,106,16,22,144.1874720031617,1,
coarse-f16-h6-u25,persistent,16,6,0.25,102,confirmation_coarse-f16-h6-u25_s102,3,2,28946,30304,349421441,364216161,14794720,1,0,,416000,26982560,26982560,32897280,-0.21920529408625422,1,1,1,1,14462720,1,1,1,1.0,1.0,262926,hold,0,8,0,0,8,0,8,8,13314284.8,1,1302.5080099849304,14794720,29880000,1,persistent,1000.0,450.0,1450.0,150.0,146.2740466899432,1000.0,1302.5080099849304,0,1,302.5080099849305,0.0,106,16,22,147.49199001506963,1,
coarse-f16-h6-u25,persistent,16,6,0.25,102,confirmation_coarse-f16-h6-u25_s102,11,3,29187,30511,352118721,366685441,14566720,1,0,,580160,27709120,27709120,25896000,0.06543405203774064,0,0,1,1,14234720,1,1,1,1.0,1.0,262926,hold,0,8,0,0,8,0,8,6,9519557.705882354,1,1293.4971985704137,14566720,30398720,1,persistent,1000.0,450.0,1450.0,150.0,146.2740466899432,1000.0,1293.497198570414,0,1,293.49719857041396,0.0,106,16,22,156.50280142958627,1,
coarse-f16-h6-u25,persistent,16,6,0.25,102,confirmation_coarse-f16-h6-u25_s102,9,2,29215,30551,352418721,367096161,14677440,1,0,,598720,26477120,26477120,31333120,-0.18340363302353127,1,1,1,1,14197280,1,1,1,1.0,1.0,262926,hold,0,8,0,0,8,0,7,6,15294455.0,1,1305.1569123227368,14677440,30398720,1,persistent,1000.0,450.0,1450.0,150.0,146.2740466899432,1000.0,1305.1569123227368,0,1,305.15691232273684,0.0,106,16,22,144.84308767726316,1,
coarse-f16-h6-u25,persistent,16,6,0.25,102,confirmation_coarse-f16-h6-u25_s102,14,3,29599,33620,356393441,401118721,44725280,1,0,,1835840,25659840,25659840,20741280,0.19168319054210783,0,0,0,0,42575840,3,3,3,1.0,1.0,262926,hold,1,8,0,1,18,0,7,6,11591482.718446601,1,1299.2115525226989,44725280,72882560,1,persistent,1000.0,450.0,1450.0,150.0,146.2740466899432,1000.0,1299.2115525226989,0,1,299.2115525226988,0.0,106,16,22,150.78844747730113,1,
coarse-f16-h6-u25,persistent,16,6,0.25,102,confirmation_coarse-f16-h6-u25_s102,16,3,29661,32292,357136161,386352161,29216000,1,0,,2240160,21912000,21912000,20916000,0.045454545454545456,0,1,1,1,28552000,2,2,2,1.0,1.0,262926,hold,1,7,1,0,37,0,8,8,6787464.258426966,1,1298.3929087291026,29216000,45422880,1,persistent,1000.0,450.0,1450.0,150.0,146.2740466899432,1000.0,1298.3929087291026,0,1,298.3929087291026,0.0,106,16,22,151.6070912708974,1,
coarse-f16-h6-u25,persistent,16,6,0.25,102,confirmation_coarse-f16-h6-u25_s102,4,3,29715,33720,357721441,402277441,44556000,1,0,,1961280,31042720,31042720,28928000,0.06812289644721854,0,0,0,1,43440000,3,3,3,1.0,1.0,262926,hold,1,8,0,1,10,0,7,6,15971036.617021276,1,1295.8129947568066,44556000,61026880,1,persistent,1000.0,450.0,1450.0,150.0,146.2740466899432,1000.0,1295.8129947568066,0,1,295.81299475680663,0.0,106,16,22,154.18700524319343,1,
coarse-f16-h6-u25,persistent,16,6,0.25,102,confirmation_coarse-f16-h6-u25_s102,8,2,29843,31149,359049441,373814881,14765440,1,0,,488160,26678560,26678560,27573120,-0.03353104515386138,1,1,1,1,14433440,1,1,1,1.0,1.0,262926,hold,0,8,0,0,8,0,7,7,10583478.857142856,1,1280.7965367918753,14765440,30398720,1,persistent,1000.0,450.0,1450.0,150.0,146.2740466899432,1000.0,1280.796536791875,0,1,280.7965367918751,0.0,106,16,22,169.20346320812473,1,
coarse-f16-h6-u25,persistent,16,6,0.25,102,confirmation_coarse-f16-h6-u25_s102,1,3,29896,33808,359633120,403209441,43576321,1,0,,1370559,30534721,30534721,30836000,-0.009866767736309102,1,1,1,1,42460321,3,3,3,1.0,1.0,262926,hold,1,8,0,1,23,0,8,7,14763819.323232323,1,1299.1385561753593,43576321,61026880,1,persistent,1000.0,450.0,1450.0,150.0,146.2740466899432,1000.0,1299.1385561753593,0,1,299.1385561753594,0.0,106,16,22,150.86144382464067,1,
coarse-f16-h6-u25,persistent,16,6,0.25,102,confirmation_coarse-f16-h6-u25_s102,5,3,29971,32565,360350881,389386881,29036000,1,0,,2201280,30771040,30771040,39052000,-0.26911537601589025,1,1,1,1,28372000,2,2,2,1.0,1.0,262926,hold,1,7,1,0,29,0,8,6,10357724.444444444,1,1301.0324559111082,29036000,45422880,1,persistent,1000.0,450.0,1450.0,150.0,146.2740466899432,1000.0,1301.0324559111082,0,1,301.03245591110823,0.0,106,16,22,148.96754408889183,1,
coarse-f16-h6-u25,persistent,16,6,0.25,102,confirmation_coarse-f16-h6-u25_s102,3,3,30304,31686,364216161,379820161,15604000,1,0,,410720,32897280,32897280,37370720,-0.13598206295474885,1,1,1,1,14276000,1,1,1,1.0,1.0,262926,hold,0,8,0,0,8,0,8,8,15570093.913043479,1,1292.4310047661088,15604000,30369440,1,persistent,1000.0,450.0,1450.0,150.0,146.2740466899432,1000.0,1292.4310047661086,0,1,292.4310047661087,0.0,106,16,22,157.5689952338912,1,
coarse-f16-h6-u25,persistent,16,6,0.25,102,confirmation_coarse-f16-h6-u25_s102,11,4,30511,31827,366685441,381293441,14608000,1,0,,2245280,25896000,25896000,30206880,-0.16646895273401296,1,1,1,1,14276000,1,1,1,1.0,1.0,262926,hold,0,8,0,0,8,0,8,6,13281493.512820512,1,1310.777711642628,14608000,30482880,1,persistent,1000.0,450.0,1450.0,150.0,146.2740466899432,1000.0,1310.777711642628,0,1,310.77771164262793,0.0,106,16,22,139.222288357372,1,
coarse-f16-h6-u25,persistent,16,6,0.25,102,confirmation_coarse-f16-h6-u25_s102,9,3,30551,33199,367096161,396542721,29446560,1,0,,2240160,31333120,31333120,40568000,-0.29473221945340905,1,1,1,1,28782560,2,2,2,1.0,1.0,262926,hold,0,8,0,0,8,0,7,6,16965448.0,1,1302.1119807668385,29446560,46086880,1,persistent,1000.0,450.0,1450.0,150.0,146.2740466899432,1000.0,1302.1119807668385,0,1,302.1119807668386,0.0,106,16,22,147.88801923316146,1,
coarse-f16-h6-u25,persistent,16,6,0.25,102,confirmation_coarse-f16-h6-u25_s102,7,2,30726,33335,368930721,398003840,29073119,1,0,,2498560,18924000,18924000,21327840,-0.12702599873176917,1,1,1,1,28409119,2,2,2,1.0,1.0,262926,hold,1,8,0,1,13,0,7,6,11192041.534246575,1,1299.858927582414,29073119,46086880,1,persistent,1000.0,450.0,1450.0,150.0,146.2740466899432,1000.0,1299.858927582414,0,1,299.8589275824141,0.0,106,16,22,150.14107241758597,1,
coarse-f16-h6-u25,persistent,16,6,0.25,102,confirmation_coarse-f16-h6-u25_s102,6,1,30747,32040,369154721,383629441,14474720,1,0,,2161440,15085280,15085280,17034720,-0.12922796262316644,1,1,1,1,14142720,1,1,1,1.0,1.0,262926,hold,0,8,0,0,8,1,8,8,8720701.538461538,1,1299.2766111035883,14474720,30482880,1,persistent,1000.0,450.0,1450.0,150.0,146.2740466899432,1000.0,1299.276611103588,0,1,299.27661110358804,0.0,106,16,22,150.72338889641173,1,
coarse-f16-h6-u25,persistent,16,6,0.25,102,confirmation_coarse-f16-h6-u25_s102,15,3,31038,32365,372329441,387129601,14800160,1,0,,1581280,28962720,28962720,29210880,-0.008568256020152803,1,1,1,1,14052320,1,1,1,1.0,1.0,262926,hold,0,8,0,0,8,0,8,5,12300583.783783784,1,1306.4259728890797,14800160,30482880,1,persistent,1000.0,450.0,1450.0,150.0,146.2740466899432,1000.0,1306.4259728890795,0,1,306.42597288907956,0.0,106,16,22,143.57402711092027,1,
coarse-f16-h6-u25,persistent,16,6,0.25,102,confirmation_coarse-f16-h6-u25_s102,8,3,31149,32481,373814881,388470721,14655840,1,0,,0,27573120,27573120,27748000,-0.006342408838753104,1,1,1,1,14323840,1,1,1,1.0,1.0,262926,hold,0,8,0,0,8,0,8,7,10799500.952380951,1,1312.8565521025087,14655840,30482880,1,persistent,1000.0,450.0,1450.0,150.0,146.2740466899432,1000.0,1312.8565521025087,0,1,312.85655210250866,0.0,106,16,22,137.14344789749134,1,
coarse-f16-h6-u25,persistent,16,6,0.25,102,confirmation_coarse-f16-h6-u25_s102,12,3,31232,33898,374718721,404328001,29609280,1,0,,2377280,28363840,28363840,26748000,0.056968308945474236,0,0,1,1,28705280,2,2,2,1.0,1.0,262926,hold,1,7,1,0,28,0,8,6,10845317.260273973,1,1299.1321319476265,29609280,58360000,1,persistent,1000.0,450.0,1450.0,150.0,146.2740466899432,1000.0,1299.1321319476265,0,1,299.13213194762636,0.0,106,16,22,150.86786805237352,1,
coarse-f16-h6-u25,persistent,16,6,0.25,102,confirmation_coarse-f16-h6-u25_s102,3,4,31686,,379820161,,,0,1,hold_exit_before_slot_completion,253280,37370720,37370720,,,,,,,229639198,16,17,17,1.0,0.9411764705882353,262926,hold,1,7,0,0,261,0,5,5,15887583.343434343,1,1321.6201509179862,254462400,280002560,1,persistent,1000.0,450.0,1450.0,150.0,146.2740466899432,1000.0,1321.6201509179862,0,1,321.62015091798617,0.0,106,16,22,128.37984908201383,0,round_censored
coarse-f16-h6-u25,persistent,16,6,0.25,102,confirmation_coarse-f16-h6-u25_s102,11,5,31827,33131,381293441,395761601,14468160,1,0,,838560,30206880,30206880,27561120,0.08758799319890039,0,0,0,1,14136160,1,1,1,1.0,1.0,262926,hold,0,8,0,0,8,0,8,6,11651614.147058824,1,1306.0322381909357,14468160,31146880,1,persistent,1000.0,450.0,1450.0,150.0,146.2740466899432,1000.0,1306.0322381909355,0,1,306.0322381909355,0.0,106,16,22,143.9677618090643,1,
coarse-f16-h6-u25,persistent,16,6,0.25,102,confirmation_coarse-f16-h6-u25_s102,6,2,32040,33341,383629441,398050881,14421440,1,0,,0,17034720,17034720,20065280,-0.17790489071731147,1,1,1,1,14089440,1,1,1,1.0,1.0,262926,hold,0,8,0,0,8,0,8,8,8876374.545454545,1,1307.620204398521,14421440,31146880,1,persistent,1000.0,450.0,1450.0,150.0,146.2740466899432,1000.0,1307.620204398521,0,1,307.62020439852114,0.0,106,16,22,142.37979560147892,1,
coarse-f16-h6-u25,persistent,16,6,0.25,102,confirmation_coarse-f16-h6-u25_s102,16,4,32292,34872,386352161,415410721,29058560,1,0,,580160,20916000,20916000,24194880,-0.15676419965576593,1,1,1,1,28394560,2,2,2,1.0,1.0,262926,hold,1,7,1,0,29,0,8,8,7120688.372093023,1,1293.4744208222712,29058560,46750880,1,persistent,1000.0,450.0,1450.0,150.0,146.2740466899432,1000.0,1293.4744208222714,0,1,293.4744208222714,0.0,106,16,22,156.5255791777288,1,
coarse-f16-h6-u25,persistent,16,6,0.25,102,confirmation_coarse-f16-h6-u25_s102,15,4,32365,36230,387129601,431425441,44295840,1,0,,4237280,29210880,29210880,24376160,0.16551093291266816,0,0,0,0,42967840,3,3,3,1.0,1.0,262926,hold,0,8,0,0,8,0,8,5,13944886.980582524,1,1296.1164908677792,44295840,62765600,1,persistent,1000.0,450.0,1450.0,150.0,146.2740466899432,1000.0,1296.1164908677792,0,1,296.11649086777925,0.0,106,16,22,153.88350913222075,1,
coarse-f16-h6-u25,persistent,16,6,0.25,102,confirmation_coarse-f16-h6-u25_s102,8,4,32481,33811,388470721,403286721,14816000,1,0,,422720,27748000,27748000,23469440,0.15419345538417184,0,0,0,0,14484000,1,1,1,1.0,1.0,262926,hold,0,8,0,0,8,0,7,7,9759397.647058824,1,1306.252037249285,14816000,43568321,1,persistent,1000.0,450.0,1450.0,150.0,146.2740466899432,1000.0,1306.2520372492847,0,1,306.25203724928485,0.0,106,16,22,143.74796275071503,1,
coarse-f16-h6-u25,persistent,16,6,0.25,102,confirmation_coarse-f16-h6-u25_s102,5,4,32565,35166,389386881,418710881,29324000,1,0,,3161280,39052000,39052000,41792000,-0.07016285977670798,1,1,1,1,28300000,2,2,2,1.0,1.0,262926,hold,1,7,1,0,34,0,7,5,12968293.731343284,1,1297.3039885018354,29324000,46750880,1,persistent,1000.0,450.0,1450.0,150.0,146.2740466899432,1000.0,1297.3039885018356,0,1,297.30398850183553,0.0,106,16,22,152.69601149816458,1,
coarse-f16-h6-u25,persistent,16,6,0.25,102,confirmation_coarse-f16-h6-u25_s102,11,6,33131,34415,395761601,410213601,14452000,1,0,,102880,27561120,27561120,20100160,0.2707059800182286,0,0,0,0,14120000,1,1,1,1.0,1.0,262926,hold,0,8,0,0,8,0,8,6,11417846.486486487,1,1281.9809407596429,14452000,30335840,1,persistent,1000.0,450.0,1450.0,150.0,146.2740466899432,1000.0,1281.9809407596426,0,1,281.98094075964275,0.0,106,16,22,168.01905924035714,1,
coarse-f16-h6-u25,persistent,16,6,0.25,102,confirmation_coarse-f16-h6-u25_s102,9,4,33199,34489,396542721,411094721,14552000,1,0,,1423840,40568000,40568000,43160000,-0.06389272332873201,1,1,1,1,14220000,1,1,1,1.0,1.0,262926,hold,0,8,0,0,8,0,7,6,15791297.142857144,1,1287.4057256980877,14552000,31208000,1,persistent,1000.0,450.0,1450.0,150.0,146.2740466899432,1000.0,1287.4057256980877,0,1,287.4057256980878,0.0,106,16,22,162.59427430191226,1,
coarse-f16-h6-u25,persistent,16,6,0.25,102,confirmation_coarse-f16-h6-u25_s102,7,3,33335,35845,398003840,426964161,28960321,1,0,,174560,21327840,21327840,20331359,0.04672207781003609,0,1,1,1,28260161,2,2,2,1.0,1.0,262926,hold,1,7,1,0,7,0,8,6,11740241.057971014,1,1284.3378917791792,28960321,47222720,1,persistent,1000.0,450.0,1450.0,150.0,146.2740466899432,1000.0,1284.3378917791792,0,1,284.3378917791792,0.0,106,16,22,165.66210822082076,1,
coarse-f16-h6-u25,persistent,16,6,0.25,102,confirmation_coarse-f16-h6-u25_s102,6,3,33341,35867,398050881,427266881,29216000,1,0,,929440,20065280,20065280,16721280,0.1666560347027303,0,0,0,1,28546880,2,2,2,1.0,1.0,262926,hold,1,8,0,1,37,0,8,8,7807814.0,1,1287.0308152592568,29216000,47222720,1,persistent,1000.0,450.0,1450.0,150.0,146.2740466899432,1000.0,1287.0308152592568,0,1,287.0308152592567,0.0,106,16,22,162.96918474074323,1,
coarse-f16-h6-u25,persistent,16,6,0.25,102,confirmation_coarse-f16-h6-u25_s102,2,2,33413,,398850721,,,0,1,hold_exit_before_slot_completion,5025280,20108000,20108000,,,,,,,156344000,11,12,12,1.0,0.9166666666666666,262926,hold,1,7,0,1,9,0,7,6,14091574.4,1,1314.8715577339528,175668000,192250720,1,persistent,1000.0,450.0,1450.0,150.0,146.2740466899432,1000.0,1314.8715577339528,0,1,314.8715577339528,0.0,106,16,22,135.12844226604716,0,round_censored
coarse-f16-h6-u25,persistent,16,6,0.25,102,confirmation_coarse-f16-h6-u25_s102,14,4,33620,34896,401118721,415646881,14528160,1,0,,409600,20741280,20741280,19529440,0.0584264809114963,0,0,1,1,14196160,1,1,1,1.0,1.0,262926,hold,0,8,0,0,8,0,8,7,10981822.222222222,1,1282.3906302351893,14528160,31208000,1,persistent,1000.0,450.0,1450.0,150.0,146.2740466899432,1000.0,1282.390630235189,0,1,282.39063023518906,0.0,106,16,22,167.6093697648107,1,
coarse-f16-h6-u25,persistent,16,6,0.25,102,confirmation_coarse-f16-h6-u25_s102,4,4,33720,37618,402277441,446869441,44592000,1,0,,7665280,28928000,28928000,28836000,0.0031803097345132745,0,1,1,1,43476000,3,3,3,1.0,1.0,262926,hold,0,8,0,0,8,0,8,6,14238574.87628866,1,1296.924615840686,44592000,62078560,1,persistent,1000.0,450.0,1450.0,150.0,146.2740466899432,1000.0,1296.924615840686,0,1,296.92461584068616,0.0,106,16,22,153.0753841593139,1,
coarse-f16-h6-u25,persistent,16,6,0.25,102,confirmation_coarse-f16-h6-u25_s102,1,4,33808,36315,403209441,432405441,29196000,1,0,,3265601,30836000,30836000,26185440,0.1508159294331301,0,0,0,0,28532000,2,2,2,1.0,1.0,262926,hold,0,8,0,0,8,0,8,7,14344922.90625,1,1296.457258622924,29196000,58744000,1,persistent,1000.0,450.0,1450.0,150.0,146.2740466899432,1000.0,1296.4572586229237,0,1,296.45725862292386,0.0,106,16,22,153.54274137707603,1,
coarse-f16-h6-u25,persistent,16,6,0.25,102,confirmation_coarse-f16-h6-u25_s102,8,5,33811,36300,403286721,432214721,28928000,1,0,,0,23469440,23469440,20865120,0.11096643123994437,0,0,0,1,28264000,2,2,2,1.0,1.0,262926,hold,0,8,0,0,8,0,8,7,9592460.273972603,1,1291.5242637714068,28928000,47222720,1,persistent,1000.0,450.0,1450.0,150.0,146.2740466899432,1000.0,1291.5242637714068,0,1,291.5242637714067,0.0,106,16,22,158.47573622859318,1,
coarse-f16-h6-u25,persistent,16,6,0.25,102,confirmation_coarse-f16-h6-u25_s102,12,4,33898,35215,404328001,419318721,14990720,1,0,,3161280,26748000,26748000,29220000,-0.0924181247196052,1,1,1,1,14538720,1,1,1,1.0,1.0,262926,hold,0,8,0,0,8,0,7,6,10551009.72972973,1,1293.1747784085092,14990720,31208000,1,persistent,1000.0,450.0,1450.0,150.0,146.2740466899432,1000.0,1293.1747784085092,0,1,293.1747784085091,0.0,106,16,22,156.82522159149084,1,
coarse-f16-h6-u25,persistent,16,6,0.25,102,confirmation_coarse-f16-h6-u25_s102,11,7,34415,38210,410213601,453494881,43281280,1,0,,562560,20100160,20100160,22617280,-0.12522885389967045,1,1,1,1,42280160,3,3,3,1.0,1.0,262926,hold,0,8,0,0,8,0,8,6,11168854.285714285,1,1289.6906774277131,43281280,62078560,1,persistent,1000.0,450.0,1450.0,150.0,146.2740466899432,1000.0,1289.6906774277131,0,1,289.6906774277132,0.0,106,16,22,160.30932257228687,1,
coarse-f16-h6-u25,persistent,16,6,0.25,102,confirmation_coarse-f16-h6-u25_s102,9,5,34489,36985,411094721,440246721,29152000,1,0,,427840,43160000,43160000,45439840,-0.05282298424467099,1,1,1,1,28277440,2,2,2,1.0,1.0,262926,hold,1,7,1,0,16,0,8,6,17551899.35483871,1,1289.8355731313516,29152000,45505120,1,persistent,1000.0,450.0,1450.0,150.0,146.2740466899432,1000.0,1289.8355731313516,0,1,289.83557313135157,0.0,106,16,22,160.16442686864843,1,
coarse-f16-h6-u25,persistent,16,6,0.25,102,confirmation_coarse-f16-h6-u25_s102,16,5,34872,36110,415410721,430018721,14608000,1,0,,1791840,24194880,24194880,24747680,-0.022847809123252523,1,1,1,1,14276000,1,1,1,1.0,1.0,262926,hold,0,8,0,0,8,0,8,8,7439754.666666667,1,1280.9370744443004,14608000,31618720,1,persistent,1000.0,450.0,1450.0,150.0,146.2740466899432,1000.0,1280.9370744443006,0,1,280.93707444430055,0.0,106,16,22,169.06292555569962,1,
coarse-f16-h6-u25,persistent,16,6,0.25,102,confirmation_coarse-f16-h6-u25_s102,14,5,34896,36128,415646881,430254881,14608000,1,0,,16000,19529440,19529440,20743840,-0.062183042626926324,1,1,1,1,14276000,1,1,1,1.0,1.0,262926,hold,1,7,1,0,11,0,8,7,10575300.46511628,1,1288.6518491123043,14608000,31618720,1,persistent,1000.0,450.0,1450.0,150.0,146.2740466899432,1000.0,1288.6518491123045,0,1,288.6518491123045,0.0,106,16,22,161.34815088769574,1,
coarse-f16-h6-u25,persistent,16,6,0.25,102,confirmation_coarse-f16-h6-u25_s102,5,5,35166,36401,418710881,433358881,14648000,1,0,,5993280,41792000,41792000,45584000,-0.09073506891271056,1,1,1,1,14316000,1,1,1,1.0,1.0,262926,hold,0,8,0,0,8,0,8,6,12197481.142857144,1,1303.5776555123207,14648000,31618720,1,persistent,1000.0,450.0,1450.0,150.0,146.2740466899432,1000.0,1303.577655512321,0,1,303.57765551232086,0.0,106,16,22,146.4223444876793,1,
coarse-f16-h6-u25,persistent,16,6,0.25,102,confirmation_coarse-f16-h6-u25_s102,12,5,35215,37844,419318721,449482721,30164000,1,0,,1329280,29220000,29220000,38080000,-0.30321697467488024,1,1,1,1,29260000,2,2,2,1.0,1.0,262926,hold,0,8,0,0,8,0,8,6,13762324.705882354,1,1299.9246766489075,30164000,46474560,1,persistent,1000.0,450.0,1450.0,150.0,146.2740466899432,1000.0,1299.9246766489075,0,1,299.92467664890745,0.0,106,16,22,150.0753233510925,1,
coarse-f16-h6-u25,persistent,16,6,0.25,102,confirmation_coarse-f16-h6-u25_s102,7,4,35845,37119,426964161,441638721,14674560,1,0,,1507041,20331359,20331359,18918880,0.06947292603509682,0,0,1,1,14342560,1,1,1,1.0,1.0,262926,hold,0,8,0,0,8,0,8,6,11483776.976744186,1,1293.5307905832822,14674560,30164000,1,persistent,1000.0,450.0,1450.0,150.0,146.2740466899432,1000.0,1293.5307905832822,0,1,293.5307905832823,0.0,106,16,22,156.46920941671783,1,
coarse-f16-h6-u25,persistent,16,6,0.25,102,confirmation_coarse-f16-h6-u25_s102,6,4,35867,,427266881,,,0,1,hold_exit_before_slot_completion,790880,16721280,16721280,,,,,,,0,0,1,1,1.0,0.0,262926,hold,0,3,0,0,3,0,8,8,10912229.743589744,1,1296.4476964053024,14818720,30164000,1,persistent,1000.0,450.0,1450.0,150.0,146.2740466899432,1000.0,1296.4476964053022,0,1,296.4476964053023,0.0,106,16,22,153.5523035946976,0,round_censored
coarse-f16-h6-u25,persistent,16,6,0.25,102,confirmation_coarse-f16-h6-u25_s102,16,6,36110,38750,430018721,459234721,29216000,1,0,,2235040,24747680,24747680,12616000,0.4902148403405895,0,0,0,0,14276000,1,2,2,1.0,0.5,262926,hold,1,7,1,0,53,0,8,8,7107940.674157304,1,1303.5483304601103,29216000,58432000,1,persistent,1000.0,450.0,1450.0,150.0,146.2740466899432,1000.0,1303.5483304601103,0,1,303.5483304601102,0.0,106,16,22,146.45166953988974,1,
coarse-f16-h6-u25,persistent,16,6,0.25,102,confirmation_coarse-f16-h6-u25_s102,14,6,36128,37418,430254881,444746721,14491840,1,0,,205280,20743840,20743840,21906880,-0.056066764880562135,1,1,1,1,14159840,1,1,1,1.0,1.0,262926,hold,0,8,0,0,8,0,8,7,9702416.842105264,1,1298.595450155913,14491840,30870560,1,persistent,1000.0,450.0,1450.0,150.0,146.2740466899432,1000.0,1298.595450155913,0,1,298.5954501559132,0.0,106,16,22,151.4045498440869,1,
coarse-f16-h6-u25,persistent,16,6,0.25,102,confirmation_coarse-f16-h6-u25_s102,15,5,36230,37536,431425441,446033441,14608000,1,0,,1182720,24376160,24376160,23572000,0.032989609520121296,0,1,1,1,14276000,1,1,1,1.0,1.0,262926,hold,0,8,0,0,8,0,8,5,13029935.261904761,1,1310.290799154852,14608000,30870560,1,persistent,1000.0,450.0,1450.0,150.0,146.2740466899432,1000.0,1310.290799154852,0,1,310.29079915485204,0.0,106,16,22,139.70920084514796,1,
coarse-f16-h6-u25,persistent,16,6,0.25,102,confirmation_coarse-f16-h6-u25_s102,8,6,36300,38977,432214721,461794881,29580160,1,0,,173280,20865120,20865120,21005120,-0.006709762512748549,1,1,1,1,28911040,2,2,2,1.0,1.0,262926,hold,1,7,1,0,17,0,8,7,8899826.542168675,1,1303.6967346969159,29580160,46209120,1,persistent,1000.0,450.0,1450.0,150.0,146.2740466899432,1000.0,1303.6967346969163,0,1,303.6967346969162,0.0,106,16,22,146.30326530308412,1,
coarse-f16-h6-u25,persistent,16,6,0.25,102,confirmation_coarse-f16-h6-u25_s102,1,5,36315,41677,432405441,491422721,59017280,1,0,,5709280,26185440,26185440,28264000,-0.07937846375695806,1,1,1,1,57209280,4,4,4,1.0,1.0,262926,hold,0,8,0,0,8,0,8,7,14235459.715384616,1,1300.8533999182432,59017280,75837280,1,persistent,1000.0,450.0,1450.0,150.0,146.2740466899432,1000.0,1300.8533999182432,0,1,300.8533999182431,0.0,106,16,22,149.1466000817568,1,
coarse-f16-h6-u25,persistent,16,6,0.25,102,confirmation_coarse-f16-h6-u25_s102,5,6,36401,39050,433358881,462573601,29214720,1,0,,1465280,45584000,45584000,47772000,-0.047999297999298,1,1,1,1,28310720,2,2,2,1.0,1.0,262926,hold,1,7,1,0,10,0,8,6,13281838.84057971,1,1301.2931217416572,29214720,46209120,1,persistent,1000.0,450.0,1450.0,150.0,146.2740466899432,1000.0,1301.2931217416574,0,1,301.29312174165733,0.0,106,16,22,148.70687825834284,1,
coarse-f16-h6-u25,persistent,16,6,0.25,102,confirmation_coarse-f16-h6-u25_s102,9,6,36985,39681,440246721,469858721,29612000,1,0,,0,45439840,45439840,46238400,-0.017574005542273036,1,1,1,1,28598240,2,2,2,1.0,1.0,262926,hold,1,7,1,0,12,0,7,6,17152282.033898305,1,1298.8745107140319,29612000,46209120,1,persistent,1000.0,450.0,1450.0,150.0,146.2740466899432,1000.0,1298.8745107140323,0,1,298.8745107140323,0.0,106,16,22,151.12548928596811,1,
coarse-f16-h6-u25,persistent,16,6,0.25,102,confirmation_coarse-f16-h6-u25_s102,7,5,37119,38456,441638721,456029601,14390880,1,0,,2510720,18918880,18918880,12183841,0.355995650905339,0,0,0,0,0,0,1,1,1.0,0.0,262926,hold,0,8,0,0,8,0,8,6,8553041.953488372,1,1303.325337504066,14390880,30870560,1,persistent,1000.0,450.0,1450.0,150.0,146.2740466899432,1000.0,1303.3253375040658,0,1,303.32533750406594,0.0,106,16,22,146.67466249593394,1,
coarse-f16-h6-u25,persistent,16,6,0.25,102,confirmation_coarse-f16-h6-u25_s102,14,7,37418,38740,444746721,459138881,14392160,1,0,,1249280,21906880,21906880,19112480,0.1275581004688938,0,0,0,1,14060160,1,1,1,1.0,1.0,262926,hold,0,8,0,0,8,0,8,7,9692280.975609757,1,1316.3304263713458,14392160,30194400,1,persistent,1000.0,450.0,1450.0,150.0,146.2740466899432,1000.0,1316.3304263713455,0,1,316.3304263713456,0.0,106,16,22,133.66957362865423,1,
coarse-f16-h6-u25,persistent,16,6,0.25,102,confirmation_coarse-f16-h6-u25_s102,15,6,37536,38866,446033441,460562721,14529280,1,0,,1913280,23572000,23572000,18673120,0.2078262345155269,0,0,0,0,14197280,1,1,1,1.0,1.0,262926,hold,0,8,0,0,8,0,8,5,9486912.0,1,1303.4453151934013,14529280,30194400,1,persistent,1000.0,450.0,1450.0,150.0,146.2740466899432,1000.0,1303.4453151934013,0,1,303.44531519340126,0.0,106,16,22,146.55468480659874,1,
coarse-f16-h6-u25,persistent,16,6,0.25,102,confirmation_coarse-f16-h6-u25_s102,4,5,37618,44473,446869441,520138721,73269280,1,0,,5045280,28836000,28836000,31098399,-0.07845744902205576,1,1,1,1,71249280,5,5,5,1.0,1.0,262926,hold,0,8,0,0,8,0,7,6,15216878.42857143,1,1314.8983349245623,73269280,102472000,1,persistent,1000.0,450.0,1450.0,150.0,146.2740466899432,1000.0,1314.8983349245623,0,1,314.8983349245624,0.0,106,16,22,135.10166507543772,1,
coarse-f16-h6-u25,persistent,16,6,0.25,102,confirmation_coarse-f16-h6-u25_s102,12,6,37844,40473,449482721,478754721,29272000,1,0,,1105280,38080000,38080000,40080000,-0.052521008403361345,1,1,1,1,28608000,2,2,2,1.0,1.0,262926,hold,1,7,1,0,15,0,8,6,12709132.121212121,1,1296.8902375006198,29272000,45230560,1,persistent,1000.0,450.0,1450.0,150.0,146.2740466899432,1000.0,1296.8902375006198,0,1,296.89023750061983,0.0,106,16,22,153.10976249938017,1,
coarse-f16-h6-u25,persistent,16,6,0.25,102,confirmation_coarse-f16-h6-u25_s102,11,8,38210,39519,453494881,468134561,14639680,1,0,,1038560,22617280,22617280,24104001,-0.06573385482250739,1,1,1,1,14307680,1,1,1,1.0,1.0,262926,hold,0,8,0,0,8,0,8,6,9636512.717948718,1,1303.973512442784,14639680,30194400,1,persistent,1000.0,450.0,1450.0,150.0,146.2740466899432,1000.0,1303.9735124427843,0,1,303.9735124427842,0.0,106,16,22,146.0264875572159,1,
coarse-f16-h6-u25,persistent,16,6,0.25,102,confirmation_coarse-f16-h6-u25_s102,10,2,38583,,457508161,,,0,1,hold_exit_before_slot_completion,1177600,15670240,15670240,,,,,,,0,0,1,1,1.0,0.0,262926,hold,0,2,0,0,2,0,8,6,9352626.142857144,1,1306.8721150114059,15338560,30469600,1,persistent,1000.0,450.0,1450.0,150.0,146.2740466899432,1000.0,1306.872115011406,0,1,306.8721150114061,0.0,106,16,22,143.12788498859413,0,round_censored
coarse-f16-h6-u25,persistent,16,6,0.25,102,confirmation_coarse-f16-h6-u25_s102,14,8,38740,41413,459138881,488573441,29434560,1,0,,3272960,19112480,19112480,24921441,-0.3039354913648046,1,1,1,1,28328160,2,2,2,1.0,1.0,262926,hold,0,8,0,0,8,0,8,7,10345295.458333334,1,1296.8691381309636,29434560,58432000,1,persistent,1000.0,450.0,1450.0,150.0,146.2740466899432,1000.0,1296.8691381309634,0,1,296.86913813096345,0.0,106,16,22,153.13086186903638,1,
coarse-f16-h6-u25,persistent,16,6,0.25,102,confirmation_coarse-f16-h6-u25_s102,15,7,38866,40157,460562721,475170721,14608000,1,0,,2164160,18673120,18673120,18668320,0.00025705398990634665,0,1,1,1,14276000,1,1,1,1.0,1.0,262926,hold,0,8,0,0,8,0,8,5,10979567.567567568,1,1301.3083765482136,14608000,30469600,1,persistent,1000.0,450.0,1450.0,150.0,146.2740466899432,1000.0,1301.3083765482136,0,1,301.30837654821363,0.0,106,16,22,148.69162345178643,1,
coarse-f16-h6-u25,persistent,16,6,0.25,102,confirmation_coarse-f16-h6-u25_s102,8,7,38977,41644,461794881,491045441,29250560,1,0,,1977120,21005120,21005120,24510720,-0.1668926433174388,1,1,1,1,28529280,2,2,2,1.0,1.0,262926,hold,0,8,0,0,8,0,8,7,8831772.518072288,1,1299.0120215796196,29250560,46405600,1,persistent,1000.0,450.0,1450.0,150.0,146.2740466899432,1000.0,1299.0120215796198,0,1,299.0120215796198,0.0,106,16,22,150.9879784203804,1,
coarse-f16-h6-u25,persistent,16,6,0.25,102,confirmation_coarse-f16-h6-u25_s102,5,7,39050,41749,462573601,492109601,29536000,1,0,,904000,47772000,47772000,47570720,0.004213346730302269,0,1,1,1,28632000,2,2,2,1.0,1.0,262926,hold,1,7,1,0,21,0,7,5,12083900.289855072,1,1300.186110700477,29536000,46405600,1,persistent,1000.0,450.0,1450.0,150.0,146.2740466899432,1000.0,1300.186110700477,0,1,300.18611070047695,0.0,106,16,22,149.813889299523,1,
coarse-f16-h6-u25,persistent,16,6,0.25,102,confirmation_coarse-f16-h6-u25_s102,11,9,39519,40921,468134561,483549441,15414880,1,0,,206239,24104001,24104001,26265440,-0.08967137862299292,1,1,1,1,14366720,1,1,1,1.0,1.0,262926,hold,0,8,0,0,8,0,8,6,11107145.2,1,1292.8617976421347,15414880,30469600,1,persistent,1000.0,450.0,1450.0,150.0,146.2740466899432,1000.0,1292.8617976421344,0,1,292.86179764213455,0.0,106,16,22,157.13820235786534,1,
coarse-f16-h6-u25,persistent,16,6,0.25,102,confirmation_coarse-f16-h6-u25_s102,9,7,39681,41123,469858721,485477281,15618560,1,0,,354880,46238400,46238400,48157120,-0.04149624554482854,1,1,1,1,15286560,1,1,1,1.0,1.0,262926,hold,1,7,1,0,15,0,7,6,16012343.470588235,1,1298.2468878488285,15618560,43787840,1,persistent,1000.0,450.0,1450.0,150.0,146.2740466899432,1000.0,1298.2468878488287,0,1,298.2468878488286,0.0,106,16,22,151.75311215117154,1,
coarse-f16-h6-u25,persistent,16,6,0.25,102,confirmation_coarse-f16-h6-u25_s102,6,5,39786,41141,471120161,485651840,14531679,1,0,,346721,15626719,15626719,14734400,0.05710213385164218,0,1,1,1,14199679,1,1,1,1.0,1.0,262926,hold,0,8,0,0,8,0,8,8,7989169.128205128,1,1294.3268238910587,14531679,31554560,1,persistent,1000.0,450.0,1450.0,150.0,146.2740466899432,1000.0,1294.3268238910587,0,1,294.3268238910586,0.0,106,16,22,155.67317610894133,1,
coarse-f16-h6-u25,persistent,16,6,0.25,102,confirmation_coarse-f16-h6-u25_s102,16,7,40042,,473842721,,,0,1,hold_exit_before_slot_completion,3568160,14934880,14934880,,,,,,,0,0,1,1,1.0,0.0,262926,hold,1,7,0,0,33,0,7,7,6794848.0,1,1296.6599024193679,14608000,31554560,1,persistent,1000.0,450.0,1450.0,150.0,146.2740466899432,1000.0,1296.6599024193679,0,1,296.65990241936794,0.0,106,16,22,153.34009758063212,0,round_censored
coarse-f16-h6-u25,persistent,16,6,0.25,102,confirmation_coarse-f16-h6-u25_s102,15,8,40157,41504,475170721,489525441,14354720,1,0,,2830560,18668320,18668320,22244000,-0.19153732098014176,1,1,1,1,14022720,1,1,1,1.0,1.0,262926,hold,0,8,0,0,8,0,8,5,11390134.634146342,1,1302.6532231391598,14354720,31554560,1,persistent,1000.0,450.0,1450.0,150.0,146.2740466899432,1000.0,1302.6532231391598,0,1,302.6532231391598,0.0,106,16,22,147.34677686084024,1,
coarse-f16-h6-u25,persistent,16,6,0.25,102,confirmation_coarse-f16-h6-u25_s102,12,7,40473,43260,478754721,507652161,28897440,1,0,,1625280,40080000,40080000,48549440,-0.211313373253493,1,1,1,1,28233440,2,2,2,1.0,1.0,262926,hold,1,7,1,0,31,0,7,6,13165470.588235294,1,1309.9576611624764,28897440,46144000,1,persistent,1000.0,450.0,1450.0,150.0,146.2740466899432,1000.0,1309.9576611624761,0,1,309.9576611624762,0.0,106,16,22,140.04233883752363,1,
coarse-f16-h6-u25,persistent,16,6,0.25,102,confirmation_coarse-f16-h6-u25_s102,11,10,40921,43722,483549441,512590881,29041440,1,0,,0,26265440,26265440,24515839,0.06661228595447097,0,0,1,1,28377440,2,2,2,1.0,1.0,262926,hold,1,7,1,0,18,0,8,6,12552286.078947369,1,1313.7239022402148,29041440,46144000,1,persistent,1000.0,450.0,1450.0,150.0,146.2740466899432,1000.0,1313.7239022402146,0,1,313.72390224021456,0.0,106,16,22,136.27609775978522,1,
coarse-f16-h6-u25,persistent,16,6,0.25,102,confirmation_coarse-f16-h6-u25_s102,9,8,41123,42653,485477281,501413281,15936000,1,0,,178880,48157120,48157120,51614560,-0.07179499106258846,1,1,1,1,15493120,1,1,1,1.0,1.0,262926,hold,1,7,1,0,25,0,7,6,11712907.823529411,1,1296.6125288249702,15936000,43794720,1,persistent,1000.0,450.0,1450.0,150.0,146.2740466899432,1000.0,1296.6125288249702,0,1,296.61252882497035,0.0,106,16,22,153.38747117502976,1,
coarse-f16-h6-u25,persistent,16,6,0.25,102,confirmation_coarse-f16-h6-u25_s102,6,6,41141,43946,485651840,514914881,29263041,1,0,,943840,14734400,14734400,23210720,-0.5752741882940602,1,1,1,1,28599041,2,2,2,1.0,1.0,262926,hold,1,7,1,0,23,0,8,8,9693044.518518519,1,1314.4003047791073,29263041,44752959,1,persistent,1000.0,450.0,1450.0,150.0,146.2740466899432,1000.0,1314.4003047791073,0,1,314.4003047791073,0.0,106,16,22,135.59969522089273,1,
coarse-f16-h6-u25,persistent,16,6,0.25,102,confirmation_coarse-f16-h6-u25_s102,14,9,41413,42836,488573441,503294881,14721440,1,0,,895839,24921441,24921441,20356000,0.1831932992959757,0,0,0,0,14248160,1,1,1,1.0,1.0,262926,hold,0,8,0,0,8,0,8,7,10801271.578947369,1,1297.6981285260006,14721440,30727839,1,persistent,1000.0,450.0,1450.0,150.0,146.2740466899432,1000.0,1297.6981285260008,0,1,297.69812852600074,0.0,106,16,22,152.30187147399943,1,
coarse-f16-h6-u25,persistent,16,6,0.25,102,confirmation_coarse-f16-h6-u25_s102,15,9,41504,42919,489525441,504133441,14608000,1,0,,3984000,22244000,22244000,26194561,-0.17760119582808848,1,1,1,1,14022720,1,1,1,1.0,1.0,262926,hold,0,8,0,0,8,0,8,5,9764644.514285713,1,1297.1614122617236,14608000,30727839,1,persistent,1000.0,450.0,1450.0,150.0,146.2740466899432,1000.0,1297.1614122617236,0,1,297.16141226172357,0.0,106,16,22,152.83858773827637,1,
coarse-f16-h6-u25,persistent,16,6,0.25,102,confirmation_coarse-f16-h6-u25_s102,8,8,41644,43060,491045441,505571840,14526399,1,0,,477440,24510720,24510720,21943680,0.10473131756227479,0,0,0,1,14194399,1,1,1,1.0,1.0,262926,hold,0,8,0,0,8,0,8,7,9304081.813953489,1,1309.837754968696,14526399,30727839,1,persistent,1000.0,450.0,1450.0,150.0,146.2740466899432,1000.0,1309.837754968696,0,1,309.8377549686958,0.0,106,16,22,140.1622450313041,1,
coarse-f16-h6-u25,persistent,16,6,0.25,102,confirmation_coarse-f16-h6-u25_s102,1,6,41677,43121,491422721,506190721,14768000,1,0,,4250560,28264000,28264000,32765280,-0.15925842060571752,1,1,1,1,14196000,1,1,1,1.0,1.0,262926,hold,0,8,0,0,8,0,8,7,15770532.57142857,1,1314.7928414860237,14768000,30727839,1,persistent,1000.0,450.0,1450.0,150.0,146.2740466899432,1000.0,1314.7928414860235,0,1,314.7928414860235,0.0,106,16,22,135.2071585139763,1,
coarse-f16-h6-u25,persistent,16,6,0.25,102,confirmation_coarse-f16-h6-u25_s102,5,8,41749,44654,492109601,521974560,29864959,1,0,,3577280,47570720,47570720,47532000,0.0008139460575749116,0,1,1,1,28720959,2,2,2,1.0,1.0,262926,hold,1,8,0,1,33,0,7,5,9543420.704225352,1,1329.9024167207501,29864959,59064000,1,persistent,1000.0,450.0,1450.0,150.0,146.2740466899432,1000.0,1329.9024167207506,0,1,329.9024167207505,0.0,106,16,22,120.09758327924987,1,
coarse-f16-h6-u25,persistent,16,6,0.25,102,confirmation_coarse-f16-h6-u25_s102,9,9,42653,45496,501413281,530371681,28958400,1,0,,1029119,51614560,51614560,55914880,-0.08331602555557967,1,1,1,1,28294400,2,2,2,1.0,1.0,262926,hold,1,7,1,0,24,0,7,5,14473481.710144928,1,1338.6767649916362,28958400,45804799,1,persistent,1000.0,450.0,1450.0,150.0,146.2740466899432,1000.0,1338.6767649916362,0,1,338.67676499163633,0.0,106,16,22,111.32323500836378,1,
coarse-f16-h6-u25,persistent,16,6,0.25,102,confirmation_coarse-f16-h6-u25_s102,14,10,42836,44247,503294881,517934560,14639679,1,0,,2298720,20356000,20356000,22069441,-0.08417375712320692,1,1,1,1,14302559,1,1,1,1.0,1.0,262926,hold,0,8,0,0,8,0,8,7,11163588.977272727,1,1335.2091228991485,14639679,30342239,1,persistent,1000.0,450.0,1450.0,150.0,146.2740466899432,1000.0,1335.2091228991487,0,1,335.2091228991487,0.0,106,16,22,114.7908771008515,1,
coarse-f16-h6-u25,persistent,16,6,0.25,102,confirmation_coarse-f16-h6-u25_s102,15,10,42919,44325,504133441,518667841,14534400,1,0,,105279,26194561,26194561,24236000,0.0747697585006292,0,0,1,1,14202400,1,1,1,1.0,1.0,262926,hold,0,8,0,0,8,0,8,5,10739874.285714285,1,1343.6317563194411,14534400,30342239,1,persistent,1000.0,450.0,1450.0,150.0,146.2740466899432,1000.0,1343.6317563194414,0,1,343.6317563194413,0.0,106,16,22,106.36824368055886,1,
coarse-f16-h6-u25,persistent,16,6,0.25,102,confirmation_coarse-f16-h6-u25_s102,8,9,43060,47342,505571840,549294721,43722881,1,0,,588160,21943680,21943680,16498881,0.24812606636626128,0,0,0,0,42726881,3,3,3,1.0,1.0,262926,hold,1,8,0,1,41,0,8,7,7705036.323076923,1,1354.5075007808452,43722881,60761120,1,persistent,1000.0,450.0,1450.0,150.0,146.2740466899432,1000.0,1354.5075007808452,0,1,354.50750078084513,0.0,106,16,22,95.49249921915475,1,
coarse-f16-h6-u25,persistent,16,6,0.25,102,confirmation_coarse-f16-h6-u25_s102,1,7,43121,44586,506190721,521262721,15072000,1,0,,3365280,32765280,32765280,30809280,0.05969733815795256,0,0,1,1,14380000,1,1,1,1.0,1.0,262926,hold,0,8,0,0,8,0,8,7,15505120.0,1,1343.9584432170598,15072000,30342239,1,persistent,1000.0,450.0,1450.0,150.0,146.2740466899432,1000.0,1343.9584432170595,0,1,343.9584432170596,0.0,106,16,22,106.04155678294023,1,
coarse-f16-h6-u25,persistent,16,6,0.25,102,confirmation_coarse-f16-h6-u25_s102,12,8,43260,46162,507652161,537164001,29511840,1,0,,3189280,48549440,48549440,47165440,0.02850702294403396,0,0,1,1,28487840,2,2,2,1.0,1.0,262926,hold,1,8,0,1,21,0,7,6,13234169.142857144,1,1347.8056064925902,29511840,45804799,1,persistent,1000.0,450.0,1450.0,150.0,146.2740466899432,1000.0,1347.8056064925902,0,1,347.8056064925903,0.0,106,16,22,102.19439350740981,1,
coarse-f16-h6-u25,persistent,16,6,0.25,102,confirmation_coarse-f16-h6-u25_s102,11,11,43722,45186,512590881,527198881,14608000,1,0,,2292321,24515839,24515839,17891201,0.27021869412668276,0,0,0,0,14276000,1,1,1,1.0,1.0,262926,hold,0,8,0,0,8,0,8,6,12214979.64864865,1,1342.5271795247631,14608000,30342239,1,persistent,1000.0,450.0,1450.0,150.0,146.2740466899432,1000.0,1342.5271795247631,0,1,342.527179524763,0.0,106,16,22,107.47282047523686,1,
coarse-f16-h6-u25,persistent,16,6,0.25,102,confirmation_coarse-f16-h6-u25_s102,7,6,43921,45386,514678721,529286721,14608000,1,0,,876000,14861280,14861280,17402400,-0.17098930913084204,1,1,1,1,14118560,1,1,1,1.0,1.0,262926,hold,0,8,0,0,8,0,8,6,10865168.372093024,1,1355.9184961878439,14608000,30342239,1,persistent,1000.0,450.0,1450.0,150.0,146.2740466899432,1000.0,1355.9184961878439,0,1,355.9184961878439,0.0,106,16,22,94.08150381215614,1,
coarse-f16-h6-u25,persistent,16,6,0.25,102,confirmation_coarse-f16-h6-u25_s102,6,7,43946,46817,514914881,544130881,29216000,1,0,,870239,23210720,23210720,11999041,0.4830388286102284,0,0,0,0,14223839,1,2,2,1.0,0.5,262926,hold,1,7,1,0,13,0,8,8,9232167.853658536,1,1358.6505277945182,29216000,45804799,1,persistent,1000.0,450.0,1450.0,150.0,146.2740466899432,1000.0,1358.6505277945184,0,1,358.65052779451844,0.0,106,16,22,91.34947220548179,1,
coarse-f16-h6-u25,persistent,16,6,0.25,102,confirmation_coarse-f16-h6-u25_s102,16,8,44232,47098,517666721,546882721,29216000,1,0,,1903040,23904000,23904000,19256000,0.19444444444444445,0,0,0,0,28546880,2,2,2,1.0,1.0,262926,hold,1,8,0,1,59,0,8,8,7387440.898876404,1,1363.7057365426067,29216000,45100481,1,persistent,1000.0,450.0,1450.0,150.0,146.2740466899432,1000.0,1363.7057365426067,0,1,363.70573654260676,0.0,106,16,22,86.2942634573933,1,
coarse-f16-h6-u25,persistent,16,6,0.25,102,confirmation_coarse-f16-h6-u25_s102,14,11,44247,45698,517934560,532510881,14576321,1,0,,2134880,22069441,22069441,22040320,0.0013195168830964046,0,1,1,1,14244321,1,1,1,1.0,1.0,262926,hold,0,8,0,0,8,0,8,7,8965326.590909092,1,1354.5959461680734,14576321,30402560,1,persistent,1000.0,450.0,1450.0,150.0,146.2740466899432,1000.0,1354.5959461680734,0,1,354.5959461680735,0.0,106,16,22,95.4040538319266,1,
coarse-f16-h6-u25,persistent,16,6,0.25,102,confirmation_coarse-f16-h6-u25_s102,15,11,44325,47200,518667841,547893280,29225439,1,0,,332000,24236000,24236000,13533280,0.4416042251196567,0,0,0,0,14133440,1,2,2,1.0,0.5,262926,hold,1,8,0,1,27,0,8,5,9557275.56,1,1358.218887054085,29225439,45632001,1,persistent,1000.0,450.0,1450.0,150.0,146.2740466899432,1000.0,1358.218887054085,0,1,358.2188870540848,0.0,106,16,22,91.78111294591508,1,
coarse-f16-h6-u25,persistent,16,6,0.25,102,confirmation_coarse-f16-h6-u25_s102,4,6,44473,47376,520138721,549702721,29564000,1,0,,2826881,31098399,31098399,27494881,0.11587471110651067,0,0,0,1,28540000,2,2,2,1.0,1.0,262926,hold,1,7,1,0,21,0,8,6,15021068.411764706,1,1363.8780179884034,29564000,45632001,1,persistent,1000.0,450.0,1450.0,150.0,146.2740466899432,1000.0,1363.8780179884034,0,1,363.8780179884034,0.0,106,16,22,86.12198201159663,1,
coarse-f16-h6-u25,persistent,16,6,0.25,102,confirmation_coarse-f16-h6-u25_s102,1,8,44586,47461,521262721,550558721,29296000,1,0,,4813280,30809280,30809280,27792000,0.09793412893777459,0,0,0,1,28392000,2,2,2,1.0,1.0,262926,hold,1,7,1,0,20,0,8,7,13341421.420289855,1,1363.6043979023862,29296000,45632001,1,persistent,1000.0,450.0,1450.0,150.0,146.2740466899432,1000.0,1363.6043979023862,0,1,363.60439790238615,0.0,106,16,22,86.39560209761385,1,
coarse-f16-h6-u25,persistent,16,6,0.25,102,confirmation_coarse-f16-h6-u25_s102,5,9,44654,47534,521974560,551376321,29401761,1,0,,2554400,47532000,47532000,60670720,-0.2764184128587057,1,1,1,1,28737761,2,2,2,1.0,1.0,262926,hold,1,7,1,0,23,0,8,6,15326819.527027028,1,1363.2396013509951,29401761,45632001,1,persistent,1000.0,450.0,1450.0,150.0,146.2740466899432,1000.0,1363.2396013509951,0,1,363.2396013509951,0.0,106,16,22,86.76039864900486,1,
coarse-f16-h6-u25,persistent,16,6,0.25,102,confirmation_coarse-f16-h6-u25_s102,11,12,45186,48034,527198881,556414881,29216000,1,0,,3989120,17891201,17891201,15604000,0.12783943347347113,0,0,0,1,28552000,2,2,2,1.0,1.0,262926,hold,1,7,1,0,17,0,7,5,8855958.376470588,1,1362.7418842485215,29216000,45632001,1,persistent,1000.0,450.0,1450.0,150.0,146.2740466899432,1000.0,1362.7418842485213,0,1,362.7418842485212,0.0,106,16,22,87.2581157514785,1,
coarse-f16-h6-u25,persistent,16,6,0.25,102,confirmation_coarse-f16-h6-u25_s102,7,7,45386,,529286721,,,0,1,hold_exit_before_slot_completion,0,17402400,17402400,,,,,,,0,0,1,1,1.0,0.0,262926,hold,1,6,0,0,6,0,8,6,9694483.8,1,1362.098200162222,14622559,30402560,1,persistent,1000.0,450.0,1450.0,150.0,146.2740466899432,1000.0,1362.0982001622217,0,1,362.09820016222164,0.0,106,16,22,87.90179983777807,0,round_censored
coarse-f16-h6-u25,persistent,16,6,0.25,102,confirmation_coarse-f16-h6-u25_s102,9,10,45496,48329,530371681,559587681,29216000,1,0,,122560,55914880,55914880,56513440,-0.010704842789611639,1,1,1,1,28533601,2,2,2,1.0,1.0,262926,hold,1,7,1,0,16,0,7,6,16683949.06060606,1,1358.38411773247,29216000,45632001,1,persistent,1000.0,450.0,1450.0,150.0,146.2740466899432,1000.0,1358.3841177324698,0,1,358.3841177324698,0.0,106,16,22,91.61588226752997,1,
coarse-f16-h6-u25,persistent,16,6,0.25,102,confirmation_coarse-f16-h6-u25_s102,14,12,45698,47139,532510881,547278721,14767840,1,0,,616959,22040320,22040320,14961439,0.3211786852459492,0,0,0,0,14435840,1,1,1,1.0,1.0,262926,hold,0,8,0,0,8,0,7,6,7419254.133333334,1,1366.9604676704228,14767840,30160481,1,persistent,1000.0,450.0,1450.0,150.0,146.2740466899432,1000.0,1366.9604676704225,0,1,366.9604676704225,0.0,106,16,22,83.03953232957724,1,
coarse-f16-h6-u25,persistent,16,6,0.25,102,confirmation_coarse-f16-h6-u25_s102,12,9,46162,47577,537164001,551716161,14552160,1,0,,5357280,47165440,47165440,48701440,-0.03256621797655232,1,1,1,1,14104000,1,1,1,1.0,1.0,262926,hold,0,8,0,0,8,0,7,6,13353632.94117647,1,1358.1770463083533,14552160,31230400,1,persistent,1000.0,450.0,1450.0,150.0,146.2740466899432,1000.0,1358.177046308353,0,1,358.177046308353,0.0,106,16,22,91.82295369164672,1,
coarse-f16-h6-u25,persistent,16,6,0.25,102,confirmation_coarse-f16-h6-u25_s102,16,9,47098,,546882721,,,0,1,hold_exit_before_slot_completion,3895040,19256000,19256000,,,,,,,0,0,1,1,1.0,0.0,262926,hold,1,7,0,0,28,0,6,6,6875662.222222222,1,1364.9362716086464,14608000,31230400,1,persistent,1000.0,450.0,1450.0,150.0,146.2740466899432,1000.0,1364.9362716086462,0,1,364.9362716086463,0.0,106,16,22,85.0637283913536,0,round_censored
coarse-f16-h6-u25,persistent,16,6,0.25,102,confirmation_coarse-f16-h6-u25_s102,14,13,47139,48525,547278721,561726881,14448160,1,0,,1222721,14961439,14961439,12749281,0.1478573016940416,0,0,0,1,0,0,1,1,1.0,0.0,262926,hold,0,8,0,0,8,0,8,7,7573522.153846154,1,1359.073530734942,14448160,31230400,1,persistent,1000.0,450.0,1450.0,150.0,146.2740466899432,1000.0,1359.073530734942,0,1,359.07353073494204,0.0,106,16,22,90.9264692650579,1,
coarse-f16-h6-u25,persistent,16,6,0.25,102,confirmation_coarse-f16-h6-u25_s102,8,10,47342,,549294721,,,0,1,hold_exit_before_slot_completion,917280,16498881,16498881,,,,,,,0,0,1,1,1.0,0.0,262926,hold,1,7,0,0,21,0,8,7,6615544.888888889,1,1366.8582319507009,14608000,30608161,1,persistent,1000.0,450.0,1450.0,150.0,146.2740466899432,1000.0,1366.8582319507009,0,1,366.858231950701,0.0,106,16,22,83.14176804929912,0,round_censored
coarse-f16-h6-u25,persistent,16,6,0.25,102,confirmation_coarse-f16-h6-u25_s102,4,7,47376,51683,549702721,594306721,44604000,1,0,,5893280,27494881,27494881,25251041,0.08160937303202004,0,0,0,1,43248000,3,3,3,1.0,1.0,262926,hold,0,8,0,0,8,0,8,6,14887477.13402062,1,1336.6381465576058,44604000,60378881,1,persistent,1000.0,450.0,1450.0,150.0,146.2740466899432,1000.0,1336.6381465576058,0,1,336.63814655760575,0.0,106,16,22,113.36185344239425,1,
coarse-f16-h6-u25,persistent,16,6,0.25,102,confirmation_coarse-f16-h6-u25_s102,1,9,47461,50305,550558721,580326721,29768000,1,0,,3937280,27792000,27792000,16852000,0.3936384571099597,0,0,0,0,28864000,2,2,2,1.0,1.0,262926,hold,0,8,0,0,8,0,7,6,14890619.092307692,1,1334.1426518664512,29768000,45548161,1,persistent,1000.0,450.0,1450.0,150.0,146.2740466899432,1000.0,1334.1426518664514,0,1,334.1426518664513,0.0,106,16,22,115.85734813354884,1,
coarse-f16-h6-u25,persistent,16,6,0.25,102,confirmation_coarse-f16-h6-u25_s102,5,10,47534,50394,551376321,581172321,29796000,1,0,,3649280,60670720,60670720,48601600,0.1989282474313804,0,0,0,0,29012000,2,2,2,1.0,1.0,262926,hold,0,8,0,0,8,0,7,5,11436630.015625,1,1330.3777485294188,29796000,58477119,1,persistent,1000.0,450.0,1450.0,150.0,146.2740466899432,1000.0,1330.377748529419,0,1,330.377748529419,0.0,106,16,22,119.6222514705812,1,
coarse-f16-h6-u25,persistent,16,6,0.25,102,confirmation_coarse-f16-h6-u25_s102,12,10,47577,50373,551716161,581021120,29304959,1,0,,4693280,48701440,48701440,51460959,-0.056661959071436084,1,1,1,1,28160959,2,2,2,1.0,1.0,262926,hold,1,8,0,1,22,0,7,6,14306892.774193548,1,1326.2466038147195,29304959,45548161,1,persistent,1000.0,450.0,1450.0,150.0,146.2740466899432,1000.0,1326.2466038147195,0,1,326.24660381471955,0.0,106,16,22,123.75339618528051,1,
coarse-f16-h6-u25,persistent,16,6,0.25,102,confirmation_coarse-f16-h6-u25_s102,11,13,48034,,556414881,,,0,1,hold_exit_before_slot_completion,1197119,15604000,15604000,,,,,,,0,0,1,1,1.0,0.0,262926,hold,1,7,0,0,21,0,7,5,6954940.15,1,1337.3942466469878,14498560,30608161,1,persistent,1000.0,450.0,1450.0,150.0,146.2740466899432,1000.0,1337.3942466469878,0,1,337.39424664698777,0.0,106,16,22,112.60575335301223,0,round_censored
coarse-f16-h6-u25,persistent,16,6,0.25,102,confirmation_coarse-f16-h6-u25_s102,9,11,48329,49723,559587681,574174721,14587040,1,0,,4569280,56513440,56513440,58279520,-0.03125061932170471,1,1,1,1,14255040,1,1,1,1.0,1.0,262926,hold,1,7,1,0,9,0,8,6,16867608.740740743,1,1317.413657261861,14587040,30608161,1,persistent,1000.0,450.0,1450.0,150.0,146.2740466899432,1000.0,1317.413657261861,0,1,317.41365726186115,0.0,106,16,22,132.5863427381389,1,
coarse-f16-h6-u25,persistent,16,6,0.25,102,confirmation_coarse-f16-h6-u25_s102,10,3,48632,,562823841,,,0,1,hold_exit_before_slot_completion,2530399,16393601,16393601,,,,,,,0,0,1,1,1.0,0.0,262926,hold,0,2,0,0,2,0,5,5,11882024.85,1,1316.6199732106832,15266880,29912000,1,persistent,1000.0,450.0,1450.0,150.0,146.2740466899432,1000.0,1316.6199732106832,0,1,316.6199732106831,0.0,106,16,22,133.38002678931684,0,round_censored
coarse-f16-h6-u25,persistent,16,6,0.25,102,confirmation_coarse-f16-h6-u25_s102,6,8,49642,53928,573346881,617502881,44156000,1,0,,1576160,14608000,14608000,27240640,-0.864775465498357,1,1,1,1,43160000,3,3,3,1.0,1.0,262926,hold,1,8,0,1,39,0,8,8,8972700.50420168,1,1325.9982809706325,44156000,59601600,1,persistent,1000.0,450.0,1450.0,150.0,146.2740466899432,1000.0,1325.9982809706325,0,1,325.99828097063255,0.0,106,16,22,124.00171902936745,1,
coarse-f16-h6-u25,persistent,16,6,0.25,102,confirmation_coarse-f16-h6-u25_s102,9,12,49723,51114,574174721,588793441,14618720,1,0,,232320,58279520,58279520,58821600,-0.009301380656532517,1,1,1,1,14286720,1,1,1,1.0,1.0,262926,hold,0,8,0,0,8,0,7,6,11879366.333333334,1,1306.207202830694,14618720,30206880,1,persistent,1000.0,450.0,1450.0,150.0,146.2740466899432,1000.0,1306.207202830694,0,1,306.2072028306941,0.0,106,16,22,143.7927971693059,1,
coarse-f16-h6-u25,persistent,16,6,0.25,102,confirmation_coarse-f16-h6-u25_s102,1,10,50305,51782,580326721,595122721,14796000,1,0,,4593280,16852000,16852000,22204000,-0.317588416805127,1,1,1,1,14344000,1,1,1,1.0,1.0,262926,hold,0,8,0,0,8,0,7,7,13172310.61764706,1,1315.418165510468,14796000,29888000,1,persistent,1000.0,450.0,1450.0,150.0,146.2740466899432,1000.0,1315.4181655104683,0,1,315.4181655104683,0.0,106,16,22,134.58183448953196,1,
coarse-f16-h6-u25,persistent,16,6,0.25,102,confirmation_coarse-f16-h6-u25_s102,12,11,50373,53256,581021120,610381120,29360000,1,0,,1373280,51460959,51460959,56432959,-0.09661693245942035,1,1,1,1,28576000,2,2,2,1.0,1.0,262926,hold,1,7,1,0,48,0,7,5,11058685.633802816,1,1329.2813642807835,29360000,44656000,1,persistent,1000.0,450.0,1450.0,150.0,146.2740466899432,1000.0,1329.2813642807832,0,1,329.2813642807833,0.0,106,16,22,120.71863571921654,1,
coarse-f16-h6-u25,persistent,16,6,0.25,102,confirmation_coarse-f16-h6-u25_s102,5,11,50394,53288,581172321,610710561,29538240,1,0,,3929280,48601600,48601600,54220000,-0.115601132473005,1,1,1,1,28874240,2,2,2,1.0,1.0,262926,hold,1,7,1,0,29,0,7,5,14219890.046875,1,1331.0868236018387,29538240,44656000,1,persistent,1000.0,450.0,1450.0,150.0,146.2740466899432,1000.0,1331.0868236018387,0,1,331.08682360183866,0.0,106,16,22,118.91317639816134,1,
coarse-f16-h6-u25,persistent,16,6,0.25,102,confirmation_coarse-f16-h6-u25_s102,11,14,50776,52216,585298881,599938881,14640000,1,0,,1466720,21076000,21076000,27197120,-0.29043082178781554,1,1,1,1,14308000,1,1,1,1.0,1.0,262926,hold,0,8,0,0,8,0,8,6,8839020.487804879,1,1324.0740311385364,14640000,29865441,1,persistent,1000.0,450.0,1450.0,150.0,146.2740466899432,1000.0,1324.0740311385366,0,1,324.07403113853655,0.0,106,16,22,125.92596886146362,1,
coarse-f16-h6-u25,persistent,16,6,0.25,102,confirmation_coarse-f16-h6-u25_s102,7,8,51016,53909,587797441,617350561,29553120,1,0,,599839,16506721,16506721,22750560,-0.3782604067761247,1,1,1,1,28557120,2,2,2,1.0,1.0,262926,hold,1,7,1,0,15,0,7,6,10941007.935064934,1,1328.8782795764353,29553120,44656000,1,persistent,1000.0,450.0,1450.0,150.0,146.2740466899432,1000.0,1328.8782795764353,0,1,328.87827957643526,0.0,106,16,22,121.12172042356474,1,
coarse-f16-h6-u25,persistent,16,6,0.25,102,confirmation_coarse-f16-h6-u25_s102,9,13,51114,52549,588793441,603322721,14529280,1,0,,249120,58821600,58821600,56064000,0.04688073768819617,0,0,0,1,14197280,1,1,1,1.0,1.0,262926,hold,1,7,1,0,24,0,8,6,11231879.5625,1,1340.3494205687234,14529280,29865441,1,persistent,1000.0,450.0,1450.0,150.0,146.2740466899432,1000.0,1340.3494205687234,0,1,340.3494205687235,0.0,106,16,22,109.65057943127658,1,
coarse-f16-h6-u25,persistent,16,6,0.25,102,confirmation_coarse-f16-h6-u25_s102,16,10,51318,52744,590744161,605314721,14570560,1,0,,1903040,14313440,14313440,14853920,-0.0377603147810729,1,1,1,1,14238560,1,1,1,1.0,1.0,262926,hold,0,8,0,0,8,0,8,8,7886360.0,1,1335.385369075878,14570560,29865441,1,persistent,1000.0,450.0,1450.0,150.0,146.2740466899432,1000.0,1335.385369075878,0,1,335.38536907587803,0.0,106,16,22,114.61463092412191,1,
coarse-f16-h6-u25,persistent,16,6,0.25,102,confirmation_coarse-f16-h6-u25_s102,14,14,51367,54202,591274881,620254721,28979840,1,0,,349120,23316320,23316320,28878880,-0.23856937973059214,1,1,1,1,28283840,2,2,2,1.0,1.0,262926,hold,1,7,1,0,24,0,8,7,10364816.964705883,1,1339.0652047056121,28979840,44811840,1,persistent,1000.0,450.0,1450.0,150.0,146.2740466899432,1000.0,1339.0652047056121,0,1,339.0652047056122,0.0,106,16,22,110.93479529438787,1,
coarse-f16-h6-u25,persistent,16,6,0.25,102,confirmation_coarse-f16-h6-u25_s102,10,4,51551,55783,593030721,636842721,43812000,1,0,,664000,15520160,15520160,16177280,-0.04233976969309595,1,1,1,1,42816000,3,3,3,1.0,1.0,262926,hold,0,8,0,0,8,0,7,6,11066767.472527472,1,1347.3943037025515,43812000,59794399,1,persistent,1000.0,450.0,1450.0,150.0,146.2740466899432,1000.0,1347.3943037025515,0,1,347.39430370255155,0.0,106,16,22,102.6056962974485,1,
coarse-f16-h6-u25,persistent,16,6,0.25,102,confirmation_coarse-f16-h6-u25_s102,4,8,51683,53097,594306721,608798721,14492000,1,0,,1442560,25251041,25251041,20602240,0.18410334053158442,0,0,0,0,14160000,1,1,1,1.0,1.0,262926,hold,0,8,0,0,8,0,6,6,15581760.0625,1,1337.954013419371,14492000,29712000,1,persistent,1000.0,450.0,1450.0,150.0,146.2740466899432,1000.0,1337.954013419371,0,1,337.95401341937094,0.0,106,16,22,112.045986580629,1,
coarse-f16-h6-u25,persistent,16,6,0.25,102,confirmation_coarse-f16-h6-u25_s102,1,11,51782,,595122721,,,0,1,hold_exit_before_slot_completion,4721280,22204000,22204000,,,,,,,43038720,3,4,4,1.0,0.75,262926,hold,1,7,0,1,8,0,7,6,13726914.11764706,1,1349.145595218721,59126720,74644000,1,persistent,1000.0,450.0,1450.0,150.0,146.2740466899432,1000.0,1349.145595218721,0,1,349.145595218721,0.0,106,16,22,100.85440478127907,0,round_censored
coarse-f16-h6-u25,persistent,16,6,0.25,102,confirmation_coarse-f16-h6-u25_s102,11,15,52216,55059,599938881,629122881,29184000,1,0,,1608160,27197120,27197120,8632000,0.6826134531891612,0,0,0,0,14276000,1,2,2,1.0,0.5,262926,hold,1,8,0,1,19,0,8,6,9322698.795180723,1,1343.3997202306584,29184000,44811840,1,persistent,1000.0,450.0,1450.0,150.0,146.2740466899432,1000.0,1343.3997202306587,0,1,343.3997202306586,0.0,106,16,22,106.60027976934157,1,
coarse-f16-h6-u25,persistent,16,6,0.25,102,confirmation_coarse-f16-h6-u25_s102,9,14,52549,55388,603322721,632586721,29264000,1,0,,0,56064000,56064000,57921761,-0.03313643336187214,1,1,1,1,28285601,2,2,2,1.0,1.0,262926,hold,1,7,1,0,24,0,8,6,18252637.53030303,1,1348.8795579314096,29264000,44811840,1,persistent,1000.0,450.0,1450.0,150.0,146.2740466899432,1000.0,1348.8795579314099,0,1,348.87955793140986,0.0,106,16,22,101.12044206859036,1,
coarse-f16-h6-u25,persistent,16,6,0.25,102,confirmation_coarse-f16-h6-u25_s102,2,3,52605,,603878721,,,0,1,hold_exit_before_slot_completion,6269280,14832000,14832000,,,,,,,0,0,1,1,1.0,0.0,262926,hold,0,0,0,0,0,0,8,7,14315301.4,1,1343.4214321471538,14548000,29564000,1,persistent,1000.0,450.0,1450.0,150.0,146.2740466899432,1000.0,1343.4214321471538,0,1,343.4214321471538,0.0,106,16,22,106.57856785284616,0,round_censored
coarse-f16-h6-u25,persistent,16,6,0.25,102,confirmation_coarse-f16-h6-u25_s102,16,11,52744,54167,605314721,619922721,14608000,1,0,,2909280,14853920,14853920,12948000,0.12831091052058985,0,0,1,1,0,0,1,1,1.0,0.0,262926,hold,0,8,0,0,8,0,7,7,7291697.8,1,1341.9732704255914,14608000,30212000,1,persistent,1000.0,450.0,1450.0,150.0,146.2740466899432,1000.0,1341.9732704255912,0,1,341.97327042559124,0.0,106,16,22,108.02672957440859,1,
coarse-f16-h6-u25,persistent,16,6,0.25,102,confirmation_coarse-f16-h6-u25_s102,15,12,52903,,606974721,,,0,1,hold_exit_before_slot_completion,2230721,15286559,15286559,,,,,,,0,0,1,1,1.0,0.0,262926,hold,1,7,0,0,14,0,8,5,9170444.725,1,1343.0747028721669,14608000,30212000,1,persistent,1000.0,450.0,1450.0,150.0,146.2740466899432,1000.0,1343.0747028721667,0,1,343.0747028721667,0.0,106,16,22,106.92529712783312,0,round_censored
coarse-f16-h6-u25,persistent,16,6,0.25,102,confirmation_coarse-f16-h6-u25_s102,8,11,52981,55802,607726721,636942721,29216000,1,0,,912160,17264000,17264000,13612000,0.21153846153846154,0,0,0,1,14276000,1,2,2,1.0,0.5,262926,hold,1,7,1,0,35,0,7,6,6851007.640449438,1,1353.5121672279588,29216000,58420000,1,persistent,1000.0,450.0,1450.0,150.0,146.2740466899432,1000.0,1353.5121672279588,0,1,353.5121672279588,0.0,106,16,22,96.4878327720412,1,
coarse-f16-h6-u25,persistent,16,6,0.25,102,confirmation_coarse-f16-h6-u25_s102,4,9,53097,60104,608798721,682538721,73740000,1,0,,3975040,20602240,20602240,20708000,-0.005133422385138703,1,1,1,1,71360000,5,5,5,1.0,1.0,262926,hold,0,8,0,0,8,0,7,5,14644498.313253012,1,1337.1907902092485,73740000,89102720,1,persistent,1000.0,450.0,1450.0,150.0,146.2740466899432,1000.0,1337.1907902092485,0,1,337.1907902092484,0.0,106,16,22,112.80920979075154,1,
coarse-f16-h6-u25,persistent,16,6,0.25,102,confirmation_coarse-f16-h6-u25_s102,12,12,53256,56078,610381120,639777120,29396000,1,0,,3189280,56432959,56432959,50528959,0.10461971345503963,0,0,0,0,28612000,2,2,2,1.0,1.0,262926,hold,1,7,1,0,32,0,8,6,16103461.418918919,1,1352.8778714659466,29396000,45194559,1,persistent,1000.0,450.0,1450.0,150.0,146.2740466899432,1000.0,1352.8778714659466,0,1,352.8778714659465,0.0,106,16,22,97.12212853405345,1,
coarse-f16-h6-u25,persistent,16,6,0.25,102,confirmation_coarse-f16-h6-u25_s102,5,12,53288,56108,610710561,640050561,29340000,1,0,,1521280,54220000,54220000,58992000,-0.08801180376244928,1,1,1,1,28436000,2,2,2,1.0,1.0,262926,hold,0,8,0,0,8,0,8,6,19570785.573770493,1,1345.3923622800517,29340000,45194559,1,persistent,1000.0,450.0,1450.0,150.0,146.2740466899432,1000.0,1345.3923622800517,0,1,345.39236228005166,0.0,106,16,22,104.60763771994834,1,
coarse-f16-h6-u25,persistent,16,6,0.25,102,confirmation_coarse-f16-h6-u25_s102,7,9,53909,55310,617350561,631874721,14524160,1,0,,2988000,22750560,22750560,16093440,0.2926134565478828,0,0,0,0,14197280,1,1,1,1.0,1.0,262926,hold,0,8,0,0,8,0,8,6,9965645.785714285,1,1337.2982162359613,14524160,30212000,1,persistent,1000.0,450.0,1450.0,150.0,146.2740466899432,1000.0,1337.298216235961,0,1,337.29821623596104,0.0,106,16,22,112.70178376403874,1,
coarse-f16-h6-u25,persistent,16,6,0.25,102,confirmation_coarse-f16-h6-u25_s102,6,9,53928,,617502881,,,0,1,hold_exit_before_slot_completion,1249280,27240640,27240640,,,,,,,0,0,1,1,1.0,0.0,262926,hold,1,7,0,0,19,0,8,8,8715159.069767442,1,1341.1254432236492,14608000,30212000,1,persistent,1000.0,450.0,1450.0,150.0,146.2740466899432,1000.0,1341.125443223649,0,1,341.12544322364903,0.0,106,16,22,108.8745567763508,0,round_censored
coarse-f16-h6-u25,persistent,16,6,0.25,102,confirmation_coarse-f16-h6-u25_s102,14,15,54202,55590,620254721,634862721,14608000,1,0,,1586400,28878880,28878880,12768000,0.5578775908206967,0,0,0,0,0,0,1,1,1.0,0.0,262926,hold,0,8,0,0,8,0,8,7,7343210.666666667,1,1356.5302510025704,14608000,30586559,1,persistent,1000.0,450.0,1450.0,150.0,146.2740466899432,1000.0,1356.53025100257,0,1,356.5302510025699,0.0,106,16,22,93.46974899742963,1,
coarse-f16-h6-u25,persistent,16,6,0.25,102,confirmation_coarse-f16-h6-u25_s102,7,10,55310,56743,631874721,646497280,14622559,1,0,,2830560,16093440,16093440,10961120,0.3189075797343514,0,0,0,0,0,0,1,1,1.0,0.0,262926,hold,0,8,0,0,8,0,8,6,8204940.7441860465,1,1346.3463399102939,14622559,30586559,1,persistent,1000.0,450.0,1450.0,150.0,146.2740466899432,1000.0,1346.3463399102936,0,1,346.3463399102937,0.0,106,16,22,103.65366008970614,1,
coarse-f16-h6-u25,persistent,16,6,0.25,102,confirmation_coarse-f16-h6-u25_s102,9,15,55388,58203,632586721,661580161,28993440,1,0,,139840,57921761,57921761,58998560,-0.018590577727773158,1,1,1,1,28329440,2,2,2,1.0,1.0,262926,hold,1,7,1,0,13,0,7,6,16444756.814285714,1,1350.8683090358631,28993440,45140160,1,persistent,1000.0,450.0,1450.0,150.0,146.2740466899432,1000.0,1350.868309035863,0,1,350.86830903586286,0.0,106,16,22,99.13169096413685,1,
coarse-f16-h6-u25,persistent,16,6,0.25,102,confirmation_coarse-f16-h6-u25_s102,10,5,55783,57210,636842721,651450721,14608000,1,0,,1440000,16177280,16177280,12284000,0.2406634489852435,0,0,0,1,0,0,1,1,1.0,0.0,262926,hold,0,8,0,0,8,0,8,6,9068745.142857144,1,1367.084530452523,14608000,29988000,1,persistent,1000.0,450.0,1450.0,150.0,146.2740466899432,1000.0,1367.084530452523,0,1,367.084530452523,0.0,106,16,22,82.91546954747696,1,
coarse-f16-h6-u25,persistent,16,6,0.25,102,confirmation_coarse-f16-h6-u25_s102,12,13,56078,57524,639777120,654777120,15000000,1,0,,5605280,50528959,50528959,49924959,0.011953541334583996,0,1,1,1,14428000,1,1,1,1.0,1.0,262926,hold,0,8,0,0,8,0,6,5,13466368.935483871,1,1357.098347846997,15000000,44332160,1,persistent,1000.0,450.0,1450.0,150.0,146.2740466899432,1000.0,1357.098347846997,0,1,357.09834784699717,0.0,106,16,22,92.90165215300294,1,
coarse-f16-h6-u25,persistent,16,6,0.25,102,confirmation_coarse-f16-h6-u25_s102,5,13,56108,60266,640050561,684237281,44186720,1,0,,4359520,58992000,58992000,47956160,0.1870735014917277,0,0,0,0,42950720,3,3,3,1.0,1.0,262926,hold,1,8,0,1,26,0,7,5,14924432.842105264,1,1335.5264612100436,44186720,59922720,1,persistent,1000.0,450.0,1450.0,150.0,146.2740466899432,1000.0,1335.5264612100439,0,1,335.5264612100438,0.0,106,16,22,114.47353878995636,1,
coarse-f16-h6-u25,persistent,16,6,0.25,102,confirmation_coarse-f16-h6-u25_s102,11,16,56476,57876,643730881,658338881,14608000,1,0,,216160,16600000,16600000,18779840,-0.1313156626506024,1,1,1,1,14276000,1,1,1,1.0,1.0,262926,hold,0,8,0,0,8,0,8,6,11303328.0,1,1349.6821831243594,14608000,30120000,1,persistent,1000.0,450.0,1450.0,150.0,146.2740466899432,1000.0,1349.6821831243594,0,1,349.6821831243594,0.0,106,16,22,100.31781687564057,1,
coarse-f16-h6-u25,persistent,16,6,0.25,102,confirmation_coarse-f16-h6-u25_s102,2,4,56868,,647778721,,,0,1,hold_exit_before_slot_completion,9905280,14068000,14068000,,,,,,,28540000,2,3,3,1.0,0.6666666666666666,262926,hold,0,0,0,0,0,0,8,7,13751666.918367347,1,1330.880436071138,44207679,59922720,1,persistent,1000.0,450.0,1450.0,150.0,146.2740466899432,1000.0,1330.8804360711383,0,1,330.8804360711384,0.0,106,16,22,119.11956392886191,0,round_censored
coarse-f16-h6-u25,persistent,16,6,0.25,102,confirmation_coarse-f16-h6-u25_s102,3,5,57010,58396,649265120,663818721,14553601,1,0,,2577280,60092000,60092000,57381441,0.04510681954336684,0,0,0,1,14221601,1,1,1,1.0,1.0,262926,hold,0,8,0,0,8,0,7,7,9032271.166666666,1,1336.8523939346896,14553601,30120000,1,persistent,1000.0,450.0,1450.0,150.0,146.2740466899432,1000.0,1336.8523939346896,0,1,336.8523939346897,0.0,106,16,22,113.14760606531036,1,
coarse-f16-h6-u25,persistent,16,6,0.25,102,confirmation_coarse-f16-h6-u25_s102,14,16,57023,58399,649374881,663822721,14447840,1,0,,580160,15272000,15272000,16167040,-0.058606600314300684,1,1,1,1,14115840,1,1,1,1.0,1.0,262926,hold,0,8,0,0,8,0,8,7,8755238.095238095,1,1329.7505439928955,14447840,30120000,1,persistent,1000.0,450.0,1450.0,150.0,146.2740466899432,1000.0,1329.7505439928955,0,1,329.7505439928955,0.0,106,16,22,120.24945600710453,1,
coarse-f16-h6-u25,persistent,16,6,0.25,102,confirmation_coarse-f16-h6-u25_s102,15,13,57152,58575,650813280,665753280,14940000,1,0,,2498560,14032159,14032159,20517280,-0.46216131102847396,1,1,1,1,14276000,1,1,1,1.0,1.0,262926,hold,0,8,0,0,8,0,8,5,8763729.023255814,1,1327.76304479646,14940000,30120000,1,persistent,1000.0,450.0,1450.0,150.0,146.2740466899432,1000.0,1327.76304479646,0,1,327.76304479646006,0.0,106,16,22,122.23695520353999,1,
coarse-f16-h6-u25,persistent,16,6,0.25,102,confirmation_coarse-f16-h6-u25_s102,8,12,57225,59939,651550721,680766721,29216000,1,0,,1576160,15936960,15936960,18260000,-0.14576431138686424,1,1,1,1,28552000,2,2,2,1.0,1.0,262926,hold,1,7,1,0,38,0,8,7,6835935.2808988765,1,1323.7838133546074,29216000,44648000,1,persistent,1000.0,450.0,1450.0,150.0,146.2740466899432,1000.0,1323.7838133546074,0,1,323.78381335460745,0.0,106,16,22,126.21618664539255,1,
coarse-f16-h6-u25,persistent,16,6,0.25,102,confirmation_coarse-f16-h6-u25_s102,12,14,57524,58974,654777120,669897120,15120000,1,0,,5229280,49924959,49924959,50556000,-0.012639790049702395,1,1,1,1,14668000,1,1,1,1.0,1.0,262926,hold,0,8,0,0,8,0,8,6,13671752.258064516,1,1313.3121499707372,15120000,43964000,1,persistent,1000.0,450.0,1450.0,150.0,146.2740466899432,1000.0,1313.3121499707372,0,1,313.3121499707372,0.0,106,16,22,136.6878500292628,1,
coarse-f16-h6-u25,persistent,16,6,0.25,102,confirmation_coarse-f16-h6-u25_s102,11,17,57876,59237,658338881,672804000,14465119,1,0,,38560,18779840,18779840,21541280,-0.14704278630701859,1,1,1,1,14133119,1,1,1,1.0,1.0,262926,hold,0,8,0,0,8,0,8,6,10745208.75,1,1321.1498873450432,14465119,30786720,1,persistent,1000.0,450.0,1450.0,150.0,146.2740466899432,1000.0,1321.149887345043,0,1,321.14988734504306,0.0,106,16,22,128.85011265495677,1,
coarse-f16-h6-u25,persistent,16,6,0.25,102,confirmation_coarse-f16-h6-u25_s102,9,16,58203,60855,661580161,690805441,29225280,1,0,,1786720,58998560,58998560,52889280,0.10354964595746066,0,0,0,0,28561280,2,2,2,1.0,1.0,262926,hold,1,7,1,0,20,0,6,6,10378693.880597016,1,1325.8151119377267,29225280,45314720,1,persistent,1000.0,450.0,1450.0,150.0,146.2740466899432,1000.0,1325.8151119377264,0,1,325.8151119377265,0.0,106,16,22,124.18488806227333,1,
coarse-f16-h6-u25,persistent,16,6,0.25,102,confirmation_coarse-f16-h6-u25_s102,3,6,58396,59754,663818721,678565281,14746560,1,0,,248160,57381441,57381441,48744321,0.1505211414959063,0,0,0,0,14276000,1,1,1,1.0,1.0,262926,hold,0,8,0,0,8,0,7,7,17469969.931034483,1,1306.1411660218182,14746560,43824000,1,persistent,1000.0,450.0,1450.0,150.0,146.2740466899432,1000.0,1306.141166021818,0,1,306.1411660218181,0.0,106,16,22,143.8588339781818,1,
coarse-f16-h6-u25,persistent,16,6,0.25,102,confirmation_coarse-f16-h6-u25_s102,14,17,58399,59716,663822721,678178561,14355840,1,0,,757120,16167040,16167040,17585120,-0.08771426309330589,1,1,1,1,14023840,1,1,1,1.0,1.0,262926,hold,0,8,0,0,8,0,8,7,8069254.605263158,1,1296.6056125095624,14355840,30786720,1,persistent,1000.0,450.0,1450.0,150.0,146.2740466899432,1000.0,1296.6056125095624,0,1,296.6056125095623,0.0,106,16,22,153.39438749043757,1,
coarse-f16-h6-u25,persistent,16,6,0.25,102,confirmation_coarse-f16-h6-u25_s102,15,14,58575,59968,665753280,681010721,15257441,1,0,,305441,20517280,20517280,19597439,0.04483250216402954,0,1,1,1,14608000,1,1,1,1.0,1.0,262926,hold,0,8,0,0,8,0,8,5,10806568.486486487,1,1306.1040782171433,15257441,43802720,1,persistent,1000.0,450.0,1450.0,150.0,146.2740466899432,1000.0,1306.1040782171433,0,1,306.10407821714335,0.0,106,16,22,143.8959217828567,1,
coarse-f16-h6-u25,persistent,16,6,0.25,102,confirmation_coarse-f16-h6-u25_s102,12,15,58974,63036,669897120,713953120,44056000,1,0,,1761280,50556000,50556000,48625441,0.038186545612785824,0,0,1,1,42698719,3,3,3,1.0,1.0,262926,hold,1,8,0,1,8,0,7,6,14366655.373737374,1,1323.2007094781652,44056000,60665280,1,persistent,1000.0,450.0,1450.0,150.0,146.2740466899432,1000.0,1323.2007094781648,0,1,323.2007094781648,0.0,106,16,22,126.79929052183479,1,
coarse-f16-h6-u25,persistent,16,6,0.25,102,confirmation_coarse-f16-h6-u25_s102,11,18,59237,60583,672804000,687806401,15002401,1,0,,222560,21541280,21541280,21987680,-0.02072300253281142,1,1,1,1,14338401,1,1,1,1.0,1.0,262926,hold,0,8,0,0,8,0,8,6,11640907.837209303,1,1323.1963608244155,15002401,30042720,1,persistent,1000.0,450.0,1450.0,150.0,146.2740466899432,1000.0,1323.1963608244153,0,1,323.1963608244152,0.0,106,16,22,126.80363917558452,1,
coarse-f16-h6-u25,persistent,16,6,0.25,102,confirmation_coarse-f16-h6-u25_s102,6,10,59553,62196,676266881,705407521,29140640,1,0,,0,17180160,17180160,14945120,0.1300942482491432,0,0,0,1,28476640,2,2,2,1.0,1.0,262926,hold,1,8,0,1,20,0,8,8,9162757.518518519,1,1318.6490897541541,29140640,45200000,1,persistent,1000.0,450.0,1450.0,150.0,146.2740466899432,1000.0,1318.6490897541544,0,1,318.64908975415426,0.0,106,16,22,131.35091024584585,1,
coarse-f16-h6-u25,persistent,16,6,0.25,102,confirmation_coarse-f16-h6-u25_s102,14,18,59716,61078,678178561,693198881,15020320,1,0,,752000,17585120,17585120,21997600,-0.2509212334064254,1,1,1,1,14024320,1,1,1,1.0,1.0,262926,hold,0,8,0,0,8,0,8,7,10078327.318181818,1,1321.850204502851,15020320,43962560,1,persistent,1000.0,450.0,1450.0,150.0,146.2740466899432,1000.0,1321.850204502851,0,1,321.8502045028511,0.0,106,16,22,128.14979549714894,1,
coarse-f16-h6-u25,persistent,16,6,0.25,102,confirmation_coarse-f16-h6-u25_s102,3,7,59754,61075,678565281,693173281,14608000,1,0,,1725120,48744321,48744321,54404160,-0.1161127877850632,1,1,1,1,14276000,1,1,1,1.0,1.0,262926,hold,0,8,0,0,8,0,8,8,18950910.2972973,1,1333.8015006435085,14608000,30709280,1,persistent,1000.0,450.0,1450.0,150.0,146.2740466899432,1000.0,1333.8015006435082,0,1,333.8015006435082,0.0,106,16,22,116.19849935649154,1,
coarse-f16-h6-u25,persistent,16,6,0.25,102,confirmation_coarse-f16-h6-u25_s102,8,13,59939,62642,680766721,709961441,29194720,1,0,,912160,18260000,18260000,12616000,0.3090909090909091,0,0,0,0,14254720,1,2,2,1.0,0.5,262926,hold,1,8,0,1,23,0,8,7,7312429.090909091,1,1329.7991812976686,29194720,46048000,1,persistent,1000.0,450.0,1450.0,150.0,146.2740466899432,1000.0,1329.7991812976686,0,1,329.79918129766855,0.0,106,16,22,120.20081870233139,1,
coarse-f16-h6-u25,persistent,16,6,0.25,102,confirmation_coarse-f16-h6-u25_s102,15,15,59968,,681010721,,,0,1,hold_exit_before_slot_completion,2894721,19597439,19597439,,,,,,,14276000,1,2,2,1.0,0.5,262926,hold,0,6,0,0,6,0,8,5,12360773.863013698,1,1331.013156236041,29562559,46048000,1,persistent,1000.0,450.0,1450.0,150.0,146.2740466899432,1000.0,1331.013156236041,0,1,331.01315623604086,0.0,106,16,22,118.98684376395909,0,round_censored
coarse-f16-h6-u25,persistent,16,6,0.25,102,confirmation_coarse-f16-h6-u25_s102,4,10,60104,,682538721,,,0,1,hold_exit_before_slot_completion,6013280,20708000,20708000,,,,,,,14288000,1,2,2,1.0,0.5,262926,hold,0,0,0,0,0,0,8,6,13245843.47826087,1,1331.4567217254103,29536000,46048000,1,persistent,1000.0,450.0,1450.0,150.0,146.2740466899432,1000.0,1331.45672172541,0,1,331.4567217254101,0.0,106,16,22,118.54327827458974,0,round_censored
coarse-f16-h6-u25,persistent,16,6,0.25,102,confirmation_coarse-f16-h6-u25_s102,1,12,60251,63099,684045441,714577441,30532000,1,0,,2905280,22748000,22748000,17500000,0.2307016001406717,0,0,0,0,28788000,2,2,2,1.0,1.0,262926,hold,1,7,1,0,7,0,7,6,15016224.444444444,1,1337.1358639068724,30532000,59136000,1,persistent,1000.0,450.0,1450.0,150.0,146.2740466899432,1000.0,1337.1358639068721,0,1,337.1358639068722,0.0,106,16,22,112.86413609312763,1,
coarse-f16-h6-u25,persistent,16,6,0.25,102,confirmation_coarse-f16-h6-u25_s102,5,14,60266,61621,684237281,699038721,14801440,1,0,,139840,47956160,47956160,56160000,-0.17106957688021726,1,1,1,1,14321280,1,1,1,1.0,1.0,262926,hold,0,8,0,0,8,0,8,6,13956586.666666666,1,1332.3923849672237,14801440,44056000,1,persistent,1000.0,450.0,1450.0,150.0,146.2740466899432,1000.0,1332.3923849672237,0,1,332.3923849672237,0.0,106,16,22,117.60761503277627,1,
coarse-f16-h6-u25,persistent,16,6,0.25,102,confirmation_coarse-f16-h6-u25_s102,11,19,60583,63313,687806401,716770881,28964480,1,0,,2828800,21987680,21987680,10127680,0.5393929691536351,0,0,0,0,14276000,1,2,2,1.0,0.5,262926,hold,1,8,0,1,29,0,7,5,9041532.925925925,1,1337.1285398985767,28964480,46048000,1,persistent,1000.0,450.0,1450.0,150.0,146.2740466899432,1000.0,1337.1285398985767,0,1,337.1285398985766,0.0,106,16,22,112.87146010142328,1,
coarse-f16-h6-u25,persistent,16,6,0.25,102,confirmation_coarse-f16-h6-u25_s102,9,17,60855,63832,690805441,722245441,31440000,1,0,,513601,52889280,52889280,52160000,0.013788805595387194,0,1,1,1,29232000,2,2,2,1.0,1.0,262926,hold,1,7,1,0,22,0,8,6,15931995.535211267,1,1335.9889138110711,31440000,58754880,1,persistent,1000.0,450.0,1450.0,150.0,146.2740466899432,1000.0,1335.988913811071,0,1,335.98891381107103,0.0,106,16,22,114.01108618892886,1,
coarse-f16-h6-u25,persistent,16,6,0.25,102,confirmation_coarse-f16-h6-u25_s102,16,12,61056,62415,692982400,707628161,14645761,1,0,,580160,18274559,18274559,21277118,-0.16430267893195125,1,1,1,1,14318881,1,1,1,1.0,1.0,262926,hold,0,8,0,0,8,0,8,8,7425480.363636363,1,1335.1170053581122,14645761,44000160,1,persistent,1000.0,450.0,1450.0,150.0,146.2740466899432,1000.0,1335.1170053581122,0,1,335.1170053581121,0.0,106,16,22,114.88299464188776,1,
coarse-f16-h6-u25,persistent,16,6,0.25,102,confirmation_coarse-f16-h6-u25_s102,3,8,61075,62433,693173281,707781281,14608000,1,0,,423840,54404160,54404160,46485441,0.14555355693388153,0,0,0,0,14276000,1,1,1,1.0,1.0,262926,hold,0,8,0,0,8,0,6,6,12058085.0625,1,1330.6959059241988,14608000,44000160,1,persistent,1000.0,450.0,1450.0,150.0,146.2740466899432,1000.0,1330.6959059241988,0,1,330.6959059241987,0.0,106,16,22,119.30409407580123,1,
coarse-f16-h6-u25,persistent,16,6,0.25,102,confirmation_coarse-f16-h6-u25_s102,14,19,61078,62408,693198881,707570721,14371840,1,0,,991840,21997600,21997600,17675840,0.1964650689166091,0,0,0,0,14039840,1,1,1,1.0,1.0,262926,hold,0,8,0,0,8,0,8,7,9137984.1,1,1325.9647392793768,14371840,31440000,1,persistent,1000.0,450.0,1450.0,150.0,146.2740466899432,1000.0,1325.9647392793768,0,1,325.96473927937683,0.0,106,16,22,124.03526072062323,1,
coarse-f16-h6-u25,persistent,16,6,0.25,102,confirmation_coarse-f16-h6-u25_s102,5,15,61621,64475,699038721,728694721,29656000,1,0,,20000,56160000,56160000,55288160,0.015524216524216525,0,1,1,1,28872000,2,2,2,1.0,1.0,262926,hold,1,7,1,0,25,0,7,5,12559093.275362318,1,1335.5677881672038,29656000,47144000,1,persistent,1000.0,450.0,1450.0,150.0,146.2740466899432,1000.0,1335.5677881672036,0,1,335.5677881672037,0.0,106,16,22,114.43221183279616,1,
coarse-f16-h6-u25,persistent,16,6,0.25,102,confirmation_coarse-f16-h6-u25_s102,6,11,62196,63635,705407521,720010401,14602880,1,0,,2491680,14945120,14945120,11791040,0.21104414016080164,0,0,0,1,0,0,1,1,1.0,0.0,262926,hold,0,8,0,0,8,0,8,8,8021265.186046512,1,1337.7457650676563,14602880,31440000,1,persistent,1000.0,450.0,1450.0,150.0,146.2740466899432,1000.0,1337.7457650676563,0,1,337.74576506765635,0.0,106,16,22,112.2542349323437,1,
coarse-f16-h6-u25,persistent,16,6,0.25,102,confirmation_coarse-f16-h6-u25_s102,2,5,62334,67818,706806721,765190561,58383840,1,0,,10321280,14584000,14584000,18024000,-0.235874931431706,1,1,1,1,56933280,4,4,4,1.0,1.0,262926,hold,0,8,0,0,8,0,8,7,13675732.970588235,1,1329.3345053488383,58383840,77700000,1,persistent,1000.0,450.0,1450.0,150.0,146.2740466899432,1000.0,1329.3345053488383,0,1,329.3345053488383,0.0,106,16,22,120.66549465116168,1,
coarse-f16-h6-u25,persistent,16,6,0.25,102,confirmation_coarse-f16-h6-u25_s102,14,20,62408,,707570721,,,0,1,hold_exit_before_slot_completion,3321600,17675840,17675840,,,,,,,0,0,1,1,1.0,0.0,262926,hold,1,7,0,0,19,0,8,7,8215761.860465116,1,1340.38064543349,14608000,30212000,1,persistent,1000.0,450.0,1450.0,150.0,146.2740466899432,1000.0,1340.38064543349,0,1,340.3806454334899,0.0,106,16,22,109.61935456651008,0,round_censored
coarse-f16-h6-u25,persistent,16,6,0.25,102,confirmation_coarse-f16-h6-u25_s102,16,13,62415,65242,707628161,736780161,29152000,1,0,,233601,21277118,21277118,18317440,0.13910145161576865,0,0,0,1,28488000,2,2,2,1.0,1.0,262926,hold,1,8,0,1,32,0,8,8,6959890.137931035,1,1337.604743235564,29152000,44903840,1,persistent,1000.0,450.0,1450.0,150.0,146.2740466899432,1000.0,1337.604743235564,0,1,337.60474323556406,0.0,106,16,22,112.395256764436,1,
coarse-f16-h6-u25,persistent,16,6,0.25,102,confirmation_coarse-f16-h6-u25_s102,3,9,62433,63884,707781281,722721281,14940000,1,0,,0,46485441,46485441,52267840,-0.12439161327952121,1,1,1,1,14608000,1,1,1,1.0,1.0,262926,hold,0,8,0,0,8,0,8,8,11617484.527777778,1,1331.932595996807,14940000,31042720,1,persistent,1000.0,450.0,1450.0,150.0,146.2740466899432,1000.0,1331.9325959968069,0,1,331.9325959968069,0.0,106,16,22,118.0674040031929,1,
coarse-f16-h6-u25,persistent,16,6,0.25,102,confirmation_coarse-f16-h6-u25_s102,12,16,63036,64487,713953120,728749120,14796000,1,0,,1463839,48625441,48625441,48992000,-0.0075384200628638,1,1,1,1,14344000,1,1,1,1.0,1.0,262926,hold,0,8,0,0,8,0,8,6,14321077.588235294,1,1340.5960599195926,14796000,44424000,1,persistent,1000.0,450.0,1450.0,150.0,146.2740466899432,1000.0,1340.5960599195923,0,1,340.59605991959234,0.0,106,16,22,109.40394008040744,1,
coarse-f16-h6-u25,persistent,16,6,0.25,102,confirmation_coarse-f16-h6-u25_s102,1,13,63099,64540,714577441,729317441,14740000,1,0,,3909280,17500000,17500000,15616000,0.10765714285714285,0,0,1,1,14288000,1,1,1,1.0,1.0,262926,hold,0,8,0,0,8,0,8,7,13271613.333333334,1,1346.5899558327976,14740000,31042720,1,persistent,1000.0,450.0,1450.0,150.0,146.2740466899432,1000.0,1346.5899558327974,0,1,346.58995583279733,0.0,106,16,22,103.41004416720239,1,
coarse-f16-h6-u25,persistent,16,6,0.25,102,confirmation_coarse-f16-h6-u25_s102,9,18,63832,66743,722245441,753233441,30988000,1,0,,1096000,52160000,52160000,53904000,-0.03343558282208589,1,1,1,1,29648000,2,2,2,1.0,1.0,262926,hold,0,8,0,0,8,0,8,6,15186838.518518519,1,1333.021554327647,30988000,59396160,1,persistent,1000.0,450.0,1450.0,150.0,146.2740466899432,1000.0,1333.021554327647,0,1,333.02155432764704,0.0,106,16,22,116.97844567235302,1,
coarse-f16-h6-u25,persistent,16,6,0.25,102,confirmation_coarse-f16-h6-u25_s102,3,10,63884,66648,722721281,752157120,29435839,1,0,,585280,52267840,52267840,53594720,-0.02538616480038203,1,1,1,1,28439839,2,2,2,1.0,1.0,262926,hold,1,8,0,1,31,0,6,6,11849527.647887323,1,1331.4828786913124,29435839,45152000,1,persistent,1000.0,450.0,1450.0,150.0,146.2740466899432,1000.0,1331.4828786913122,0,1,331.4828786913122,0.0,106,16,22,118.51712130868759,1,
coarse-f16-h6-u25,persistent,16,6,0.25,102,confirmation_coarse-f16-h6-u25_s102,5,16,64475,65849,728694721,743462721,14768000,1,0,,1465280,55288160,55288160,54496000,0.014327841621063172,0,1,1,1,14196000,1,1,1,1.0,1.0,262926,hold,0,8,0,0,8,0,8,6,19095172.714285713,1,1335.0305923089386,14768000,44064000,1,persistent,1000.0,450.0,1450.0,150.0,146.2740466899432,1000.0,1335.0305923089384,0,1,335.03059230893837,0.0,106,16,22,114.9694076910614,1,
coarse-f16-h6-u25,persistent,16,6,0.25,102,confirmation_coarse-f16-h6-u25_s102,12,17,64487,67172,728749120,758017120,29268000,1,0,,1437280,48992000,48992000,48724000,0.005470280862181581,0,1,1,1,28244000,2,2,2,1.0,1.0,262926,hold,1,7,1,0,26,0,8,6,15085698.3,1,1328.9843912433305,29268000,46260000,1,persistent,1000.0,450.0,1450.0,150.0,146.2740466899432,1000.0,1328.9843912433305,0,1,328.9843912433305,0.0,106,16,22,121.01560875666951,1,
coarse-f16-h6-u25,persistent,16,6,0.25,102,confirmation_coarse-f16-h6-u25_s102,1,14,64540,,729317441,,,0,1,hold_exit_before_slot_completion,5505280,15616000,15616000,,,,,,,0,0,1,1,1.0,0.0,262926,hold,0,0,0,0,0,0,8,7,12817348.57142857,1,1334.0605104754861,14648000,30988000,1,persistent,1000.0,450.0,1450.0,150.0,146.2740466899432,1000.0,1334.060510475486,0,1,334.060510475486,0.0,106,16,22,115.93948952451387,0,round_censored
coarse-f16-h6-u25,persistent,16,6,0.25,102,confirmation_coarse-f16-h6-u25_s102,6,12,65090,66413,735030881,749644001,14613120,1,0,,249120,14612160,14612160,15888000,-0.08731357992247553,1,1,1,1,14281120,1,1,1,1.0,1.0,262926,hold,0,8,0,0,8,0,8,8,8095418.536585365,1,1330.326147537899,14613120,30988000,1,persistent,1000.0,450.0,1450.0,150.0,146.2740466899432,1000.0,1330.3261475378988,0,1,330.3261475378988,0.0,106,16,22,119.67385246210097,1,
coarse-f16-h6-u25,persistent,16,6,0.25,102,confirmation_coarse-f16-h6-u25_s102,7,11,65130,67778,735473280,764832161,29358881,1,0,,112161,15730560,15730560,17596000,-0.1185870051670125,1,1,1,1,28694881,2,2,2,1.0,1.0,262926,hold,0,8,0,0,8,0,8,6,9885270.3375,1,1326.4092493714672,29358881,46260000,1,persistent,1000.0,450.0,1450.0,150.0,146.2740466899432,1000.0,1326.4092493714672,0,1,326.4092493714673,0.0,106,16,22,123.59075062853276,1,
coarse-f16-h6-u25,persistent,16,6,0.25,102,confirmation_coarse-f16-h6-u25_s102,16,14,65242,66575,736780161,751388161,14608000,1,0,,189280,18317440,18317440,21769280,-0.18844554697599664,1,1,1,1,14276000,1,1,1,1.0,1.0,262926,hold,0,8,0,0,8,0,7,7,7477203.761904762,1,1330.642992537279,14608000,44156000,1,persistent,1000.0,450.0,1450.0,150.0,146.2740466899432,1000.0,1330.642992537279,0,1,330.642992537279,0.0,106,16,22,119.35700746272096,1,
coarse-f16-h6-u25,persistent,16,6,0.25,102,confirmation_coarse-f16-h6-u25_s102,15,16,65536,68217,740106721,769654721,29548000,1,0,,860001,15329279,15329279,19050560,-0.24275642709614717,1,1,1,1,28884000,2,2,2,1.0,1.0,262926,hold,0,8,0,0,8,0,8,5,10382821.714285715,1,1330.2389915352508,29548000,46285440,1,persistent,1000.0,450.0,1450.0,150.0,146.2740466899432,1000.0,1330.2389915352505,0,1,330.2389915352506,0.0,106,16,22,119.76100846474924,1,
coarse-f16-h6-u25,persistent,16,6,0.25,102,confirmation_coarse-f16-h6-u25_s102,10,6,65606,,740864000,,,0,1,hold_exit_before_slot_completion,2245280,14608000,14608000,,,,,,,0,0,1,1,1.0,0.0,262926,hold,0,3,0,0,3,0,7,6,8790422.857142856,1,1333.6630494935578,15604000,44572000,1,persistent,1000.0,450.0,1450.0,150.0,146.2740466899432,1000.0,1333.663049493558,0,1,333.6630494935579,0.0,106,16,22,116.33695050644224,0,round_censored
coarse-f16-h6-u25,persistent,16,6,0.25,102,confirmation_coarse-f16-h6-u25_s102,4,11,65657,,741281441,,,0,1,hold_exit_before_slot_completion,2676000,14196000,14196000,,,,,,,0,0,1,1,1.0,0.0,262926,hold,0,2,0,0,2,0,8,6,14512381.176470589,1,1332.4790024530894,14796000,30556000,1,persistent,1000.0,450.0,1450.0,150.0,146.2740466899432,1000.0,1332.4790024530896,0,1,332.4790024530896,0.0,106,16,22,117.52099754691062,0,round_censored
coarse-f16-h6-u25,persistent,16,6,0.25,102,confirmation_coarse-f16-h6-u25_s102,5,17,65849,67210,743462721,758378721,14916000,1,0,,2313280,54496000,54496000,55128000,-0.01159718144450969,1,1,1,1,14464000,1,1,1,1.0,1.0,262926,hold,0,8,0,0,8,0,7,5,16227491.823529411,1,1318.7112827218668,14916000,44204000,1,persistent,1000.0,450.0,1450.0,150.0,146.2740466899432,1000.0,1318.711282721867,0,1,318.711282721867,0.0,106,16,22,131.28871727813316,1,
coarse-f16-h6-u25,persistent,16,6,0.25,102,confirmation_coarse-f16-h6-u25_s102,11,20,66056,67384,745802561,760358721,14556160,1,0,,349280,16252320,16252320,19691840,-0.2116325546137413,1,1,1,1,14224160,1,1,1,1.0,1.0,262926,hold,0,8,0,0,8,0,8,6,9738939.53488372,1,1322.2068462346417,14556160,30556000,1,persistent,1000.0,450.0,1450.0,150.0,146.2740466899432,1000.0,1322.2068462346417,0,1,322.2068462346417,0.0,106,16,22,127.79315376535828,1,
coarse-f16-h6-u25,persistent,16,6,0.25,102,confirmation_coarse-f16-h6-u25_s102,6,13,66413,69110,749644001,779034561,29390560,1,0,,1709760,15888000,15888000,16516160,-0.039536757301107756,1,1,1,1,28067680,2,2,2,1.0,1.0,262926,hold,1,7,1,0,15,0,8,8,8448047.61904762,1,1326.6209102166379,29390560,46285440,1,persistent,1000.0,450.0,1450.0,150.0,146.2740466899432,1000.0,1326.6209102166379,0,1,326.620910216638,0.0,106,16,22,123.37908978336213,1,
coarse-f16-h6-u25,persistent,16,6,0.25,102,confirmation_coarse-f16-h6-u25_s102,14,21,66569,67934,751298881,766334721,15035840,1,0,,1913280,17827040,17827040,19804960,-0.11095055600929823,1,1,1,1,14276000,1,1,1,1.0,1.0,262926,hold,0,8,0,0,8,0,8,7,9613234.285714285,1,1309.706532950726,15035840,43824000,1,persistent,1000.0,450.0,1450.0,150.0,146.2740466899432,1000.0,1309.706532950726,0,1,309.7065329507259,0.0,106,16,22,140.2934670492741,1,
coarse-f16-h6-u25,persistent,16,6,0.25,102,confirmation_coarse-f16-h6-u25_s102,16,15,66575,67896,751388161,765996161,14608000,1,0,,0,21769280,21769280,21516000,0.011634744006232637,0,1,1,1,14276000,1,1,1,1.0,1.0,262926,hold,0,8,0,0,8,0,8,8,8179687.133333334,1,1311.9792602234531,14608000,30556000,1,persistent,1000.0,450.0,1450.0,150.0,146.2740466899432,1000.0,1311.9792602234531,0,1,311.97926022345314,0.0,106,16,22,138.02073977654686,1,
coarse-f16-h6-u25,persistent,16,6,0.25,102,confirmation_coarse-f16-h6-u25_s102,3,11,66648,69377,752157120,781564001,29406881,1,0,,1332000,53594720,53594720,47007839,0.12290167762794543,0,0,0,0,28078881,2,2,2,1.0,1.0,262926,hold,1,7,1,0,25,0,6,6,13092322.301369863,1,1332.2113495155409,29406881,46285440,1,persistent,1000.0,450.0,1450.0,150.0,146.2740466899432,1000.0,1332.211349515541,0,1,332.21134951554103,0.0,106,16,22,117.78865048445914,1,
coarse-f16-h6-u25,persistent,16,6,0.25,102,confirmation_coarse-f16-h6-u25_s102,9,19,66743,69636,753233441,784234881,31001440,1,0,,1361280,53904000,53904000,57724000,-0.07086672603146334,1,1,1,1,29033440,2,2,2,1.0,1.0,262926,hold,1,7,1,0,23,0,7,5,20259066.666666668,1,1337.0968610558236,31001440,58432000,1,persistent,1000.0,450.0,1450.0,150.0,146.2740466899432,1000.0,1337.0968610558239,0,1,337.0968610558238,0.0,106,16,22,112.90313894417636,1,
coarse-f16-h6-u25,persistent,16,6,0.25,102,confirmation_coarse-f16-h6-u25_s102,8,14,66785,68103,753785441,768393441,14608000,1,0,,2572160,15272000,15272000,15604000,-0.021739130434782608,1,1,1,1,14276000,1,1,1,1.0,1.0,262926,hold,0,8,0,0,8,0,7,6,6482382.222222222,1,1317.8594727413451,14608000,30544000,1,persistent,1000.0,450.0,1450.0,150.0,146.2740466899432,1000.0,1317.8594727413454,0,1,317.85947274134526,0.0,106,16,22,132.14052725865486,1,
coarse-f16-h6-u25,persistent,16,6,0.25,102,confirmation_coarse-f16-h6-u25_s102,12,18,67172,69982,758017120,787729120,29712000,1,0,,5753280,48724000,48724000,46480000,0.04605533207454232,0,0,0,1,28688000,2,2,2,1.0,1.0,262926,hold,0,8,0,0,8,0,8,6,13315051.880597016,1,1331.9242481538179,29712000,45533280,1,persistent,1000.0,450.0,1450.0,150.0,146.2740466899432,1000.0,1331.9242481538179,0,1,331.9242481538179,0.0,106,16,22,118.07575184618213,1,
coarse-f16-h6-u25,persistent,16,6,0.25,102,confirmation_coarse-f16-h6-u25_s102,1,15,67197,70077,758337441,788621441,30284000,1,0,,7737280,14556000,14556000,21788000,-0.49683979115141524,1,1,1,1,28900000,2,2,2,1.0,1.0,262926,hold,0,8,0,0,8,0,8,7,14371244.705882354,1,1330.1932003036,30284000,59396000,1,persistent,1000.0,450.0,1450.0,150.0,146.2740466899432,1000.0,1330.1932003036,0,1,330.1932003035999,0.0,106,16,22,119.80679969640005,1,
coarse-f16-h6-u25,persistent,16,6,0.25,102,confirmation_coarse-f16-h6-u25_s102,5,18,67210,68574,758378721,773266721,14888000,1,0,,3365280,55128000,55128000,52565280,0.0464867218110579,0,0,0,1,14556000,1,1,1,1.0,1.0,262926,hold,0,8,0,0,8,0,8,6,15931053.685714286,1,1319.136185164396,14888000,31001440,1,persistent,1000.0,450.0,1450.0,150.0,146.2740466899432,1000.0,1319.136185164396,0,1,319.136185164396,0.0,106,16,22,130.863814835604,1,
coarse-f16-h6-u25,persistent,16,6,0.25,102,confirmation_coarse-f16-h6-u25_s102,11,21,67384,68752,760358721,775202881,14844160,1,0,,1477440,19691840,19691840,17492160,0.11170515299738369,0,0,0,1,14276000,1,1,1,1.0,1.0,262926,hold,0,8,0,0,8,0,7,6,9046960.0,1,1321.9139345449164,14844160,31001440,1,persistent,1000.0,450.0,1450.0,150.0,146.2740466899432,1000.0,1321.9139345449166,0,1,321.9139345449166,0.0,106,16,22,128.0860654550836,1,
coarse-f16-h6-u25,persistent,16,6,0.25,102,confirmation_coarse-f16-h6-u25_s102,7,12,67778,70580,764832161,793890721,29058560,1,0,,3236160,17596000,17596000,16291998,0.07410786542395999,0,0,1,1,28394560,2,2,2,1.0,1.0,262926,hold,0,8,0,0,8,0,8,6,11486216.506666666,1,1329.3895985649638,29058560,45533280,1,persistent,1000.0,450.0,1450.0,150.0,146.2740466899432,1000.0,1329.3895985649638,0,1,329.38959856496376,0.0,106,16,22,120.61040143503624,1,
coarse-f16-h6-u25,persistent,16,6,0.25,102,confirmation_coarse-f16-h6-u25_s102,2,6,67818,,765190561,,,0,1,hold_exit_before_slot_completion,5477280,18024000,18024000,,,,,,,0,0,1,1,1.0,0.0,262926,hold,0,1,0,0,1,0,8,7,14839980.606060605,1,1326.449299485226,14820160,31001440,1,persistent,1000.0,450.0,1450.0,150.0,146.2740466899432,1000.0,1326.4492994852262,0,1,326.4492994852261,0.0,106,16,22,123.55070051477401,0,round_censored
coarse-f16-h6-u25,persistent,16,6,0.25,102,confirmation_coarse-f16-h6-u25_s102,16,16,67896,70701,765996161,795212161,29216000,1,0,,1249280,21516000,21516000,17596000,0.18218999814091838,0,0,0,1,28552000,2,2,2,1.0,1.0,262926,hold,1,7,1,0,32,0,8,8,7471244.955056179,1,1329.8103984909146,29216000,45533280,1,persistent,1000.0,450.0,1450.0,150.0,146.2740466899432,1000.0,1329.8103984909144,0,1,329.8103984909144,0.0,106,16,22,120.18960150908538,1,
coarse-f16-h6-u25,persistent,16,6,0.25,102,confirmation_coarse-f16-h6-u25_s102,14,22,67934,69319,766334721,780942721,14608000,1,0,,443680,19804960,19804960,15418720,0.2214717929246007,0,0,0,0,14276000,1,1,1,1.0,1.0,262926,hold,0,8,0,0,8,0,8,7,8193934.545454546,1,1331.8744847042788,14608000,31001440,1,persistent,1000.0,450.0,1450.0,150.0,146.2740466899432,1000.0,1331.874484704279,0,1,331.874484704279,0.0,106,16,22,118.12551529572124,1,
coarse-f16-h6-u25,persistent,16,6,0.25,102,confirmation_coarse-f16-h6-u25_s102,8,15,68103,70938,768393441,797609441,29216000,1,0,,2904160,15604000,15604000,11952000,0.23404255319148937,0,0,0,1,14276000,1,2,2,1.0,0.5,262926,hold,1,8,0,1,38,0,8,7,7156744.269662921,1,1327.4482987593524,29216000,45533280,1,persistent,1000.0,450.0,1450.0,150.0,146.2740466899432,1000.0,1327.4482987593522,0,1,327.4482987593522,0.0,106,16,22,122.55170124064762,1,
coarse-f16-h6-u25,persistent,16,6,0.25,102,confirmation_coarse-f16-h6-u25_s102,15,17,68217,71093,769654721,799217280,29562559,1,0,,3241280,19050560,19050560,20237441,-0.06230163312784506,1,1,1,1,28552000,2,2,2,1.0,1.0,262926,hold,0,8,0,0,8,0,8,5,11929139.575342465,1,1335.961314820957,29562559,45484000,1,persistent,1000.0,450.0,1450.0,150.0,146.2740466899432,1000.0,1335.961314820957,0,1,335.9613148209571,0.0,106,16,22,114.03868517904289,1,
coarse-f16-h6-u25,persistent,16,6,0.25,102,confirmation_coarse-f16-h6-u25_s102,5,19,68574,70021,773266721,788066240,14799519,1,0,,3697280,52565280,52565280,53612000,-0.01991276371019045,1,1,1,1,14467519,1,1,1,1.0,1.0,262926,hold,0,8,0,0,8,0,7,5,12672809.411764706,1,1338.5814966483479,14799519,30284000,1,persistent,1000.0,450.0,1450.0,150.0,146.2740466899432,1000.0,1338.5814966483479,0,1,338.5814966483479,0.0,106,16,22,111.41850335165213,1,
coarse-f16-h6-u25,persistent,16,6,0.25,102,confirmation_coarse-f16-h6-u25_s102,11,22,68752,,775202881,,,0,1,hold_exit_before_slot_completion,2097600,17492160,17492160,,,,,,,0,0,1,1,1.0,0.0,262926,hold,1,7,0,0,30,0,8,6,7133246.511627907,1,1338.5738483061984,14595840,30261280,1,persistent,1000.0,450.0,1450.0,150.0,146.2740466899432,1000.0,1338.5738483061987,0,1,338.5738483061986,0.0,106,16,22,111.42615169380156,0,round_censored
coarse-f16-h6-u25,persistent,16,6,0.25,102,confirmation_coarse-f16-h6-u25_s102,6,14,69110,70558,779034561,793642561,14608000,1,0,,2329120,16516160,16516160,16178560,0.020440586673899988,0,1,1,1,14276000,1,1,1,1.0,1.0,262926,hold,0,8,0,0,8,0,8,8,8421169.777777778,1,1344.4519312289779,14608000,30261280,1,persistent,1000.0,450.0,1450.0,150.0,146.2740466899432,1000.0,1344.4519312289779,0,1,344.4519312289779,0.0,106,16,22,105.54806877102214,1,
coarse-f16-h6-u25,persistent,16,6,0.25,102,confirmation_coarse-f16-h6-u25_s102,14,23,69319,,780942721,,,0,1,hold_exit_before_slot_completion,1766560,15418720,15418720,,,,,,,0,0,1,1,1.0,0.0,262926,hold,1,7,0,0,16,0,8,7,8075181.818181818,1,1344.4319868183236,14500000,30261280,1,persistent,1000.0,450.0,1450.0,150.0,146.2740466899432,1000.0,1344.4319868183236,0,1,344.4319868183236,0.0,106,16,22,105.5680131816764,0,round_censored
coarse-f16-h6-u25,persistent,16,6,0.25,102,confirmation_coarse-f16-h6-u25_s102,3,12,69377,72248,781564001,811008161,29444160,1,0,,1070881,47007839,47007839,54188799,-0.15276090441000703,1,1,1,1,28669600,2,2,2,1.0,1.0,262926,hold,1,7,1,0,35,0,6,6,9800542.305555556,1,1347.5668158675494,29444160,45484000,1,persistent,1000.0,450.0,1450.0,150.0,146.2740466899432,1000.0,1347.5668158675494,0,1,347.5668158675493,0.0,106,16,22,102.4331841324506,1,
coarse-f16-h6-u25,persistent,16,6,0.25,102,confirmation_coarse-f16-h6-u25_s102,9,20,69636,71043,784234881,798766721,14531840,1,0,,0,57724000,57724000,55466560,0.03910747695932368,0,0,0,1,14199840,1,1,1,1.0,1.0,262926,hold,1,7,1,0,13,0,8,6,21615550.0,1,1339.2075979318731,14531840,29712000,1,persistent,1000.0,450.0,1450.0,150.0,146.2740466899432,1000.0,1339.2075979318731,0,1,339.20759793187324,0.0,106,16,22,110.79240206812688,1,
coarse-f16-h6-u25,persistent,16,6,0.25,102,confirmation_coarse-f16-h6-u25_s102,13,2,69939,74200,787321441,831229441,43908000,1,0,,5229280,20072000,20072000,21456000,-0.06895177361498606,1,1,1,1,42552000,3,3,3,1.0,1.0,262926,hold,0,8,0,0,8,0,8,7,13944148.8,1,1349.3630683322622,43908000,59317440,1,persistent,1000.0,450.0,1450.0,150.0,146.2740466899432,1000.0,1349.3630683322622,0,1,349.3630683322623,0.0,106,16,22,100.63693166773783,1,
coarse-f16-h6-u25,persistent,16,6,0.25,102,confirmation_coarse-f16-h6-u25_s102,12,19,69982,71379,787729120,802118721,14389601,1,0,,4445280,46480000,46480000,46313280,0.003586919104991394,0,1,1,1,14057601,1,1,1,1.0,1.0,262926,hold,0,8,0,0,8,0,8,6,9544262.233333332,1,1350.157342611672,14389601,29754560,1,persistent,1000.0,450.0,1450.0,150.0,146.2740466899432,1000.0,1350.157342611672,0,1,350.1573426116721,0.0,106,16,22,99.842657388328,1,
coarse-f16-h6-u25,persistent,16,6,0.25,102,confirmation_coarse-f16-h6-u25_s102,5,20,70021,72888,788066240,817534721,29468481,1,0,,4241280,53612000,53612000,54120000,-0.00947549056181452,1,1,1,1,28688000,2,2,2,1.0,1.0,262926,hold,1,7,1,0,46,0,7,5,11119338.567164179,1,1349.2472145002127,29468481,44709440,1,persistent,1000.0,450.0,1450.0,150.0,146.2740466899432,1000.0,1349.2472145002127,0,1,349.2472145002128,0.0,106,16,22,100.75278549978725,1,
coarse-f16-h6-u25,persistent,16,6,0.25,102,confirmation_coarse-f16-h6-u25_s102,1,16,70077,72907,788621441,817789441,29168000,1,0,,3089280,21788000,21788000,20044000,0.0800440609509822,0,0,1,1,28384000,2,2,2,1.0,1.0,262926,hold,0,8,0,0,8,0,8,7,14104787.692307692,1,1347.1457123951523,29168000,44709440,1,persistent,1000.0,450.0,1450.0,150.0,146.2740466899432,1000.0,1347.1457123951525,0,1,347.1457123951524,0.0,106,16,22,102.85428760484774,1,
coarse-f16-h6-u25,persistent,16,6,0.25,102,confirmation_coarse-f16-h6-u25_s102,6,15,70558,71955,793642561,808140000,14497439,1,0,,2182400,16178560,16178560,14016320,0.13364848293049567,0,0,0,1,14165439,1,1,1,1.0,1.0,262926,hold,0,8,0,0,8,0,8,8,7483843.923076923,1,1340.3433600205212,14497439,29754560,1,persistent,1000.0,450.0,1450.0,150.0,146.2740466899432,1000.0,1340.3433600205215,0,1,340.34336002052135,0.0,106,16,22,109.65663997947877,1,
coarse-f16-h6-u25,persistent,16,6,0.25,102,confirmation_coarse-f16-h6-u25_s102,7,13,70580,,793890721,,,0,1,hold_exit_before_slot_completion,1898721,16291998,16291998,,,,,,,0,0,1,1,1.0,0.0,262926,hold,0,6,0,0,6,0,7,5,9775265.794871794,1,1344.713564319497,14608000,29754560,1,persistent,1000.0,450.0,1450.0,150.0,146.2740466899432,1000.0,1344.7135643194972,0,1,344.7135643194972,0.0,106,16,22,105.28643568050302,0,round_censored
coarse-f16-h6-u25,persistent,16,6,0.25,102,confirmation_coarse-f16-h6-u25_s102,16,17,70701,,795212161,,,0,1,hold_exit_before_slot_completion,2909280,17596000,17596000,,,,,,,0,0,1,1,1.0,0.0,262926,hold,1,7,0,0,32,0,8,8,6826933.333333333,1,1346.0593152610877,14608000,29754560,1,persistent,1000.0,450.0,1450.0,150.0,146.2740466899432,1000.0,1346.059315261088,0,1,346.0593152610878,0.0,106,16,22,103.9406847389123,0,round_censored
coarse-f16-h6-u25,persistent,16,6,0.25,102,confirmation_coarse-f16-h6-u25_s102,9,21,71043,73946,798766721,828590720,29823999,1,0,,0,55466560,55466560,52180001,0.05925298053457795,0,0,0,1,29159999,2,2,2,1.0,1.0,262926,hold,1,7,1,0,32,0,6,5,13314109.984375,1,1344.724999155807,29823999,44497439,1,persistent,1000.0,450.0,1450.0,150.0,146.2740466899432,1000.0,1344.724999155807,0,1,344.7249991558069,0.0,106,16,22,105.27500084419307,1,
coarse-f16-h6-u25,persistent,16,6,0.25,102,confirmation_coarse-f16-h6-u25_s102,15,18,71093,74005,799217280,829097280,29880000,1,0,,2923839,20237441,20237441,12948000,0.3601957875998255,0,0,0,0,14593441,1,2,2,1.0,0.5,262926,hold,1,8,0,1,28,0,8,5,10161925.853658536,1,1346.7973636123834,29880000,44488000,1,persistent,1000.0,450.0,1450.0,150.0,146.2740466899432,1000.0,1346.7973636123832,0,1,346.79736361238326,0.0,106,16,22,103.20263638761662,1,
coarse-f16-h6-u25,persistent,16,6,0.25,102,confirmation_coarse-f16-h6-u25_s102,12,20,71379,72804,802118721,816758721,14640000,1,0,,4261601,46313280,46313280,46014561,0.006449964243517194,0,1,1,1,14188000,1,1,1,1.0,1.0,262926,hold,0,8,0,0,8,0,8,6,18143045.6875,1,1341.8579043257673,14640000,29880000,1,persistent,1000.0,450.0,1450.0,150.0,146.2740466899432,1000.0,1341.8579043257675,0,1,341.8579043257675,0.0,106,16,22,108.14209567423268,1,
coarse-f16-h6-u25,persistent,16,6,0.25,102,confirmation_coarse-f16-h6-u25_s102,6,16,71955,73381,808140000,822748000,14608000,1,0,,0,14016320,14016320,12172159,0.13157240987648683,0,0,1,1,0,0,1,1,1.0,0.0,262926,hold,0,8,0,0,8,0,8,8,8695888.8,1,1350.2104961931402,14608000,29880000,1,persistent,1000.0,450.0,1450.0,150.0,146.2740466899432,1000.0,1350.2104961931402,0,1,350.21049619314016,0.0,106,16,22,99.78950380685978,1,
coarse-f16-h6-u25,persistent,16,6,0.25,102,confirmation_coarse-f16-h6-u25_s102,14,24,72135,,809826721,,,0,1,hold_exit_before_slot_completion,592320,17156000,17156000,,,,,,,0,0,1,1,1.0,0.0,262926,hold,1,7,0,0,13,0,8,7,7952791.75,1,1347.756576372488,14429120,29880000,1,persistent,1000.0,450.0,1450.0,150.0,146.2740466899432,1000.0,1347.756576372488,0,1,347.7565763724881,0.0,106,16,22,102.2434236275119,0,round_censored
coarse-f16-h6-u25,persistent,16,6,0.25,102,confirmation_coarse-f16-h6-u25_s102,3,13,72248,75139,811008161,840881441,29873280,1,0,,1255201,54188799,54188799,55476000,-0.023754004955895035,1,1,1,1,28552000,2,2,2,1.0,1.0,262926,hold,1,8,0,1,39,0,7,7,13415495.487179488,1,1356.4641362270843,29873280,44473441,1,persistent,1000.0,450.0,1450.0,150.0,146.2740466899432,1000.0,1356.4641362270845,0,1,356.46413622708457,0.0,106,16,22,93.53586377291572,1,
coarse-f16-h6-u25,persistent,16,6,0.25,102,confirmation_coarse-f16-h6-u25_s102,8,16,72361,73756,812217441,826598720,14381279,1,0,,912160,16268000,16268000,14940000,0.08163265306122448,0,0,1,1,14049279,1,1,1,1.0,1.0,262926,hold,0,8,0,0,8,0,8,7,6984115.909090909,1,1357.0237598054505,14381279,29880000,1,persistent,1000.0,450.0,1450.0,150.0,146.2740466899432,1000.0,1357.0237598054505,0,1,357.0237598054504,0.0,106,16,22,92.97624019454952,1,
coarse-f16-h6-u25,persistent,16,6,0.25,102,confirmation_coarse-f16-h6-u25_s102,12,21,72804,74259,816758721,831802721,15044000,1,0,,3868320,46014561,46014561,50401601,-0.09534025544653137,1,1,1,1,14712000,1,1,1,1.0,1.0,262926,hold,0,8,0,0,8,0,8,6,16265204.421052631,1,1354.4903456108154,15044000,29873280,1,persistent,1000.0,450.0,1450.0,150.0,146.2740466899432,1000.0,1354.4903456108152,0,1,354.4903456108152,0.0,106,16,22,95.50965438918456,1,
coarse-f16-h6-u25,persistent,16,6,0.25,102,confirmation_coarse-f16-h6-u25_s102,5,21,72888,74300,817534721,832238721,14704000,1,0,,1105280,54120000,54120000,52856000,0.023355506282335552,0,0,1,1,14252000,1,1,1,1.0,1.0,262926,hold,0,8,0,0,8,0,8,6,16905173.363636363,1,1350.2640286435499,14704000,43612000,1,persistent,1000.0,450.0,1450.0,150.0,146.2740466899432,1000.0,1350.2640286435499,0,1,350.26402864354986,0.0,106,16,22,99.73597135645014,1,
coarse-f16-h6-u25,persistent,16,6,0.25,102,confirmation_coarse-f16-h6-u25_s102,1,17,72907,75702,817789441,846845441,29056000,1,0,,1853280,20044000,20044000,19104000,0.046896826980642584,0,1,1,1,28392000,2,2,2,1.0,1.0,262926,hold,0,8,0,0,8,0,8,7,14219251.014492754,1,1346.8120567202861,29056000,44304000,1,persistent,1000.0,450.0,1450.0,150.0,146.2740466899432,1000.0,1346.8120567202861,0,1,346.81205672028614,0.0,106,16,22,103.18794327971386,1,
coarse-f16-h6-u25,persistent,16,6,0.25,102,confirmation_coarse-f16-h6-u25_s102,11,23,73017,,818962720,,,0,1,hold_exit_before_slot_completion,2909280,17251840,17251840,,,,,,,0,0,1,1,1.0,0.0,262926,hold,1,5,0,0,5,0,8,6,9285283.6,1,1354.4555631548728,14608000,29873280,1,persistent,1000.0,450.0,1450.0,150.0,146.2740466899432,1000.0,1354.4555631548726,0,1,354.45556315487255,0.0,106,16,22,95.54443684512717,0,round_censored
coarse-f16-h6-u25,persistent,16,6,0.25,102,confirmation_coarse-f16-h6-u25_s102,8,17,73756,75154,826598720,841122721,14524001,1,0,,353439,14940000,14940000,15604000,-0.044444444444444446,1,1,1,1,14192001,1,1,1,1.0,1.0,262926,hold,0,8,0,0,8,0,8,7,7005271.931818182,1,1346.3696641536703,14524001,29628000,1,persistent,1000.0,450.0,1450.0,150.0,146.2740466899432,1000.0,1346.36966415367,0,1,346.3696641536701,0.0,106,16,22,103.63033584632967,1,
coarse-f16-h6-u25,persistent,16,6,0.25,102,confirmation_coarse-f16-h6-u25_s102,9,22,73946,76737,828590720,857801441,29210721,1,0,,246559,52180001,52180001,53199041,-0.019529321204880774,1,1,1,1,28546721,2,2,2,1.0,1.0,262926,hold,1,7,1,0,21,0,6,5,16766963.661538461,1,1343.6453948355852,29210721,44304000,1,persistent,1000.0,450.0,1450.0,150.0,146.2740466899432,1000.0,1343.6453948355852,0,1,343.64539483558514,0.0,106,16,22,106.3546051644148,1,
coarse-f16-h6-u25,persistent,16,6,0.25,102,confirmation_coarse-f16-h6-u25_s102,4,12,74108,76900,830241441,859557441,29316000,1,0,,5929280,18652000,18652000,13496000,0.27643148187861893,0,0,0,0,14076000,1,2,2,1.0,0.5,262926,hold,1,8,0,1,16,0,8,6,13893842.5,1,1343.5110092369555,29316000,44473441,1,persistent,1000.0,450.0,1450.0,150.0,146.2740466899432,1000.0,1343.5110092369555,0,1,343.5110092369554,0.0,106,16,22,106.48899076304451,1,
coarse-f16-h6-u25,persistent,16,6,0.25,102,confirmation_coarse-f16-h6-u25_s102,13,3,74200,75632,831229441,846033441,14804000,1,0,,2885280,21456000,21456000,20680000,0.03616703952274422,0,1,1,1,14472000,1,1,1,1.0,1.0,262926,hold,0,8,0,0,8,0,8,7,12857313.657894736,1,1354.0897037839122,14804000,29646399,1,persistent,1000.0,450.0,1450.0,150.0,146.2740466899432,1000.0,1354.0897037839122,0,1,354.0897037839122,0.0,106,16,22,95.91029621608777,1,
coarse-f16-h6-u25,persistent,16,6,0.25,102,confirmation_coarse-f16-h6-u25_s102,12,22,74259,75665,831802721,846386721,14584000,1,0,,1705280,50401601,50401601,49037601,0.027062632395347917,0,0,1,1,14132000,1,1,1,1.0,1.0,262926,hold,0,8,0,0,8,0,8,6,13458918.909090908,1,1346.3508701859737,14584000,29646399,1,persistent,1000.0,450.0,1450.0,150.0,146.2740466899432,1000.0,1346.3508701859737,0,1,346.3508701859737,0.0,106,16,22,103.64912981402631,1,
coarse-f16-h6-u25,persistent,16,6,0.25,102,confirmation_coarse-f16-h6-u25_s102,5,22,74300,77082,832238721,861590721,29352000,1,0,,4297280,52856000,52856000,54212000,-0.02565460874829726,1,1,1,1,28568000,2,2,2,1.0,1.0,262926,hold,1,8,0,1,25,0,8,6,14471496.134328358,1,1343.6603272024809,29352000,44918399,1,persistent,1000.0,450.0,1450.0,150.0,146.2740466899432,1000.0,1343.6603272024809,0,1,343.6603272024808,0.0,106,16,22,106.33967279751914,1,
coarse-f16-h6-u25,persistent,16,6,0.25,102,confirmation_coarse-f16-h6-u25_s102,6,17,74772,,837174721,,,0,1,hold_exit_before_slot_completion,1758561,15973439,15973439,,,,,,,0,0,1,1,1.0,0.0,262926,hold,0,1,0,0,1,0,8,8,9888526.30952381,1,1355.4077427922034,14982720,29646399,1,persistent,1000.0,450.0,1450.0,150.0,146.2740466899432,1000.0,1355.4077427922034,0,1,355.40774279220335,0.0,106,16,22,94.59225720779659,0,round_censored
coarse-f16-h6-u25,persistent,16,6,0.25,102,confirmation_coarse-f16-h6-u25_s102,7,14,74814,76211,837568161,852236161,14668000,1,0,,1249280,14276000,14276000,15018720,-0.05202577752871953,1,1,1,1,14336000,1,1,1,1.0,1.0,262926,hold,0,8,0,0,8,0,7,6,8249789.76744186,1,1354.7459390089443,14668000,29646399,1,persistent,1000.0,450.0,1450.0,150.0,146.2740466899432,1000.0,1354.745939008944,0,1,354.7459390089442,0.0,106,16,22,95.25406099105567,1,
coarse-f16-h6-u25,persistent,16,6,0.25,102,confirmation_coarse-f16-h6-u25_s102,14,25,74930,,838861281,,,0,1,hold_exit_before_slot_completion,580160,17515520,17515520,,,,,,,0,0,1,1,1.0,0.0,262926,hold,1,7,0,0,24,0,8,7,7591062.0,1,1346.3859218559558,14629280,29646399,1,persistent,1000.0,450.0,1450.0,150.0,146.2740466899432,1000.0,1346.385921855956,0,1,346.38592185595587,0.0,106,16,22,103.61407814404424,0,round_censored
coarse-f16-h6-u25,persistent,16,6,0.25,102,confirmation_coarse-f16-h6-u25_s102,16,18,74952,77663,839036161,868252161,29216000,1,0,,3570880,16270400,16270400,9960000,0.3878454125282722,0,0,0,0,14276000,1,2,2,1.0,0.5,262926,hold,1,7,1,0,52,0,7,7,6920764.044943821,1,1346.5999339549812,29216000,44918399,1,persistent,1000.0,450.0,1450.0,150.0,146.2740466899432,1000.0,1346.5999339549815,0,1,346.59993395498134,0.0,106,16,22,103.40006604501878,1,
coarse-f16-h6-u25,persistent,16,6,0.25,102,confirmation_coarse-f16-h6-u25_s102,3,14,75139,77810,840881441,869868161,28986720,1,0,,1256000,55476000,55476000,50228000,0.09459946643593627,0,0,0,0,28322720,2,2,2,1.0,1.0,262926,hold,1,8,0,1,17,0,6,6,12628733.936507937,1,1341.4557512663687,28986720,44918399,1,persistent,1000.0,450.0,1450.0,150.0,146.2740466899432,1000.0,1341.455751266369,0,1,341.4557512663689,0.0,106,16,22,108.54424873363132,1,
coarse-f16-h6-u25,persistent,16,6,0.25,102,confirmation_coarse-f16-h6-u25_s102,8,18,75154,76527,841122721,855482720,14359999,1,0,,1349439,15604000,15604000,14281120,0.08477826198410664,0,0,1,1,14027999,1,1,1,1.0,1.0,262926,hold,0,8,0,0,8,0,8,7,7175557.0,1,1335.6042389238091,14359999,29646399,1,persistent,1000.0,450.0,1450.0,150.0,146.2740466899432,1000.0,1335.604238923809,0,1,335.604238923809,0.0,106,16,22,114.39576107619087,1,
coarse-f16-h6-u25,persistent,16,6,0.25,102,confirmation_coarse-f16-h6-u25_s102,15,19,75402,,843690721,,,0,1,hold_exit_before_slot_completion,931839,16902882,16902882,,,,,,,14276000,1,2,2,1.0,0.5,262926,hold,1,3,0,1,3,0,8,5,11626536.088607594,1,1342.114623344068,29880000,44918399,1,persistent,1000.0,450.0,1450.0,150.0,146.2740466899432,1000.0,1342.114623344068,0,1,342.1146233440679,0.0,106,16,22,107.88537665593208,0,round_censored
coarse-f16-h6-u25,persistent,16,6,0.25,102,confirmation_coarse-f16-h6-u25_s102,13,4,75632,79759,846033441,890245441,44212000,1,0,,4213280,20680000,20680000,13928000,0.3264990328820116,0,0,0,0,28604000,2,3,3,1.0,0.6666666666666666,262926,hold,1,8,0,1,23,0,8,7,13068492.578431373,1,1338.0593951263254,44212000,60586720,1,persistent,1000.0,450.0,1450.0,150.0,146.2740466899432,1000.0,1338.0593951263254,0,1,338.0593951263254,0.0,106,16,22,111.9406048736746,1,
coarse-f16-h6-u25,persistent,16,6,0.25,102,confirmation_coarse-f16-h6-u25_s102,12,23,75665,77034,846386721,861062721,14676000,1,0,,3825280,49037601,49037601,47072000,0.040083547317088374,0,0,1,1,14344000,1,1,1,1.0,1.0,262926,hold,0,8,0,0,8,0,8,6,14313341.205882354,1,1337.2710900303343,14676000,30310399,1,persistent,1000.0,450.0,1450.0,150.0,146.2740466899432,1000.0,1337.271090030334,0,1,337.27109003033416,0.0,106,16,22,112.72890996966566,1,
coarse-f16-h6-u25,persistent,16,6,0.25,102,confirmation_coarse-f16-h6-u25_s102,1,18,75702,77097,846845441,861733441,14888000,1,0,,4693280,19104000,19104000,18660000,0.023241206030150754,0,1,1,1,14316000,1,1,1,1.0,1.0,262926,hold,0,8,0,0,8,0,8,7,12913540.57142857,1,1332.9151556181664,14888000,44112000,1,persistent,1000.0,450.0,1450.0,150.0,146.2740466899432,1000.0,1332.9151556181664,0,1,332.91515561816635,0.0,106,16,22,117.08484438183359,1,
coarse-f16-h6-u25,persistent,16,6,0.25,102,confirmation_coarse-f16-h6-u25_s102,7,15,76211,,852236161,,,0,1,hold_exit_before_slot_completion,414880,15018720,15018720,,,,,,,0,0,1,1,1.0,0.0,262926,hold,0,7,0,0,7,0,8,6,8905288.105263159,1,1330.8590849916961,14362560,30310399,1,persistent,1000.0,450.0,1450.0,150.0,146.2740466899432,1000.0,1330.8590849916961,0,1,330.8590849916961,0.0,106,16,22,119.14091500830386,0,round_censored
coarse-f16-h6-u25,persistent,16,6,0.25,102,confirmation_coarse-f16-h6-u25_s102,2,7,76277,,852938721,,,0,1,hold_exit_before_slot_completion,8309280,17204000,17204000,,,,,,,42733440,3,4,4,1.0,0.75,262926,hold,0,0,0,0,0,0,8,7,14078115.143939395,1,1335.5398869745911,58492000,76854720,1,persistent,1000.0,450.0,1450.0,150.0,146.2740466899432,1000.0,1335.539886974591,0,1,335.53988697459096,0.0,106,16,22,114.46011302540887,0,round_censored
coarse-f16-h6-u25,persistent,16,6,0.25,102,confirmation_coarse-f16-h6-u25_s102,8,19,76527,77833,855482720,870095840,14613120,1,0,,1160161,14281120,14281120,12521761,0.12319474943141714,0,0,1,1,0,0,1,1,1.0,0.0,262926,hold,0,8,0,0,8,0,8,7,7295064.222222222,1,1332.2282777438268,14613120,30310399,1,persistent,1000.0,450.0,1450.0,150.0,146.2740466899432,1000.0,1332.2282777438268,0,1,332.22827774382677,0.0,106,16,22,117.77172225617323,1,
coarse-f16-h6-u25,persistent,16,6,0.25,102,confirmation_coarse-f16-h6-u25_s102,9,23,76737,78074,857801441,872488161,14686720,1,0,,736959,53199041,53199041,52468000,0.013741619891230746,0,1,1,1,14349600,1,1,1,1.0,1.0,262926,hold,0,8,0,0,8,0,7,5,19158957.742857143,1,1332.0567824810907,14686720,30310399,1,persistent,1000.0,450.0,1450.0,150.0,146.2740466899432,1000.0,1332.0567824810907,0,1,332.0567824810907,0.0,106,16,22,117.94321751890925,1,
coarse-f16-h6-u25,persistent,16,6,0.25,102,confirmation_coarse-f16-h6-u25_s102,12,24,77034,78402,861062721,875794721,14732000,1,0,,2129280,47072000,47072000,50440000,-0.07154996600951734,1,1,1,1,14400000,1,1,1,1.0,1.0,262926,hold,0,8,0,0,8,0,8,6,14158985.0,1,1335.7205595584583,14732000,29880000,1,persistent,1000.0,450.0,1450.0,150.0,146.2740466899432,1000.0,1335.7205595584583,0,1,335.72055955845826,0.0,106,16,22,114.27944044154174,1,
coarse-f16-h6-u25,persistent,16,6,0.25,102,confirmation_coarse-f16-h6-u25_s102,5,23,77082,79855,861590721,891238721,29648000,1,0,,893280,54212000,54212000,54064000,0.002730022873164613,0,1,1,1,28744000,2,2,2,1.0,1.0,262926,hold,1,7,1,0,18,0,8,6,12984616.470588235,1,1338.692655686858,29648000,58628000,1,persistent,1000.0,450.0,1450.0,150.0,146.2740466899432,1000.0,1338.692655686858,0,1,338.6926556868579,0.0,106,16,22,111.30734431314204,1,
coarse-f16-h6-u25,persistent,16,6,0.25,102,confirmation_coarse-f16-h6-u25_s102,1,19,77097,78458,861733441,876417441,14684000,1,0,,4813280,18660000,18660000,15317120,0.17914683815648447,0,0,0,1,14352000,1,1,1,1.0,1.0,262926,hold,0,8,0,0,8,0,8,7,13073776.842105264,1,1342.070434136645,14684000,29880000,1,persistent,1000.0,450.0,1450.0,150.0,146.2740466899432,1000.0,1342.070434136645,0,1,342.0704341366451,0.0,106,16,22,107.92956586335504,1,
coarse-f16-h6-u25,persistent,16,6,0.25,102,confirmation_coarse-f16-h6-u25_s102,3,15,77810,79199,869868161,884293120,14424959,1,0,,253280,50228000,50228000,52470399,-0.044644401529027634,1,1,1,1,14092959,1,1,1,1.0,1.0,262926,hold,0,8,0,0,8,0,7,7,14189206.583333334,1,1336.7241619316953,14424959,29880000,1,persistent,1000.0,450.0,1450.0,150.0,146.2740466899432,1000.0,1336.7241619316953,0,1,336.7241619316953,0.0,106,16,22,113.27583806830467,1,
coarse-f16-h6-u25,persistent,16,6,0.25,102,confirmation_coarse-f16-h6-u25_s102,9,24,78074,80822,872488161,901704161,29216000,1,0,,1249280,52468000,52468000,53540000,-0.020431501105435693,1,1,1,1,28552000,2,2,2,1.0,1.0,262926,hold,1,7,1,0,22,0,7,6,11978924.184615385,1,1331.7361060430399,29216000,45548321,1,persistent,1000.0,450.0,1450.0,150.0,146.2740466899432,1000.0,1331.7361060430396,0,1,331.7361060430397,0.0,106,16,22,118.26389395696015,1,
coarse-f16-h6-u25,persistent,16,6,0.25,102,confirmation_coarse-f16-h6-u25_s102,4,13,78239,,874141441,,,0,1,hold_exit_before_slot_completion,8753280,16124000,16124000,,,,,,,14528000,1,2,2,1.0,0.5,262926,hold,0,1,0,0,1,0,8,6,14008896.887323944,1,1339.7399111608136,29600000,45548321,1,persistent,1000.0,450.0,1450.0,150.0,146.2740466899432,1000.0,1339.7399111608133,0,1,339.73991116081345,0.0,106,16,22,110.26008883918644,0,round_censored
coarse-f16-h6-u25,persistent,16,6,0.25,102,confirmation_coarse-f16-h6-u25_s102,12,25,78402,81170,875794721,905506721,29712000,1,0,,3217280,50440000,50440000,56260000,-0.11538461538461539,1,1,1,1,28928000,2,2,2,1.0,1.0,262926,hold,1,7,1,0,14,0,7,6,15784286.567164179,1,1336.8900348721074,29712000,58416000,1,persistent,1000.0,450.0,1450.0,150.0,146.2740466899432,1000.0,1336.8900348721072,0,1,336.89003487210726,0.0,106,16,22,113.10996512789256,1,
coarse-f16-h6-u25,persistent,16,6,0.25,102,confirmation_coarse-f16-h6-u25_s102,1,20,78458,79823,876417441,890861441,14444000,1,0,,4540160,15317120,15317120,14022560,0.08451719383278318,0,0,1,1,14112000,1,1,1,1.0,1.0,262926,hold,0,8,0,0,8,0,8,7,11031738.94736842,1,1346.1573317603618,14444000,30276321,1,persistent,1000.0,450.0,1450.0,150.0,146.2740466899432,1000.0,1346.1573317603618,0,1,346.1573317603617,0.0,106,16,22,103.84266823963821,1,
coarse-f16-h6-u25,persistent,16,6,0.25,102,confirmation_coarse-f16-h6-u25_s102,16,19,79065,81764,882860161,912076161,29216000,1,0,,3569600,15937280,15937280,13280000,0.1667335956951249,0,0,0,1,14276000,1,2,2,1.0,0.5,262926,hold,1,8,0,1,37,0,7,7,6789024.7191011235,1,1329.5900678253838,29216000,46544321,1,persistent,1000.0,450.0,1450.0,150.0,146.2740466899432,1000.0,1329.590067825384,0,1,329.5900678253839,0.0,106,16,22,120.40993217461619,1,
coarse-f16-h6-u25,persistent,16,6,0.25,102,confirmation_coarse-f16-h6-u25_s102,3,16,79199,80620,884293120,899390560,15097440,1,0,,253280,52470399,52470399,54360959,-0.03603098196375446,1,1,1,1,14765440,1,1,1,1.0,1.0,262926,hold,0,8,0,0,8,0,8,8,16756934.807692308,1,1331.4267945951185,15097440,43670881,1,persistent,1000.0,450.0,1450.0,150.0,146.2740466899432,1000.0,1331.4267945951183,0,1,331.4267945951184,0.0,106,16,22,118.57320540488149,1,
coarse-f16-h6-u25,persistent,16,6,0.25,102,confirmation_coarse-f16-h6-u25_s102,8,20,79233,81942,884698720,913766721,29068001,1,0,,1244160,15355999,15355999,13304000,0.133628492682241,0,0,0,1,14104001,1,2,2,1.0,0.5,262926,hold,1,8,0,1,37,0,8,7,6748222.3977272725,1,1330.1599063635795,29068001,46544321,1,persistent,1000.0,450.0,1450.0,150.0,146.2740466899432,1000.0,1330.1599063635795,0,1,330.15990636357947,0.0,106,16,22,119.84009363642053,1,
coarse-f16-h6-u25,persistent,16,6,0.25,102,confirmation_coarse-f16-h6-u25_s102,1,21,79823,81167,890861441,905473441,14612000,1,0,,3133280,14022560,14022560,10920000,0.22125489211670338,0,0,0,1,0,0,1,1,1.0,0.0,262926,hold,0,8,0,0,8,0,8,7,12472085.0,1,1334.2632683119732,14612000,29976000,1,persistent,1000.0,450.0,1450.0,150.0,146.2740466899432,1000.0,1334.263268311973,0,1,334.26326831197304,0.0,106,16,22,115.7367316880268,1,
coarse-f16-h6-u25,persistent,16,6,0.25,102,confirmation_coarse-f16-h6-u25_s102,5,24,79855,82608,891238721,920894721,29656000,1,0,,1189280,54064000,54064000,50716000,0.06192660550458716,0,0,0,1,28272000,2,2,2,1.0,1.0,262926,hold,1,7,1,0,20,0,8,6,14044658.550724637,1,1327.6160035451337,29656000,45152000,1,persistent,1000.0,450.0,1450.0,150.0,146.2740466899432,1000.0,1327.616003545134,0,1,327.6160035451339,0.0,106,16,22,122.38399645486629,1,
coarse-f16-h6-u25,persistent,16,6,0.25,102,confirmation_coarse-f16-h6-u25_s102,11,24,79968,81293,892398881,906874240,14475359,1,0,,1125601,14726400,14726400,10439522,0.29110155910473706,0,0,0,0,0,0,1,1,1.0,0.0,262926,hold,0,8,0,0,8,0,8,6,8147523.902439024,1,1335.147100295487,14475359,31936321,1,persistent,1000.0,450.0,1450.0,150.0,146.2740466899432,1000.0,1335.147100295487,0,1,335.14710029548695,0.0,106,16,22,114.85289970451299,1,
coarse-f16-h6-u25,persistent,16,6,0.25,102,confirmation_coarse-f16-h6-u25_s102,14,26,80417,,897166721,,,0,1,hold_exit_before_slot_completion,2405440,14180160,14180160,,,,,,,0,0,1,1,1.0,0.0,262926,hold,1,7,0,0,19,0,8,7,8831520.155555556,1,1329.656106425387,14608000,31936321,1,persistent,1000.0,450.0,1450.0,150.0,146.2740466899432,1000.0,1329.656106425387,0,1,329.656106425387,0.0,106,16,22,120.34389357461305,0,round_censored
coarse-f16-h6-u25,persistent,16,6,0.25,102,confirmation_coarse-f16-h6-u25_s102,3,17,80620,81990,899390560,914269120,14878560,1,0,,917280,54360959,54360959,55021279,-0.01214695274231641,1,1,1,1,14214560,1,1,1,1.0,1.0,262926,hold,0,8,0,0,8,0,8,8,18779907.692307692,1,1326.4620614731234,14878560,31936321,1,persistent,1000.0,450.0,1450.0,150.0,146.2740466899432,1000.0,1326.4620614731234,0,1,326.4620614731234,0.0,106,16,22,123.53793852687659,1,
coarse-f16-h6-u25,persistent,16,6,0.25,102,confirmation_coarse-f16-h6-u25_s102,9,25,80822,82250,901704161,917062721,15358560,1,0,,1249280,53540000,53540000,53534560,0.00010160627568173329,0,1,1,1,15026560,1,1,1,1.0,1.0,262926,hold,0,8,0,0,8,0,8,6,15182870.942857143,1,1336.3022837672393,15358560,31936321,1,persistent,1000.0,450.0,1450.0,150.0,146.2740466899432,1000.0,1336.3022837672393,0,1,336.30228376723926,0.0,106,16,22,113.69771623276074,1,
coarse-f16-h6-u25,persistent,16,6,0.25,102,confirmation_coarse-f16-h6-u25_s102,12,26,81170,82580,905506721,920486721,14980000,1,0,,3245280,56260000,56260000,56224000,0.0006398862424457874,0,1,1,1,14168000,1,1,1,1.0,1.0,262926,hold,0,8,0,0,8,0,7,6,11293502.222222222,1,1322.9181997431047,14980000,31936321,1,persistent,1000.0,450.0,1450.0,150.0,146.2740466899432,1000.0,1322.9181997431044,0,1,322.9181997431045,0.0,106,16,22,127.08180025689535,1,
coarse-f16-h6-u25,persistent,16,6,0.25,102,confirmation_coarse-f16-h6-u25_s102,7,16,81640,83016,910704161,925362721,14658560,1,0,,1958720,15221440,15221440,17233279,-0.13217139771269998,1,1,1,1,14326560,1,1,1,1.0,1.0,262926,hold,0,8,0,0,8,0,8,6,10827168.025,1,1329.8287865503235,14658560,31709280,1,persistent,1000.0,450.0,1450.0,150.0,146.2740466899432,1000.0,1329.8287865503235,0,1,329.82878655032357,0.0,106,16,22,120.17121344967654,1,
coarse-f16-h6-u25,persistent,16,6,0.25,102,confirmation_coarse-f16-h6-u25_s102,3,18,81990,84622,914269120,943398561,29129441,1,0,,696321,55021279,55021279,57348959,-0.04230508709185041,1,1,1,1,28465441,2,2,2,1.0,1.0,262926,hold,1,7,1,0,23,0,7,7,21412688.80645161,1,1311.8047923671838,29129441,46812000,1,persistent,1000.0,450.0,1450.0,150.0,146.2740466899432,1000.0,1311.8047923671838,0,1,311.8047923671838,0.0,106,16,22,138.19520763281616,1,
coarse-f16-h6-u25,persistent,16,6,0.25,102,confirmation_coarse-f16-h6-u25_s102,9,26,82250,85072,917062721,948516161,31453440,1,0,,282720,53534560,53534560,57922720,-0.08196873197426112,1,1,1,1,28710880,2,2,2,1.0,1.0,262926,hold,0,8,0,0,8,0,7,6,17114310.423728812,1,1302.939811081824,31453440,58839840,1,persistent,1000.0,450.0,1450.0,150.0,146.2740466899432,1000.0,1302.9398110818242,0,1,302.9398110818242,0.0,106,16,22,147.06018891817598,1,
coarse-f16-h6-u25,persistent,16,6,0.25,102,confirmation_coarse-f16-h6-u25_s102,12,27,82580,83902,920486721,934986721,14500000,1,0,,1013280,56224000,56224000,48900000,0.13026465566306203,0,0,0,0,14168000,1,1,1,1.0,1.0,262926,hold,0,8,0,0,8,0,8,6,12755311.111111112,1,1301.4614626908703,14500000,31709280,1,persistent,1000.0,450.0,1450.0,150.0,146.2740466899432,1000.0,1301.4614626908701,0,1,301.4614626908701,0.0,106,16,22,148.53853730912965,1,
coarse-f16-h6-u25,persistent,16,6,0.25,102,confirmation_coarse-f16-h6-u25_s102,5,25,82608,86596,920894721,965106721,44212000,1,0,,4961280,50716000,50716000,57292000,-0.1296632226516287,1,1,1,1,42616000,3,3,3,1.0,1.0,262926,hold,1,8,0,1,36,0,8,6,12184064.31372549,1,1301.652888335568,44212000,63302880,1,persistent,1000.0,450.0,1450.0,150.0,146.2740466899432,1000.0,1301.6528883355677,0,1,301.65288833556775,0.0,106,16,22,148.34711166443208,1,
coarse-f16-h6-u25,persistent,16,6,0.25,102,confirmation_coarse-f16-h6-u25_s102,6,18,82996,84368,925129120,940538881,15409761,1,0,,1055041,16462239,16462239,17264000,-0.04870303486664238,1,1,1,1,15077761,1,1,1,1.0,1.0,262926,hold,0,8,0,0,8,0,8,8,10137698.0,1,1299.4126174698742,15409761,43648000,1,persistent,1000.0,450.0,1450.0,150.0,146.2740466899432,1000.0,1299.412617469874,0,1,299.4126174698739,0.0,106,16,22,150.58738253012575,1,
coarse-f16-h6-u25,persistent,16,6,0.25,102,confirmation_coarse-f16-h6-u25_s102,7,17,83016,85710,925362721,955524161,30161440,1,0,,2321441,17233279,17233279,16962400,0.01571836677163992,0,1,1,1,28546880,2,2,2,1.0,1.0,262926,hold,0,8,0,0,8,0,8,6,11214816.423076924,1,1295.975300938984,30161440,58148000,1,persistent,1000.0,450.0,1450.0,150.0,146.2740466899432,1000.0,1295.975300938984,0,1,295.97530093898393,0.0,106,16,22,154.024699061016,1,
coarse-f16-h6-u25,persistent,16,6,0.25,102,confirmation_coarse-f16-h6-u25_s102,8,21,83305,84585,928374721,942982721,14608000,1,0,,912160,16784001,16784001,17957120,-0.06989507448194265,1,1,1,1,14276000,1,1,1,1.0,1.0,262926,hold,0,8,0,0,8,0,8,7,6993112.888888889,1,1296.8154714125628,14608000,31453440,1,persistent,1000.0,450.0,1450.0,150.0,146.2740466899432,1000.0,1296.8154714125628,0,1,296.8154714125628,0.0,106,16,22,153.18452858743717,1,
coarse-f16-h6-u25,persistent,16,6,0.25,102,confirmation_coarse-f16-h6-u25_s102,4,14,83759,89119,933450721,992949441,59498720,1,0,,1409280,16972000,16972000,26308000,-0.5500824888050907,1,1,1,1,56742720,4,4,4,1.0,1.0,262926,hold,0,8,0,0,8,0,8,6,14483718.780303031,1,1297.373997506289,59498720,75046399,1,persistent,1000.0,450.0,1450.0,150.0,146.2740466899432,1000.0,1297.3739975062888,0,1,297.37399750628884,0.0,106,16,22,152.62600249371098,1,
coarse-f16-h6-u25,persistent,16,6,0.25,102,confirmation_coarse-f16-h6-u25_s102,13,5,83823,86461,934181441,963737441,29556000,1,0,,5201280,19316000,19316000,21693600,-0.12308966659763926,1,1,1,1,28412000,2,2,2,1.0,1.0,262926,hold,0,8,0,0,8,0,8,7,14734295.0,1,1297.312978693076,29556000,45166399,1,persistent,1000.0,450.0,1450.0,150.0,146.2740466899432,1000.0,1297.312978693076,0,1,297.312978693076,0.0,106,16,22,152.68702130692395,1,
coarse-f16-h6-u25,persistent,16,6,0.25,102,confirmation_coarse-f16-h6-u25_s102,12,28,83902,85187,934986721,949710721,14724000,1,0,,1989280,48900000,48900000,50792000,-0.03869120654396728,1,1,1,1,14272000,1,1,1,1.0,1.0,262926,hold,0,8,0,0,8,0,8,6,15861647.05882353,1,1288.9070827324779,14724000,32366400,1,persistent,1000.0,450.0,1450.0,150.0,146.2740466899432,1000.0,1288.9070827324776,0,1,288.90708273247776,0.0,106,16,22,161.09291726752213,1,
coarse-f16-h6-u25,persistent,16,6,0.25,102,confirmation_coarse-f16-h6-u25_s102,11,25,84038,85384,936518721,951942721,15424000,1,0,,544000,14649280,14649280,20252641,-0.38250077819524236,1,1,1,1,15092000,1,1,1,1.0,1.0,262926,hold,0,8,0,0,8,0,7,6,8337514.317073171,1,1284.7692426628003,15424000,32366400,1,persistent,1000.0,450.0,1450.0,150.0,146.2740466899432,1000.0,1284.7692426628003,0,1,284.76924266280014,0.0,106,16,22,165.23075733719975,1,
coarse-f16-h6-u25,persistent,16,6,0.25,102,confirmation_coarse-f16-h6-u25_s102,10,7,84102,88067,937314721,981647840,44333119,1,0,,1581280,17660321,17660321,11952000,0.3232286094912997,0,0,0,0,28397119,2,3,3,1.0,0.6666666666666666,262926,hold,1,8,0,1,8,0,7,5,9769877.75,1,1281.9148354633257,44333119,62913280,1,persistent,1000.0,450.0,1450.0,150.0,146.2740466899432,1000.0,1281.914835463326,0,1,281.91483546332597,0.0,106,16,22,168.08516453667426,1,
coarse-f16-h6-u25,persistent,16,6,0.25,102,confirmation_coarse-f16-h6-u25_s102,2,8,84356,85677,940430721,955078721,14648000,1,0,,4361280,16448000,16448000,12960000,0.21206225680933852,0,0,0,1,0,0,1,1,1.0,0.0,262926,hold,0,8,0,0,8,0,8,7,11387794.285714285,1,1278.7879322075457,14648000,44234720,1,persistent,1000.0,450.0,1450.0,150.0,146.2740466899432,1000.0,1278.787932207546,0,1,278.78793220754596,0.0,106,16,22,171.21206779245426,1,
coarse-f16-h6-u25,persistent,16,6,0.25,102,confirmation_coarse-f16-h6-u25_s102,6,19,84368,85662,940538881,954930721,14391840,1,0,,1249280,17264000,17264000,24515519,-0.42003701343836886,1,1,1,1,14059840,1,1,1,1.0,1.0,262926,hold,0,8,0,0,8,0,8,8,8170987.435897436,1,1273.3815524240001,14391840,32366400,1,persistent,1000.0,450.0,1450.0,150.0,146.2740466899432,1000.0,1273.3815524240001,0,1,273.3815524240002,0.0,106,16,22,176.61844757599988,1,
coarse-f16-h6-u25,persistent,16,6,0.25,102,confirmation_coarse-f16-h6-u25_s102,14,27,84401,87005,940880161,969754881,28874720,1,0,,544320,15857440,15857440,22878720,-0.44277512637601024,1,1,1,1,28210720,2,2,2,1.0,1.0,262926,hold,1,7,1,0,17,0,8,7,11015742.608108109,1,1280.0755910165112,28874720,48117440,1,persistent,1000.0,450.0,1450.0,150.0,146.2740466899432,1000.0,1280.0755910165112,0,1,280.07559101651134,0.0,106,16,22,169.92440898348877,1,
coarse-f16-h6-u25,persistent,16,6,0.25,102,confirmation_coarse-f16-h6-u25_s102,8,22,84585,87233,942982721,972198721,29216000,1,0,,1908160,17957120,17957120,19920000,-0.1093092879036282,1,1,1,1,28550880,2,2,2,1.0,1.0,262926,hold,1,7,1,0,35,0,7,7,6791360.0,1,1290.6766845304908,29216000,48117440,1,persistent,1000.0,450.0,1450.0,150.0,146.2740466899432,1000.0,1290.676684530491,0,1,290.6766845304909,0.0,106,16,22,159.32331546950923,1,
coarse-f16-h6-u25,persistent,16,6,0.25,102,confirmation_coarse-f16-h6-u25_s102,3,19,84622,87325,943398561,973394721,29996160,1,0,,498721,57348959,57348959,59116959,-0.03082880719770345,1,1,1,1,29000160,2,2,2,1.0,1.0,262926,hold,1,7,1,0,18,0,8,8,16003330.028985508,1,1292.1081797872853,29996160,48117440,1,persistent,1000.0,450.0,1450.0,150.0,146.2740466899432,1000.0,1292.1081797872855,0,1,292.10817978728545,0.0,106,16,22,157.89182021271472,1,
coarse-f16-h6-u25,persistent,16,6,0.25,102,confirmation_coarse-f16-h6-u25_s102,9,27,85072,86548,948516161,964614561,16098400,1,0,,355840,57922720,57922720,56978560,0.01630033948681968,0,1,1,1,14608000,1,1,1,1.0,1.0,262926,hold,0,8,0,0,8,0,8,6,19931670.363636363,1,1303.2143669554114,16098400,44444000,1,persistent,1000.0,450.0,1450.0,150.0,146.2740466899432,1000.0,1303.2143669554116,0,1,303.2143669554116,0.0,106,16,22,146.78563304458862,1,
coarse-f16-h6-u25,persistent,16,6,0.25,102,confirmation_coarse-f16-h6-u25_s102,1,22,85154,86502,949365441,964161441,14796000,1,0,,4741280,20156000,20156000,25904000,-0.2851756300853344,1,1,1,1,14344000,1,1,1,1.0,1.0,262926,hold,0,8,0,0,8,0,8,7,15126103.529411765,1,1308.3179723105536,14796000,29996160,1,persistent,1000.0,450.0,1450.0,150.0,146.2740466899432,1000.0,1308.3179723105536,0,1,308.3179723105537,0.0,106,16,22,141.6820276894464,1,
coarse-f16-h6-u25,persistent,16,6,0.25,102,confirmation_coarse-f16-h6-u25_s102,12,29,85187,86519,949710721,964358721,14648000,1,0,,393280,50792000,50792000,50668000,0.002441329343203654,0,1,1,1,14316000,1,1,1,1.0,1.0,262926,hold,0,8,0,0,8,0,8,6,14283337.142857144,1,1309.348638443855,14648000,29996160,1,persistent,1000.0,450.0,1450.0,150.0,146.2740466899432,1000.0,1309.3486384438552,0,1,309.3486384438552,0.0,106,16,22,140.65136155614505,1,
coarse-f16-h6-u25,persistent,16,6,0.25,102,confirmation_coarse-f16-h6-u25_s102,11,26,85384,88009,951942721,981042881,29100160,1,0,,385280,20252641,20252641,23397120,-0.15526266426191035,1,1,1,1,28436160,2,2,2,1.0,1.0,262926,hold,1,8,0,1,15,0,8,6,11741567.567567568,1,1287.1784587948862,29100160,46645280,1,persistent,1000.0,450.0,1450.0,150.0,146.2740466899432,1000.0,1287.1784587948862,0,1,287.1784587948861,0.0,106,16,22,162.82154120511382,1,
coarse-f16-h6-u25,persistent,16,6,0.25,102,confirmation_coarse-f16-h6-u25_s102,6,20,85662,88276,954930721,984036001,29105280,1,0,,89601,24515519,24515519,10080960,0.5887927153408419,0,0,0,0,14101119,1,2,2,1.0,0.5,262926,hold,1,8,0,1,12,0,8,8,10010679.85,1,1287.9264901676315,29105280,46645280,1,persistent,1000.0,450.0,1450.0,150.0,146.2740466899432,1000.0,1287.9264901676315,0,1,287.92649016763147,0.0,106,16,22,162.07350983236847,1,
coarse-f16-h6-u25,persistent,16,6,0.25,102,confirmation_coarse-f16-h6-u25_s102,7,18,85710,87020,955524161,969926561,14402400,1,0,,3160320,16962400,16962400,20378400,-0.20138659623638164,1,1,1,1,14070400,1,1,1,1.0,1.0,262926,hold,0,8,0,0,8,0,8,6,9267310.476190476,1,1294.9346087412607,14402400,31849440,1,persistent,1000.0,450.0,1450.0,150.0,146.2740466899432,1000.0,1294.9346087412607,0,1,294.93460874126066,0.0,106,16,22,155.06539125873928,1,
coarse-f16-h6-u25,persistent,16,6,0.25,102,confirmation_coarse-f16-h6-u25_s102,16,20,85731,87057,955650561,970258561,14608000,1,0,,585280,16346720,16346720,20257120,-0.23921618526530092,1,1,1,1,14276000,1,1,1,1.0,1.0,262926,hold,0,8,0,0,8,0,8,8,7053763.80952381,1,1287.9706943295441,14608000,31849440,1,persistent,1000.0,450.0,1450.0,150.0,146.2740466899432,1000.0,1287.970694329544,0,1,287.97069432954385,0.0,106,16,22,162.02930567045587,1,
coarse-f16-h6-u25,persistent,16,6,0.25,102,confirmation_coarse-f16-h6-u25_s102,15,20,86269,88934,961626561,991098721,29472160,1,0,,5841600,14663680,14663680,30414240,-1.0741205481843576,1,1,1,1,28476160,2,2,2,1.0,1.0,262926,hold,0,8,0,0,8,0,7,5,13807522.352941176,1,1300.561078527074,29472160,46645280,1,persistent,1000.0,450.0,1450.0,150.0,146.2740466899432,1000.0,1300.5610785270742,0,1,300.56107852707413,0.0,106,16,22,149.43892147292604,1,
coarse-f16-h6-u25,persistent,16,6,0.25,102,confirmation_coarse-f16-h6-u25_s102,13,6,86461,90595,963737441,1008017120,44279679,1,0,,2187680,21693600,21693600,23535679,-0.08491347678578014,1,1,1,1,42563679,3,3,3,1.0,1.0,262926,hold,0,8,0,0,8,0,7,7,14899925.50515464,1,1315.6381324216247,44279679,61754720,1,persistent,1000.0,450.0,1450.0,150.0,146.2740466899432,1000.0,1315.6381324216247,0,1,315.6381324216247,0.0,106,16,22,134.36186757837527,1,
coarse-f16-h6-u25,persistent,16,6,0.25,102,confirmation_coarse-f16-h6-u25_s102,1,23,86502,87824,964161441,979077441,14916000,1,0,,3273280,25904000,25904000,28136000,-0.08616429894996912,1,1,1,1,14464000,1,1,1,1.0,1.0,262926,hold,0,8,0,0,8,0,8,7,13616856.470588235,1,1291.858647668339,14916000,31849440,1,persistent,1000.0,450.0,1450.0,150.0,146.2740466899432,1000.0,1291.8586476683392,0,1,291.85864766833913,0.0,106,16,22,158.14135233166098,1,
coarse-f16-h6-u25,persistent,16,6,0.25,102,confirmation_coarse-f16-h6-u25_s102,12,30,86519,89249,964358721,994418721,30060000,1,0,,1817280,50668000,50668000,56832000,-0.1216546932975448,1,1,1,1,29399840,2,2,2,1.0,1.0,262926,hold,1,7,1,0,15,0,7,6,11225357.5,1,1305.5508231145004,30060000,58410720,1,persistent,1000.0,450.0,1450.0,150.0,146.2740466899432,1000.0,1305.5508231145004,0,1,305.55082311450036,0.0,106,16,22,144.44917688549958,1,
coarse-f16-h6-u25,persistent,16,6,0.25,102,confirmation_coarse-f16-h6-u25_s102,9,28,86548,87946,964614561,980365601,15751040,1,0,,1293280,56978560,56978560,59083840,-0.03694863471453122,1,1,1,1,14564481,1,1,1,1.0,1.0,262926,hold,0,8,0,0,8,0,7,6,15940082.741935484,1,1284.9186524654294,15751040,43910720,1,persistent,1000.0,450.0,1450.0,150.0,146.2740466899432,1000.0,1284.9186524654294,0,1,284.9186524654293,0.0,106,16,22,165.08134753457057,1,
coarse-f16-h6-u25,persistent,16,6,0.25,102,confirmation_coarse-f16-h6-u25_s102,5,26,86596,89223,965106721,994101441,28994720,1,0,,3125280,57292000,57292000,59488000,-0.038329958807512395,1,1,1,1,28210720,2,2,2,1.0,1.0,262926,hold,0,8,0,0,8,0,8,6,17177481.29032258,1,1302.180769605532,28994720,45312960,1,persistent,1000.0,450.0,1450.0,150.0,146.2740466899432,1000.0,1302.180769605532,0,1,302.1807696055321,0.0,106,16,22,147.81923039446792,1,
coarse-f16-h6-u25,persistent,16,6,0.25,102,confirmation_coarse-f16-h6-u25_s102,2,9,86991,,969578721,,,0,1,hold_exit_before_slot_completion,5357280,14112000,14112000,,,,,,,28320000,2,3,3,1.0,0.6666666666666666,262926,hold,0,0,0,0,0,0,8,7,14856932.24489796,1,1309.490879408286,44564000,73045120,1,persistent,1000.0,450.0,1450.0,150.0,146.2740466899432,1000.0,1309.4908794082858,0,1,309.4908794082858,0.0,106,16,22,140.509120591714,0,round_censored
coarse-f16-h6-u25,persistent,16,6,0.25,102,confirmation_coarse-f16-h6-u25_s102,14,28,87005,88288,969754881,984146721,14391840,1,0,,1909600,22878720,22878720,23124160,-0.010727872887993734,1,1,1,1,14059840,1,1,1,1.0,1.0,262926,hold,0,8,0,0,8,0,8,7,11314221.11904762,1,1283.9830891497713,14391840,30546880,1,persistent,1000.0,450.0,1450.0,150.0,146.2740466899432,1000.0,1283.9830891497713,0,1,283.9830891497713,0.0,106,16,22,166.01691085022867,1,
coarse-f16-h6-u25,persistent,16,6,0.25,102,confirmation_coarse-f16-h6-u25_s102,7,19,87020,88400,969926561,985454721,15528160,1,0,,1581280,20378400,20378400,23189440,-0.13794213480940604,1,1,1,1,14276000,1,1,1,1.0,1.0,262926,hold,0,8,0,0,8,0,8,6,8941760.0,1,1284.2558180963706,15528160,43824000,1,persistent,1000.0,450.0,1450.0,150.0,146.2740466899432,1000.0,1284.2558180963706,0,1,284.25581809637055,0.0,106,16,22,165.7441819036294,1,
coarse-f16-h6-u25,persistent,16,6,0.25,102,confirmation_coarse-f16-h6-u25_s102,16,21,87057,89758,970258561,999474561,29216000,1,0,,0,20257120,20257120,22897760,-0.13035614144557567,1,1,1,1,28552000,2,2,2,1.0,1.0,262926,hold,1,7,1,0,34,0,8,8,7991901.123595506,1,1316.095034700033,29216000,45656320,1,persistent,1000.0,450.0,1450.0,150.0,146.2740466899432,1000.0,1316.095034700033,0,1,316.0950347000329,0.0,106,16,22,133.904965299967,1,
coarse-f16-h6-u25,persistent,16,6,0.25,102,confirmation_coarse-f16-h6-u25_s102,8,23,87233,88529,972198721,986806721,14608000,1,0,,580160,19920000,19920000,21248000,-0.06666666666666667,1,1,1,1,14276000,1,1,1,1.0,1.0,262926,hold,1,7,1,0,23,0,7,7,6497372.444444444,1,1290.3067743854826,14608000,30546880,1,persistent,1000.0,450.0,1450.0,150.0,146.2740466899432,1000.0,1290.3067743854826,0,1,290.3067743854826,0.0,106,16,22,159.69322561451736,1,
coarse-f16-h6-u25,persistent,16,6,0.25,102,confirmation_coarse-f16-h6-u25_s102,3,20,87325,88625,973394721,987842721,14448000,1,0,,394881,59116959,59116959,58108000,0.017067166800646832,0,0,1,1,14116000,1,1,1,1.0,1.0,262926,hold,0,8,0,0,8,0,8,8,12360654.411764706,1,1290.5040240610977,14448000,30546880,1,persistent,1000.0,450.0,1450.0,150.0,146.2740466899432,1000.0,1290.5040240610977,0,1,290.5040240610976,0.0,106,16,22,159.49597593890235,1,
coarse-f16-h6-u25,persistent,16,6,0.25,102,confirmation_coarse-f16-h6-u25_s102,1,24,87824,90726,979077441,1009449120,30371679,1,0,,1613280,28136000,28136000,25100321,0.10789305516064827,0,0,0,1,29347679,2,2,2,1.0,1.0,262926,hold,1,8,0,1,10,0,8,7,15967244.647058824,1,1311.5739584898952,30371679,59176160,1,persistent,1000.0,450.0,1450.0,150.0,146.2740466899432,1000.0,1311.573958489895,0,1,311.57395848989495,0.0,106,16,22,138.42604151010482,1,
coarse-f16-h6-u25,persistent,16,6,0.25,102,confirmation_coarse-f16-h6-u25_s102,9,29,87946,90812,980365601,1010270881,29905280,1,0,,0,59083840,59083840,57172160,0.032355378391113375,0,0,1,1,28836000,2,2,2,1.0,1.0,262926,hold,1,7,1,0,18,0,7,6,16825502.578125,1,1314.1001301653073,29905280,46275679,1,persistent,1000.0,450.0,1450.0,150.0,146.2740466899432,1000.0,1314.100130165307,0,1,314.1001301653071,0.0,106,16,22,135.8998698346927,1,
coarse-f16-h6-u25,persistent,16,6,0.25,102,confirmation_coarse-f16-h6-u25_s102,11,27,88009,89434,981042881,996255840,15212959,1,0,,469440,23397120,23397120,21137280,0.09658624651239127,0,0,0,1,14026399,1,1,1,1.0,1.0,262926,hold,0,8,0,0,8,0,7,6,9979957.184210526,1,1297.7532903879912,15212959,30636960,1,persistent,1000.0,450.0,1450.0,150.0,146.2740466899432,1000.0,1297.7532903879912,0,1,297.7532903879912,0.0,106,16,22,152.24670961200877,1,
coarse-f16-h6-u25,persistent,16,6,0.25,102,confirmation_coarse-f16-h6-u25_s102,14,29,88288,91066,984146721,1013070721,28924000,1,0,,701120,23124160,23124160,21695840,0.06176743284945269,0,0,1,1,28260000,2,2,2,1.0,1.0,262926,hold,1,8,0,1,26,0,8,7,8444693.308641976,1,1318.1421212068853,28924000,46275679,1,persistent,1000.0,450.0,1450.0,150.0,146.2740466899432,1000.0,1318.1421212068853,0,1,318.1421212068853,0.0,106,16,22,131.85787879311465,1,
coarse-f16-h6-u25,persistent,16,6,0.25,102,confirmation_coarse-f16-h6-u25_s102,7,20,88400,89810,985454721,1000062721,14608000,1,0,,1299840,23189440,23189440,19920000,0.1409883119212883,0,0,0,1,14276000,1,1,1,1.0,1.0,262926,hold,0,8,0,0,8,0,8,6,9701938.604651162,1,1331.3917868093185,14608000,30876000,1,persistent,1000.0,450.0,1450.0,150.0,146.2740466899432,1000.0,1331.3917868093185,0,1,331.39178680931866,0.0,106,16,22,118.60821319068145,1,
coarse-f16-h6-u25,persistent,16,6,0.25,102,confirmation_coarse-f16-h6-u25_s102,8,24,88529,91338,986806721,1015774561,28967840,1,0,,248160,21248000,21248000,25232000,-0.1875,1,1,1,1,28303840,2,2,2,1.0,1.0,262926,hold,1,7,1,0,27,0,8,7,6330254.545454546,1,1316.1889816114278,28967840,46275679,1,persistent,1000.0,450.0,1450.0,150.0,146.2740466899432,1000.0,1316.1889816114276,0,1,316.18898161142766,0.0,106,16,22,133.81101838857217,1,
coarse-f16-h6-u25,persistent,16,6,0.25,102,confirmation_coarse-f16-h6-u25_s102,3,21,88625,90050,987842721,1002465441,14622720,1,0,,129280,58108000,58108000,57579840,0.009089282026571213,0,1,1,1,14290720,1,1,1,1.0,1.0,262926,hold,0,8,0,0,8,0,8,8,14521291.547619049,1,1338.298663675919,14622720,30876000,1,persistent,1000.0,450.0,1450.0,150.0,146.2740466899432,1000.0,1338.2986636759192,0,1,338.2986636759191,0.0,106,16,22,111.70133632408101,1,
coarse-f16-h6-u25,persistent,16,6,0.25,102,confirmation_coarse-f16-h6-u25_s102,15,21,88934,91764,991098721,1020390561,29291840,1,0,,841440,30414240,30414240,24816160,0.184061150303279,0,0,0,0,28552000,2,2,2,1.0,1.0,262926,hold,0,8,0,0,8,0,8,5,14550066.666666666,1,1323.0980275730676,29291840,46275679,1,persistent,1000.0,450.0,1450.0,150.0,146.2740466899432,1000.0,1323.0980275730674,0,1,323.0980275730675,0.0,106,16,22,126.90197242693239,1,
coarse-f16-h6-u25,persistent,16,6,0.25,102,confirmation_coarse-f16-h6-u25_s102,4,15,89119,90576,992949441,1007811681,14862240,1,0,,3256000,26308000,26308000,27498720,-0.045260757184126504,1,1,1,1,14290240,1,1,1,1.0,1.0,262926,hold,0,8,0,0,8,0,8,6,14497297.75,1,1338.8035068940796,14862240,30876000,1,persistent,1000.0,450.0,1450.0,150.0,146.2740466899432,1000.0,1338.8035068940796,0,1,338.8035068940797,0.0,106,16,22,111.19649310592035,1,
coarse-f16-h6-u25,persistent,16,6,0.25,102,confirmation_coarse-f16-h6-u25_s102,5,27,89223,90654,994101441,1008601441,14500000,1,0,,81280,59488000,59488000,53308000,0.10388649811726734,0,0,0,0,14168000,1,1,1,1.0,1.0,262926,hold,0,8,0,0,8,0,8,6,15224146.666666666,1,1346.4901811208263,14500000,30876000,1,persistent,1000.0,450.0,1450.0,150.0,146.2740466899432,1000.0,1346.4901811208263,0,1,346.4901811208262,0.0,106,16,22,103.50981887917374,1,
coarse-f16-h6-u25,persistent,16,6,0.25,102,confirmation_coarse-f16-h6-u25_s102,12,31,89249,90664,994418721,1008778721,14360000,1,0,,1149280,56832000,56832000,56788000,0.0007742117117117117,0,1,1,1,14028000,1,1,1,1.0,1.0,262926,hold,0,8,0,0,8,0,7,6,12435889.655172413,1,1342.1062601292142,14360000,30876000,1,persistent,1000.0,450.0,1450.0,150.0,146.2740466899432,1000.0,1342.1062601292142,0,1,342.10626012921415,0.0,106,16,22,107.8937398707858,1,
coarse-f16-h6-u25,persistent,16,6,0.25,102,confirmation_coarse-f16-h6-u25_s102,11,28,89434,90868,996255840,1010922881,14667041,1,0,,1517119,21137280,21137280,24066239,-0.1385683966905865,1,1,1,1,14335041,1,1,1,1.0,1.0,262926,hold,0,8,0,0,8,0,8,6,11086042.11627907,1,1351.1316260046763,14667041,31527679,1,persistent,1000.0,450.0,1450.0,150.0,146.2740466899432,1000.0,1351.1316260046763,0,1,351.13162600467626,0.0,106,16,22,98.86837399532374,1,
coarse-f16-h6-u25,persistent,16,6,0.25,102,confirmation_coarse-f16-h6-u25_s102,10,8,89493,94022,996919840,1043731840,46812000,1,0,,1581280,18021279,18021279,15758881,0.1255403681392425,0,0,0,1,43663999,3,3,3,1.0,1.0,262926,hold,0,8,0,0,8,0,5,5,9720211.031746032,1,1332.8337229082942,46812000,73352000,1,persistent,1000.0,450.0,1450.0,150.0,146.2740466899432,1000.0,1332.8337229082945,0,1,332.8337229082944,0.0,106,16,22,117.16627709170575,1,
coarse-f16-h6-u25,persistent,16,6,0.25,102,confirmation_coarse-f16-h6-u25_s102,16,22,89758,92558,999474561,1028695681,29221120,1,0,,1254400,22897760,22897760,17596000,0.23154055243831712,0,0,0,0,28557120,2,2,2,1.0,1.0,262926,hold,1,7,1,0,36,0,7,7,6784918.651685393,1,1327.3162002860784,29221120,46812000,1,persistent,1000.0,450.0,1450.0,150.0,146.2740466899432,1000.0,1327.3162002860784,0,1,327.31620028607824,0.0,106,16,22,122.68379971392164,1,
coarse-f16-h6-u25,persistent,16,6,0.25,102,confirmation_coarse-f16-h6-u25_s102,7,21,89810,91236,1000062721,1014746561,14683840,1,0,,2577280,19920000,19920000,11288000,0.43333333333333335,0,0,0,0,0,0,1,1,1.0,0.0,262926,hold,0,8,0,0,8,0,8,6,8115763.80952381,1,1337.4844812680676,14683840,31527679,1,persistent,1000.0,450.0,1450.0,150.0,146.2740466899432,1000.0,1337.4844812680676,0,1,337.4844812680676,0.0,106,16,22,112.51551873193239,1,
coarse-f16-h6-u25,persistent,16,6,0.25,102,confirmation_coarse-f16-h6-u25_s102,3,22,90050,92863,1002465441,1031850881,29385440,1,0,,769440,57579840,57579840,59270242,-0.02935753208067268,1,1,1,1,28721440,2,2,2,1.0,1.0,262926,hold,1,7,1,0,29,0,8,8,11314986.376811594,1,1323.4341960414502,29385440,46812000,1,persistent,1000.0,450.0,1450.0,150.0,146.2740466899432,1000.0,1323.4341960414502,0,1,323.43419604145015,0.0,106,16,22,126.56580395854985,1,
coarse-f16-h6-u25,persistent,16,6,0.25,102,confirmation_coarse-f16-h6-u25_s102,4,16,90576,91955,1007811681,1022457441,14645760,1,0,,1769280,27498720,27498720,27406720,0.0033456102684052205,0,1,1,1,14076000,1,1,1,1.0,1.0,262926,hold,0,8,0,0,8,0,8,6,13527986.285714285,1,1314.71474967724,14645760,31527679,1,persistent,1000.0,450.0,1450.0,150.0,146.2740466899432,1000.0,1314.71474967724,0,1,314.71474967724004,0.0,106,16,22,135.28525032276002,1,
coarse-f16-h6-u25,persistent,16,6,0.25,102,confirmation_coarse-f16-h6-u25_s102,13,7,90595,91965,1008017120,1022509120,14492000,1,0,,4369280,23535679,23535679,26531679,-0.12729609373071413,1,1,1,1,14040000,1,1,1,1.0,1.0,262926,hold,0,8,0,0,8,0,8,7,15351404.15625,1,1313.13050938527,14492000,31527679,1,persistent,1000.0,450.0,1450.0,150.0,146.2740466899432,1000.0,1313.13050938527,0,1,313.13050938527,0.0,106,16,22,136.86949061473,1,
coarse-f16-h6-u25,persistent,16,6,0.25,102,confirmation_coarse-f16-h6-u25_s102,5,28,90654,93421,1008601441,1037683840,29082399,1,0,,2380000,53308000,53308000,59846720,-0.12265926314999624,1,1,1,1,28298399,2,2,2,1.0,1.0,262926,hold,1,7,1,0,35,0,7,5,10359646.411764706,1,1330.4166217459099,29082399,46812000,1,persistent,1000.0,450.0,1450.0,150.0,146.2740466899432,1000.0,1330.4166217459097,0,1,330.41662174590965,0.0,106,16,22,119.58337825409012,1,
coarse-f16-h6-u25,persistent,16,6,0.25,102,confirmation_coarse-f16-h6-u25_s102,12,32,90664,92069,1008778721,1023534881,14756160,1,0,,1221280,56788000,56788000,56095840,0.0121884905261675,0,1,1,1,14304160,1,1,1,1.0,1.0,262926,hold,0,8,0,0,8,0,7,6,18571724.137931034,1,1312.5812628005183,14756160,31527679,1,persistent,1000.0,450.0,1450.0,150.0,146.2740466899432,1000.0,1312.5812628005183,0,1,312.58126280051835,0.0,106,16,22,137.4187371994817,1,
coarse-f16-h6-u25,persistent,16,6,0.25,102,confirmation_coarse-f16-h6-u25_s102,1,25,90726,93666,1009449120,1040233120,30784000,1,0,,4376959,25100321,25100321,26183679,-0.04316112132589858,1,1,1,1,28828000,2,2,2,1.0,1.0,262926,hold,1,7,1,0,7,0,8,7,14793739.833333334,1,1328.8456973105676,30784000,60620000,1,persistent,1000.0,450.0,1450.0,150.0,146.2740466899432,1000.0,1328.8456973105676,0,1,328.8456973105676,0.0,106,16,22,121.15430268943237,1,
coarse-f16-h6-u25,persistent,16,6,0.25,102,confirmation_coarse-f16-h6-u25_s102,9,30,90812,93660,1010270881,1040158560,29887679,1,0,,0,57172160,57172160,61378239,-0.07356865649295041,1,1,1,1,28611839,2,2,2,1.0,1.0,262926,hold,1,7,1,0,25,0,7,6,16009495.405797102,1,1335.374912075339,29887679,46812000,1,persistent,1000.0,450.0,1450.0,150.0,146.2740466899432,1000.0,1335.374912075339,0,1,335.37491207533895,0.0,106,16,22,114.6250879246611,1,
coarse-f16-h6-u25,persistent,16,6,0.25,102,confirmation_coarse-f16-h6-u25_s102,11,29,90868,93699,1010922881,1040470881,29548000,1,0,,1581280,24066239,24066239,26648801,-0.1073105772779868,1,1,1,1,28645440,2,2,2,1.0,1.0,262926,hold,1,7,1,0,16,0,8,6,11168025.52112676,1,1323.2892426605288,29548000,46812000,1,persistent,1000.0,450.0,1450.0,150.0,146.2740466899432,1000.0,1323.2892426605288,0,1,323.28924266052877,0.0,106,16,22,126.71075733947123,1,
coarse-f16-h6-u25,persistent,16,6,0.25,102,confirmation_coarse-f16-h6-u25_s102,14,30,91066,93860,1013070721,1042121441,29050720,1,0,,1953280,21695840,21695840,26763680,-0.23358579340555607,1,1,1,1,28351840,2,2,2,1.0,1.0,262926,hold,1,8,0,1,26,0,8,7,8743342.0375,1,1323.7599243893485,29050720,45728000,1,persistent,1000.0,450.0,1450.0,150.0,146.2740466899432,1000.0,1323.7599243893487,0,1,323.7599243893486,0.0,106,16,22,126.2400756106515,1,
coarse-f16-h6-u25,persistent,16,6,0.25,102,confirmation_coarse-f16-h6-u25_s102,8,25,91338,94146,1015774561,1044995681,29221120,1,0,,996000,25232000,25232000,28630720,-0.1346987951807229,1,1,1,1,28557120,2,2,2,1.0,1.0,262926,hold,1,7,1,0,24,0,8,7,8080289.090909091,1,1322.7756134600202,29221120,45953761,1,persistent,1000.0,450.0,1450.0,150.0,146.2740466899432,1000.0,1322.7756134600202,0,1,322.7756134600202,0.0,106,16,22,127.22438653997983,1,
coarse-f16-h6-u25,persistent,16,6,0.25,102,confirmation_coarse-f16-h6-u25_s102,15,22,91764,94660,1020390561,1050602561,30212000,1,0,,3905280,24816160,24816160,19995840,0.19424117188154816,0,0,0,0,29291840,2,2,2,1.0,1.0,262926,hold,1,7,1,0,11,0,8,5,12638825.945945946,1,1328.0993455977848,30212000,45953761,1,persistent,1000.0,450.0,1450.0,150.0,146.2740466899432,1000.0,1328.0993455977846,0,1,328.09934559778463,0.0,106,16,22,121.9006544022152,1,
coarse-f16-h6-u25,persistent,16,6,0.25,102,confirmation_coarse-f16-h6-u25_s102,4,17,91955,94752,1022457441,1051661441,29204000,1,0,,4453280,27406720,27406720,19620000,0.2841171800200827,0,0,0,0,28420000,2,2,2,1.0,1.0,262926,hold,1,8,0,1,14,0,8,6,13563458.779411765,1,1326.5625190023816,29204000,45953761,1,persistent,1000.0,450.0,1450.0,150.0,146.2740466899432,1000.0,1326.5625190023816,0,1,326.56251900238146,0.0,106,16,22,123.43748099761842,1,
coarse-f16-h6-u25,persistent,16,6,0.25,102,confirmation_coarse-f16-h6-u25_s102,13,8,91965,94769,1022509120,1051777120,29268000,1,0,,4989280,26531679,26531679,21401280,0.1933688026302444,0,0,0,0,28604000,2,2,2,1.0,1.0,262926,hold,1,7,1,0,22,0,8,7,14699378.128571428,1,1326.247607923149,29268000,45953761,1,persistent,1000.0,450.0,1450.0,150.0,146.2740466899432,1000.0,1326.247607923149,0,1,326.2476079231489,0.0,106,16,22,123.75239207685104,1,
coarse-f16-h6-u25,persistent,16,6,0.25,102,confirmation_coarse-f16-h6-u25_s102,12,33,92069,94890,1023534881,1053106881,29572000,1,0,,733440,56095840,56095840,55415519,0.012127833365183586,0,1,1,1,28544641,2,2,2,1.0,1.0,262926,hold,1,7,1,0,23,0,8,6,19662408.847222224,1,1328.807892859907,29572000,45953761,1,persistent,1000.0,450.0,1450.0,150.0,146.2740466899432,1000.0,1328.8078928599068,0,1,328.8078928599069,0.0,106,16,22,121.19210714009296,1,
coarse-f16-h6-u25,persistent,16,6,0.25,102,confirmation_coarse-f16-h6-u25_s102,2,10,92548,,1028578721,,,0,1,hold_exit_before_slot_completion,7949280,15156000,15156000,,,,,,,14372000,1,2,2,1.0,0.5,262926,hold,0,0,0,0,0,0,8,7,13993236.348484848,1,1328.64757328695,29140000,45816000,1,persistent,1000.0,450.0,1450.0,150.0,146.2740466899432,1000.0,1328.64757328695,0,1,328.6475732869501,0.0,106,16,22,121.35242671304991,0,round_censored
coarse-f16-h6-u25,persistent,16,6,0.25,102,confirmation_coarse-f16-h6-u25_s102,16,23,92558,95341,1028695681,1057911681,29216000,1,0,,3236160,17596000,17596000,11288000,0.3584905660377358,0,0,0,0,14276000,1,2,2,1.0,0.5,262926,hold,1,7,1,0,53,0,7,7,7027045.393258427,1,1326.6333215829318,29216000,45816000,1,persistent,1000.0,450.0,1450.0,150.0,146.2740466899432,1000.0,1326.6333215829318,0,1,326.6333215829318,0.0,106,16,22,123.36667841706821,1,
coarse-f16-h6-u25,persistent,16,6,0.25,102,confirmation_coarse-f16-h6-u25_s102,7,22,92609,94036,1029278721,1043886721,14608000,1,0,,2329120,15515040,15515040,16006720,-0.03169054027575823,1,1,1,1,14276000,1,1,1,1.0,1.0,262926,hold,0,8,0,0,8,0,8,6,11628885.333333334,1,1341.3901222492902,14608000,30681761,1,persistent,1000.0,450.0,1450.0,150.0,146.2740466899432,1000.0,1341.39012224929,0,1,341.3901222492901,0.0,106,16,22,108.60987775070976,1,
coarse-f16-h6-u25,persistent,16,6,0.25,102,confirmation_coarse-f16-h6-u25_s102,3,23,92863,95616,1031850881,1060742560,28891679,1,0,,1679679,59270242,59270242,60864001,-0.026889699556144887,1,1,1,1,28227679,2,2,2,1.0,1.0,262926,hold,1,8,0,1,27,0,7,7,13732628.87671233,1,1334.8575097305493,28891679,45816000,1,persistent,1000.0,450.0,1450.0,150.0,146.2740466899432,1000.0,1334.857509730549,0,1,334.8575097305491,0.0,106,16,22,115.14249026945072,1,
coarse-f16-h6-u25,persistent,16,6,0.25,102,confirmation_coarse-f16-h6-u25_s102,5,29,93421,96151,1037683840,1066971840,29288000,1,0,,2083679,59846720,59846720,55097119,0.07936276206950021,0,0,0,0,28384000,2,2,2,1.0,1.0,262926,hold,1,7,1,0,8,0,8,6,17161749.984615386,1,1336.6420958711763,29288000,45461441,1,persistent,1000.0,450.0,1450.0,150.0,146.2740466899432,1000.0,1336.642095871176,0,1,336.6420958711761,0.0,106,16,22,113.35790412882375,1,
coarse-f16-h6-u25,persistent,16,6,0.25,102,confirmation_coarse-f16-h6-u25_s102,9,31,93660,96467,1040158560,1070362881,30204321,1,0,,305440,61378239,61378239,57359839,0.06546945734301696,0,0,0,0,29088160,2,2,2,1.0,1.0,262926,hold,1,8,0,1,19,0,5,5,13635942.137931034,1,1330.9701219985852,30204321,59112000,1,persistent,1000.0,450.0,1450.0,150.0,146.2740466899432,1000.0,1330.970121998585,0,1,330.970121998585,0.0,106,16,22,119.02987800141477,1,
coarse-f16-h6-u25,persistent,16,6,0.25,102,confirmation_coarse-f16-h6-u25_s102,1,26,93666,96418,1040233120,1069825120,29592000,1,0,,3237280,26183679,26183679,19076000,0.2714545576272914,0,0,0,0,28688000,2,2,2,1.0,1.0,262926,hold,1,7,1,0,14,0,8,7,15654452.417910447,1,1334.249804857204,29592000,58670560,1,persistent,1000.0,450.0,1450.0,150.0,146.2740466899432,1000.0,1334.249804857204,0,1,334.24980485720397,0.0,106,16,22,115.75019514279597,1,
coarse-f16-h6-u25,persistent,16,6,0.25,102,confirmation_coarse-f16-h6-u25_s102,11,30,93699,,1040470881,,,0,1,hold_exit_before_slot_completion,3112960,26648801,26648801,,,,,,,14130560,1,2,2,1.0,0.5,262926,hold,0,7,0,0,7,0,7,6,11162724.32,1,1330.3345605305772,29122560,45461441,1,persistent,1000.0,450.0,1450.0,150.0,146.2740466899432,1000.0,1330.334560530577,0,1,330.334560530577,0.0,106,16,22,119.66543946942284,0,round_censored
coarse-f16-h6-u25,persistent,16,6,0.25,102,confirmation_coarse-f16-h6-u25_s102,14,31,93860,95224,1042121441,1056666721,14545280,1,0,,1036160,26763680,26763680,24982720,0.06654391324361972,0,0,1,1,14213280,1,1,1,1.0,1.0,262926,hold,0,8,0,0,8,0,8,7,9782520.0,1,1347.6687782777142,14545280,30681761,1,persistent,1000.0,450.0,1450.0,150.0,146.2740466899432,1000.0,1347.6687782777142,0,1,347.66877827771407,0.0,106,16,22,102.33122172228582,1,
coarse-f16-h6-u25,persistent,16,6,0.25,102,confirmation_coarse-f16-h6-u25_s102,6,21,93909,,1042701441,,,0,1,hold_exit_before_slot_completion,2502881,14642880,14642880,,,,,,,0,0,1,1,1.0,0.0,262926,hold,1,3,0,0,3,0,8,8,9543587.736842105,1,1337.0980390176767,14608000,30681761,1,persistent,1000.0,450.0,1450.0,150.0,146.2740466899432,1000.0,1337.098039017677,0,1,337.0980390176768,0.0,106,16,22,112.90196098232332,0,round_censored
coarse-f16-h6-u25,persistent,16,6,0.25,102,confirmation_coarse-f16-h6-u25_s102,10,9,94022,96749,1043731840,1073257281,29525441,1,0,,3241280,15758881,15758881,17441119,-0.10674856926706915,1,1,1,1,28524321,2,2,2,1.0,1.0,262926,hold,1,8,0,1,8,0,7,6,9141427.0,1,1342.4161002057904,29525441,58512960,1,persistent,1000.0,450.0,1450.0,150.0,146.2740466899432,1000.0,1342.4161002057904,0,1,342.4161002057904,0.0,106,16,22,107.58389979420963,1,
coarse-f16-h6-u25,persistent,16,6,0.25,102,confirmation_coarse-f16-h6-u25_s102,7,23,94036,95404,1043886721,1058570561,14683840,1,0,,4493440,16006720,16006720,9633120,0.3981827632394394,0,0,0,0,0,0,1,1,1.0,0.0,262926,hold,0,8,0,0,8,0,8,6,6908534.5227272725,1,1335.0964006679337,14683840,30287840,1,persistent,1000.0,450.0,1450.0,150.0,146.2740466899432,1000.0,1335.0964006679337,0,1,335.0964006679337,0.0,106,16,22,114.90359933206628,1,
coarse-f16-h6-u25,persistent,16,6,0.25,102,confirmation_coarse-f16-h6-u25_s102,8,26,94146,95501,1044995681,1059598561,14602880,1,0,,1249280,28630720,28630720,17933120,0.3736406209833354,0,0,0,0,14276000,1,1,1,1.0,1.0,262926,hold,0,8,0,0,8,0,8,7,6704284.444444444,1,1336.5166041918096,14602880,30287840,1,persistent,1000.0,450.0,1450.0,150.0,146.2740466899432,1000.0,1336.5166041918098,0,1,336.51660419180973,0.0,106,16,22,113.48339580819038,1,
coarse-f16-h6-u25,persistent,16,6,0.25,102,confirmation_coarse-f16-h6-u25_s102,15,23,94660,97442,1050602561,1080788161,30185600,1,0,,4825440,19995840,19995840,22607041,-0.13058721214012514,1,1,1,1,28525600,2,2,2,1.0,1.0,262926,hold,1,8,0,1,20,0,8,5,11420736.369863013,1,1333.0464994642243,30185600,44820000,1,persistent,1000.0,450.0,1450.0,150.0,146.2740466899432,1000.0,1333.0464994642243,0,1,333.0464994642243,0.0,106,16,22,116.95350053577567,1,
coarse-f16-h6-u25,persistent,16,6,0.25,102,confirmation_coarse-f16-h6-u25_s102,4,18,94752,97529,1051661441,1081697441,30036000,1,0,,6953280,19620000,19620000,20164000,-0.027726809378185526,1,1,1,1,29372000,2,2,2,1.0,1.0,262926,hold,1,7,1,0,7,0,8,6,14239390.171875,1,1331.9908220138943,30036000,58659041,1,persistent,1000.0,450.0,1450.0,150.0,146.2740466899432,1000.0,1331.9908220138943,0,1,331.99082201389444,0.0,106,16,22,118.00917798610567,1,
coarse-f16-h6-u25,persistent,16,6,0.25,102,confirmation_coarse-f16-h6-u25_s102,13,9,94769,96098,1051777120,1066425120,14648000,1,0,,6473280,21401280,21401280,17812000,0.1677133330342858,0,0,0,1,14316000,1,1,1,1.0,1.0,262926,hold,0,8,0,0,8,0,8,7,13346797.714285715,1,1325.9564507565465,14648000,30204321,1,persistent,1000.0,450.0,1450.0,150.0,146.2740466899432,1000.0,1325.9564507565465,0,1,325.9564507565465,0.0,106,16,22,124.04354924345353,1,
coarse-f16-h6-u25,persistent,16,6,0.25,102,confirmation_coarse-f16-h6-u25_s102,12,34,94890,97624,1053106881,1082710721,29603840,1,0,,3905921,55415519,55415519,51763999,0.06589345486415096,0,0,0,1,28699840,2,2,2,1.0,1.0,262926,hold,0,8,0,0,8,0,8,6,13058527.3125,1,1326.5418813444687,29603840,44820000,1,persistent,1000.0,450.0,1450.0,150.0,146.2740466899432,1000.0,1326.5418813444687,0,1,326.5418813444687,0.0,106,16,22,123.45811865553128,1,
coarse-f16-h6-u25,persistent,16,6,0.25,102,confirmation_coarse-f16-h6-u25_s102,14,32,95224,96560,1056666721,1071346881,14680160,1,0,,1333280,24982720,24982720,10696160,0.5718576680201355,0,0,0,0,0,0,1,1,1.0,0.0,262926,hold,0,8,0,0,8,0,8,7,7556870.243902439,1,1327.345814703241,14680160,30185600,1,persistent,1000.0,450.0,1450.0,150.0,146.2740466899432,1000.0,1327.3458147032409,0,1,327.34581470324093,0.0,106,16,22,122.6541852967589,1,
coarse-f16-h6-u25,persistent,16,6,0.25,102,confirmation_coarse-f16-h6-u25_s102,8,27,95501,96841,1059598561,1074206561,14608000,1,0,,912160,17933120,17933120,13944000,0.22244428186506307,0,0,0,1,0,0,1,1,1.0,0.0,262926,hold,0,8,0,0,8,0,8,7,7102115.555555556,1,1338.6985488320631,14608000,30185600,1,persistent,1000.0,450.0,1450.0,150.0,146.2740466899432,1000.0,1338.6985488320631,0,1,338.69854883206307,0.0,106,16,22,111.30145116793688,1,
coarse-f16-h6-u25,persistent,16,6,0.25,102,confirmation_coarse-f16-h6-u25_s102,3,24,95616,98365,1060742560,1090290560,29548000,1,0,,331839,60864001,60864001,12281439,0.79821505654878,0,0,0,0,14608000,1,2,2,1.0,0.5,262926,hold,1,7,1,0,18,0,5,5,10119391.846153846,1,1327.1623919669908,29548000,44820000,1,persistent,1000.0,450.0,1450.0,150.0,146.2740466899432,1000.0,1327.1623919669905,0,1,327.1623919669905,0.0,106,16,22,122.83760803300925,1,
coarse-f16-h6-u25,persistent,16,6,0.25,102,confirmation_coarse-f16-h6-u25_s102,13,10,96098,98879,1066425120,1095816161,29391041,1,0,,6925280,17812000,17812000,21068000,-0.18279811363125983,1,1,1,1,28247041,2,2,2,1.0,1.0,262926,hold,0,8,0,0,8,0,8,7,13077440.343283582,1,1330.9441975956777,29391041,44507679,1,persistent,1000.0,450.0,1450.0,150.0,146.2740466899432,1000.0,1330.9441975956777,0,1,330.94419759567774,0.0,106,16,22,119.05580240432232,1,
coarse-f16-h6-u25,persistent,16,6,0.25,102,confirmation_coarse-f16-h6-u25_s102,5,30,96151,97534,1066971840,1081795840,14824000,1,0,,6501280,55097119,55097119,58290560,-0.05796021748432981,1,1,1,1,14372000,1,1,1,1.0,1.0,262926,hold,0,8,0,0,8,0,8,6,18330559.78787879,1,1334.082971246571,14824000,30008000,1,persistent,1000.0,450.0,1450.0,150.0,146.2740466899432,1000.0,1334.082971246571,0,1,334.08297124657105,0.0,106,16,22,115.9170287534289,1,
coarse-f16-h6-u25,persistent,16,6,0.25,102,confirmation_coarse-f16-h6-u25_s102,1,27,96418,99191,1069825120,1099233120,29408000,1,0,,7489280,19076000,19076000,19620000,-0.028517508911721536,1,1,1,1,28384000,2,2,2,1.0,1.0,262926,hold,0,8,0,0,8,0,8,7,14089934.753846154,1,1333.072203266947,29408000,44620000,1,persistent,1000.0,450.0,1450.0,150.0,146.2740466899432,1000.0,1333.0722032669469,0,1,333.0722032669469,0.0,106,16,22,116.9277967330529,1,
coarse-f16-h6-u25,persistent,16,6,0.25,102,confirmation_coarse-f16-h6-u25_s102,9,32,96467,99233,1070362881,1099641281,29278400,1,0,,2264161,57359839,57359839,54860159,0.04357892287668381,0,0,0,1,28614400,2,2,2,1.0,1.0,262926,hold,1,7,1,0,20,0,8,6,18182490.463768117,1,1336.4067265176097,29278400,44620000,1,persistent,1000.0,450.0,1450.0,150.0,146.2740466899432,1000.0,1336.4067265176097,0,1,336.40672651760974,0.0,106,16,22,113.59327348239026,1,
coarse-f16-h6-u25,persistent,16,6,0.25,102,confirmation_coarse-f16-h6-u25_s102,7,24,96735,99494,1073178561,1102368161,29189600,1,0,,1244160,17671840,17671840,12257600,0.30637669874783835,0,0,0,0,14281120,1,2,2,1.0,0.5,262926,hold,1,7,1,0,22,0,7,6,8143651.764705882,1,1331.7766326883211,29189600,44620000,1,persistent,1000.0,450.0,1450.0,150.0,146.2740466899432,1000.0,1331.776632688321,0,1,331.776632688321,0.0,106,16,22,118.22336731167889,1,
coarse-f16-h6-u25,persistent,16,6,0.25,102,confirmation_coarse-f16-h6-u25_s102,10,10,96749,,1073257281,,,0,1,hold_exit_before_slot_completion,723041,17441119,17441119,,,,,,,0,0,1,1,1.0,0.0,262926,hold,1,6,0,0,6,0,8,6,9267204.714285715,1,1335.1238371492143,14785440,30008000,1,persistent,1000.0,450.0,1450.0,150.0,146.2740466899432,1000.0,1335.1238371492143,0,1,335.1238371492142,0.0,106,16,22,114.8761628507857,0,round_censored
coarse-f16-h6-u25,persistent,16,6,0.25,102,confirmation_coarse-f16-h6-u25_s102,15,24,97442,,1080788161,,,0,1,hold_exit_before_slot_completion,859839,22607041,22607041,,,,,,,14302400,1,2,2,1.0,0.5,262926,hold,1,7,0,1,12,0,8,5,11316465.88607595,1,1328.9222655490407,29154560,44997440,1,persistent,1000.0,450.0,1450.0,150.0,146.2740466899432,1000.0,1328.9222655490407,0,1,328.92226554904084,0.0,106,16,22,121.07773445095927,0,round_censored
coarse-f16-h6-u25,persistent,16,6,0.25,102,confirmation_coarse-f16-h6-u25_s102,4,19,97529,,1081697441,,,0,1,hold_exit_before_slot_completion,2213280,20164000,20164000,,,,,,,28320000,2,3,3,1.0,0.6666666666666666,262926,hold,0,4,0,0,4,0,7,5,15446541.6875,1,1334.9587879711244,43900000,60269440,1,persistent,1000.0,450.0,1450.0,150.0,146.2740466899432,1000.0,1334.9587879711246,0,1,334.9587879711245,0.0,106,16,22,115.04121202887563,0,round_censored
coarse-f16-h6-u25,persistent,16,6,0.25,102,confirmation_coarse-f16-h6-u25_s102,5,31,97534,98987,1081795840,1096859840,15064000,1,0,,3629119,58290560,58290560,53988000,0.07381229482097959,0,0,0,0,14492000,1,1,1,1.0,1.0,262926,hold,0,8,0,0,8,0,8,6,11206443.606060605,1,1330.8677283001953,15064000,29727999,1,persistent,1000.0,450.0,1450.0,150.0,146.2740466899432,1000.0,1330.8677283001953,0,1,330.86772830019527,0.0,106,16,22,119.13227169980473,1,
coarse-f16-h6-u25,persistent,16,6,0.25,102,confirmation_coarse-f16-h6-u25_s102,12,35,97624,99045,1082710721,1097470721,14760000,1,0,,805120,51763999,51763999,52032000,-0.0051773627458728605,1,1,1,1,14428000,1,1,1,1.0,1.0,262926,hold,0,8,0,0,8,0,8,6,9690911.516129032,1,1333.209323079641,14760000,29727999,1,persistent,1000.0,450.0,1450.0,150.0,146.2740466899432,1000.0,1333.209323079641,0,1,333.209323079641,0.0,106,16,22,116.79067692035892,1,
coarse-f16-h6-u25,persistent,16,6,0.25,102,confirmation_coarse-f16-h6-u25_s102,14,33,97939,100663,1085954881,1114937280,28982399,1,0,,917280,15281440,15281440,18050239,-0.18118704781748318,1,1,1,1,28313279,2,2,2,1.0,1.0,262926,hold,1,7,1,0,19,0,8,7,7990825.123287671,1,1321.7454060780162,28982399,44997440,1,persistent,1000.0,450.0,1450.0,150.0,146.2740466899432,1000.0,1321.7454060780165,0,1,321.7454060780165,0.0,106,16,22,128.25459392198377,1,
coarse-f16-h6-u25,persistent,16,6,0.25,102,confirmation_coarse-f16-h6-u25_s102,16,24,98057,100796,1087127681,1116338561,29210880,1,0,,912160,20589120,20589120,16268000,0.20987395284499774,0,0,0,0,28552000,2,2,2,1.0,1.0,262926,hold,1,7,1,0,41,0,8,8,7101666.516853932,1,1326.0791226510792,29210880,44997440,1,persistent,1000.0,450.0,1450.0,150.0,146.2740466899432,1000.0,1326.0791226510794,0,1,326.07912265107933,0.0,106,16,22,123.92087734892084,1,
coarse-f16-h6-u25,persistent,16,6,0.25,102,confirmation_coarse-f16-h6-u25_s102,13,11,98879,101649,1095816161,1125584161,29768000,1,0,,1744321,21068000,21068000,22391041,-0.06279860451870135,1,1,1,1,28504000,2,2,2,1.0,1.0,262926,hold,0,8,0,0,8,0,8,7,15069799.953846155,1,1329.5744879158135,29768000,45484000,1,persistent,1000.0,450.0,1450.0,150.0,146.2740466899432,1000.0,1329.5744879158135,0,1,329.5744879158135,0.0,106,16,22,120.4255120841865,1,
coarse-f16-h6-u25,persistent,16,6,0.25,102,confirmation_coarse-f16-h6-u25_s102,5,32,98987,101717,1096859840,1126367840,29508000,1,0,,2277280,53988000,53988000,54812000,-0.015262650959472475,1,1,1,1,28604000,2,2,2,1.0,1.0,262926,hold,1,8,0,1,24,0,8,6,15447849.128571428,1,1335.0591494216271,29508000,45484000,1,persistent,1000.0,450.0,1450.0,150.0,146.2740466899432,1000.0,1335.0591494216274,0,1,335.0591494216273,0.0,106,16,22,114.94085057837287,1,
coarse-f16-h6-u25,persistent,16,6,0.25,102,confirmation_coarse-f16-h6-u25_s102,12,36,99045,101799,1097470721,1127173121,29702400,1,0,,1645120,52032000,52032000,55526240,-0.06715559655596556,1,1,1,1,28678400,2,2,2,1.0,1.0,262926,hold,1,8,0,1,23,0,8,6,14660335.845070422,1,1339.4065247637902,29702400,45484000,1,persistent,1000.0,450.0,1450.0,150.0,146.2740466899432,1000.0,1339.4065247637902,0,1,339.4065247637902,0.0,106,16,22,110.59347523620977,1,
coarse-f16-h6-u25,persistent,16,6,0.25,102,confirmation_coarse-f16-h6-u25_s102,11,31,99133,101822,1098570881,1127436161,28865280,1,0,,184160,14182560,14182560,20608961,-0.45311995859703746,1,1,1,1,28201280,2,2,2,1.0,1.0,262926,hold,1,7,1,0,15,0,7,6,9769056.815789474,1,1342.9736058371366,28865280,45484000,1,persistent,1000.0,450.0,1450.0,150.0,146.2740466899432,1000.0,1342.9736058371368,0,1,342.9736058371368,0.0,106,16,22,107.02639416286343,1,
coarse-f16-h6-u25,persistent,16,6,0.25,102,confirmation_coarse-f16-h6-u25_s102,1,28,99191,100590,1099233120,1114141441,14908321,1,0,,3781280,19620000,19620000,22204000,-0.13170234454638124,1,1,1,1,14216321,1,1,1,1.0,1.0,262926,hold,0,8,0,0,8,0,7,6,13658336.228571428,1,1328.2343797244598,14908321,43734561,1,persistent,1000.0,450.0,1450.0,150.0,146.2740466899432,1000.0,1328.2343797244596,0,1,328.23437972445964,0.0,106,16,22,121.76562027554019,1,
coarse-f16-h6-u25,persistent,16,6,0.25,102,confirmation_coarse-f16-h6-u25_s102,9,33,99233,101948,1099641281,1128713121,29071840,1,0,,280001,54860159,54860159,54985280,-0.0022807261641367097,1,1,1,1,28398400,2,2,2,1.0,1.0,262926,hold,1,7,1,0,18,0,5,4,10667583.95,1,1343.0727386618125,29071840,45484000,1,persistent,1000.0,450.0,1450.0,150.0,146.2740466899432,1000.0,1343.0727386618125,0,1,343.07273866181254,0.0,106,16,22,106.92726133818746,1,
coarse-f16-h6-u25,persistent,16,6,0.25,102,confirmation_coarse-f16-h6-u25_s102,2,11,99459,,1101958721,,,0,1,hold_exit_before_slot_completion,7349280,14068000,14068000,,,,,,,28420000,2,3,3,1.0,0.6666666666666666,262926,hold,0,5,0,0,5,0,7,6,13245116.862745099,1,1334.2158678079281,44212000,60426559,1,persistent,1000.0,450.0,1450.0,150.0,146.2740466899432,1000.0,1334.215867807928,0,1,334.21586780792796,0.0,106,16,22,115.78413219207187,0,round_censored
coarse-f16-h6-u25,persistent,16,6,0.25,102,confirmation_coarse-f16-h6-u25_s102,3,25,99757,101097,1104977280,1119552001,14574721,1,0,,2561,53449439,53449439,52907840,0.010132922068648841,0,1,1,1,14242721,1,1,1,1.0,1.0,262926,hold,0,8,0,0,8,0,8,8,13380004.5,1,1327.1158999879658,14574721,30541441,1,persistent,1000.0,450.0,1450.0,150.0,146.2740466899432,1000.0,1327.1158999879658,0,1,327.1158999879657,0.0,106,16,22,122.8841000120342,1,
coarse-f16-h6-u25,persistent,16,6,0.25,102,confirmation_coarse-f16-h6-u25_s102,1,29,100590,101967,1114141441,1128881441,14740000,1,0,,4481280,22204000,22204000,23200000,-0.044856782561700594,1,1,1,1,14408000,1,1,1,1.0,1.0,262926,hold,0,8,0,0,8,0,8,7,13754276.472222222,1,1334.7781445958567,14740000,30541441,1,persistent,1000.0,450.0,1450.0,150.0,146.2740466899432,1000.0,1334.7781445958565,0,1,334.77814459585653,0.0,106,16,22,115.2218554041433,1,
coarse-f16-h6-u25,persistent,16,6,0.25,102,confirmation_coarse-f16-h6-u25_s102,14,34,100663,103404,1114937280,1144054881,29117601,1,0,,561440,18050239,18050239,14730239,0.1839310825745853,0,0,0,1,28458721,2,2,2,1.0,1.0,262926,hold,1,8,0,1,12,0,8,7,11060377.102564102,1,1337.153389955607,29117601,45484000,1,persistent,1000.0,450.0,1450.0,150.0,146.2740466899432,1000.0,1337.1533899556073,0,1,337.1533899556073,0.0,106,16,22,112.84661004439295,1,
coarse-f16-h6-u25,persistent,16,6,0.25,102,confirmation_coarse-f16-h6-u25_s102,6,22,100695,103401,1115170881,1144054881,28884000,1,0,,1894560,17614720,17614720,14182721,0.19483698860952658,0,0,0,1,28220000,2,2,2,1.0,1.0,262926,hold,0,8,0,0,8,0,8,8,9021455.308641976,1,1337.2966411208665,28884000,45484000,1,persistent,1000.0,450.0,1450.0,150.0,146.2740466899432,1000.0,1337.2966411208665,0,1,337.2966411208665,0.0,106,16,22,112.70335887913348,1,
coarse-f16-h6-u25,persistent,16,6,0.25,102,confirmation_coarse-f16-h6-u25_s102,16,25,100796,103544,1116338561,1145554561,29216000,1,0,,3236160,16268000,16268000,16268000,0.0,1,1,1,1,28552000,2,2,2,1.0,1.0,262926,hold,1,7,1,0,38,0,7,7,6721272.808988764,1,1338.1416792542861,29216000,45484000,1,persistent,1000.0,450.0,1450.0,150.0,146.2740466899432,1000.0,1338.1416792542861,0,1,338.14167925428626,0.0,106,16,22,111.85832074571385,1,
coarse-f16-h6-u25,persistent,16,6,0.25,102,confirmation_coarse-f16-h6-u25_s102,3,26,101097,102464,1119552001,1134193280,14641279,1,0,,0,52907840,52907840,57845440,-0.09332454320569504,1,1,1,1,14309279,1,1,1,1.0,1.0,262926,hold,0,8,0,0,8,0,7,7,12631688.075,1,1344.8475337885625,14641279,30228000,1,persistent,1000.0,450.0,1450.0,150.0,146.2740466899432,1000.0,1344.8475337885627,0,1,344.84753378856266,0.0,106,16,22,105.15246621143751,1,
coarse-f16-h6-u25,persistent,16,6,0.25,102,confirmation_coarse-f16-h6-u25_s102,13,12,101649,104488,1125584161,1155372161,29788000,1,0,,5533280,22391041,22391041,17588000,0.21450726654468633,0,0,0,0,28524000,2,2,2,1.0,1.0,262926,hold,0,8,0,0,8,0,7,7,13985131.471428571,1,1343.9165094629507,29788000,58464000,1,persistent,1000.0,450.0,1450.0,150.0,146.2740466899432,1000.0,1343.9165094629507,0,1,343.91650946295056,0.0,106,16,22,106.08349053704933,1,
coarse-f16-h6-u25,persistent,16,6,0.25,102,confirmation_coarse-f16-h6-u25_s102,5,33,101717,103135,1126367840,1141319840,14952000,1,0,,1917280,54812000,54812000,58492000,-0.06713858279208933,1,1,1,1,14500000,1,1,1,1.0,1.0,262926,hold,0,8,0,0,8,0,8,6,12129171.891891891,1,1346.1483681865113,14952000,30214559,1,persistent,1000.0,450.0,1450.0,150.0,146.2740466899432,1000.0,1346.1483681865113,0,1,346.1483681865114,0.0,106,16,22,103.85163181348867,1,
coarse-f16-h6-u25,persistent,16,6,0.25,102,confirmation_coarse-f16-h6-u25_s102,12,37,101799,103191,1127173121,1141901121,14728000,1,0,,477280,55526240,55526240,59175681,-0.06572461956725324,1,1,1,1,14276000,1,1,1,1.0,1.0,262926,hold,0,8,0,0,8,0,8,6,18274093.62857143,1,1342.3779905627657,14728000,30214559,1,persistent,1000.0,450.0,1450.0,150.0,146.2740466899432,1000.0,1342.377990562766,0,1,342.377990562766,0.0,106,16,22,107.62200943723428,1,
coarse-f16-h6-u25,persistent,16,6,0.25,102,confirmation_coarse-f16-h6-u25_s102,11,32,101822,103216,1127436161,1142068001,14631840,1,0,,1164159,20608961,20608961,16955840,0.1772588632682647,0,0,0,1,14299840,1,1,1,1.0,1.0,262926,hold,0,8,0,0,8,0,8,6,11542890.909090908,1,1351.3854803379006,14631840,30214559,1,persistent,1000.0,450.0,1450.0,150.0,146.2740466899432,1000.0,1351.3854803379008,0,1,351.3854803379008,0.0,106,16,22,98.61451966209938,1,
coarse-f16-h6-u25,persistent,16,6,0.25,102,confirmation_coarse-f16-h6-u25_s102,9,34,101948,104779,1128713121,1158339841,29626720,1,0,,380000,54985280,54985280,61942880,-0.1265356837320825,1,1,1,1,28261120,2,2,2,1.0,1.0,262926,hold,1,8,0,1,19,0,7,5,22390311.959183674,1,1338.1495130528385,29626720,45154559,1,persistent,1000.0,450.0,1450.0,150.0,146.2740466899432,1000.0,1338.1495130528388,0,1,338.1495130528387,0.0,106,16,22,111.85048694716147,1,
coarse-f16-h6-u25,persistent,16,6,0.25,102,confirmation_coarse-f16-h6-u25_s102,1,30,101967,104804,1128881441,1158565441,29684000,1,0,,3385601,23200000,23200000,19381280,0.1646,0,0,0,1,28660000,2,2,2,1.0,1.0,262926,hold,0,8,0,0,8,0,8,7,14325661.470588235,1,1340.7768307879076,29684000,45154559,1,persistent,1000.0,450.0,1450.0,150.0,146.2740466899432,1000.0,1340.7768307879078,0,1,340.7768307879077,0.0,106,16,22,109.22316921209244,1,
coarse-f16-h6-u25,persistent,16,6,0.25,102,confirmation_coarse-f16-h6-u25_s102,8,28,102292,,1132416161,,,0,1,hold_exit_before_slot_completion,1021760,17596000,17596000,,,,,,,0,0,1,1,1.0,0.0,262926,hold,1,7,0,0,23,0,8,7,7124995.555555556,1,1344.5810728783724,14608000,30214559,1,persistent,1000.0,450.0,1450.0,150.0,146.2740466899432,1000.0,1344.5810728783727,0,1,344.5810728783726,0.0,106,16,22,105.41892712162758,0,round_censored
coarse-f16-h6-u25,persistent,16,6,0.25,102,confirmation_coarse-f16-h6-u25_s102,10,11,102402,105273,1133526721,1163409280,29882559,1,0,,1251839,18589441,18589441,20586559,-0.10743292388404795,1,1,1,1,28807839,2,2,2,1.0,1.0,262926,hold,0,8,0,0,8,0,8,6,10201559.211267605,1,1341.1856359657634,29882559,44748000,1,persistent,1000.0,450.0,1450.0,150.0,146.2740466899432,1000.0,1341.1856359657634,0,1,341.1856359657634,0.0,106,16,22,108.81436403423663,1,
coarse-f16-h6-u25,persistent,16,6,0.25,102,confirmation_coarse-f16-h6-u25_s102,3,27,102464,105307,1134193280,1163741280,29548000,1,0,,1300960,57845440,57845440,59768161,-0.0332389381081724,1,1,1,1,28552000,2,2,2,1.0,1.0,262926,hold,1,8,0,1,41,0,7,7,14719694.653333334,1,1342.517634581908,29548000,45486559,1,persistent,1000.0,450.0,1450.0,150.0,146.2740466899432,1000.0,1342.5176345819082,0,1,342.51763458190817,0.0,106,16,22,107.48236541809206,1,
coarse-f16-h6-u25,persistent,16,6,0.25,102,confirmation_coarse-f16-h6-u25_s102,15,25,102936,,1139246561,,,0,1,hold_exit_before_slot_completion,258400,16355840,16355840,,,,,,,0,0,1,1,1.0,0.0,262926,hold,0,1,0,0,1,0,8,5,11531618.823529411,1,1324.547764139783,14581600,29882559,1,persistent,1000.0,450.0,1450.0,150.0,146.2740466899432,1000.0,1324.547764139783,0,1,324.5477641397831,0.0,106,16,22,125.45223586021689,0,round_censored
coarse-f16-h6-u25,persistent,16,6,0.25,102,confirmation_coarse-f16-h6-u25_s102,4,20,103047,105846,1140393441,1169385441,28992000,1,0,,2765280,24676000,24676000,15976000,0.3525692981034203,0,0,0,0,28208000,2,2,2,1.0,1.0,262926,hold,1,7,1,0,9,0,8,6,14237399.402985075,1,1342.8143730031647,28992000,45486559,1,persistent,1000.0,450.0,1450.0,150.0,146.2740466899432,1000.0,1342.8143730031652,0,1,342.8143730031651,0.0,106,16,22,107.18562699683525,1,
coarse-f16-h6-u25,persistent,16,6,0.25,102,confirmation_coarse-f16-h6-u25_s102,5,34,103135,107428,1141319840,1185559840,44240000,1,0,,2469280,58492000,58492000,56672000,0.031115366203925323,0,0,1,1,43004000,3,3,3,1.0,1.0,262926,hold,1,8,0,1,23,0,6,4,13280131.485148516,1,1341.1759080008894,44240000,72791840,1,persistent,1000.0,450.0,1450.0,150.0,146.2740466899432,1000.0,1341.1759080008894,0,1,341.1759080008893,0.0,106,16,22,108.82409199911058,1,
coarse-f16-h6-u25,persistent,16,6,0.25,102,confirmation_coarse-f16-h6-u25_s102,12,38,103191,106090,1141901121,1171878721,29977600,1,0,,2203839,59175681,59175681,52960000,0.10503776035969911,0,0,0,0,28953600,2,2,2,1.0,1.0,262926,hold,1,8,0,1,36,0,8,6,12615845.274193548,1,1335.0019634532173,29977600,58118720,1,persistent,1000.0,450.0,1450.0,150.0,146.2740466899432,1000.0,1335.0019634532173,0,1,335.00196345321734,0.0,106,16,22,114.99803654678271,1,
coarse-f16-h6-u25,persistent,16,6,0.25,102,confirmation_coarse-f16-h6-u25_s102,11,33,103216,,1142068001,,,0,1,hold_exit_before_slot_completion,2707040,16955840,16955840,,,,,,,0,0,1,1,1.0,0.0,262926,hold,1,7,0,0,21,0,8,6,9080151.853658536,1,1326.3545815943876,14369279,29882559,1,persistent,1000.0,450.0,1450.0,150.0,146.2740466899432,1000.0,1326.3545815943878,0,1,326.35458159438775,0.0,106,16,22,123.64541840561242,0,round_censored
coarse-f16-h6-u25,persistent,16,6,0.25,102,confirmation_coarse-f16-h6-u25_s102,6,23,103401,,1144054881,,,0,1,hold_exit_before_slot_completion,2670559,14182721,14182721,,,,,,,0,0,1,1,1.0,0.0,262926,hold,1,7,0,0,17,0,8,8,8203036.076923077,1,1333.0360525542555,15272000,29977600,1,persistent,1000.0,450.0,1450.0,150.0,146.2740466899432,1000.0,1333.0360525542555,0,1,333.03605255425555,0.0,106,16,22,116.96394744574445,0,round_censored
coarse-f16-h6-u25,persistent,16,6,0.25,102,confirmation_coarse-f16-h6-u25_s102,14,35,103404,104814,1144054881,1158662881,14608000,1,0,,1101601,14730239,14730239,13821761,0.06167435572498179,0,1,1,1,0,0,1,1,1.0,0.0,262926,hold,0,8,0,0,8,0,8,7,10160470.044444444,1,1336.803637192404,14608000,29977600,1,persistent,1000.0,450.0,1450.0,150.0,146.2740466899432,1000.0,1336.803637192404,0,1,336.803637192404,0.0,106,16,22,113.19636280759596,1,
coarse-f16-h6-u25,persistent,16,6,0.25,102,confirmation_coarse-f16-h6-u25_s102,16,26,103544,104951,1145554561,1160162561,14608000,1,0,,2572160,16268000,16268000,12621120,0.2241750676174084,0,0,0,1,0,0,1,1,1.0,0.0,262926,hold,0,8,0,0,8,0,7,7,7803800.888888889,1,1341.5384680131926,14608000,29977600,1,persistent,1000.0,450.0,1450.0,150.0,146.2740466899432,1000.0,1341.5384680131926,0,1,341.5384680131927,0.0,106,16,22,108.46153198680736,1,
coarse-f16-h6-u25,persistent,16,6,0.25,102,confirmation_coarse-f16-h6-u25_s102,13,13,104488,108807,1155372161,1199964161,44592000,1,0,,5729280,17588000,17588000,23024000,-0.3090743688878781,1,1,1,1,42996000,3,3,3,1.0,1.0,262926,hold,1,8,0,1,19,0,8,7,14222512.164948454,1,1336.206983944228,44592000,60170720,1,persistent,1000.0,450.0,1450.0,150.0,146.2740466899432,1000.0,1336.2069839442283,0,1,336.2069839442283,0.0,106,16,22,113.79301605577189,1,
coarse-f16-h6-u25,persistent,16,6,0.25,102,confirmation_coarse-f16-h6-u25_s102,9,35,104779,106198,1158339841,1173010721,14670880,1,0,,0,61942880,61942880,61081441,0.013906989794468711,0,1,1,1,14085600,1,1,1,1.0,1.0,262926,hold,1,7,1,0,18,0,7,6,20850965.5,1,1350.643377790425,14670880,30544000,1,persistent,1000.0,450.0,1450.0,150.0,146.2740466899432,1000.0,1350.643377790425,0,1,350.6433777904249,0.0,106,16,22,99.35662220957511,1,
coarse-f16-h6-u25,persistent,16,6,0.25,102,confirmation_coarse-f16-h6-u25_s102,1,31,104804,109081,1158565441,1203065441,44500000,1,0,,6833280,19381280,19381280,18772000,0.03143652018855308,0,1,1,1,42664000,3,3,3,1.0,1.0,262926,hold,1,8,0,1,9,0,8,7,14097196.697916666,1,1332.930212285272,44500000,73447360,1,persistent,1000.0,450.0,1450.0,150.0,146.2740466899432,1000.0,1332.9302122852723,0,1,332.93021228527226,0.0,106,16,22,117.06978771472791,1,
coarse-f16-h6-u25,persistent,16,6,0.25,102,confirmation_coarse-f16-h6-u25_s102,10,12,105273,106809,1163409280,1179013280,15604000,1,0,,253280,20586559,20586559,15933441,0.2260269916890919,0,0,0,0,14276000,1,1,1,1.0,1.0,262926,hold,0,8,0,0,8,0,8,6,8125681.942857143,1,1358.464817791158,15604000,44488000,1,persistent,1000.0,450.0,1450.0,150.0,146.2740466899432,1000.0,1358.4648177911583,0,1,358.4648177911582,0.0,106,16,22,91.53518220884189,1,
coarse-f16-h6-u25,persistent,16,6,0.25,102,confirmation_coarse-f16-h6-u25_s102,3,28,105307,108197,1163741280,1193289280,29548000,1,0,,1249280,59768161,59768161,57106880,0.044526733890975834,0,0,0,1,28552000,2,2,2,1.0,1.0,262926,hold,1,7,1,0,23,0,6,6,10153446.971014492,1,1350.373718339966,29548000,44600000,1,persistent,1000.0,450.0,1450.0,150.0,146.2740466899432,1000.0,1350.3737183399662,0,1,350.3737183399663,0.0,106,16,22,99.62628166003401,1,
coarse-f16-h6-u25,persistent,16,6,0.25,102,confirmation_coarse-f16-h6-u25_s102,4,21,105846,108670,1169385441,1198562721,29177280,1,0,,6169280,15976000,15976000,16474721,-0.03121688783174762,1,1,1,1,28393280,2,2,2,1.0,1.0,262926,hold,0,8,0,0,8,0,8,6,13743037.582089553,1,1337.0317936758818,29177280,45230720,1,persistent,1000.0,450.0,1450.0,150.0,146.2740466899432,1000.0,1337.0317936758818,0,1,337.0317936758818,0.0,106,16,22,112.96820632411823,1,
coarse-f16-h6-u25,persistent,16,6,0.25,102,confirmation_coarse-f16-h6-u25_s102,12,39,106090,108941,1171878721,1201450721,29572000,1,0,,1613280,52960000,52960000,54336000,-0.025981873111782478,1,1,1,1,28788000,2,2,2,1.0,1.0,262926,hold,1,7,1,0,27,0,8,6,15739508.888888888,1,1338.0093661709805,29572000,45230720,1,persistent,1000.0,450.0,1450.0,150.0,146.2740466899432,1000.0,1338.0093661709805,0,1,338.00936617098057,0.0,106,16,22,111.99063382901954,1,
coarse-f16-h6-u25,persistent,16,6,0.25,102,confirmation_coarse-f16-h6-u25_s102,9,36,106198,109046,1173010721,1202604161,29593440,1,0,,0,61081441,61081441,59055840,0.03316229883967538,0,0,0,1,28299680,2,2,2,1.0,1.0,262926,hold,1,7,1,0,22,0,8,6,19742352.80327869,1,1335.4803805458534,29593440,58165120,1,persistent,1000.0,450.0,1450.0,150.0,146.2740466899432,1000.0,1335.4803805458534,0,1,335.4803805458535,0.0,106,16,22,114.51961945414655,1,
coarse-f16-h6-u25,persistent,16,6,0.25,102,confirmation_coarse-f16-h6-u25_s102,14,36,106201,107625,1173034721,1187642721,14608000,1,0,,253280,15505601,15505601,15941120,-0.02808785031937814,1,1,1,1,14276000,1,1,1,1.0,1.0,262926,hold,0,8,0,0,8,0,8,7,7969496.888888889,1,1360.06737143695,14608000,30212000,1,persistent,1000.0,450.0,1450.0,150.0,146.2740466899432,1000.0,1360.0673714369502,0,1,360.0673714369501,0.0,106,16,22,89.93262856305,1,
coarse-f16-h6-u25,persistent,16,6,0.25,102,confirmation_coarse-f16-h6-u25_s102,10,13,106809,,1179013280,,,0,1,hold_exit_before_slot_completion,2247839,15933441,15933441,,,,,,,14276000,1,2,2,1.0,0.5,262926,hold,1,7,0,0,8,0,7,6,9620044.65116279,1,1335.6292726724707,29626720,44976160,1,persistent,1000.0,450.0,1450.0,150.0,146.2740466899432,1000.0,1335.6292726724707,0,1,335.6292726724708,0.0,106,16,22,114.37072732752927,0,round_censored
coarse-f16-h6-u25,persistent,16,6,0.25,102,confirmation_coarse-f16-h6-u25_s102,11,34,107424,108830,1185554881,1200228001,14673120,1,0,,1630559,17027840,17027840,12245601,0.2808482461662783,0,0,0,0,0,0,1,1,1.0,0.0,262926,hold,0,8,0,0,8,0,7,5,9093821.42857143,1,1328.765323017395,14673120,43992000,1,persistent,1000.0,450.0,1450.0,150.0,146.2740466899432,1000.0,1328.765323017395,0,1,328.76532301739513,0.0,106,16,22,121.23467698260492,1,
coarse-f16-h6-u25,persistent,16,6,0.25,102,confirmation_coarse-f16-h6-u25_s102,5,35,107428,110109,1185559840,1214663840,29104000,1,0,,1641280,56672000,56672000,10376000,0.8169113495200452,0,0,0,0,14224000,1,2,2,1.0,0.5,262926,hold,1,7,1,0,13,0,6,4,13082466.047619049,1,1324.2404407493846,29104000,44976160,1,persistent,1000.0,450.0,1450.0,150.0,146.2740466899432,1000.0,1324.2404407493848,0,1,324.2404407493847,0.0,106,16,22,125.75955925061544,1,
coarse-f16-h6-u25,persistent,16,6,0.25,102,confirmation_coarse-f16-h6-u25_s102,14,37,107625,,1187642721,,,0,1,hold_exit_before_slot_completion,676000,15941120,15941120,,,,,,,0,0,1,1,1.0,0.0,262926,hold,1,7,0,0,28,0,8,7,7242737.777777778,1,1316.7080178212723,14608000,30044000,1,persistent,1000.0,450.0,1450.0,150.0,146.2740466899432,1000.0,1316.7080178212723,0,1,316.7080178212724,0.0,106,16,22,133.29198217872772,0,round_censored
coarse-f16-h6-u25,persistent,16,6,0.25,102,confirmation_coarse-f16-h6-u25_s102,6,24,107696,,1188361120,,,0,1,hold_exit_before_slot_completion,248320,15178561,15178561,,,,,,,0,0,1,1,1.0,0.0,262926,hold,1,7,0,0,23,0,8,8,8019970.7272727275,1,1311.3859877622865,14528001,30509760,1,persistent,1000.0,450.0,1450.0,150.0,146.2740466899432,1000.0,1311.3859877622865,0,1,311.3859877622865,0.0,106,16,22,138.6140122377135,0,round_censored
coarse-f16-h6-u25,persistent,16,6,0.25,102,confirmation_coarse-f16-h6-u25_s102,8,29,107929,,1190690240,,,0,1,hold_exit_before_slot_completion,912160,14112959,14112959,,,,,,,0,0,1,1,1.0,0.0,262926,hold,1,7,0,0,26,0,8,7,7696109.488888889,1,1318.7699934755622,14602880,30509760,1,persistent,1000.0,450.0,1450.0,150.0,146.2740466899432,1000.0,1318.769993475562,0,1,318.76999347556193,0.0,106,16,22,131.23000652443784,0,round_censored
coarse-f16-h6-u25,persistent,16,6,0.25,102,confirmation_coarse-f16-h6-u25_s102,3,29,108197,110831,1193289280,1222418721,29129441,1,0,,585280,57106880,57106880,56633760,0.008284816120229296,0,1,1,1,28465441,2,2,2,1.0,1.0,262926,hold,1,7,1,0,16,0,6,6,16332354.17142857,1,1311.835810561751,29129441,45449760,1,persistent,1000.0,450.0,1450.0,150.0,146.2740466899432,1000.0,1311.835810561751,0,1,311.835810561751,0.0,106,16,22,138.16418943824897,1,
coarse-f16-h6-u25,persistent,16,6,0.25,102,confirmation_coarse-f16-h6-u25_s102,4,22,108670,,1198562721,,,0,1,hold_exit_before_slot_completion,2987839,16474721,16474721,,,,,,,57807840,4,5,5,1.0,0.8,262926,hold,0,7,0,0,7,0,8,6,14874868.226993864,1,1320.8750068598645,74056000,90301441,1,persistent,1000.0,450.0,1450.0,150.0,146.2740466899432,1000.0,1320.8750068598642,0,1,320.87500685986424,0.0,106,16,22,129.12499314013553,0,round_censored
coarse-f16-h6-u25,persistent,16,6,0.25,102,confirmation_coarse-f16-h6-u25_s102,13,14,108807,111515,1199964161,1229500161,29536000,1,0,,1909280,23024000,23024000,22960000,0.002779708130646282,0,1,1,1,28752000,2,2,2,1.0,1.0,262926,hold,0,8,0,0,8,0,8,7,14620336.231884059,1,1313.4700915576213,29536000,58548000,1,persistent,1000.0,450.0,1450.0,150.0,146.2740466899432,1000.0,1313.4700915576213,0,1,313.47009155762134,0.0,106,16,22,136.52990844237866,1,
coarse-f16-h6-u25,persistent,16,6,0.25,102,confirmation_coarse-f16-h6-u25_s102,12,40,108941,110221,1201450721,1215914721,14464000,1,0,,5393280,54336000,54336000,58421600,-0.07519140164899882,1,1,1,1,14132000,1,1,1,1.0,1.0,262926,hold,0,8,0,0,8,0,8,6,13737779.393939395,1,1305.7381532776265,14464000,30509760,1,persistent,1000.0,450.0,1450.0,150.0,146.2740466899432,1000.0,1305.7381532776265,0,1,305.7381532776265,0.0,106,16,22,144.26184672237355,1,
coarse-f16-h6-u25,persistent,16,6,0.25,102,confirmation_coarse-f16-h6-u25_s102,9,37,109046,111844,1202604161,1232926881,30322720,1,0,,741440,59055840,59055840,52984160,0.10281252455303319,0,0,0,0,28568320,2,2,2,1.0,1.0,262926,hold,0,8,0,0,8,0,7,6,18306001.40677966,1,1303.3405542948683,30322720,58972000,1,persistent,1000.0,450.0,1450.0,150.0,146.2740466899432,1000.0,1303.3405542948683,0,1,303.3405542948683,0.0,106,16,22,146.6594457051317,1,
coarse-f16-h6-u25,persistent,16,6,0.25,102,confirmation_coarse-f16-h6-u25_s102,1,32,109081,111801,1203065441,1232537441,29472000,1,0,,3541280,18772000,18772000,19888000,-0.059450245045812915,1,1,1,1,28448000,2,2,2,1.0,1.0,262926,hold,1,8,0,1,9,0,8,7,15005308.641791046,1,1302.3924235062004,29472000,45562720,1,persistent,1000.0,450.0,1450.0,150.0,146.2740466899432,1000.0,1302.3924235062002,0,1,302.3924235062003,0.0,106,16,22,147.60757649379957,1,
coarse-f16-h6-u25,persistent,16,6,0.25,102,confirmation_coarse-f16-h6-u25_s102,11,35,110116,111508,1214712001,1229378881,14666880,1,0,,2310400,14125600,14125600,16981440,-0.2021747748768194,1,1,1,1,14334880,1,1,1,1.0,1.0,262926,hold,0,8,0,0,8,0,8,6,9666760.055555556,1,1317.7597148769617,14666880,30544000,1,persistent,1000.0,450.0,1450.0,150.0,146.2740466899432,1000.0,1317.7597148769617,0,1,317.7597148769616,0.0,106,16,22,132.24028512303835,1,
coarse-f16-h6-u25,persistent,16,6,0.25,102,confirmation_coarse-f16-h6-u25_s102,12,41,110221,111612,1215914721,1230510721,14596000,1,0,,2673280,58421600,58421600,55780000,0.04521615292973832,0,0,0,1,14264000,1,1,1,1.0,1.0,262926,hold,0,8,0,0,8,0,8,6,14862559.96875,1,1314.5883099358737,14596000,30544000,1,persistent,1000.0,450.0,1450.0,150.0,146.2740466899432,1000.0,1314.5883099358734,0,1,314.5883099358735,0.0,106,16,22,135.41169006412633,1,
coarse-f16-h6-u25,persistent,16,6,0.25,102,confirmation_coarse-f16-h6-u25_s102,16,27,110512,111883,1218926561,1233353441,14426880,1,0,,924000,15350720,15350720,18597120,-0.21148193700360635,1,1,1,1,14094880,1,1,1,1.0,1.0,262926,hold,0,8,0,0,8,0,8,8,8845041.975609757,1,1306.0391297403594,14426880,30544000,1,persistent,1000.0,450.0,1450.0,150.0,146.2740466899432,1000.0,1306.0391297403592,0,1,306.0391297403593,0.0,106,16,22,143.96087025964061,1,
coarse-f16-h6-u25,persistent,16,6,0.25,102,confirmation_coarse-f16-h6-u25_s102,2,12,110598,111984,1219818721,1234438721,14620000,1,0,,7313280,14548000,14548000,16688000,-0.14709925762991477,1,1,1,1,14288000,1,1,1,1.0,1.0,262926,hold,0,8,0,0,8,0,8,7,12885057.777777778,1,1310.9720994915356,14620000,43673761,1,persistent,1000.0,450.0,1450.0,150.0,146.2740466899432,1000.0,1310.9720994915356,0,1,310.97209949153563,0.0,106,16,22,139.02790050846443,1,
coarse-f16-h6-u25,persistent,16,6,0.25,102,confirmation_coarse-f16-h6-u25_s102,8,30,110612,111977,1219901120,1234364001,14462881,1,0,,1244160,16600000,16600000,16600000,0.0,1,1,1,1,14130881,1,1,1,1.0,1.0,262926,hold,0,8,0,0,8,0,8,7,6949767.604651162,1,1308.5607864289036,14462881,30544000,1,persistent,1000.0,450.0,1450.0,150.0,146.2740466899432,1000.0,1308.5607864289036,0,1,308.5607864289037,0.0,106,16,22,141.4392135710964,1,
coarse-f16-h6-u25,persistent,16,6,0.25,102,confirmation_coarse-f16-h6-u25_s102,7,25,110620,113365,1219928000,1249050561,29122561,1,0,,1581280,16605439,16605439,17202400,-0.03594972707436401,1,1,1,1,28458561,2,2,2,1.0,1.0,262926,hold,1,8,0,1,23,0,8,6,8347884.5930232555,1,1322.3758315756083,29122561,46226720,1,persistent,1000.0,450.0,1450.0,150.0,146.2740466899432,1000.0,1322.3758315756083,0,1,322.37583157560834,0.0,106,16,22,127.62416842439166,1,
coarse-f16-h6-u25,persistent,16,6,0.25,102,confirmation_coarse-f16-h6-u25_s102,3,30,110831,113590,1222418721,1251389280,28970559,1,0,,354400,56633760,56633760,52377280,0.07515799763250754,0,0,0,0,28306559,2,2,2,1.0,1.0,262926,hold,1,7,1,0,34,0,7,7,9975766.243243244,1,1317.021256988154,28970559,46226720,1,persistent,1000.0,450.0,1450.0,150.0,146.2740466899432,1000.0,1317.0212569881542,0,1,317.02125698815405,0.0,106,16,22,132.97874301184606,1,
coarse-f16-h6-u25,persistent,16,6,0.25,102,confirmation_coarse-f16-h6-u25_s102,10,14,110970,112433,1223912000,1239184000,15272000,1,0,,3691839,17224161,17224161,18673281,-0.0841329804104827,1,1,1,1,14940000,1,1,1,1.0,1.0,262926,hold,0,8,0,0,8,0,8,6,10209554.625,1,1313.6232163573127,15272000,30016000,1,persistent,1000.0,450.0,1450.0,150.0,146.2740466899432,1000.0,1313.6232163573127,0,1,313.62321635731274,0.0,106,16,22,136.37678364268731,1,
coarse-f16-h6-u25,persistent,16,6,0.25,102,confirmation_coarse-f16-h6-u25_s102,15,26,111319,114046,1227558561,1256442561,28884000,1,0,,855680,20334880,20334880,17447680,0.14198264263177357,0,0,0,1,28220000,2,2,2,1.0,1.0,262926,hold,0,8,0,0,8,0,8,5,13725548.121621622,1,1312.881764763672,28884000,45402721,1,persistent,1000.0,450.0,1450.0,150.0,146.2740466899432,1000.0,1312.881764763672,0,1,312.88176476367204,0.0,106,16,22,137.11823523632802,1,
coarse-f16-h6-u25,persistent,16,6,0.25,102,confirmation_coarse-f16-h6-u25_s102,5,36,111493,114248,1229247840,1258783840,29536000,1,0,,1761280,54904000,54904000,52884000,0.03679149060177765,0,0,0,1,28512000,2,2,2,1.0,1.0,262926,hold,1,7,1,0,24,0,7,5,16809852.72463768,1,1321.0785434067102,29536000,58490880,1,persistent,1000.0,450.0,1450.0,150.0,146.2740466899432,1000.0,1321.0785434067102,0,1,321.07854340671014,0.0,106,16,22,128.9214565932898,1,
coarse-f16-h6-u25,persistent,16,6,0.25,102,confirmation_coarse-f16-h6-u25_s102,11,36,111508,112884,1229378881,1244052001,14673120,1,0,,470720,16981440,16981440,24604001,-0.44887600815949646,1,1,1,1,14341120,1,1,1,1.0,1.0,262926,hold,0,8,0,0,8,0,8,6,11332258.647058824,1,1320.7727387992409,14673120,30954720,1,persistent,1000.0,450.0,1450.0,150.0,146.2740466899432,1000.0,1320.772738799241,0,1,320.772738799241,0.0,106,16,22,129.22726120075913,1,
coarse-f16-h6-u25,persistent,16,6,0.25,102,confirmation_coarse-f16-h6-u25_s102,13,15,111515,114270,1229500161,1259036161,29536000,1,0,,745280,22960000,22960000,19140000,0.16637630662020905,0,0,0,1,28872000,2,2,2,1.0,1.0,262926,hold,1,7,1,0,12,0,8,7,13092816.231884059,1,1321.6820949019761,29536000,45402721,1,persistent,1000.0,450.0,1450.0,150.0,146.2740466899432,1000.0,1321.682094901976,0,1,321.68209490197603,0.0,106,16,22,128.31790509802386,1,
coarse-f16-h6-u25,persistent,16,6,0.25,102,confirmation_coarse-f16-h6-u25_s102,12,42,111612,112968,1230510721,1244999680,14488959,1,0,,3485280,55780000,55780000,45776959,0.17933024381498744,0,0,0,0,14156959,1,1,1,1.0,1.0,262926,hold,0,8,0,0,8,0,8,6,10709191.103448275,1,1321.4776717851437,14488959,30954720,1,persistent,1000.0,450.0,1450.0,150.0,146.2740466899432,1000.0,1321.477671785144,0,1,321.47767178514397,0.0,106,16,22,128.52232821485632,1,
coarse-f16-h6-u25,persistent,16,6,0.25,102,confirmation_coarse-f16-h6-u25_s102,14,38,111693,113051,1231365120,1245908001,14542881,1,0,,1027679,16056000,16056000,21607679,-0.3457697433981066,1,1,1,1,14210881,1,1,1,1.0,1.0,262926,hold,0,8,0,0,8,0,7,7,10086897.477272727,1,1337.5897822437423,14542881,30954720,1,persistent,1000.0,450.0,1450.0,150.0,146.2740466899432,1000.0,1337.5897822437423,0,1,337.5897822437424,0.0,106,16,22,112.41021775625768,1,
coarse-f16-h6-u25,persistent,16,6,0.25,102,confirmation_coarse-f16-h6-u25_s102,6,25,111763,113140,1232034881,1246898720,14863839,1,0,,1511040,14458239,14458239,21145280,-0.46250729428390275,1,1,1,1,14283999,1,1,1,1.0,1.0,262926,hold,0,8,0,0,8,0,8,8,8734483.55,1,1333.4196159353776,14863839,30954720,1,persistent,1000.0,450.0,1450.0,150.0,146.2740466899432,1000.0,1333.4196159353776,0,1,333.4196159353777,0.0,106,16,22,116.58038406462242,1,
coarse-f16-h6-u25,persistent,16,6,0.25,102,confirmation_coarse-f16-h6-u25_s102,1,33,111801,114534,1232537441,1261801441,29264000,1,0,,4149280,19888000,19888000,23628000,-0.18805309734513273,1,1,1,1,28480000,2,2,2,1.0,1.0,262926,hold,0,8,0,0,8,0,8,7,14319166.597014925,1,1327.931864713102,29264000,45402721,1,persistent,1000.0,450.0,1450.0,150.0,146.2740466899432,1000.0,1327.9318647131017,0,1,327.9318647131018,0.0,106,16,22,122.06813528689804,1,
coarse-f16-h6-u25,persistent,16,6,0.25,102,confirmation_coarse-f16-h6-u25_s102,9,38,111844,114586,1232926881,1262342721,29415840,1,0,,2887840,52984160,52984160,53256959,-0.005148689721607364,1,1,1,1,28751840,2,2,2,1.0,1.0,262926,hold,1,7,1,0,12,0,8,6,17177062.966101695,1,1327.717417538718,29415840,45402721,1,persistent,1000.0,450.0,1450.0,150.0,146.2740466899432,1000.0,1327.7174175387179,0,1,327.71741753871794,0.0,106,16,22,122.28258246128189,1,
coarse-f16-h6-u25,persistent,16,6,0.25,102,confirmation_coarse-f16-h6-u25_s102,16,28,111883,114597,1233353441,1262569441,29216000,1,0,,972480,18597120,18597120,16086880,0.13498003992015967,0,0,0,1,28552000,2,2,2,1.0,1.0,262926,hold,1,7,1,0,28,0,8,8,7769644.943820225,1,1332.7972512831552,29216000,45402721,1,persistent,1000.0,450.0,1450.0,150.0,146.2740466899432,1000.0,1332.797251283155,0,1,332.797251283155,0.0,106,16,22,117.20274871684478,1,
coarse-f16-h6-u25,persistent,16,6,0.25,102,confirmation_coarse-f16-h6-u25_s102,8,31,111977,114695,1234364001,1263574881,29210880,1,0,,1576160,16600000,16600000,14457761,0.1290505421686747,0,0,0,1,28552000,2,2,2,1.0,1.0,262926,hold,1,7,1,0,29,0,8,7,7254666.741573034,1,1333.9911397890335,29210880,45402721,1,persistent,1000.0,450.0,1450.0,150.0,146.2740466899432,1000.0,1333.9911397890332,0,1,333.99113978903335,0.0,106,16,22,116.00886021096653,1,
coarse-f16-h6-u25,persistent,16,6,0.25,102,confirmation_coarse-f16-h6-u25_s102,2,13,111984,114700,1234438721,1263642721,29204000,1,0,,4637280,16688000,16688000,9012000,0.4599712368168744,0,0,0,0,14196000,1,2,2,1.0,0.5,262926,hold,0,8,0,0,8,0,8,7,12937943.529411765,1,1332.8685330679666,29204000,45402721,1,persistent,1000.0,450.0,1450.0,150.0,146.2740466899432,1000.0,1332.8685330679662,0,1,332.86853306796627,0.0,106,16,22,117.13146693203339,1,
coarse-f16-h6-u25,persistent,16,6,0.25,102,confirmation_coarse-f16-h6-u25_s102,10,15,112433,118086,1239184000,1298358720,59174720,1,0,,1578719,18673281,18673281,15046559,0.19421985884537377,0,0,0,1,56850720,4,4,4,1.0,1.0,262926,hold,0,8,0,0,8,0,7,5,10249860.1875,1,1337.8385015105673,59174720,74164000,1,persistent,1000.0,450.0,1450.0,150.0,146.2740466899432,1000.0,1337.8385015105673,0,1,337.8385015105673,0.0,106,16,22,112.16149848943269,1,
coarse-f16-h6-u25,persistent,16,6,0.25,102,confirmation_coarse-f16-h6-u25_s102,11,37,112884,115606,1244052001,1273202881,29150880,1,0,,549279,24604001,24604001,23242559,0.05533417105616278,0,0,1,1,28486880,2,2,2,1.0,1.0,262926,hold,1,7,1,0,15,0,8,6,11650342.902439024,1,1332.8179157109792,29150880,44738721,1,persistent,1000.0,450.0,1450.0,150.0,146.2740466899432,1000.0,1332.817915710979,0,1,332.8179157109788,0.0,106,16,22,117.18208428902085,1,
coarse-f16-h6-u25,persistent,16,6,0.25,102,confirmation_coarse-f16-h6-u25_s102,12,43,112968,114307,1244999680,1259435680,14436000,1,0,,2861280,45776959,45776959,45900959,-0.002708786313219277,1,1,1,1,14104000,1,1,1,1.0,1.0,262926,hold,0,8,0,0,8,0,7,6,14099095.676470589,1,1330.802190963827,14436000,30130721,1,persistent,1000.0,450.0,1450.0,150.0,146.2740466899432,1000.0,1330.8021909638267,0,1,330.8021909638268,0.0,106,16,22,119.19780903617311,1,
coarse-f16-h6-u25,persistent,16,6,0.25,102,confirmation_coarse-f16-h6-u25_s102,14,39,113051,114398,1245908001,1260378721,14470720,1,0,,456000,21607679,21607679,22807840,-0.05554326311493243,1,1,1,1,14138720,1,1,1,1.0,1.0,262926,hold,0,8,0,0,8,0,8,7,8384488.1707317075,1,1327.2834380651836,14470720,30130721,1,persistent,1000.0,450.0,1450.0,150.0,146.2740466899432,1000.0,1327.2834380651836,0,1,327.2834380651836,0.0,106,16,22,122.71656193481635,1,
coarse-f16-h6-u25,persistent,16,6,0.25,102,confirmation_coarse-f16-h6-u25_s102,6,26,113140,117295,1246898720,1290644000,43745280,1,0,,541599,21145280,21145280,15171042,0.28253293406377217,0,0,0,0,42749280,3,3,3,1.0,1.0,262926,hold,1,8,0,1,8,0,7,7,10496467.803418804,1,1342.3026579708528,43745280,59276000,1,persistent,1000.0,450.0,1450.0,150.0,146.2740466899432,1000.0,1342.3026579708526,0,1,342.30265797085264,0.0,106,16,22,107.6973420291472,1,
coarse-f16-h6-u25,persistent,16,6,0.25,102,confirmation_coarse-f16-h6-u25_s102,7,26,113365,114704,1249050561,1263658561,14608000,1,0,,1881441,17202400,17202400,10924161,0.3649629702832163,0,0,0,0,0,0,1,1,1.0,0.0,262926,hold,0,8,0,0,8,0,8,6,8355331.157894737,1,1324.7118665245869,14608000,30130721,1,persistent,1000.0,450.0,1450.0,150.0,146.2740466899432,1000.0,1324.7118665245869,0,1,324.7118665245868,0.0,106,16,22,125.28813347541313,1,
coarse-f16-h6-u25,persistent,16,6,0.25,102,confirmation_coarse-f16-h6-u25_s102,3,31,113590,116300,1251389280,1280538560,29149280,1,0,,1654880,52377280,52377280,56106561,-0.07120035633770978,1,1,1,1,28485280,2,2,2,1.0,1.0,262926,hold,1,8,0,1,23,0,7,7,12687974.52173913,1,1337.4897824229195,29149280,44748000,1,persistent,1000.0,450.0,1450.0,150.0,146.2740466899432,1000.0,1337.4897824229192,0,1,337.4897824229192,0.0,106,16,22,112.51021757708054,1,
coarse-f16-h6-u25,persistent,16,6,0.25,102,confirmation_coarse-f16-h6-u25_s102,15,27,114046,115410,1256442561,1271024161,14581600,1,0,,5625600,17447680,17447680,16271840,0.06739234098745507,0,0,1,1,14249600,1,1,1,1.0,1.0,262926,hold,0,8,0,0,8,0,8,5,9654092.0,1,1322.358596143986,14581600,29952000,1,persistent,1000.0,450.0,1450.0,150.0,146.2740466899432,1000.0,1322.358596143986,0,1,322.3585961439861,0.0,106,16,22,127.641403856014,1,
coarse-f16-h6-u25,persistent,16,6,0.25,102,confirmation_coarse-f16-h6-u25_s102,5,37,114248,117083,1258783840,1288531840,29748000,1,0,,4333280,52884000,52884000,49120000,0.07117464639588533,0,0,0,1,28604000,2,2,2,1.0,1.0,262926,hold,1,8,0,1,12,0,7,5,14737897.157142857,1,1342.4344329380065,29748000,58466720,1,persistent,1000.0,450.0,1450.0,150.0,146.2740466899432,1000.0,1342.4344329380062,0,1,342.4344329380061,0.0,106,16,22,107.56556706199353,1,
coarse-f16-h6-u25,persistent,16,6,0.25,102,confirmation_coarse-f16-h6-u25_s102,13,16,114270,118538,1259036161,1302946881,43910720,1,0,,3429280,19140000,19140000,22720000,-0.18704284221525602,1,1,1,1,42551200,3,3,3,1.0,1.0,262926,hold,0,8,0,0,8,0,8,7,14731468.376344087,1,1338.9844025765983,43910720,59636000,1,persistent,1000.0,450.0,1450.0,150.0,146.2740466899432,1000.0,1338.9844025765983,0,1,338.98440257659837,0.0,106,16,22,111.01559742340169,1,
coarse-f16-h6-u25,persistent,16,6,0.25,102,confirmation_coarse-f16-h6-u25_s102,12,44,114307,115678,1259435680,1273991680,14556000,1,0,,3973280,45900959,45900959,57744959,-0.2580338245220541,1,1,1,1,14104000,1,1,1,1.0,1.0,262926,hold,0,8,0,0,8,0,8,6,15226291.55882353,1,1328.1281447674344,14556000,29952000,1,persistent,1000.0,450.0,1450.0,150.0,146.2740466899432,1000.0,1328.1281447674344,0,1,328.1281447674343,0.0,106,16,22,121.87185523256562,1,
coarse-f16-h6-u25,persistent,16,6,0.25,102,confirmation_coarse-f16-h6-u25_s102,14,40,114398,117160,1260378721,1289316000,28937279,1,0,,518720,22807840,22807840,15669921,0.31295900883205074,0,0,0,0,28225120,2,2,2,1.0,1.0,262926,hold,1,7,1,0,21,0,8,7,8342470.813953488,1,1342.1110835003244,28937279,44748000,1,persistent,1000.0,450.0,1450.0,150.0,146.2740466899432,1000.0,1342.1110835003244,0,1,342.1110835003244,0.0,106,16,22,107.88891649967559,1,
coarse-f16-h6-u25,persistent,16,6,0.25,102,confirmation_coarse-f16-h6-u25_s102,1,34,114534,118827,1261801441,1306100001,44298560,1,0,,4149280,23628000,23628000,21604000,0.0856610800744879,0,0,0,1,43062560,3,3,3,1.0,1.0,262926,hold,0,8,0,0,8,0,7,7,14185926.597938145,1,1337.9148686947392,44298560,59636000,1,persistent,1000.0,450.0,1450.0,150.0,146.2740466899432,1000.0,1337.9148686947392,0,1,337.91486869473925,0.0,106,16,22,112.0851313052608,1,
coarse-f16-h6-u25,persistent,16,6,0.25,102,confirmation_coarse-f16-h6-u25_s102,9,39,114586,117379,1262342721,1291506721,29164000,1,0,,1320321,53256959,53256959,56341440,-0.05791695691824988,1,1,1,1,28367840,2,2,2,1.0,1.0,262926,hold,1,7,1,0,20,0,7,6,16059943.08219178,1,1352.1741992758932,29164000,44748000,1,persistent,1000.0,450.0,1450.0,150.0,146.2740466899432,1000.0,1352.174199275893,0,1,352.17419927589305,0.0,106,16,22,97.82580072410678,1,
coarse-f16-h6-u25,persistent,16,6,0.25,102,confirmation_coarse-f16-h6-u25_s102,16,29,114597,,1262569441,,,0,1,hold_exit_before_slot_completion,1913280,16086880,16086880,,,,,,,0,0,1,1,1.0,0.0,262926,hold,1,7,0,0,30,0,7,7,6753002.666666667,1,1342.5252349779807,14608000,29952000,1,persistent,1000.0,450.0,1450.0,150.0,146.2740466899432,1000.0,1342.525234977981,0,1,342.5252349779809,0.0,106,16,22,107.47476502201926,0,round_censored
coarse-f16-h6-u25,persistent,16,6,0.25,102,confirmation_coarse-f16-h6-u25_s102,8,32,114695,,1263574881,,,0,1,hold_exit_before_slot_completion,1576160,14457761,14457761,,,,,,,0,0,1,1,1.0,0.0,262926,hold,1,7,0,0,32,0,8,7,7148316.444444444,1,1342.78275038947,14613120,43885600,1,persistent,1000.0,450.0,1450.0,150.0,146.2740466899432,1000.0,1342.7827503894703,0,1,342.78275038947027,0.0,106,16,22,107.21724961052996,0,round_censored
coarse-f16-h6-u25,persistent,16,6,0.25,102,confirmation_coarse-f16-h6-u25_s102,15,28,115410,116795,1271024161,1285666561,14642400,1,0,,1637760,16271840,16271840,16632320,-0.022153610163325108,1,1,1,1,14310400,1,1,1,1.0,1.0,262926,hold,0,8,0,0,8,0,8,5,9170007.25,1,1360.3347096556856,14642400,30072000,1,persistent,1000.0,450.0,1450.0,150.0,146.2740466899432,1000.0,1360.3347096556859,0,1,360.33470965568586,0.0,106,16,22,89.66529034431437,1,
coarse-f16-h6-u25,persistent,16,6,0.25,102,confirmation_coarse-f16-h6-u25_s102,11,38,115606,116995,1273202881,1287661120,14458239,1,0,,838560,23242559,23242559,16126719,0.30615561737414543,0,0,0,0,14126239,1,1,1,1.0,1.0,262926,hold,0,8,0,0,8,0,8,6,7496276.069767442,1,1354.7709237520419,14458239,30072000,1,persistent,1000.0,450.0,1450.0,150.0,146.2740466899432,1000.0,1354.7709237520419,0,1,354.77092375204194,0.0,106,16,22,95.22907624795812,1,
coarse-f16-h6-u25,persistent,16,6,0.25,102,confirmation_coarse-f16-h6-u25_s102,12,45,115678,117070,1273991680,1288455680,14464000,1,0,,1797280,57744959,57744959,59580959,-0.03179498317766578,1,1,1,1,14132000,1,1,1,1.0,1.0,262926,hold,0,8,0,0,8,0,8,6,16014002.181818182,1,1356.2467658673922,14464000,30072000,1,persistent,1000.0,450.0,1450.0,150.0,146.2740466899432,1000.0,1356.246765867392,0,1,356.2467658673921,0.0,106,16,22,93.75323413260776,1,
coarse-f16-h6-u25,persistent,16,6,0.25,102,confirmation_coarse-f16-h6-u25_s102,7,27,116064,118964,1278022561,1307469281,29446720,1,0,,3329280,14458400,14458400,15908321,-0.10028225806451613,1,1,1,1,28428161,2,2,2,1.0,1.0,262926,hold,1,7,1,0,20,0,8,6,9190088.038461538,1,1341.8151482535986,29446720,58195840,1,persistent,1000.0,450.0,1450.0,150.0,146.2740466899432,1000.0,1341.8151482535986,0,1,341.8151482535987,0.0,106,16,22,108.18485174640136,1,
coarse-f16-h6-u25,persistent,16,6,0.25,102,confirmation_coarse-f16-h6-u25_s102,3,32,116300,119204,1280538560,1309983840,29445280,1,0,,1177119,56106561,56106561,56752160,-0.011506657839891488,1,1,1,1,28449280,2,2,2,1.0,1.0,262926,hold,1,7,1,0,28,0,7,7,11104988.19117647,1,1338.1801089798587,29445280,44546560,1,persistent,1000.0,450.0,1450.0,150.0,146.2740466899432,1000.0,1338.1801089798587,0,1,338.1801089798587,0.0,106,16,22,111.81989102014131,1,
coarse-f16-h6-u25,persistent,16,6,0.25,102,confirmation_coarse-f16-h6-u25_s102,15,29,116795,118273,1285666561,1300165281,14498720,1,0,,1615680,16632320,16632320,12766241,0.23244376010081577,0,0,0,1,0,0,1,1,1.0,0.0,262926,hold,0,8,0,0,8,0,8,5,8448315.594594594,1,1353.4432664319313,14498720,29778560,1,persistent,1000.0,450.0,1450.0,150.0,146.2740466899432,1000.0,1353.4432664319313,0,1,353.44326643193125,0.0,106,16,22,96.5567335680687,1,
coarse-f16-h6-u25,persistent,16,6,0.25,102,confirmation_coarse-f16-h6-u25_s102,4,23,116979,119809,1287529441,1316853441,29324000,1,0,,4984000,14320160,14320160,16190720,-0.1306242388353203,1,1,1,1,28420000,2,2,2,1.0,1.0,262926,hold,0,8,0,0,8,0,8,6,14912383.412698412,1,1338.0899002097,29324000,44546560,1,persistent,1000.0,450.0,1450.0,150.0,146.2740466899432,1000.0,1338.0899002097,0,1,338.0899002097001,0.0,106,16,22,111.91009979029991,1,
coarse-f16-h6-u25,persistent,16,6,0.25,102,confirmation_coarse-f16-h6-u25_s102,11,39,116995,118468,1287661120,1302264000,14602880,1,0,,329441,16126719,16126719,14689281,0.0891339397679094,0,0,1,1,14276000,1,1,1,1.0,1.0,262926,hold,0,8,0,0,8,0,8,6,8154705.155555556,1,1353.0210156871408,14602880,29778560,1,persistent,1000.0,450.0,1450.0,150.0,146.2740466899432,1000.0,1353.0210156871408,0,1,353.02101568714073,0.0,106,16,22,96.97898431285921,1,
coarse-f16-h6-u25,persistent,16,6,0.25,102,confirmation_coarse-f16-h6-u25_s102,12,46,117070,121290,1288455680,1333055680,44600000,1,0,,2821280,59580959,59580959,50904000,0.14563308724184854,0,0,0,0,43124000,3,3,3,1.0,1.0,262926,hold,1,8,0,1,26,0,7,6,15966095.782178218,1,1337.8440658126283,44600000,73676000,1,persistent,1000.0,450.0,1450.0,150.0,146.2740466899432,1000.0,1337.8440658126285,0,1,337.8440658126285,0.0,106,16,22,112.15593418737171,1,
coarse-f16-h6-u25,persistent,16,6,0.25,102,confirmation_coarse-f16-h6-u25_s102,5,38,117083,118545,1288531840,1302967840,14436000,1,0,,5265280,49120000,49120000,56176000,-0.14364820846905538,1,1,1,1,14104000,1,1,1,1.0,1.0,262926,hold,0,8,0,0,8,0,7,5,10404456.470588235,1,1355.7031291279418,14436000,29778560,1,persistent,1000.0,450.0,1450.0,150.0,146.2740466899432,1000.0,1355.7031291279418,0,1,355.7031291279417,0.0,106,16,22,94.29687087205821,1,
coarse-f16-h6-u25,persistent,16,6,0.25,102,confirmation_coarse-f16-h6-u25_s102,14,41,117160,119995,1289316000,1318930400,29614400,1,0,,917280,15669921,15669921,13513601,0.1376088622271931,0,0,0,1,14182721,1,2,2,1.0,0.5,262926,hold,1,8,0,1,23,0,8,7,7524453.9655172415,1,1341.3493126359629,29614400,44600000,1,persistent,1000.0,450.0,1450.0,150.0,146.2740466899432,1000.0,1341.3493126359629,0,1,341.3493126359629,0.0,106,16,22,108.65068736403714,1,
coarse-f16-h6-u25,persistent,16,6,0.25,102,confirmation_coarse-f16-h6-u25_s102,6,27,117295,118745,1290644000,1305252000,14608000,1,0,,1758399,15171042,15171042,11774881,0.22385812391792206,0,0,0,1,0,0,1,1,1.0,0.0,262926,hold,0,8,0,0,8,0,8,8,7890303.244444445,1,1351.8572896462797,14608000,29924000,1,persistent,1000.0,450.0,1450.0,150.0,146.2740466899432,1000.0,1351.8572896462797,0,1,351.8572896462797,0.0,106,16,22,98.1427103537203,1,
coarse-f16-h6-u25,persistent,16,6,0.25,102,confirmation_coarse-f16-h6-u25_s102,9,40,117379,120166,1291506721,1320607840,29101119,1,0,,187840,56341440,56341440,54449280,0.033583806164698665,0,0,1,1,28437119,2,2,2,1.0,1.0,262926,hold,1,7,1,0,19,0,6,6,12322591.303030303,1,1332.422327635529,29101119,44600000,1,persistent,1000.0,450.0,1450.0,150.0,146.2740466899432,1000.0,1332.4223276355292,0,1,332.42232763552926,0.0,106,16,22,117.57767236447103,1,
coarse-f16-h6-u25,persistent,16,6,0.25,102,confirmation_coarse-f16-h6-u25_s102,2,14,117611,,1293714721,,,0,1,hold_exit_before_slot_completion,7941280,17600000,17600000,,,,,,,28632000,2,3,3,1.0,0.6666666666666666,262926,hold,0,2,0,0,2,0,8,7,13987255.98,1,1337.318444924893,44388000,60982720,1,persistent,1000.0,450.0,1450.0,150.0,146.2740466899432,1000.0,1337.3184449248931,0,1,337.31844492489313,0.0,106,16,22,112.6815550751071,0,round_censored
coarse-f16-h6-u25,persistent,16,6,0.25,102,confirmation_coarse-f16-h6-u25_s102,10,16,118086,119491,1298358720,1313298720,14940000,1,0,,1328000,15046559,15046559,15758879,-0.04734105651664278,1,1,1,1,14276000,1,1,1,1.0,1.0,262926,hold,0,8,0,0,8,0,8,6,7758963.815789473,1,1332.4092969811045,14940000,29924000,1,persistent,1000.0,450.0,1450.0,150.0,146.2740466899432,1000.0,1332.4092969811045,0,1,332.4092969811045,0.0,106,16,22,117.59070301889551,1,
coarse-f16-h6-u25,persistent,16,6,0.25,102,confirmation_coarse-f16-h6-u25_s102,11,40,118468,119812,1302264000,1316872000,14608000,1,0,,2749279,14689281,14689281,12289120,0.1633954037641461,0,0,0,1,0,0,1,1,1.0,0.0,262926,hold,0,8,0,0,8,0,8,6,6773272.071428572,1,1322.6450351608928,14608000,29924000,1,persistent,1000.0,450.0,1450.0,150.0,146.2740466899432,1000.0,1322.6450351608926,0,1,322.64503516089263,0.0,106,16,22,127.3549648391072,1,
coarse-f16-h6-u25,persistent,16,6,0.25,102,confirmation_coarse-f16-h6-u25_s102,13,17,118538,119862,1302946881,1317418881,14472000,1,0,,1457280,22720000,22720000,22508000,0.009330985915492957,0,1,1,1,14140000,1,1,1,1.0,1.0,262926,hold,0,8,0,0,8,0,8,7,14540579.45945946,1,1333.1833193252708,14472000,29924000,1,persistent,1000.0,450.0,1450.0,150.0,146.2740466899432,1000.0,1333.1833193252705,0,1,333.1833193252706,0.0,106,16,22,116.81668067472924,1,
coarse-f16-h6-u25,persistent,16,6,0.25,102,confirmation_coarse-f16-h6-u25_s102,5,39,118545,122614,1302967840,1347043840,44076000,1,0,,2525280,56176000,56176000,50384000,0.10310452862432355,0,0,0,0,42720000,3,3,3,1.0,1.0,262926,hold,1,8,0,1,21,0,8,6,16324471.489361702,1,1339.0112001738885,44076000,61756000,1,persistent,1000.0,450.0,1450.0,150.0,146.2740466899432,1000.0,1339.0112001738883,0,1,339.0112001738883,0.0,106,16,22,110.98879982611152,1,
coarse-f16-h6-u25,persistent,16,6,0.25,102,confirmation_coarse-f16-h6-u25_s102,1,35,118827,120190,1306100001,1320868001,14768000,1,0,,1771840,21604000,21604000,20644000,0.04443621551564525,0,1,1,1,14076000,1,1,1,1.0,1.0,262926,hold,0,8,0,0,8,0,8,7,15787597.714285715,1,1316.3343225788694,14768000,43627840,1,persistent,1000.0,450.0,1450.0,150.0,146.2740466899432,1000.0,1316.3343225788694,0,1,316.33432257886943,0.0,106,16,22,133.66567742113057,1,
coarse-f16-h6-u25,persistent,16,6,0.25,102,confirmation_coarse-f16-h6-u25_s102,16,30,118863,121491,1306393441,1335356161,28962720,1,0,,1912160,14608000,14608000,22986720,-0.5735706462212486,1,1,1,1,28298720,2,2,2,1.0,1.0,262926,hold,1,8,0,1,28,0,7,7,7198865.116279069,1,1322.996090505775,28962720,46484000,1,persistent,1000.0,450.0,1450.0,150.0,146.2740466899432,1000.0,1322.996090505775,0,1,322.99609050577516,0.0,106,16,22,127.0039094942249,1,
coarse-f16-h6-u25,persistent,16,6,0.25,102,confirmation_coarse-f16-h6-u25_s102,7,28,118964,,1307469281,,,0,1,hold_exit_before_slot_completion,1997439,15908321,15908321,,,,,,,0,0,1,1,1.0,0.0,262926,hold,0,0,0,0,0,0,8,6,11530459.228571428,1,1309.2901106926502,14682880,29884000,1,persistent,1000.0,450.0,1450.0,150.0,146.2740466899432,1000.0,1309.2901106926502,0,1,309.29011069265016,0.0,106,16,22,140.70988930734984,0,round_censored
coarse-f16-h6-u25,persistent,16,6,0.25,102,confirmation_coarse-f16-h6-u25_s102,3,33,119204,120527,1309983840,1324591840,14608000,1,0,,60000,56752160,56752160,51961441,0.0844147429807077,0,0,0,0,14276000,1,1,1,1.0,1.0,262926,hold,0,8,0,0,8,0,8,8,13732676.76923077,1,1320.4360338295921,14608000,29884000,1,persistent,1000.0,450.0,1450.0,150.0,146.2740466899432,1000.0,1320.4360338295921,0,1,320.43603382959213,0.0,106,16,22,129.56396617040787,1,
coarse-f16-h6-u25,persistent,16,6,0.25,102,confirmation_coarse-f16-h6-u25_s102,10,17,119491,,1313298720,,,0,1,hold_exit_before_slot_completion,1254400,15758879,15758879,,,,,,,14270880,1,2,2,1.0,0.5,262926,hold,1,7,0,0,9,0,8,6,10341766.775510205,1,1333.3570053133403,30716001,46484000,1,persistent,1000.0,450.0,1450.0,150.0,146.2740466899432,1000.0,1333.3570053133406,0,1,333.3570053133405,0.0,106,16,22,116.64299468665968,0,round_censored
coarse-f16-h6-u25,persistent,16,6,0.25,102,confirmation_coarse-f16-h6-u25_s102,4,24,119809,,1316853441,,,0,1,hold_exit_before_slot_completion,6010559,16190720,16190720,,,,,,,0,0,1,1,1.0,0.0,262926,hold,0,0,0,0,0,0,8,6,16575301.818181818,1,1320.696593483597,14584000,31801120,1,persistent,1000.0,450.0,1450.0,150.0,146.2740466899432,1000.0,1320.696593483597,0,1,320.69659348359716,0.0,106,16,22,129.3034065164029,0,round_censored
coarse-f16-h6-u25,persistent,16,6,0.25,102,confirmation_coarse-f16-h6-u25_s102,13,18,119862,122622,1317418881,1347086561,29667680,1,0,,2444000,22508000,22508000,20542720,0.0873147325395415,0,0,1,1,28523680,2,2,2,1.0,1.0,262926,hold,1,8,0,1,26,0,8,7,13225212.06849315,1,1340.3636987606499,29667680,58844000,1,persistent,1000.0,450.0,1450.0,150.0,146.2740466899432,1000.0,1340.36369876065,0,1,340.36369876065015,0.0,106,16,22,109.63630123935013,1,
coarse-f16-h6-u25,persistent,16,6,0.25,102,confirmation_coarse-f16-h6-u25_s102,9,41,120166,122910,1320607840,1349965281,29357441,1,0,,144000,54449280,54449280,50906400,0.06506752706371875,0,0,0,1,28361441,2,2,2,1.0,1.0,262926,hold,1,7,1,0,19,0,7,6,13758206.968253968,1,1344.7097403878092,29357441,58178720,1,persistent,1000.0,450.0,1450.0,150.0,146.2740466899432,1000.0,1344.7097403878092,0,1,344.7097403878092,0.0,106,16,22,105.29025961219077,1,
coarse-f16-h6-u25,persistent,16,6,0.25,102,confirmation_coarse-f16-h6-u25_s102,1,36,120190,,1320868001,,,0,1,hold_exit_before_slot_completion,3965280,20644000,20644000,,,,,,,14076000,1,2,2,1.0,0.5,262926,hold,1,7,0,1,11,0,8,7,13844432.0,1,1349.5053056582037,29508000,47073120,1,persistent,1000.0,450.0,1450.0,150.0,146.2740466899432,1000.0,1349.505305658204,0,1,349.50530565820395,0.0,106,16,22,100.49469434179628,0,round_censored
coarse-f16-h6-u25,persistent,16,6,0.25,102,confirmation_coarse-f16-h6-u25_s102,3,34,120527,123325,1324591840,1354242560,29650720,1,0,,1013119,51961441,51961441,49615839,0.04514120383997819,0,0,0,1,28986720,2,2,2,1.0,1.0,262926,hold,1,7,1,0,29,0,7,7,12547781.236842105,1,1354.1943230097647,29650720,47073120,1,persistent,1000.0,450.0,1450.0,150.0,146.2740466899432,1000.0,1354.194323009765,0,1,354.19432300976496,0.0,106,16,22,95.80567699023527,1,
coarse-f16-h6-u25,persistent,16,6,0.25,102,confirmation_coarse-f16-h6-u25_s102,15,30,121001,124093,1330049281,1361921281,31872000,1,0,,6229280,14865120,14865120,16078561,-0.08163008438546072,1,1,1,1,30880000,2,2,2,1.0,1.0,262926,hold,0,8,0,0,8,0,8,5,12207773.101265823,1,1352.3620351897932,31872000,59080000,1,persistent,1000.0,450.0,1450.0,150.0,146.2740466899432,1000.0,1352.3620351897935,0,1,352.36203518979346,0.0,106,16,22,97.63796481020677,1,
coarse-f16-h6-u25,persistent,16,6,0.25,102,confirmation_coarse-f16-h6-u25_s102,12,47,121290,124102,1333055680,1361955680,28900000,1,0,,3841280,50904000,50904000,40016000,0.2138928178532139,0,0,0,0,28236000,2,2,2,1.0,1.0,262926,hold,1,7,1,0,35,0,7,6,11638433.93939394,1,1351.8377568887713,28900000,46476000,1,persistent,1000.0,450.0,1450.0,150.0,146.2740466899432,1000.0,1351.8377568887713,0,1,351.8377568887713,0.0,106,16,22,98.16224311122869,1,
coarse-f16-h6-u25,persistent,16,6,0.25,102,confirmation_coarse-f16-h6-u25_s102,14,42,121326,,1333469441,,,0,1,hold_exit_before_slot_completion,1514880,15399680,15399680,,,,,,,0,0,1,1,1.0,0.0,262926,hold,1,7,0,0,16,0,8,7,8318176.777777778,1,1354.522369499751,15277120,31872000,1,persistent,1000.0,450.0,1450.0,150.0,146.2740466899432,1000.0,1354.522369499751,0,1,354.522369499751,0.0,106,16,22,95.477630500249,0,round_censored
coarse-f16-h6-u25,persistent,16,6,0.25,102,confirmation_coarse-f16-h6-u25_s102,16,31,121491,122907,1335356161,1349964161,14608000,1,0,,584160,22986720,22986720,20661600,0.10115057737685064,0,0,0,1,14276000,1,1,1,1.0,1.0,262926,hold,0,8,0,0,8,0,8,8,7002158.222222222,1,1357.86876449789,14608000,31872000,1,persistent,1000.0,450.0,1450.0,150.0,146.2740466899432,1000.0,1357.86876449789,0,1,357.8687644978901,0.0,106,16,22,92.13123550211003,1,
coarse-f16-h6-u25,persistent,16,6,0.25,102,confirmation_coarse-f16-h6-u25_s102,7,29,121627,123040,1336760161,1351293281,14533120,1,0,,5233280,17928000,17928000,18154401,-0.01262834672021419,1,1,1,1,14201120,1,1,1,1.0,1.0,262926,hold,0,8,0,0,8,0,8,6,9351982.090909092,1,1365.3742202475105,14533120,31872000,1,persistent,1000.0,450.0,1450.0,150.0,146.2740466899432,1000.0,1365.3742202475105,0,1,365.37422024751055,0.0,106,16,22,84.6257797524895,1,
coarse-f16-h6-u25,persistent,16,6,0.25,102,confirmation_coarse-f16-h6-u25_s102,4,25,122528,,1346113441,,,0,1,hold_exit_before_slot_completion,7341280,17748000,17748000,,,,,,,0,0,1,1,1.0,0.0,262926,hold,0,3,0,0,3,0,8,6,14563750.588235294,1,1369.0484168309872,14796000,31872000,1,persistent,1000.0,450.0,1450.0,150.0,146.2740466899432,1000.0,1369.0484168309872,0,1,369.04841683098726,0.0,106,16,22,80.95158316901279,0,round_censored
coarse-f16-h6-u25,persistent,16,6,0.25,102,confirmation_coarse-f16-h6-u25_s102,5,40,122614,124079,1347043840,1361811840,14768000,1,0,,3817280,50384000,50384000,48900000,0.029453794855509686,0,0,1,1,14316000,1,1,1,1.0,1.0,262926,hold,0,8,0,0,8,0,7,5,13985033.142857144,1,1373.594018795979,14768000,44368000,1,persistent,1000.0,450.0,1450.0,150.0,146.2740466899432,1000.0,1373.5940187959793,0,1,373.59401879597937,0.0,106,16,22,76.40598120402092,1,
coarse-f16-h6-u25,persistent,16,6,0.25,102,confirmation_coarse-f16-h6-u25_s102,13,19,122622,,1347086561,,,0,1,hold_exit_before_slot_completion,6297280,20542720,20542720,,,,,,,0,0,1,1,1.0,0.0,262926,hold,1,7,0,0,9,0,8,7,11707351.35135135,1,1377.700721751673,14588320,30212000,1,persistent,1000.0,450.0,1450.0,150.0,146.2740466899432,1000.0,1377.700721751673,0,1,377.7007217516729,0.0,106,16,22,72.29927824832703,0,round_censored
coarse-f16-h6-u25,persistent,16,6,0.25,102,confirmation_coarse-f16-h6-u25_s102,16,32,122907,124336,1349964161,1364572161,14608000,1,0,,1249280,20661600,20661600,15604000,0.2447825918612305,0,0,0,0,14276000,1,1,1,1.0,1.0,262926,hold,0,8,0,0,8,0,8,8,7129454.222222222,1,1362.0011465674045,14608000,30212000,1,persistent,1000.0,450.0,1450.0,150.0,146.2740466899432,1000.0,1362.0011465674045,0,1,362.0011465674044,0.0,106,16,22,87.99885343259552,1,
coarse-f16-h6-u25,persistent,16,6,0.25,102,confirmation_coarse-f16-h6-u25_s102,9,42,122910,124342,1349965281,1364581601,14616320,1,0,,585280,50906400,50906400,52274400,-0.026872848993446795,1,1,1,1,14284320,1,1,1,1.0,1.0,262926,hold,0,8,0,0,8,0,7,6,19129595.722222224,1,1365.9623201709805,14616320,30212000,1,persistent,1000.0,450.0,1450.0,150.0,146.2740466899432,1000.0,1365.9623201709805,0,1,365.96232017098055,0.0,106,16,22,84.03767982901945,1,
coarse-f16-h6-u25,persistent,16,6,0.25,102,confirmation_coarse-f16-h6-u25_s102,8,33,123014,124431,1350986721,1365594721,14608000,1,0,,917280,16600000,16600000,10292000,0.38,0,0,0,0,0,0,1,1,1.0,0.0,262926,hold,0,8,0,0,8,0,8,7,6885902.222222222,1,1361.334777700135,14608000,30212000,1,persistent,1000.0,450.0,1450.0,150.0,146.2740466899432,1000.0,1361.334777700135,0,1,361.334777700135,0.0,106,16,22,88.66522229986504,1,
coarse-f16-h6-u25,persistent,16,6,0.25,102,confirmation_coarse-f16-h6-u25_s102,7,30,123040,124472,1351293281,1365976161,14682880,1,0,,915040,18154401,18154401,15491201,0.14669721132633348,0,0,0,1,14347361,1,1,1,1.0,1.0,262926,hold,0,8,0,0,8,0,8,6,8017927.697674419,1,1359.7116133568504,14682880,30212000,1,persistent,1000.0,450.0,1450.0,150.0,146.2740466899432,1000.0,1359.7116133568504,0,1,359.71161335685036,0.0,106,16,22,90.28838664314958,1,
coarse-f16-h6-u25,persistent,16,6,0.25,102,confirmation_coarse-f16-h6-u25_s102,3,35,123325,126077,1354242560,1383434560,29192000,1,0,,2257441,49615839,49615839,48453120,0.023434431895830683,0,0,1,1,28528000,2,2,2,1.0,1.0,262926,hold,1,7,1,0,37,0,6,6,10379408.51898734,1,1359.2280667318764,29192000,44653119,1,persistent,1000.0,450.0,1450.0,150.0,146.2740466899432,1000.0,1359.2280667318762,0,1,359.2280667318763,0.0,106,16,22,90.77193326812358,1,
coarse-f16-h6-u25,persistent,16,6,0.25,102,confirmation_coarse-f16-h6-u25_s102,11,41,123946,126645,1360366561,1389402881,29036320,1,0,,258400,19580321,19580321,17922880,0.08464830581684539,0,0,1,1,28372320,2,2,2,1.0,1.0,262926,hold,1,7,1,0,11,0,8,6,9452724.91566265,1,1362.5698295363861,29036320,44820000,1,persistent,1000.0,450.0,1450.0,150.0,146.2740466899432,1000.0,1362.5698295363861,0,1,362.5698295363861,0.0,106,16,22,87.43017046361388,1,
coarse-f16-h6-u25,persistent,16,6,0.25,102,confirmation_coarse-f16-h6-u25_s102,5,41,124079,126846,1361811840,1391490560,29678720,1,0,,4601280,48900000,48900000,44360000,0.09284253578732106,0,0,0,0,28894720,2,2,2,1.0,1.0,262926,hold,1,7,1,0,12,0,8,6,12291558.742424242,1,1360.5663901133623,29678720,59756000,1,persistent,1000.0,450.0,1450.0,150.0,146.2740466899432,1000.0,1360.566390113362,0,1,360.5663901133621,0.0,106,16,22,89.43360988663767,1,
coarse-f16-h6-u25,persistent,16,6,0.25,102,confirmation_coarse-f16-h6-u25_s102,15,31,124093,,1361921281,,,0,1,hold_exit_before_slot_completion,1253280,16078561,16078561,,,,,,,0,0,1,1,1.0,0.0,262926,hold,0,3,0,0,3,0,8,5,10834321.897435898,1,1348.4630774275236,14604000,43864000,1,persistent,1000.0,450.0,1450.0,150.0,146.2740466899432,1000.0,1348.4630774275236,0,1,348.4630774275236,0.0,106,16,22,101.53692257247644,0,round_censored
coarse-f16-h6-u25,persistent,16,6,0.25,102,confirmation_coarse-f16-h6-u25_s102,12,48,124102,128340,1361955680,1406067680,44112000,1,0,,6325280,40016000,40016000,50920000,-0.2724910035985606,1,1,1,1,42756000,3,3,3,1.0,1.0,262926,hold,0,8,0,0,8,0,7,6,15914632.597938145,1,1358.8553978944424,44112000,59837440,1,persistent,1000.0,450.0,1450.0,150.0,146.2740466899432,1000.0,1358.8553978944424,0,1,358.85539789444243,0.0,106,16,22,91.14460210555762,1,
coarse-f16-h6-u25,persistent,16,6,0.25,102,confirmation_coarse-f16-h6-u25_s102,6,28,124237,125573,1363506881,1378114881,14608000,1,0,,1736161,15272000,15272000,17086881,-0.11883715295966475,1,1,1,1,14276000,1,1,1,1.0,1.0,262926,hold,0,8,0,0,8,0,8,8,8266352.818181818,1,1352.0897180652414,14608000,43824000,1,persistent,1000.0,450.0,1450.0,150.0,146.2740466899432,1000.0,1352.0897180652412,0,1,352.08971806524124,0.0,106,16,22,97.91028193475859,1,
coarse-f16-h6-u25,persistent,16,6,0.25,102,confirmation_coarse-f16-h6-u25_s102,14,43,124242,125562,1363522400,1377962561,14440161,1,0,,1085119,16779680,16779680,14943678,0.10941817722388031,0,0,1,1,14108161,1,1,1,1.0,1.0,262926,hold,0,8,0,0,8,0,8,7,9962087.85,1,1350.847217438627,14440161,30045119,1,persistent,1000.0,450.0,1450.0,150.0,146.2740466899432,1000.0,1350.847217438627,0,1,350.8472174386271,0.0,106,16,22,99.15278256137299,1,
coarse-f16-h6-u25,persistent,16,6,0.25,102,confirmation_coarse-f16-h6-u25_s102,16,33,124336,125663,1364572161,1379180161,14608000,1,0,,917280,15604000,15604000,18260000,-0.1702127659574468,1,1,1,1,14276000,1,1,1,1.0,1.0,262926,hold,0,8,0,0,8,0,8,8,7092480.0,1,1351.7216559805756,14608000,30045119,1,persistent,1000.0,450.0,1450.0,150.0,146.2740466899432,1000.0,1351.7216559805759,0,1,351.72165598057586,0.0,106,16,22,98.27834401942437,1,
coarse-f16-h6-u25,persistent,16,6,0.25,102,confirmation_coarse-f16-h6-u25_s102,9,43,124342,127156,1364581601,1394477120,29895519,1,0,,169440,52274400,52274400,49230239,0.05823425998194145,0,0,0,1,28377601,2,2,2,1.0,1.0,262926,hold,1,7,1,0,21,0,7,6,11884823.426470589,1,1364.4275302827764,29895519,58400000,1,persistent,1000.0,450.0,1450.0,150.0,146.2740466899432,1000.0,1364.4275302827762,0,1,364.4275302827763,0.0,106,16,22,85.57246971722361,1,
coarse-f16-h6-u25,persistent,16,6,0.25,102,confirmation_coarse-f16-h6-u25_s102,7,31,124472,,1365976161,,,0,1,hold_exit_before_slot_completion,917280,15491201,15491201,,,,,,,0,0,1,1,1.0,0.0,262926,hold,1,7,0,0,8,0,8,6,8427286.025641026,1,1346.433442537446,14386559,30045119,1,persistent,1000.0,450.0,1450.0,150.0,146.2740466899432,1000.0,1346.4334425374461,0,1,346.43344253744607,0.0,106,16,22,103.5665574625541,0,round_censored
coarse-f16-h6-u25,persistent,16,6,0.25,102,confirmation_coarse-f16-h6-u25_s102,2,15,124638,,1367730721,,,0,1,hold_exit_before_slot_completion,6565280,14252000,14252000,,,,,,,28928000,2,3,3,1.0,0.6666666666666666,262926,hold,0,7,0,0,7,0,8,7,14019573.352941176,1,1352.4461451820307,44092000,59809601,1,persistent,1000.0,450.0,1450.0,150.0,146.2740466899432,1000.0,1352.446145182031,0,1,352.4461451820309,0.0,106,16,22,97.5538548179693,0,round_censored
coarse-f16-h6-u25,persistent,16,6,0.25,102,confirmation_coarse-f16-h6-u25_s102,14,44,125562,128429,1377962561,1406998881,29036320,1,0,,3737441,14943678,14943678,17043841,-0.14053856085496488,1,1,1,1,28372320,2,2,2,1.0,1.0,262926,hold,1,8,0,1,23,0,8,7,8047366.011627907,1,1362.0352325386375,29036320,45221120,1,persistent,1000.0,450.0,1450.0,150.0,146.2740466899432,1000.0,1362.0352325386377,0,1,362.0352325386376,0.0,106,16,22,87.9647674613625,1,
coarse-f16-h6-u25,persistent,16,6,0.25,102,confirmation_coarse-f16-h6-u25_s102,6,29,125573,126967,1378114881,1392651840,14536959,1,0,,1913280,17086881,17086881,13938880,0.18423496950672272,0,0,0,1,0,0,1,1,1.0,0.0,262926,hold,0,8,0,0,8,0,8,8,7932386.341463415,1,1369.3213373443416,14536959,30286881,1,persistent,1000.0,450.0,1450.0,150.0,146.2740466899432,1000.0,1369.3213373443416,0,1,369.3213373443417,0.0,106,16,22,80.6786626556584,1,
coarse-f16-h6-u25,persistent,16,6,0.25,102,confirmation_coarse-f16-h6-u25_s102,16,34,125663,127085,1379180161,1393788161,14608000,1,0,,1913280,18260000,18260000,18263840,-0.00021029572836801753,1,1,1,1,14276000,1,1,1,1.0,1.0,262926,hold,0,8,0,0,8,0,8,8,7466396.422222222,1,1373.6551971446206,14608000,30286881,1,persistent,1000.0,450.0,1450.0,150.0,146.2740466899432,1000.0,1373.6551971446206,0,1,373.65519714462073,0.0,106,16,22,76.34480285537938,1,
coarse-f16-h6-u25,persistent,16,6,0.25,102,confirmation_coarse-f16-h6-u25_s102,3,36,126077,127513,1383434560,1398021441,14586881,1,0,,2572160,48453120,48453120,49157119,-0.014529487471601417,1,1,1,1,14254881,1,1,1,1.0,1.0,262926,hold,0,8,0,0,8,0,8,8,12274171.666666666,1,1369.7778121220113,14586881,30286881,1,persistent,1000.0,450.0,1450.0,150.0,146.2740466899432,1000.0,1369.7778121220113,0,1,369.77781212201114,0.0,106,16,22,80.22218787798874,1,
coarse-f16-h6-u25,persistent,16,6,0.25,102,confirmation_coarse-f16-h6-u25_s102,11,42,126645,128130,1389402881,1404010881,14608000,1,0,,1581280,17922880,17922880,15751200,0.12116802656715885,0,0,0,1,14276000,1,1,1,1.0,1.0,262926,hold,0,8,0,0,8,0,8,6,8612074.024390243,1,1365.2524900104233,14608000,30286881,1,persistent,1000.0,450.0,1450.0,150.0,146.2740466899432,1000.0,1365.2524900104233,0,1,365.2524900104234,0.0,106,16,22,84.74750998957666,1,
coarse-f16-h6-u25,persistent,16,6,0.25,102,confirmation_coarse-f16-h6-u25_s102,4,26,126714,129568,1390105441,1419378721,29273280,1,0,,9749280,15700000,15700000,20700000,-0.3184713375796178,1,1,1,1,28489280,2,2,2,1.0,1.0,262926,hold,0,8,0,0,8,0,7,6,13979103.045454545,1,1346.8129319112795,29273280,45166881,1,persistent,1000.0,450.0,1450.0,150.0,146.2740466899432,1000.0,1346.8129319112797,0,1,346.8129319112797,0.0,106,16,22,103.18706808872048,1,
coarse-f16-h6-u25,persistent,16,6,0.25,102,confirmation_coarse-f16-h6-u25_s102,13,20,126806,129672,1391110881,1420398881,29288000,1,0,,9785280,14704000,14704000,22564000,-0.5345484221980413,1,1,1,1,28504000,2,2,2,1.0,1.0,262926,hold,0,8,0,0,8,0,8,7,14671556.923076924,1,1348.234490463655,29288000,45166881,1,persistent,1000.0,450.0,1450.0,150.0,146.2740466899432,1000.0,1348.2344904636552,0,1,348.23449046365516,0.0,106,16,22,101.76550953634501,1,
coarse-f16-h6-u25,persistent,16,6,0.25,102,confirmation_coarse-f16-h6-u25_s102,5,42,126846,128413,1391490560,1406741441,15250881,1,0,,5712000,44360000,44360000,52922720,-0.19302795311091073,1,1,1,1,14678881,1,1,1,1.0,1.0,262926,hold,0,8,0,0,8,0,7,6,15983343.894736841,1,1372.0501891917218,15250881,29949120,1,persistent,1000.0,450.0,1450.0,150.0,146.2740466899432,1000.0,1372.0501891917215,0,1,372.05018919172164,0.0,106,16,22,77.94981080827824,1,
coarse-f16-h6-u25,persistent,16,6,0.25,102,confirmation_coarse-f16-h6-u25_s102,16,35,127085,,1393788161,,,0,1,hold_exit_before_slot_completion,3237440,18263840,18263840,,,,,,,0,0,1,1,1.0,0.0,262926,hold,1,7,0,0,25,0,7,7,7014666.911111111,1,1359.8981371836403,14608000,30130881,1,persistent,1000.0,450.0,1450.0,150.0,146.2740466899432,1000.0,1359.8981371836403,0,1,359.8981371836403,0.0,106,16,22,90.1018628163597,0,round_censored
coarse-f16-h6-u25,persistent,16,6,0.25,102,confirmation_coarse-f16-h6-u25_s102,1,37,127136,129924,1394284001,1423204001,28920000,1,0,,8669280,14528000,14528000,19980000,-0.37527533039647576,1,1,1,1,28256000,2,2,2,1.0,1.0,262926,hold,0,8,0,0,8,0,8,7,14944755.44262295,1,1351.808685342152,28920000,44834881,1,persistent,1000.0,450.0,1450.0,150.0,146.2740466899432,1000.0,1351.808685342152,0,1,351.80868534215205,0.0,106,16,22,98.1913146578479,1,
coarse-f16-h6-u25,persistent,16,6,0.25,102,confirmation_coarse-f16-h6-u25_s102,9,44,127156,130037,1394477120,1424354721,29877601,1,0,,324321,49230239,49230239,48148320,0.021976716383603174,0,0,1,1,29213601,2,2,2,1.0,1.0,262926,hold,1,7,1,0,17,0,8,6,14464664.527777778,1,1355.015470305835,29877601,58321441,1,persistent,1000.0,450.0,1450.0,150.0,146.2740466899432,1000.0,1355.015470305835,0,1,355.0154703058349,0.0,106,16,22,94.98452969416508,1,
coarse-f16-h6-u25,persistent,16,6,0.25,102,confirmation_coarse-f16-h6-u25_s102,8,34,127191,128654,1394810721,1409322881,14512160,1,0,,2577280,17596000,17596000,11209280,0.3629643100704706,0,0,0,0,0,0,1,1,1.0,0.0,262926,hold,0,8,0,0,8,0,8,7,6970232.195121951,1,1341.7367366837307,14512160,30130881,1,persistent,1000.0,450.0,1450.0,150.0,146.2740466899432,1000.0,1341.7367366837307,0,1,341.7367366837306,0.0,106,16,22,108.26326331626933,1,
coarse-f16-h6-u25,persistent,16,6,0.25,102,confirmation_coarse-f16-h6-u25_s102,3,37,127513,130268,1398021441,1426950560,28929119,1,0,,232161,49157119,49157119,42372161,0.13802594899835363,0,0,0,0,28265119,2,2,2,1.0,1.0,262926,hold,1,8,0,1,32,0,7,7,9008171.169014085,1,1348.5106821823572,28929119,44834881,1,persistent,1000.0,450.0,1450.0,150.0,146.2740466899432,1000.0,1348.5106821823574,0,1,348.5106821823573,0.0,106,16,22,101.48931781764281,1,
coarse-f16-h6-u25,persistent,16,6,0.25,102,confirmation_coarse-f16-h6-u25_s102,11,43,128130,129508,1404010881,1418684161,14673280,1,0,,1581280,15751200,15751200,11435200,0.2740108690131546,0,0,0,0,0,0,1,1,1.0,0.0,262926,hold,0,8,0,0,8,0,8,6,8325824.571428572,1,1340.7131438824133,14673280,30130881,1,persistent,1000.0,450.0,1450.0,150.0,146.2740466899432,1000.0,1340.7131438824133,0,1,340.7131438824133,0.0,106,16,22,109.2868561175867,1,
coarse-f16-h6-u25,persistent,16,6,0.25,102,confirmation_coarse-f16-h6-u25_s102,12,49,128340,131087,1406067680,1435539680,29472000,1,0,,2101280,50920000,50920000,44148000,0.13299293008641005,0,0,0,0,28448000,2,2,2,1.0,1.0,262926,hold,1,7,1,0,14,0,7,5,13426204.134328358,1,1347.6024327817072,29472000,44834881,1,persistent,1000.0,450.0,1450.0,150.0,146.2740466899432,1000.0,1347.6024327817074,0,1,347.6024327817074,0.0,106,16,22,102.3975672182928,1,
coarse-f16-h6-u25,persistent,16,6,0.25,102,confirmation_coarse-f16-h6-u25_s102,15,32,128375,131140,1406405281,1436028161,29622880,1,0,,3237280,14425441,14425441,11952000,0.17146380481539525,0,0,0,1,14346880,1,2,2,1.0,0.5,262926,hold,1,7,1,0,22,0,8,5,9967516.24691358,1,1350.0755114470921,29622880,44834881,1,persistent,1000.0,450.0,1450.0,150.0,146.2740466899432,1000.0,1350.0755114470924,0,1,350.07551144709237,0.0,106,16,22,99.92448855290786,1,
coarse-f16-h6-u25,persistent,16,6,0.25,102,confirmation_coarse-f16-h6-u25_s102,5,43,128413,131171,1406741441,1436325441,29584000,1,0,,76161,52922720,52922720,41553601,0.2148249182959606,0,0,0,0,28800000,2,2,2,1.0,1.0,262926,hold,1,8,0,1,18,0,8,6,13367027.714285715,1,1342.4377835473845,29584000,58171041,1,persistent,1000.0,450.0,1450.0,150.0,146.2740466899432,1000.0,1342.4377835473847,0,1,342.43778354738464,0.0,106,16,22,107.56221645261553,1,
coarse-f16-h6-u25,persistent,16,6,0.25,102,confirmation_coarse-f16-h6-u25_s102,14,45,128429,129777,1406998881,1421614560,14615679,1,0,,637600,17043841,17043841,13659200,0.19858440359775711,0,0,0,1,0,0,1,1,1.0,0.0,262926,hold,0,8,0,0,8,0,8,7,8100194.19047619,1,1330.0679286418267,14615679,29877601,1,persistent,1000.0,450.0,1450.0,150.0,146.2740466899432,1000.0,1330.0679286418267,0,1,330.0679286418266,0.0,106,16,22,119.93207135817329,1,
coarse-f16-h6-u25,persistent,16,6,0.25,102,confirmation_coarse-f16-h6-u25_s102,4,27,129568,,1419378721,,,0,1,hold_exit_before_slot_completion,3937280,20700000,20700000,,,,,,,14104000,1,2,2,1.0,0.5,262926,hold,0,0,0,0,0,0,8,6,14370678.260869564,1,1341.9037105483544,29296000,44488000,1,persistent,1000.0,450.0,1450.0,150.0,146.2740466899432,1000.0,1341.9037105483544,0,1,341.9037105483544,0.0,106,16,22,108.09628945164559,0,round_censored
coarse-f16-h6-u25,persistent,16,6,0.25,102,confirmation_coarse-f16-h6-u25_s102,13,21,129672,133890,1420398881,1464674881,44276000,1,0,,3245280,22564000,22564000,17390880,0.22926431483779472,0,0,0,0,43040000,3,3,3,1.0,1.0,262926,hold,0,8,0,0,8,0,8,7,14030252.307692308,1,1341.7523436675162,44276000,59428000,1,persistent,1000.0,450.0,1450.0,150.0,146.2740466899432,1000.0,1341.7523436675165,0,1,341.75234366751636,0.0,106,16,22,108.24765633248376,1,
coarse-f16-h6-u25,persistent,16,6,0.25,102,confirmation_coarse-f16-h6-u25_s102,6,30,129798,131165,1421702721,1436310721,14608000,1,0,,83041,16035198,16035198,16278240,-0.015156781974254387,1,1,1,1,14276000,1,1,1,1.0,1.0,262926,hold,0,8,0,0,8,0,8,8,9520576.91111111,1,1355.2092474995648,14608000,29805120,1,persistent,1000.0,450.0,1450.0,150.0,146.2740466899432,1000.0,1355.2092474995645,0,1,355.20924749956464,0.0,106,16,22,94.79075250043525,1,
coarse-f16-h6-u25,persistent,16,6,0.25,102,confirmation_coarse-f16-h6-u25_s102,1,38,129924,131368,1423204001,1438307841,15103840,1,0,,3661280,19980000,19980000,20460000,-0.024024024024024024,1,1,1,1,14651840,1,1,1,1.0,1.0,262926,hold,0,8,0,0,8,0,8,7,15202475.583333334,1,1362.1994068737959,15103840,29805120,1,persistent,1000.0,450.0,1450.0,150.0,146.2740466899432,1000.0,1362.1994068737959,0,1,362.19940687379597,0.0,106,16,22,87.80059312620415,1,
coarse-f16-h6-u25,persistent,16,6,0.25,102,confirmation_coarse-f16-h6-u25_s102,7,32,130005,131415,1424001281,1438684161,14682880,1,0,,3055841,14054559,14054559,12948000,0.07873310005671469,0,0,1,1,0,0,1,1,1.0,0.0,262926,hold,0,8,0,0,8,0,8,6,8980436.225,1,1356.3666078956153,14682880,29805120,1,persistent,1000.0,450.0,1450.0,150.0,146.2740466899432,1000.0,1356.366607895615,0,1,356.36660789561506,0.0,106,16,22,93.63339210438471,1,
coarse-f16-h6-u25,persistent,16,6,0.25,102,confirmation_coarse-f16-h6-u25_s102,9,45,130037,131458,1424354721,1439126400,14771679,1,0,,766400,48148320,48148320,47800798,0.007217738853609015,0,1,1,1,14024959,1,1,1,1.0,1.0,262926,hold,0,8,0,0,8,0,8,6,12345014.815789474,1,1358.4725487147894,14771679,29805120,1,persistent,1000.0,450.0,1450.0,150.0,146.2740466899432,1000.0,1358.4725487147894,0,1,358.4725487147894,0.0,106,16,22,91.52745128521065,1,
coarse-f16-h6-u25,persistent,16,6,0.25,102,confirmation_coarse-f16-h6-u25_s102,3,38,130268,131683,1426950560,1441558560,14608000,1,0,,2369119,42372161,42372161,39918720,0.057902191960424204,0,0,0,1,14276000,1,1,1,1.0,1.0,262926,hold,0,8,0,0,8,0,7,7,13845617.18918919,1,1356.9575479433752,14608000,29805120,1,persistent,1000.0,450.0,1450.0,150.0,146.2740466899432,1000.0,1356.957547943375,0,1,356.957547943375,0.0,106,16,22,93.04245205662482,1,
coarse-f16-h6-u25,persistent,16,6,0.25,102,confirmation_coarse-f16-h6-u25_s102,12,50,131087,132500,1435539680,1450159680,14620000,1,0,,1253280,44148000,44148000,46500000,-0.05327534656156564,1,1,1,1,14288000,1,1,1,1.0,1.0,262926,hold,0,8,0,0,8,0,8,6,14119791.083333334,1,1361.2773754033847,14620000,29805120,1,persistent,1000.0,450.0,1450.0,150.0,146.2740466899432,1000.0,1361.2773754033847,0,1,361.27737540338467,0.0,106,16,22,88.72262459661533,1,
coarse-f16-h6-u25,persistent,16,6,0.25,102,confirmation_coarse-f16-h6-u25_s102,14,46,131147,132535,1436114881,1450586721,14471840,1,0,,349120,14708000,14708000,14227840,0.03264617895023117,0,1,1,1,14139840,1,1,1,1.0,1.0,262926,hold,0,8,0,0,8,0,8,7,8630950.953488372,1,1357.4082840183974,14471840,29748000,1,persistent,1000.0,450.0,1450.0,150.0,146.2740466899432,1000.0,1357.4082840183976,0,1,357.4082840183977,0.0,106,16,22,92.59171598160265,1,
coarse-f16-h6-u25,persistent,16,6,0.25,102,confirmation_coarse-f16-h6-u25_s102,6,31,131165,132558,1436310721,1450822881,14512160,1,0,,1079041,16278240,16278240,12953120,0.20426778324929476,0,0,0,1,0,0,1,1,1.0,0.0,262926,hold,0,8,0,0,8,0,8,8,7881956.1,1,1343.6949455004008,14512160,29748000,1,persistent,1000.0,450.0,1450.0,150.0,146.2740466899432,1000.0,1343.694945500401,0,1,343.69494550040105,0.0,106,16,22,106.30505449959924,1,
coarse-f16-h6-u25,persistent,16,6,0.25,102,confirmation_coarse-f16-h6-u25_s102,5,44,131171,132577,1436325441,1451001441,14676000,1,0,,6945280,41553601,41553601,42627522,-0.025844234293918352,1,1,1,1,14344000,1,1,1,1.0,1.0,262926,hold,0,8,0,0,8,0,8,6,14239096.588235294,1,1345.5676105753748,14676000,29805120,1,persistent,1000.0,450.0,1450.0,150.0,146.2740466899432,1000.0,1345.567610575375,0,1,345.5676105753751,0.0,106,16,22,104.43238942462517,1,
coarse-f16-h6-u25,persistent,16,6,0.25,102,confirmation_coarse-f16-h6-u25_s102,16,36,131299,134102,1437613281,1466682720,29069439,1,0,,581761,17596000,17596000,21248000,-0.20754716981132076,1,1,1,1,28405439,2,2,2,1.0,1.0,262926,hold,1,7,1,0,33,0,8,8,7113007.390804598,1,1343.5980019573703,29069439,44580000,1,persistent,1000.0,450.0,1450.0,150.0,146.2740466899432,1000.0,1343.5980019573703,0,1,343.5980019573704,0.0,106,16,22,106.40199804262966,1,
coarse-f16-h6-u25,persistent,16,6,0.25,102,confirmation_coarse-f16-h6-u25_s102,1,39,131368,132752,1438307841,1452952001,14644160,1,0,,2305280,20460000,20460000,19796000,0.03245356793743891,0,1,1,1,14316000,1,1,1,1.0,1.0,262926,hold,0,8,0,0,8,0,8,7,13362528.0,1,1344.4415086143788,14644160,29805120,1,persistent,1000.0,450.0,1450.0,150.0,146.2740466899432,1000.0,1344.441508614379,0,1,344.44150861437896,0.0,106,16,22,105.55849138562121,1,
coarse-f16-h6-u25,persistent,16,6,0.25,102,confirmation_coarse-f16-h6-u25_s102,8,35,131384,132761,1438438881,1453046881,14608000,1,0,,1008000,14089440,14089440,13506880,0.04134727852916795,0,1,1,1,0,0,1,1,1.0,0.0,262926,hold,0,8,0,0,8,0,8,7,7156888.888888889,1,1344.6378929931357,14608000,29805120,1,persistent,1000.0,450.0,1450.0,150.0,146.2740466899432,1000.0,1344.637892993136,0,1,344.63789299313595,0.0,106,16,22,105.36210700686433,1,
coarse-f16-h6-u25,persistent,16,6,0.25,102,confirmation_coarse-f16-h6-u25_s102,9,46,131458,134242,1439126400,1468165601,29039201,1,0,,88161,47800798,47800798,47393280,0.008525338844761546,0,1,1,1,28375201,2,2,2,1.0,1.0,262926,hold,1,8,0,1,21,0,8,6,13834192.75,1,1343.6097509361432,29039201,44580000,1,persistent,1000.0,450.0,1450.0,150.0,146.2740466899432,1000.0,1343.6097509361434,0,1,343.6097509361435,0.0,106,16,22,106.3902490638568,1,
coarse-f16-h6-u25,persistent,16,6,0.25,102,confirmation_coarse-f16-h6-u25_s102,3,39,131683,133053,1441558560,1456166560,14608000,1,0,,5486560,39918720,39918720,46898721,-0.17485533103265835,1,1,1,1,14276000,1,1,1,1.0,1.0,262926,hold,0,8,0,0,8,0,8,8,13764082.806451613,1,1330.0843384880498,14608000,29805120,1,persistent,1000.0,450.0,1450.0,150.0,146.2740466899432,1000.0,1330.08433848805,0,1,330.0843384880501,0.0,106,16,22,119.91566151195025,1,
coarse-f16-h6-u25,persistent,16,6,0.25,102,confirmation_coarse-f16-h6-u25_s102,10,18,132206,133570,1447009441,1461454881,14445440,1,0,,660000,15272000,15272000,15181601,0.005919264012572027,0,1,1,1,14113440,1,1,1,1.0,1.0,262926,hold,0,8,0,0,8,0,8,6,8740066.390243903,1,1336.7166881850146,14445440,29805120,1,persistent,1000.0,450.0,1450.0,150.0,146.2740466899432,1000.0,1336.7166881850148,0,1,336.71668818501485,0.0,106,16,22,113.28331181498538,1,
coarse-f16-h6-u25,persistent,16,6,0.25,102,confirmation_coarse-f16-h6-u25_s102,11,44,132260,133628,1447598721,1462110881,14512160,1,0,,686240,14406080,14406080,16597120,-0.15209133921233256,1,1,1,1,14180160,1,1,1,1.0,1.0,262926,hold,0,8,0,0,8,0,8,6,8224022.857142857,1,1340.317524482954,14512160,29805120,1,persistent,1000.0,450.0,1450.0,150.0,146.2740466899432,1000.0,1340.3175244829542,0,1,340.3175244829542,0.0,106,16,22,109.68247551704599,1,
coarse-f16-h6-u25,persistent,16,6,0.25,102,confirmation_coarse-f16-h6-u25_s102,12,51,132500,133893,1450159680,1464687680,14528000,1,0,,865280,46500000,46500000,41712000,0.10296774193548387,0,0,0,0,14076000,1,1,1,1.0,1.0,262926,hold,0,8,0,0,8,0,8,6,12597513.142857144,1,1339.3191614062132,14528000,29805120,1,persistent,1000.0,450.0,1450.0,150.0,146.2740466899432,1000.0,1339.3191614062134,0,1,339.3191614062133,0.0,106,16,22,110.6808385937868,1,
coarse-f16-h6-u25,persistent,16,6,0.25,102,confirmation_coarse-f16-h6-u25_s102,14,47,132535,133984,1450586721,1465526721,14940000,1,0,,724160,14227840,14227840,15848160,-0.11388376591246457,1,1,1,1,14276000,1,1,1,1.0,1.0,262926,hold,0,8,0,0,8,0,8,7,9320834.594594594,1,1325.1100052580964,14940000,43631679,1,persistent,1000.0,450.0,1450.0,150.0,146.2740466899432,1000.0,1325.1100052580964,0,1,325.11000525809635,0.0,106,16,22,124.88999474190359,1,
coarse-f16-h6-u25,persistent,16,6,0.25,102,confirmation_coarse-f16-h6-u25_s102,5,45,132577,136902,1451001441,1495008161,44006720,1,0,,6144639,42627522,42627522,51000000,-0.19641015023111125,1,1,1,1,42770720,3,3,3,1.0,1.0,262926,hold,1,8,0,1,19,0,8,6,15233517.344086021,1,1331.3198593157128,44006720,59044000,1,persistent,1000.0,450.0,1450.0,150.0,146.2740466899432,1000.0,1331.3198593157128,0,1,331.31985931571285,0.0,106,16,22,118.68014068428715,1,
coarse-f16-h6-u25,persistent,16,6,0.25,102,confirmation_coarse-f16-h6-u25_s102,1,40,132752,134166,1452952001,1467392001,14440000,1,0,,3669280,19796000,19796000,17756000,0.10305112143867448,0,0,0,1,14108000,1,1,1,1.0,1.0,262926,hold,0,8,0,0,8,0,8,7,14223407.05882353,1,1337.5166834003892,14440000,29664000,1,persistent,1000.0,450.0,1450.0,150.0,146.2740466899432,1000.0,1337.5166834003892,0,1,337.5166834003891,0.0,106,16,22,112.48331659961082,1,
coarse-f16-h6-u25,persistent,16,6,0.25,102,confirmation_coarse-f16-h6-u25_s102,3,40,133053,134505,1456166560,1470838560,14672000,1,0,,0,46898721,46898721,47950559,-0.02242786109241657,1,1,1,1,14340000,1,1,1,1.0,1.0,262926,hold,0,8,0,0,8,0,6,6,6300631.054054054,1,1343.646714392901,14672000,29664000,1,persistent,1000.0,450.0,1450.0,150.0,146.2740466899432,1000.0,1343.646714392901,0,1,343.64671439290095,0.0,106,16,22,106.353285607099,1,
coarse-f16-h6-u25,persistent,16,6,0.25,102,confirmation_coarse-f16-h6-u25_s102,10,19,133570,136496,1461454881,1490670881,29216000,1,0,,750399,15181601,15181601,16347041,-0.07676660715823054,1,1,1,1,28552000,2,2,2,1.0,1.0,262926,hold,1,7,1,0,37,0,8,6,7840206.865168539,1,1345.6734417102934,29216000,44444000,1,persistent,1000.0,450.0,1450.0,150.0,146.2740466899432,1000.0,1345.6734417102932,0,1,345.6734417102933,0.0,106,16,22,104.32655828970655,1,
coarse-f16-h6-u25,persistent,16,6,0.25,102,confirmation_coarse-f16-h6-u25_s102,11,45,133628,135083,1462110881,1476726881,14616000,1,0,,588160,16597120,16597120,14932000,0.10032583966374889,0,0,1,1,14284000,1,1,1,1.0,1.0,262926,hold,0,8,0,0,8,0,8,6,7948852.0930232555,1,1349.0003234971384,14616000,29664000,1,persistent,1000.0,450.0,1450.0,150.0,146.2740466899432,1000.0,1349.0003234971384,0,1,349.0003234971383,0.0,106,16,22,100.99967650286158,1,
coarse-f16-h6-u25,persistent,16,6,0.25,102,confirmation_coarse-f16-h6-u25_s102,13,22,133890,136821,1464674881,1494146881,29472000,1,0,,3702400,17390880,17390880,16695839,0.03996583266631706,0,1,1,1,28327040,2,2,2,1.0,1.0,262926,hold,1,8,0,1,21,0,7,6,12952014.313432835,1,1333.4227364745789,29472000,58936000,1,persistent,1000.0,450.0,1450.0,150.0,146.2740466899432,1000.0,1333.422736474579,0,1,333.42273647457904,0.0,106,16,22,116.57726352542113,1,
coarse-f16-h6-u25,persistent,16,6,0.25,102,confirmation_coarse-f16-h6-u25_s102,12,52,133893,135375,1464687680,1479447680,14760000,1,0,,2737280,41712000,41712000,43004000,-0.030974299961641735,1,1,1,1,14308000,1,1,1,1.0,1.0,262926,hold,0,8,0,0,8,0,7,5,15175602.58064516,1,1340.5051624357677,14760000,29622880,1,persistent,1000.0,450.0,1450.0,150.0,146.2740466899432,1000.0,1340.5051624357677,0,1,340.5051624357678,0.0,106,16,22,109.49483756423228,1,
coarse-f16-h6-u25,persistent,16,6,0.25,102,confirmation_coarse-f16-h6-u25_s102,14,48,133984,135441,1465526721,1480134721,14608000,1,0,,585280,15848160,15848160,15310880,0.033901727392959186,0,1,1,1,14276000,1,1,1,1.0,1.0,262926,hold,0,8,0,0,8,0,8,7,9567864.8,1,1351.0987524440136,14608000,29622880,1,persistent,1000.0,450.0,1450.0,150.0,146.2740466899432,1000.0,1351.0987524440138,0,1,351.0987524440137,0.0,106,16,22,98.9012475559864,1,
coarse-f16-h6-u25,persistent,16,6,0.25,102,confirmation_coarse-f16-h6-u25_s102,15,33,134016,135483,1465833281,1480516161,14682880,1,0,,1576160,15941120,15941120,21023040,-0.31879315882447407,1,1,1,1,14350880,1,1,1,1.0,1.0,262926,hold,0,8,0,0,8,0,8,5,11222160.07142857,1,1357.780841508005,14682880,29564959,1,persistent,1000.0,450.0,1450.0,150.0,146.2740466899432,1000.0,1357.7808415080053,0,1,357.78084150800527,0.0,106,16,22,92.2191584919949,1,
coarse-f16-h6-u25,persistent,16,6,0.25,102,confirmation_coarse-f16-h6-u25_s102,16,37,134102,136992,1466682720,1495898720,29216000,1,0,,1429599,21248000,21248000,18260000,0.140625,0,0,0,1,28552000,2,2,2,1.0,1.0,262926,hold,1,7,1,0,35,0,8,8,6972416.97752809,1,1337.544168454841,29216000,44444000,1,persistent,1000.0,450.0,1450.0,150.0,146.2740466899432,1000.0,1337.5441684548412,0,1,337.5441684548411,0.0,106,16,22,112.45583154515907,1,
coarse-f16-h6-u25,persistent,16,6,0.25,102,confirmation_coarse-f16-h6-u25_s102,1,41,134166,137106,1467392001,1497052001,29660000,1,0,,4389280,17756000,17756000,16216000,0.08673124577607569,0,0,1,1,28876000,2,2,2,1.0,1.0,262926,hold,0,8,0,0,8,0,8,7,12685393.97260274,1,1337.1985407359916,29660000,58295840,1,persistent,1000.0,450.0,1450.0,150.0,146.2740466899432,1000.0,1337.1985407359916,0,1,337.1985407359917,0.0,106,16,22,112.80145926400837,1,
coarse-f16-h6-u25,persistent,16,6,0.25,102,confirmation_coarse-f16-h6-u25_s102,9,47,134242,135745,1468165601,1483122560,14956959,1,0,,1332000,47393280,47393280,50711840,-0.07002174147896073,1,1,1,1,14608000,1,1,1,1.0,1.0,262926,hold,0,8,0,0,8,0,8,6,16318258.61764706,1,1358.4460492812884,14956959,29660000,1,persistent,1000.0,450.0,1450.0,150.0,146.2740466899432,1000.0,1358.4460492812884,0,1,358.44604928128837,0.0,106,16,22,91.55395071871158,1,
coarse-f16-h6-u25,persistent,16,6,0.25,102,confirmation_coarse-f16-h6-u25_s102,3,41,134505,137355,1470838560,1499722560,28884000,1,0,,155840,47950559,47950559,53003999,-0.10538855240457155,1,1,1,1,28220000,2,2,2,1.0,1.0,262926,hold,1,7,1,0,27,0,8,8,13949198.166666666,1,1337.0538893789508,28884000,44444000,1,persistent,1000.0,450.0,1450.0,150.0,146.2740466899432,1000.0,1337.0538893789508,0,1,337.0538893789508,0.0,106,16,22,112.94611062104923,1,
coarse-f16-h6-u25,persistent,16,6,0.25,102,confirmation_coarse-f16-h6-u25_s102,2,16,134516,,1470914721,,,0,1,hold_exit_before_slot_completion,9813280,16272000,16272000,,,,,,,14280000,1,2,2,1.0,0.5,262926,hold,0,1,0,0,1,0,8,7,15355600.0,1,1338.6126952982013,29500000,44408000,1,persistent,1000.0,450.0,1450.0,150.0,146.2740466899432,1000.0,1338.612695298201,0,1,338.61269529820106,0.0,106,16,22,111.38730470179871,0,round_censored
coarse-f16-h6-u25,persistent,16,6,0.25,102,confirmation_coarse-f16-h6-u25_s102,11,46,135083,,1476726881,,,0,1,hold_exit_before_slot_completion,1589280,14932000,14932000,,,,,,,0,0,1,1,1.0,0.0,262926,hold,1,7,0,0,21,0,8,6,8236163.636363637,1,1340.9408242899733,14363840,29660000,1,persistent,1000.0,450.0,1450.0,150.0,146.2740466899432,1000.0,1340.9408242899733,0,1,340.94082428997336,0.0,106,16,22,109.0591757100267,0,round_censored
coarse-f16-h6-u25,persistent,16,6,0.25,102,confirmation_coarse-f16-h6-u25_s102,4,28,135180,136665,1477602721,1492454721,14852000,1,0,,4001280,18532000,18532000,17656000,0.04726958774012519,0,1,1,1,14400000,1,1,1,1.0,1.0,262926,hold,0,8,0,0,8,0,8,6,14212490.0,1,1335.176747288062,14852000,29660000,1,persistent,1000.0,450.0,1450.0,150.0,146.2740466899432,1000.0,1335.176747288062,0,1,335.17674728806196,0.0,106,16,22,114.82325271193804,1,
coarse-f16-h6-u25,persistent,16,6,0.25,102,confirmation_coarse-f16-h6-u25_s102,12,53,135375,138253,1479447680,1509095680,29648000,1,0,,4121280,43004000,43004000,47675839,-0.10863731280811087,1,1,1,1,28384000,2,2,2,1.0,1.0,262926,hold,1,7,1,0,7,0,8,6,13597282.476923076,1,1337.8881857268784,29648000,58916000,1,persistent,1000.0,450.0,1450.0,150.0,146.2740466899432,1000.0,1337.8881857268784,0,1,337.88818572687836,0.0,106,16,22,112.11181427312158,1,
coarse-f16-h6-u25,persistent,16,6,0.25,102,confirmation_coarse-f16-h6-u25_s102,6,32,135426,136834,1479942400,1494322881,14380481,1,0,,920160,16168639,16168639,13614880,0.1579452049118049,0,0,0,1,0,0,1,1,1.0,0.0,262926,hold,0,8,0,0,8,0,8,8,8773454.953488372,1,1341.4143304823986,14380481,29660000,1,persistent,1000.0,450.0,1450.0,150.0,146.2740466899432,1000.0,1341.4143304823983,0,1,341.4143304823984,0.0,106,16,22,108.58566951760145,1,
coarse-f16-h6-u25,persistent,16,6,0.25,102,confirmation_coarse-f16-h6-u25_s102,14,49,135441,136871,1480134721,1494742721,14608000,1,0,,1965120,15310880,15310880,13284959,0.13231904371270625,0,0,0,1,0,0,1,1,1.0,0.0,262926,hold,0,8,0,0,8,0,8,7,7467896.302325581,1,1330.4973510954203,14608000,29660000,1,persistent,1000.0,450.0,1450.0,150.0,146.2740466899432,1000.0,1330.49735109542,0,1,330.4973510954201,0.0,106,16,22,119.5026489045797,1,
coarse-f16-h6-u25,persistent,16,6,0.25,102,confirmation_coarse-f16-h6-u25_s102,15,34,135483,138312,1480516161,1509657281,29141120,1,0,,258400,21023040,21023040,17006880,0.19103612037079318,0,0,0,0,28477120,2,2,2,1.0,1.0,262926,hold,1,8,0,1,23,0,8,5,11334206.328947369,1,1338.8788833352598,29141120,44360000,1,persistent,1000.0,450.0,1450.0,150.0,146.2740466899432,1000.0,1338.8788833352598,0,1,338.87888333525984,0.0,106,16,22,111.12111666474016,1,
coarse-f16-h6-u25,persistent,16,6,0.25,102,confirmation_coarse-f16-h6-u25_s102,8,36,135641,137076,1482126721,1496739680,14612959,1,0,,2245280,14476960,14476960,14950240,-0.032691946375482145,1,1,1,1,14280959,1,1,1,1.0,1.0,262926,hold,0,8,0,0,8,0,8,7,6721781.933333334,1,1330.692386044469,14612959,43572000,1,persistent,1000.0,450.0,1450.0,150.0,146.2740466899432,1000.0,1330.6923860444688,0,1,330.69238604446883,0.0,106,16,22,119.307613955531,1,
coarse-f16-h6-u25,persistent,16,6,0.25,102,confirmation_coarse-f16-h6-u25_s102,7,33,135650,137065,1482176161,1496704161,14528000,1,0,,509761,16896960,16896960,17258880,-0.021419237543321402,1,1,1,1,14196000,1,1,1,1.0,1.0,262926,hold,0,8,0,0,8,0,8,6,9532582.976190476,1,1333.7144107574256,14528000,29660000,1,persistent,1000.0,450.0,1450.0,150.0,146.2740466899432,1000.0,1333.7144107574256,0,1,333.7144107574256,0.0,106,16,22,116.28558924257436,1,
coarse-f16-h6-u25,persistent,16,6,0.25,102,confirmation_coarse-f16-h6-u25_s102,9,48,135745,138553,1483122560,1512078721,28956161,1,0,,505279,50711840,50711840,54464959,-0.07400873247746483,1,1,1,1,28292161,2,2,2,1.0,1.0,262926,hold,1,7,1,0,15,0,6,6,13585436.826923076,1,1327.8516863335158,28956161,44360000,1,persistent,1000.0,450.0,1450.0,150.0,146.2740466899432,1000.0,1327.8516863335158,0,1,327.8516863335159,0.0,106,16,22,122.14831366648423,1,
coarse-f16-h6-u25,persistent,16,6,0.25,102,confirmation_coarse-f16-h6-u25_s102,10,20,136496,,1490670881,,,0,1,hold_exit_before_slot_completion,4569280,16347041,16347041,,,,,,,0,0,1,1,1.0,0.0,262926,hold,1,7,0,0,17,0,8,6,7562057.75,1,1317.9384883009623,14608000,29648000,1,persistent,1000.0,450.0,1450.0,150.0,146.2740466899432,1000.0,1317.9384883009623,0,1,317.9384883009622,0.0,106,16,22,132.06151169903774,0,round_censored
coarse-f16-h6-u25,persistent,16,6,0.25,102,confirmation_coarse-f16-h6-u25_s102,4,29,136665,138067,1492454721,1507130721,14676000,1,0,,4961280,17656000,17656000,18680000,-0.057997281377435435,1,1,1,1,14104000,1,1,1,1.0,1.0,262926,hold,0,8,0,0,8,0,8,6,15029661.147058824,1,1322.115844830559,14676000,29648000,1,persistent,1000.0,450.0,1450.0,150.0,146.2740466899432,1000.0,1322.1158448305587,0,1,322.11584483055873,0.0,106,16,22,127.8841551694411,1,
coarse-f16-h6-u25,persistent,16,6,0.25,102,confirmation_coarse-f16-h6-u25_s102,13,23,136821,139683,1494146881,1523590881,29444000,1,0,,7377280,16695839,16695839,13892000,0.1679363942117554,0,0,0,1,14316000,1,2,2,1.0,0.5,262926,hold,1,8,0,1,9,0,8,7,14125061.19117647,1,1331.551367929245,29444000,44242399,1,persistent,1000.0,450.0,1450.0,150.0,146.2740466899432,1000.0,1331.551367929245,0,1,331.55136792924515,0.0,106,16,22,118.44863207075491,1,
coarse-f16-h6-u25,persistent,16,6,0.25,102,confirmation_coarse-f16-h6-u25_s102,5,46,136902,138332,1495008161,1509814560,14806399,1,0,,1492000,51000000,51000000,53498720,-0.04899450980392157,1,1,1,1,14343839,1,1,1,1.0,1.0,262926,hold,0,8,0,0,8,0,8,6,13857284.05882353,1,1327.4104770918932,14806399,43749120,1,persistent,1000.0,450.0,1450.0,150.0,146.2740466899432,1000.0,1327.410477091893,0,1,327.4104770918931,0.0,106,16,22,122.5895229081068,1,
coarse-f16-h6-u25,persistent,16,6,0.25,102,confirmation_coarse-f16-h6-u25_s102,16,38,136992,139849,1495898720,1525114720,29216000,1,0,,1581280,18260000,18260000,15272000,0.16363636363636364,0,0,0,1,28552000,2,2,2,1.0,1.0,262926,hold,1,7,1,0,44,0,8,8,7027219.460674157,1,1340.6772525959955,29216000,44331041,1,persistent,1000.0,450.0,1450.0,150.0,146.2740466899432,1000.0,1340.6772525959955,0,1,340.6772525959955,0.0,106,16,22,109.32274740400453,1,
coarse-f16-h6-u25,persistent,16,6,0.25,102,confirmation_coarse-f16-h6-u25_s102,7,34,137065,139942,1496704161,1526004001,29299840,1,0,,2657280,17258880,17258880,18343840,-0.06286387065672859,1,1,1,1,28555840,2,2,2,1.0,1.0,262926,hold,0,8,0,0,8,0,8,6,8847248.421052631,1,1337.6366822578505,29299840,58188960,1,persistent,1000.0,450.0,1450.0,150.0,146.2740466899432,1000.0,1337.6366822578505,0,1,337.6366822578505,0.0,106,16,22,112.36331774214955,1,
coarse-f16-h6-u25,persistent,16,6,0.25,102,confirmation_coarse-f16-h6-u25_s102,8,37,137076,139936,1496739680,1525950721,29211041,1,0,,1908160,14950240,14950240,11620161,0.2227441833709693,0,0,0,1,14276000,1,2,2,1.0,0.5,262926,hold,1,7,1,0,34,0,8,7,7148469.775280898,1,1337.8065399493137,29211041,44331041,1,persistent,1000.0,450.0,1450.0,150.0,146.2740466899432,1000.0,1337.8065399493137,0,1,337.8065399493137,0.0,106,16,22,112.19346005068633,1,
coarse-f16-h6-u25,persistent,16,6,0.25,102,confirmation_coarse-f16-h6-u25_s102,1,42,137106,,1497052001,,,0,1,hold_exit_before_slot_completion,5421280,16216000,16216000,,,,,,,14140000,1,2,2,1.0,0.5,262926,hold,0,5,0,0,5,0,8,7,12530411.940298507,1,1336.1239664338507,29232000,44331041,1,persistent,1000.0,450.0,1450.0,150.0,146.2740466899432,1000.0,1336.1239664338507,0,1,336.12396643385074,0.0,106,16,22,113.87603356614932,0,round_censored
coarse-f16-h6-u25,persistent,16,6,0.25,102,confirmation_coarse-f16-h6-u25_s102,3,42,137355,140285,1499722560,1529324001,29601441,1,0,,1761281,53003999,53003999,53438720,-0.00820166418009328,1,1,1,1,28635840,2,2,2,1.0,1.0,262926,hold,1,7,1,0,27,0,7,7,12033033.710526315,1,1342.4829664284964,29601441,44331041,1,persistent,1000.0,450.0,1450.0,150.0,146.2740466899432,1000.0,1342.4829664284964,0,1,342.4829664284965,0.0,106,16,22,107.51703357150359,1,
coarse-f16-h6-u25,persistent,16,6,0.25,102,confirmation_coarse-f16-h6-u25_s102,4,30,138067,140978,1507130721,1536528001,29397280,1,0,,6557280,18680000,18680000,17296000,0.07408993576017131,0,0,1,1,28733280,2,2,2,1.0,1.0,262926,hold,0,8,0,0,8,0,8,6,12896843.283783784,1,1346.1618513936337,29397280,45060161,1,persistent,1000.0,450.0,1450.0,150.0,146.2740466899432,1000.0,1346.161851393634,0,1,346.1618513936339,0.0,106,16,22,103.8381486063663,1,
coarse-f16-h6-u25,persistent,16,6,0.25,102,confirmation_coarse-f16-h6-u25_s102,12,54,138253,141156,1509095680,1538454721,29359041,1,0,,4117441,47675839,47675839,48264000,-0.012336668055280579,1,1,1,1,28695041,2,2,2,1.0,1.0,262926,hold,1,7,1,0,34,0,7,5,13061518.887323944,1,1344.0120301875409,29359041,58193919,1,persistent,1000.0,450.0,1450.0,150.0,146.2740466899432,1000.0,1344.0120301875409,0,1,344.0120301875408,0.0,106,16,22,105.98796981245914,1,
coarse-f16-h6-u25,persistent,16,6,0.25,102,confirmation_coarse-f16-h6-u25_s102,14,50,138265,139697,1509230400,1523715520,14485120,1,0,,166720,14569280,14569280,13916960,0.044773660743701815,0,1,1,1,0,0,1,1,1.0,0.0,262926,hold,0,8,0,0,8,0,7,6,9126192.878048781,1,1342.8101807620058,14485120,29670399,1,persistent,1000.0,450.0,1450.0,150.0,146.2740466899432,1000.0,1342.8101807620058,0,1,342.8101807620057,0.0,106,16,22,107.18981923799424,1,
coarse-f16-h6-u25,persistent,16,6,0.25,102,confirmation_coarse-f16-h6-u25_s102,15,35,138312,139760,1509657281,1524265281,14608000,1,0,,3825280,17006880,17006880,8969120,0.4726181404231699,0,0,0,0,0,0,1,1,1.0,0.0,262926,hold,0,8,0,0,8,0,8,5,9201580.0,1,1350.5572286009735,14608000,29670399,1,persistent,1000.0,450.0,1450.0,150.0,146.2740466899432,1000.0,1350.5572286009733,0,1,350.5572286009732,0.0,106,16,22,99.44277139902647,1,
coarse-f16-h6-u25,persistent,16,6,0.25,102,confirmation_coarse-f16-h6-u25_s102,5,47,138332,139800,1509814560,1524678560,14864000,1,0,,1899679,53498720,53498720,51861119,0.03061009683970009,0,0,1,1,14292000,1,1,1,1.0,1.0,262926,hold,0,8,0,0,8,0,8,6,12585105.030303031,1,1351.224572594131,14864000,29601441,1,persistent,1000.0,450.0,1450.0,150.0,146.2740466899432,1000.0,1351.2245725941307,0,1,351.2245725941307,0.0,106,16,22,98.7754274058691,1,
coarse-f16-h6-u25,persistent,16,6,0.25,102,confirmation_coarse-f16-h6-u25_s102,9,49,138553,140008,1512078721,1526614560,14535839,1,0,,0,54464959,54464959,54090561,0.006874107809389887,0,1,1,1,14203839,1,1,1,1.0,1.0,262926,hold,0,8,0,0,8,0,8,6,14983790.413793104,1,1351.6735330648078,14535839,29796000,1,persistent,1000.0,450.0,1450.0,150.0,146.2740466899432,1000.0,1351.6735330648078,0,1,351.67353306480777,0.0,106,16,22,98.32646693519223,1,
coarse-f16-h6-u25,persistent,16,6,0.25,102,confirmation_coarse-f16-h6-u25_s102,11,47,139333,140789,1520063520,1534494881,14431361,1,0,,1664959,14036960,14036960,8308000,0.40813395493041227,0,0,0,0,0,0,1,1,1.0,0.0,262926,hold,0,8,0,0,8,0,8,6,8057870.131578947,1,1351.3438358533042,14431361,30066720,1,persistent,1000.0,450.0,1450.0,150.0,146.2740466899432,1000.0,1351.3438358533042,0,1,351.3438358533042,0.0,106,16,22,98.6561641466958,1,
coarse-f16-h6-u25,persistent,16,6,0.25,102,confirmation_coarse-f16-h6-u25_s102,5,48,139800,142659,1524678560,1553962721,29284161,1,0,,2277280,51861119,51861119,57977440,-0.11793654124586089,1,1,1,1,28380161,2,2,2,1.0,1.0,262926,hold,1,8,0,1,18,0,8,6,15115087.588235294,1,1329.9156637150397,29284161,44766559,1,persistent,1000.0,450.0,1450.0,150.0,146.2740466899432,1000.0,1329.91566371504,0,1,329.9156637150399,0.0,106,16,22,120.08433628496027,1,
coarse-f16-h6-u25,persistent,16,6,0.25,102,confirmation_coarse-f16-h6-u25_s102,16,39,139849,142693,1525114720,1554330720,29216000,1,0,,3573280,15272000,15272000,18260000,-0.1956521739130435,1,1,1,1,28552000,2,2,2,1.0,1.0,262926,hold,1,7,1,0,36,0,7,7,6776518.550561798,1,1329.7010733368932,29216000,44766559,1,persistent,1000.0,450.0,1450.0,150.0,146.2740466899432,1000.0,1329.7010733368932,0,1,329.7010733368932,0.0,106,16,22,120.29892666310684,1,
coarse-f16-h6-u25,persistent,16,6,0.25,102,confirmation_coarse-f16-h6-u25_s102,7,35,139942,142761,1526004001,1555216161,29212160,1,0,,1833280,18343840,18343840,20642560,-0.12531291158230773,1,1,1,1,28548160,2,2,2,1.0,1.0,262926,hold,1,8,0,1,18,0,7,5,10774300.25974026,1,1329.7124260189144,29212160,44766559,1,persistent,1000.0,450.0,1450.0,150.0,146.2740466899432,1000.0,1329.7124260189146,0,1,329.7124260189146,0.0,106,16,22,120.28757398108564,1,
coarse-f16-h6-u25,persistent,16,6,0.25,102,confirmation_coarse-f16-h6-u25_s102,9,50,140008,142821,1526614560,1555762721,29148161,1,0,,251839,54090561,54090561,55232000,-0.021102369413399134,1,1,1,1,28479041,2,2,2,1.0,1.0,262926,hold,1,7,1,0,21,0,7,6,23324053.4,1,1336.4593059099416,29148161,44766559,1,persistent,1000.0,450.0,1450.0,150.0,146.2740466899432,1000.0,1336.4593059099416,0,1,336.45930590994163,0.0,106,16,22,113.54069409005842,1,
coarse-f16-h6-u25,persistent,16,6,0.25,102,confirmation_coarse-f16-h6-u25_s102,3,43,140285,141788,1529324001,1544782721,15458720,1,0,,1302721,53438720,53438720,51824481,0.03020729164171597,0,0,1,1,14462720,1,1,1,1.0,1.0,262926,hold,0,8,0,0,8,0,7,7,8343614.44117647,1,1343.416745742099,15458720,44008000,1,persistent,1000.0,450.0,1450.0,150.0,146.2740466899432,1000.0,1343.416745742099,0,1,343.416745742099,0.0,106,16,22,106.58325425790099,1,
coarse-f16-h6-u25,persistent,16,6,0.25,102,confirmation_coarse-f16-h6-u25_s102,2,17,140299,144568,1529554721,1573866721,44312000,1,0,,8605280,16492000,16492000,12756000,0.22653407712830465,0,0,0,1,28456000,2,3,3,1.0,0.6666666666666666,262926,hold,0,8,0,0,8,0,8,7,13008294.579439253,1,1323.6992382841868,44312000,59440161,1,persistent,1000.0,450.0,1450.0,150.0,146.2740466899432,1000.0,1323.6992382841868,0,1,323.6992382841867,0.0,106,16,22,126.30076171581322,1,
coarse-f16-h6-u25,persistent,16,6,0.25,102,confirmation_coarse-f16-h6-u25_s102,10,21,140762,143582,1534250721,1563466721,29216000,1,0,,673120,17264000,17264000,17688799,-0.024606058850787767,1,1,1,1,28552000,2,2,2,1.0,1.0,262926,hold,1,7,1,0,45,0,8,6,7462486.808988764,1,1332.391149046025,29216000,44939359,1,persistent,1000.0,450.0,1450.0,150.0,146.2740466899432,1000.0,1332.391149046025,0,1,332.3911490460251,0.0,106,16,22,117.60885095397498,1,
coarse-f16-h6-u25,persistent,16,6,0.25,102,confirmation_coarse-f16-h6-u25_s102,4,31,140978,142385,1536528001,1551174721,14646720,1,0,,2257280,17296000,17296000,15228000,0.11956521739130435,0,0,0,1,14316000,1,1,1,1.0,1.0,262926,hold,0,8,0,0,8,0,8,6,11661627.542857142,1,1341.1187401581942,14646720,30158559,1,persistent,1000.0,450.0,1450.0,150.0,146.2740466899432,1000.0,1341.1187401581944,0,1,341.1187401581943,0.0,106,16,22,108.88125984180579,1,
coarse-f16-h6-u25,persistent,16,6,0.25,102,confirmation_coarse-f16-h6-u25_s102,14,51,141124,142559,1538146881,1552936640,14789759,1,0,,983201,16054718,16054718,16091200,-0.002272353833932181,1,1,1,1,14281120,1,1,1,1.0,1.0,262926,hold,0,8,0,0,8,0,8,7,8325225.414634147,1,1333.6958184977782,14789759,43966720,1,persistent,1000.0,450.0,1450.0,150.0,146.2740466899432,1000.0,1333.6958184977782,0,1,333.6958184977783,0.0,106,16,22,116.30418150222181,1,
coarse-f16-h6-u25,persistent,16,6,0.25,102,confirmation_coarse-f16-h6-u25_s102,13,24,141153,144037,1538450881,1568338881,29888000,1,0,,5053280,16216000,16216000,18628960,-0.14880118401578687,1,1,1,1,28504000,2,2,2,1.0,1.0,262926,hold,0,8,0,0,8,0,8,7,14119712.0,1,1317.896344184604,29888000,58934880,1,persistent,1000.0,450.0,1450.0,150.0,146.2740466899432,1000.0,1317.896344184604,0,1,317.8963441846041,0.0,106,16,22,132.103655815396,1,
coarse-f16-h6-u25,persistent,16,6,0.25,102,confirmation_coarse-f16-h6-u25_s102,12,55,141156,142572,1538454721,1553094721,14640000,1,0,,1381280,48264000,48264000,48992000,-0.015083706282115033,1,1,1,1,14308000,1,1,1,1.0,1.0,262926,hold,0,8,0,0,8,0,8,6,14967330.64864865,1,1326.2379921546758,14640000,43966720,1,persistent,1000.0,450.0,1450.0,150.0,146.2740466899432,1000.0,1326.2379921546758,0,1,326.2379921546757,0.0,106,16,22,123.7620078453242,1,
coarse-f16-h6-u25,persistent,16,6,0.25,102,confirmation_coarse-f16-h6-u25_s102,6,33,141162,,1538510400,,,0,1,hold_exit_before_slot_completion,453120,16732160,16732160,,,,,,,0,0,1,1,1.0,0.0,262926,hold,1,7,0,0,21,0,8,8,8426366.318181818,1,1334.6312708493558,14421120,30158559,1,persistent,1000.0,450.0,1450.0,150.0,146.2740466899432,1000.0,1334.6312708493556,0,1,334.63127084935564,0.0,106,16,22,115.36872915064419,0,round_censored
coarse-f16-h6-u25,persistent,16,6,0.25,102,confirmation_coarse-f16-h6-u25_s102,15,36,141209,144021,1538985441,1568168001,29182560,1,0,,253280,16375040,16375040,20140320,-0.2299402016727898,1,1,1,1,28518560,2,2,2,1.0,1.0,262926,hold,1,7,1,0,15,0,7,4,9106960.0,1,1313.7645424778625,29182560,44939359,1,persistent,1000.0,450.0,1450.0,150.0,146.2740466899432,1000.0,1313.7645424778625,0,1,313.7645424778625,0.0,106,16,22,136.2354575221375,1,
coarse-f16-h6-u25,persistent,16,6,0.25,102,confirmation_coarse-f16-h6-u25_s102,3,44,141788,143175,1544782721,1559482560,14699839,1,0,,0,51824481,51824481,55381280,-0.06863163762315343,1,1,1,1,14367839,1,1,1,1.0,1.0,262926,hold,0,8,0,0,8,0,7,7,11229903.866666667,1,1312.7789192650753,14699839,30105280,1,persistent,1000.0,450.0,1450.0,150.0,146.2740466899432,1000.0,1312.7789192650753,0,1,312.7789192650752,0.0,106,16,22,137.22108073492473,1,
coarse-f16-h6-u25,persistent,16,6,0.25,102,confirmation_coarse-f16-h6-u25_s102,4,32,142385,,1551174721,,,0,1,hold_exit_before_slot_completion,3853280,15228000,15228000,,,,,,,28716000,2,3,3,1.0,0.6666666666666666,262926,hold,1,6,0,1,6,0,8,6,14269149.387755102,1,1323.88430289737,44162720,59315840,1,persistent,1000.0,450.0,1450.0,150.0,146.2740466899432,1000.0,1323.8843028973697,0,1,323.8843028973697,0.0,106,16,22,126.11569710263007,0,round_censored
coarse-f16-h6-u25,persistent,16,6,0.25,102,confirmation_coarse-f16-h6-u25_s102,14,52,142559,143952,1552936640,1567358561,14421921,1,0,,98080,16091200,16091200,16861120,-0.047847270557820426,1,1,1,1,14089760,1,1,1,1.0,1.0,262926,hold,0,8,0,0,8,0,8,7,8464859.05263158,1,1301.4953889938167,14421921,30105280,1,persistent,1000.0,450.0,1450.0,150.0,146.2740466899432,1000.0,1301.495388993817,0,1,301.49538899381685,0.0,106,16,22,148.50461100618327,1,
coarse-f16-h6-u25,persistent,16,6,0.25,102,confirmation_coarse-f16-h6-u25_s102,12,56,142572,146824,1553094721,1597318560,44223839,1,0,,808321,48992000,48992000,47994880,0.020352710646636185,0,1,1,1,42867839,3,3,3,1.0,1.0,262926,hold,0,8,0,0,8,0,7,5,15267125.077777777,1,1323.3409547190797,44223839,59382720,1,persistent,1000.0,450.0,1450.0,150.0,146.2740466899432,1000.0,1323.3409547190795,0,1,323.34095471907955,0.0,106,16,22,126.65904528092028,1,
coarse-f16-h6-u25,persistent,16,6,0.25,102,confirmation_coarse-f16-h6-u25_s102,5,49,142659,144138,1553962721,1569386721,15424000,1,0,,219840,57977440,57977440,59419840,-0.0248786424512707,1,1,1,1,14492000,1,1,1,1.0,1.0,262926,hold,0,8,0,0,8,0,8,6,18418231.305555556,1,1298.834547057825,15424000,43824000,1,persistent,1000.0,450.0,1450.0,150.0,146.2740466899432,1000.0,1298.8345470578251,0,1,298.8345470578251,0.0,106,16,22,151.16545294217508,1,
coarse-f16-h6-u25,persistent,16,6,0.25,102,confirmation_coarse-f16-h6-u25_s102,16,40,142693,144097,1554330720,1568938720,14608000,1,0,,1248159,18260000,18260000,16932000,0.07272727272727272,0,0,1,1,14276000,1,1,1,1.0,1.0,262926,hold,0,8,0,0,8,0,8,8,6560159.0,1,1298.834547057825,14608000,29846081,1,persistent,1000.0,450.0,1450.0,150.0,146.2740466899432,1000.0,1298.8345470578251,0,1,298.8345470578251,0.0,106,16,22,151.16545294217508,1,
coarse-f16-h6-u25,persistent,16,6,0.25,102,confirmation_coarse-f16-h6-u25_s102,8,38,142737,144157,1554923520,1569531520,14608000,1,0,,74880,17188959,17188959,14942880,0.13066986779129555,0,0,0,1,14276000,1,1,1,1.0,1.0,262926,hold,0,8,0,0,8,0,8,7,7897684.733333333,1,1300.704495436273,14608000,30156000,1,persistent,1000.0,450.0,1450.0,150.0,146.2740466899432,1000.0,1300.704495436273,0,1,300.704495436273,0.0,106,16,22,149.29550456372704,1,
coarse-f16-h6-u25,persistent,16,6,0.25,102,confirmation_coarse-f16-h6-u25_s102,7,36,142761,145573,1555216161,1584432161,29216000,1,0,,1190720,20642560,20642560,18995040,0.07981180628759224,0,0,1,1,28366720,2,2,2,1.0,1.0,262926,hold,1,8,0,1,22,0,8,6,9028011.851851853,1,1315.816837781941,29216000,44745120,1,persistent,1000.0,450.0,1450.0,150.0,146.2740466899432,1000.0,1315.816837781941,0,1,315.81683778194105,0.0,106,16,22,134.1831622180589,1,
coarse-f16-h6-u25,persistent,16,6,0.25,102,confirmation_coarse-f16-h6-u25_s102,9,51,142821,145607,1555762721,1584798721,29036000,1,0,,3501280,55232000,55232000,59250399,-0.07275490657589803,1,1,1,1,28372000,2,2,2,1.0,1.0,262926,hold,1,7,1,0,12,0,7,6,15463550.42857143,1,1319.7003946787895,29036000,44745120,1,persistent,1000.0,450.0,1450.0,150.0,146.2740466899432,1000.0,1319.7003946787895,0,1,319.7003946787895,0.0,106,16,22,130.2996053212105,1,
coarse-f16-h6-u25,persistent,16,6,0.25,102,confirmation_coarse-f16-h6-u25_s102,1,43,142824,144261,1555784001,1570756001,14972000,1,0,,8181280,14316000,14316000,18049120,-0.2607655769768092,1,1,1,1,14280000,1,1,1,1.0,1.0,262926,hold,0,8,0,0,8,0,8,7,15159475.03125,1,1304.52334966704,14972000,30156000,1,persistent,1000.0,450.0,1450.0,150.0,146.2740466899432,1000.0,1304.5233496670403,0,1,304.5233496670402,0.0,106,16,22,145.47665033295993,1,
coarse-f16-h6-u25,persistent,16,6,0.25,102,confirmation_coarse-f16-h6-u25_s102,3,45,143175,144605,1559482560,1574263360,14780800,1,0,,253280,55381280,55381280,58847840,-0.06259443624271595,1,1,1,1,14116800,1,1,1,1.0,1.0,262926,hold,0,8,0,0,8,0,8,8,17003127.0,1,1306.5104425853044,14780800,30156000,1,persistent,1000.0,450.0,1450.0,150.0,146.2740466899432,1000.0,1306.5104425853046,0,1,306.51044258530465,0.0,106,16,22,143.48955741469558,1,
coarse-f16-h6-u25,persistent,16,6,0.25,102,confirmation_coarse-f16-h6-u25_s102,10,22,143582,146369,1563466721,1592523360,29056639,1,0,,2240321,17688799,17688799,11898720,0.3273302500638964,0,0,0,0,14276000,1,2,2,1.0,0.5,262926,hold,1,7,1,0,31,0,8,6,7128118.2727272725,1,1326.4939105901342,29056639,44745120,1,persistent,1000.0,450.0,1450.0,150.0,146.2740466899432,1000.0,1326.4939105901342,0,1,326.49391059013413,0.0,106,16,22,123.50608940986581,1,
coarse-f16-h6-u25,persistent,16,6,0.25,102,confirmation_coarse-f16-h6-u25_s102,11,48,143674,146494,1564374400,1593767681,29393281,1,0,,429919,17425760,17425760,21252959,-0.21962881389391337,1,1,1,1,28695201,2,2,2,1.0,1.0,262926,hold,1,7,1,0,15,0,8,6,11085576.72368421,1,1321.7695570393978,29393281,44745120,1,persistent,1000.0,450.0,1450.0,150.0,146.2740466899432,1000.0,1321.7695570393978,0,1,321.76955703939785,0.0,106,16,22,128.2304429606022,1,
coarse-f16-h6-u25,persistent,16,6,0.25,102,confirmation_coarse-f16-h6-u25_s102,14,53,143952,146728,1567358561,1596321281,28962720,1,0,,590400,16861120,16861120,23318720,-0.38298760699170636,1,1,1,1,28298720,2,2,2,1.0,1.0,262926,hold,1,7,1,0,28,0,8,7,9013984.170731707,1,1329.0747523496154,28962720,44798720,1,persistent,1000.0,450.0,1450.0,150.0,146.2740466899432,1000.0,1329.0747523496152,0,1,329.07475234961527,0.0,106,16,22,120.92524765038456,1,
coarse-f16-h6-u25,persistent,16,6,0.25,102,confirmation_coarse-f16-h6-u25_s102,6,34,143992,145352,1567837601,1582231360,14393759,1,0,,1062400,15710559,15710559,20773919,-0.32229025077974627,1,1,1,1,14061759,1,1,1,1.0,1.0,262926,hold,0,8,0,0,8,0,8,8,8193633.953488372,1,1320.8858156387944,14393759,30156000,1,persistent,1000.0,450.0,1450.0,150.0,146.2740466899432,1000.0,1320.8858156387942,0,1,320.88581563879427,0.0,106,16,22,129.11418436120562,1,
coarse-f16-h6-u25,persistent,16,6,0.25,102,confirmation_coarse-f16-h6-u25_s102,15,37,144021,,1568168001,,,0,1,hold_exit_before_slot_completion,1771680,20140320,20140320,,,,,,,14281120,1,2,2,1.0,0.5,262926,hold,0,3,0,0,3,0,8,5,13255624.444444444,1,1336.633693717948,30133280,58980000,1,persistent,1000.0,450.0,1450.0,150.0,146.2740466899432,1000.0,1336.633693717948,0,1,336.6336937179482,0.0,106,16,22,113.36630628205194,0,round_censored
coarse-f16-h6-u25,persistent,16,6,0.25,102,confirmation_coarse-f16-h6-u25_s102,13,25,144037,145417,1568338881,1582858881,14520000,1,0,,4417280,18628960,18628960,19768000,-0.06114350988997776,1,1,1,1,14068000,1,1,1,1.0,1.0,262926,hold,0,8,0,0,8,0,8,7,14996020.64516129,1,1319.8020016452908,14520000,30156000,1,persistent,1000.0,450.0,1450.0,150.0,146.2740466899432,1000.0,1319.8020016452908,0,1,319.8020016452908,0.0,106,16,22,130.19799835470917,1,
coarse-f16-h6-u25,persistent,16,6,0.25,102,confirmation_coarse-f16-h6-u25_s102,16,41,144097,146910,1568938720,1598154720,29216000,1,0,,1912159,16932000,16932000,17264000,-0.0196078431372549,1,1,1,1,28550879,2,2,2,1.0,1.0,262926,hold,1,7,1,0,33,0,7,7,7082418.786516854,1,1337.1081277919059,29216000,44798720,1,persistent,1000.0,450.0,1450.0,150.0,146.2740466899432,1000.0,1337.1081277919059,0,1,337.1081277919058,0.0,106,16,22,112.89187220809413,1,
coarse-f16-h6-u25,persistent,16,6,0.25,102,confirmation_coarse-f16-h6-u25_s102,5,50,144138,146955,1569386721,1598559680,29172959,1,0,,2052000,59419840,59419840,54943202,0.07533911232342598,0,0,0,0,28388959,2,2,2,1.0,1.0,262926,hold,1,7,1,0,24,2,7,5,13092356.984615386,1,1343.3518699663368,29172959,44798720,1,persistent,1000.0,450.0,1450.0,150.0,146.2740466899432,1000.0,1343.3518699663368,0,1,343.35186996633684,0.0,106,16,22,106.64813003366316,1,
coarse-f16-h6-u25,persistent,16,6,0.25,102,confirmation_coarse-f16-h6-u25_s102,8,39,144157,145553,1569531520,1584139841,14608321,1,0,,2906239,14942880,14942880,14939839,0.00020350829291274506,0,1,1,1,14276321,1,1,1,1.0,1.0,262926,hold,0,8,0,0,8,0,8,7,7397503.711111112,1,1321.022823591069,14608321,30133280,1,persistent,1000.0,450.0,1450.0,150.0,146.2740466899432,1000.0,1321.022823591069,0,1,321.02282359106897,0.0,106,16,22,128.97717640893097,1,
coarse-f16-h6-u25,persistent,16,6,0.25,102,confirmation_coarse-f16-h6-u25_s102,1,44,144261,147091,1570756001,1599868001,29112000,1,0,,7336160,18049120,18049120,25404000,-0.4074924428448589,1,1,1,1,28208000,2,2,2,1.0,1.0,262926,hold,1,8,0,1,14,0,8,7,15010772.537313433,1,1340.8855453584915,29112000,44798720,1,persistent,1000.0,450.0,1450.0,150.0,146.2740466899432,1000.0,1340.8855453584918,0,1,340.88554535849164,0.0,106,16,22,109.11445464150847,1,
coarse-f16-h6-u25,persistent,16,6,0.25,102,confirmation_coarse-f16-h6-u25_s102,3,46,144605,147433,1574263360,1603334721,29071361,1,0,,704639,58847840,58847840,55749440,0.05265104037803257,0,0,0,1,28407361,2,2,2,1.0,1.0,262926,hold,1,7,1,0,18,1,8,8,18176071.358208954,1,1339.6995137195026,29071361,44798720,1,persistent,1000.0,450.0,1450.0,150.0,146.2740466899432,1000.0,1339.6995137195029,0,1,339.69951371950276,0.0,106,16,22,110.30048628049735,1,
coarse-f16-h6-u25,persistent,16,6,0.25,102,confirmation_coarse-f16-h6-u25_s102,6,35,145352,146781,1582231360,1596839360,14608000,1,0,,873121,20773919,20773919,21388640,-0.029590998212710853,1,1,1,1,14270880,1,1,1,1.0,1.0,262926,hold,0,8,0,0,8,0,8,8,9135892.857142856,1,1343.703167380379,14608000,30133280,1,persistent,1000.0,450.0,1450.0,150.0,146.2740466899432,1000.0,1343.7031673803792,0,1,343.7031673803791,0.0,106,16,22,106.296832619621,1,
coarse-f16-h6-u25,persistent,16,6,0.25,102,confirmation_coarse-f16-h6-u25_s102,13,26,145417,146863,1582858881,1597662881,14804000,1,0,,4049280,19768000,19768000,19043040,0.03667341157426143,0,1,1,1,14352000,1,1,1,1.0,1.0,262926,hold,0,8,0,0,8,0,8,7,15008168.421052631,1,1357.5308951046238,14804000,30133280,1,persistent,1000.0,450.0,1450.0,150.0,146.2740466899432,1000.0,1357.5308951046238,0,1,357.5308951046239,0.0,106,16,22,92.46910489537618,1,
coarse-f16-h6-u25,persistent,16,6,0.25,102,confirmation_coarse-f16-h6-u25_s102,8,40,145553,,1584139841,,,0,1,hold_exit_before_slot_completion,3236160,14939839,14939839,,,,,,,0,0,1,1,1.0,0.0,262926,hold,1,7,0,0,31,0,7,7,6991456.022222222,1,1355.7317338247271,14607679,29882720,1,persistent,1000.0,450.0,1450.0,150.0,146.2740466899432,1000.0,1355.7317338247274,0,1,355.7317338247274,0.0,106,16,22,94.26826617527286,0,round_censored
coarse-f16-h6-u25,persistent,16,6,0.25,102,confirmation_coarse-f16-h6-u25_s102,7,37,145573,147030,1584432161,1599372161,14940000,1,0,,2913120,18995040,18995040,14688000,0.2267455083011144,0,0,0,0,14608000,1,1,1,1.0,1.0,262926,hold,0,8,0,0,8,0,8,6,9684974.222222222,1,1362.4814039766661,14940000,29882720,1,persistent,1000.0,450.0,1450.0,150.0,146.2740466899432,1000.0,1362.4814039766663,0,1,362.48140397666634,0.0,106,16,22,87.51859602333388,1,
coarse-f16-h6-u25,persistent,16,6,0.25,102,confirmation_coarse-f16-h6-u25_s102,9,52,145607,147040,1584798721,1599477280,14678559,1,0,,337441,59250399,59250399,55201280,0.06833910097381792,0,0,0,0,14346559,1,1,1,1.0,1.0,262926,hold,0,8,0,0,8,0,8,6,13009081.27027027,1,1361.590644778877,14678559,29882720,1,persistent,1000.0,450.0,1450.0,150.0,146.2740466899432,1000.0,1361.5906447788775,0,1,361.5906447788774,0.0,106,16,22,88.40935522112295,1,
coarse-f16-h6-u25,persistent,16,6,0.25,102,confirmation_coarse-f16-h6-u25_s102,11,49,146494,147929,1593767681,1608375681,14608000,1,0,,2245280,21252959,21252959,20437918,0.03834953052890188,0,1,1,1,14276000,1,1,1,1.0,1.0,262926,hold,0,8,0,0,8,0,8,6,10372822.720930232,1,1352.2852369861105,14608000,29882720,1,persistent,1000.0,450.0,1450.0,150.0,146.2740466899432,1000.0,1352.2852369861107,0,1,352.28523698611076,0.0,106,16,22,97.71476301388952,1,
coarse-f16-h6-u25,persistent,16,6,0.25,102,confirmation_coarse-f16-h6-u25_s102,14,54,146728,149665,1596321281,1625537281,29216000,1,0,,917280,23318720,23318720,15405921,0.33933247622511015,0,0,0,0,28552000,2,2,2,1.0,1.0,262926,hold,1,7,1,0,28,0,7,6,8341584.181818182,1,1361.3280699333413,29216000,44968000,1,persistent,1000.0,450.0,1450.0,150.0,146.2740466899432,1000.0,1361.3280699333413,0,1,361.3280699333414,0.0,106,16,22,88.67193006665866,1,
coarse-f16-h6-u25,persistent,16,6,0.25,102,confirmation_coarse-f16-h6-u25_s102,6,36,146781,148232,1596839360,1611447360,14608000,1,0,,850240,21388640,21388640,16717759,0.21838139311335364,0,0,0,0,14276000,1,1,1,1.0,1.0,262926,hold,0,8,0,0,8,0,8,8,8277621.066666666,1,1362.135261147868,14608000,30080000,1,persistent,1000.0,450.0,1450.0,150.0,146.2740466899432,1000.0,1362.1352611478683,0,1,362.1352611478682,0.0,106,16,22,87.86473885213195,1,
coarse-f16-h6-u25,persistent,16,6,0.25,102,confirmation_coarse-f16-h6-u25_s102,12,57,146824,149731,1597318560,1626153280,28834720,1,0,,645280,47994880,47994880,51871839,-0.08077859555019203,1,1,1,1,28170720,2,2,2,1.0,1.0,262926,hold,1,7,1,0,27,0,6,5,10593532.328125,1,1360.1896465423813,28834720,44968000,1,persistent,1000.0,450.0,1450.0,150.0,146.2740466899432,1000.0,1360.1896465423813,0,1,360.18964654238124,0.0,106,16,22,89.8103534576187,1,
coarse-f16-h6-u25,persistent,16,6,0.25,102,confirmation_coarse-f16-h6-u25_s102,13,27,146863,149826,1597662881,1626986881,29324000,1,0,,3513280,19043040,19043040,10700000,0.43811492282744774,0,0,0,0,14076000,1,2,2,1.0,0.5,262926,hold,0,8,0,0,8,0,8,7,13172181.176470589,1,1359.226840987111,29324000,44968000,1,persistent,1000.0,450.0,1450.0,150.0,146.2740466899432,1000.0,1359.226840987111,0,1,359.22684098711113,0.0,106,16,22,90.77315901288898,1,
coarse-f16-h6-u25,persistent,16,6,0.25,102,confirmation_coarse-f16-h6-u25_s102,16,42,146910,,1598154720,,,0,1,hold_exit_before_slot_completion,1580159,17264000,17264000,,,,,,,0,0,1,1,1.0,0.0,262926,hold,1,7,0,0,29,0,8,8,7120870.111111111,1,1359.8117255523362,14608000,30080000,1,persistent,1000.0,450.0,1450.0,150.0,146.2740466899432,1000.0,1359.8117255523364,0,1,359.8117255523364,0.0,106,16,22,90.18827444766384,0,round_censored
coarse-f16-h6-u25,persistent,16,6,0.25,102,confirmation_coarse-f16-h6-u25_s102,5,51,146955,149938,1598559680,1628052480,29492800,1,0,,418239,54943202,54943202,53280639,0.03025966706490823,0,0,1,1,28713759,2,2,2,1.0,1.0,262926,hold,1,7,1,0,7,0,7,5,16097010.830508474,1,1360.3768349866848,29492800,58330239,1,persistent,1000.0,450.0,1450.0,150.0,146.2740466899432,1000.0,1360.3768349866848,0,1,360.3768349866849,0.0,106,16,22,89.6231650133152,1,
coarse-f16-h6-u25,persistent,16,6,0.25,102,confirmation_coarse-f16-h6-u25_s102,7,38,147030,,1599372161,,,0,1,hold_exit_before_slot_completion,5228160,14688000,14688000,,,,,,,0,0,1,1,1.0,0.0,262926,hold,1,7,0,0,20,0,8,6,8012502.857142857,1,1362.7015616624199,14611840,30080000,1,persistent,1000.0,450.0,1450.0,150.0,146.2740466899432,1000.0,1362.7015616624203,0,1,362.7015616624202,0.0,106,16,22,87.29843833758014,0,round_censored
coarse-f16-h6-u25,persistent,16,6,0.25,102,confirmation_coarse-f16-h6-u25_s102,9,53,147040,148511,1599477280,1614142400,14665120,1,0,,0,55201280,55201280,56101119,-0.016301053163984603,1,1,1,1,14333120,1,1,1,1.0,1.0,262926,hold,0,8,0,0,8,0,7,6,11663584.3125,1,1350.8036786257126,14665120,30080000,1,persistent,1000.0,450.0,1450.0,150.0,146.2740466899432,1000.0,1350.8036786257126,0,1,350.80367862571256,0.0,106,16,22,99.19632137428744,1,
coarse-f16-h6-u25,persistent,16,6,0.25,102,confirmation_coarse-f16-h6-u25_s102,1,45,147091,151412,1599868001,1643248001,43380000,1,0,,3845280,25404000,25404000,8588000,0.6619430011021886,0,0,0,0,28124000,2,3,3,1.0,0.6666666666666666,262926,hold,1,8,0,1,10,0,8,7,12666944.896226415,1,1352.5951420770245,43380000,59884000,1,persistent,1000.0,450.0,1450.0,150.0,146.2740466899432,1000.0,1352.5951420770245,0,1,352.59514207702455,0.0,106,16,22,97.40485792297545,1,
coarse-f16-h6-u25,persistent,16,6,0.25,102,confirmation_coarse-f16-h6-u25_s102,3,47,147433,148911,1603334721,1618087360,14752639,1,0,,253280,55749440,55749440,49409280,0.11372598540900142,0,0,0,0,14420639,1,1,1,1.0,1.0,262926,hold,0,8,0,0,8,0,7,7,11023300.0625,1,1351.1626041195987,14752639,30080000,1,persistent,1000.0,450.0,1450.0,150.0,146.2740466899432,1000.0,1351.1626041195987,0,1,351.1626041195987,0.0,106,16,22,98.83739588040135,1,
coarse-f16-h6-u25,persistent,16,6,0.25,102,confirmation_coarse-f16-h6-u25_s102,11,50,147929,149379,1608375681,1622735360,14359679,1,0,,1576321,20437918,20437918,10843361,0.4694488450340196,0,0,0,0,0,0,1,1,1.0,0.0,262926,hold,0,8,0,0,8,0,8,6,7676480.113636363,1,1362.9544517983572,14359679,30080000,1,persistent,1000.0,450.0,1450.0,150.0,146.2740466899432,1000.0,1362.9544517983575,0,1,362.9544517983575,0.0,106,16,22,87.04554820164276,1,
coarse-f16-h6-u25,persistent,16,6,0.25,102,confirmation_coarse-f16-h6-u25_s102,6,37,148232,149701,1611447360,1625882721,14435361,1,0,,2577280,16717759,16717759,15436481,0.07664173170578664,0,0,1,1,14103361,1,1,1,1.0,1.0,262926,hold,0,8,0,0,8,0,8,8,7044404.204545454,1,1358.439714640061,14435361,29805120,1,persistent,1000.0,450.0,1450.0,150.0,146.2740466899432,1000.0,1358.4397146400609,0,1,358.43971464006086,0.0,106,16,22,91.56028535993892,1,
coarse-f16-h6-u25,persistent,16,6,0.25,102,confirmation_coarse-f16-h6-u25_s102,9,54,148511,151460,1614142400,1643690400,29548000,1,0,,270720,56101119,56101119,52478242,0.06457762455682925,0,0,0,1,28552000,2,2,2,1.0,1.0,262926,hold,1,7,1,0,30,0,6,5,13243618.342857143,1,1350.2294154708256,29548000,57908000,1,persistent,1000.0,450.0,1450.0,150.0,146.2740466899432,1000.0,1350.2294154708256,0,1,350.2294154708256,0.0,106,16,22,99.77058452917436,1,
coarse-f16-h6-u25,persistent,16,6,0.25,102,confirmation_coarse-f16-h6-u25_s102,3,48,148911,151860,1618087360,1647967360,29880000,1,0,,253280,49409280,49409280,53740161,-0.08765318984611797,1,1,1,1,29216000,2,2,2,1.0,1.0,262926,hold,1,8,0,1,44,0,7,7,11591711.355263159,1,1360.1470296868401,29880000,44664000,1,persistent,1000.0,450.0,1450.0,150.0,146.2740466899432,1000.0,1360.1470296868401,0,1,360.14702968684014,0.0,106,16,22,89.85297031315986,1,
coarse-f16-h6-u25,persistent,16,6,0.25,102,confirmation_coarse-f16-h6-u25_s102,14,55,149665,151114,1625537281,1640157441,14620160,1,0,,1588160,15405921,15405921,11300160,0.26650539101167664,0,0,0,0,0,0,1,1,1.0,0.0,262926,hold,0,8,0,0,8,0,7,7,7326516.804878049,1,1351.2344556541427,14620160,29880000,1,persistent,1000.0,450.0,1450.0,150.0,146.2740466899432,1000.0,1351.2344556541427,0,1,351.23445565414266,0.0,106,16,22,98.76554434585728,1,
coarse-f16-h6-u25,persistent,16,6,0.25,102,confirmation_coarse-f16-h6-u25_s102,6,38,149701,151177,1625882721,1640821441,14938720,1,0,,248160,15436481,15436481,11451361,0.25816246591434927,0,0,0,1,0,0,1,1,1.0,0.0,262926,hold,0,8,0,0,8,0,8,8,7150307.7441860465,1,1349.7020688875773,14938720,29880000,1,persistent,1000.0,450.0,1450.0,150.0,146.2740466899432,1000.0,1349.702068887577,0,1,349.70206888757707,0.0,106,16,22,100.2979311124227,1,
coarse-f16-h6-u25,persistent,16,6,0.25,102,confirmation_coarse-f16-h6-u25_s102,12,58,149731,152584,1626153280,1655421280,29268000,1,0,,709280,51871839,51871839,58459041,-0.1269899453535858,1,1,1,1,28484000,2,2,2,1.0,1.0,262926,hold,1,8,0,1,19,0,8,6,17977564.970588237,1,1343.2630577139566,29268000,44566720,1,persistent,1000.0,450.0,1450.0,150.0,146.2740466899432,1000.0,1343.2630577139566,0,1,343.26305771395664,0.0,106,16,22,106.73694228604336,1,
coarse-f16-h6-u25,persistent,16,6,0.25,102,confirmation_coarse-f16-h6-u25_s102,5,52,149938,152802,1628052480,1657587360,29534880,1,0,,1029280,53280639,53280639,56864639,-0.06726646052424409,1,1,1,1,28630880,2,2,2,1.0,1.0,262926,hold,1,8,0,1,39,0,8,6,11657068.811594203,1,1341.6610372359837,29534880,44566720,1,persistent,1000.0,450.0,1450.0,150.0,146.2740466899432,1000.0,1341.6610372359835,0,1,341.6610372359836,0.0,106,16,22,108.33896276401629,1,
coarse-f16-h6-u25,persistent,16,6,0.25,102,confirmation_coarse-f16-h6-u25_s102,10,23,150739,152121,1636228001,1650702080,14474079,1,0,,517760,16335520,16335520,15420799,0.055995829946031715,0,1,1,1,14142079,1,1,1,1.0,1.0,262926,hold,0,8,0,0,8,0,8,6,7741862.204545454,1,1353.327955364096,14474079,29958720,1,persistent,1000.0,450.0,1450.0,150.0,146.2740466899432,1000.0,1353.327955364096,0,1,353.3279553640959,0.0,106,16,22,96.67204463590406,1,
coarse-f16-h6-u25,persistent,16,6,0.25,102,confirmation_coarse-f16-h6-u25_s102,16,43,151287,152704,1641978720,1656586720,14608000,1,0,,2244159,14608000,14608000,18592000,-0.2727272727272727,1,1,1,1,14276000,1,1,1,1.0,1.0,262926,hold,0,8,0,0,8,0,5,5,6973314.555555556,1,1340.235041603477,14608000,29958720,1,persistent,1000.0,450.0,1450.0,150.0,146.2740466899432,1000.0,1340.235041603477,0,1,340.2350416034769,0.0,106,16,22,109.76495839652307,1,
coarse-f16-h6-u25,persistent,16,6,0.25,102,confirmation_coarse-f16-h6-u25_s102,9,55,151460,,1643690400,,,0,1,observation_end_right_censored,1951359,52478242,52478242,,,,,,,14244321,1,1,1,1.0,1.0,262926,hold,1,7,0,0,15,0,7,6,16226499.045454545,1,1333.0413039442483,29096959,44966720,1,persistent,1000.0,450.0,1450.0,150.0,146.2740466899432,1000.0,1333.0413039442483,0,1,333.0413039442483,0.0,106,16,22,116.95869605575172,0,round_censored
coarse-f16-h6-u25,persistent,16,6,0.25,102,confirmation_coarse-f16-h6-u25_s102,7,39,151478,152882,1643860161,1658298400,14438239,1,0,,0,17181440,17181440,17342720,-0.009386873277210758,1,1,1,1,14106239,1,1,1,1.0,1.0,262926,hold,0,8,0,0,8,0,8,6,13106914.35135135,1,1328.071366709676,14438239,29958720,1,persistent,1000.0,450.0,1450.0,150.0,146.2740466899432,1000.0,1328.071366709676,0,1,328.07136670967617,0.0,106,16,22,121.92863329032389,1,
coarse-f16-h6-u25,persistent,16,6,0.25,102,confirmation_coarse-f16-h6-u25_s102,3,49,151860,,1647967360,,,0,1,observation_end_right_censored,469919,53740161,53740161,,,,,,,14303359,1,1,1,1.0,1.0,262926,hold,1,7,0,0,24,0,7,7,11113210.96226415,1,1335.315297988748,28821919,43824000,1,persistent,1000.0,450.0,1450.0,150.0,146.2740466899432,1000.0,1335.3152979887482,0,1,335.3152979887481,0.0,106,16,22,114.68470201125206,0,round_censored
coarse-f16-h6-u25,persistent,16,6,0.25,102,confirmation_coarse-f16-h6-u25_s102,10,24,152121,,1650702080,,,0,1,observation_end_right_censored,465921,15420799,15420799,,,,,,,14239361,1,1,1,1.0,1.0,262926,hold,1,7,0,0,21,0,8,6,7350941.98245614,1,1335.4334299117481,28821919,43824000,1,persistent,1000.0,450.0,1450.0,150.0,146.2740466899432,1000.0,1335.4334299117481,0,1,335.43342991174825,0.0,106,16,22,114.56657008825186,0,round_censored
coarse-f16-h6-u25,persistent,16,6,0.25,102,confirmation_coarse-f16-h6-u25_s102,12,59,152584,,1655421280,,,0,1,observation_end_right_censored,2571999,58459041,58459041,,,,,,,0,0,0,0,,,262926,hold,0,0,0,0,0,0,0,0,15403936.484848484,1,1333.2725754519622,14500000,29694720,1,persistent,1000.0,450.0,1450.0,150.0,146.2740466899432,1000.0,1333.2725754519622,0,1,333.2725754519623,0.0,106,16,22,116.72742454803779,0,round_censored
coarse-f16-h6-u25,persistent,16,6,0.25,102,confirmation_coarse-f16-h6-u25_s102,6,39,152589,,1655430721,,,0,1,observation_end_right_censored,912160,14279840,14279840,,,,,,,0,0,0,0,,,262926,hold,1,0,0,0,0,0,0,0,9875299.11904762,1,1340.5208850789675,14487679,29694720,1,persistent,1000.0,450.0,1450.0,150.0,146.2740466899432,1000.0,1340.5208850789675,0,1,340.52088507896747,0.0,106,16,22,109.47911492103253,0,round_censored
coarse-f16-h6-u25,persistent,16,6,0.25,102,confirmation_coarse-f16-h6-u25_s102,13,28,152697,,1656486881,,,0,1,observation_end_right_censored,5505280,14944000,14944000,,,,,,,0,0,0,0,,,262926,hold,0,0,0,0,0,0,0,0,14449302.068965517,1,1339.9360028745957,14487679,29694720,1,persistent,1000.0,450.0,1450.0,150.0,146.2740466899432,1000.0,1339.9360028745957,0,1,339.9360028745958,0.0,106,16,22,110.06399712540428,0,round_censored
coarse-f16-h6-u25,persistent,16,6,0.25,102,confirmation_coarse-f16-h6-u25_s102,16,44,152704,,1656586720,,,0,1,observation_end_right_censored,2244159,18592000,18592000,,,,,,,0,0,0,0,,,262926,hold,1,0,0,0,0,0,0,0,6698914.27027027,1,1335.7212399638242,14487679,29694720,1,persistent,1000.0,450.0,1450.0,150.0,146.2740466899432,1000.0,1335.7212399638242,0,1,335.7212399638242,0.0,106,16,22,114.27876003617575,0,round_censored
coarse-f16-h6-u25,persistent,16,6,0.25,102,confirmation_coarse-f16-h6-u25_s102,15,38,152740,,1656970400,,,0,1,observation_end_right_censored,2407519,17176641,17176641,,,,,,,0,0,0,0,,,262926,hold,1,0,0,0,0,0,0,0,9771127.121212121,1,1329.1268937164466,14445761,29694720,1,persistent,1000.0,450.0,1450.0,150.0,146.2740466899432,1000.0,1329.1268937164466,0,1,329.1268937164466,0.0,106,16,22,120.8731062835534,0,round_censored
coarse-f16-h6-u25,persistent,16,6,0.25,102,confirmation_coarse-f16-h6-u25_s102,5,53,152802,,1657587360,,,0,1,observation_end_right_censored,921280,56864639,56864639,,,,,,,0,0,0,0,,,262926,hold,1,0,0,0,0,0,0,0,15859453.620689655,1,1328.2209094434609,14445761,29694720,1,persistent,1000.0,450.0,1450.0,150.0,146.2740466899432,1000.0,1328.2209094434609,0,1,328.2209094434609,0.0,106,16,22,121.77909055653913,0,round_censored
coarse-f16-h6-u25,persistent,16,6,0.25,102,confirmation_coarse-f16-h6-u25_s102,7,40,152882,,1658298400,,,0,1,observation_end_right_censored,2104160,17342720,17342720,,,,,,,0,0,0,0,,,262926,hold,0,0,0,0,0,0,0,0,11981016.5,1,1321.3037892185378,14383680,29694720,1,persistent,1000.0,450.0,1450.0,150.0,146.2740466899432,1000.0,1321.3037892185378,0,1,321.3037892185378,0.0,106,16,22,128.69621078146224,0,round_censored
coarse-f16-h6-u25,persistent,16,6,0.25,102,confirmation_coarse-f16-h6-u25_s102,2,18,153254,,1662190721,,,0,1,observation_end_right_censored,9029280,16964000,16964000,,,,,,,0,0,0,0,,,262926,hold,0,0,0,0,0,0,0,0,15875946.666666666,1,1319.1917956894033,14383680,29694720,1,persistent,1000.0,450.0,1450.0,150.0,146.2740466899432,1000.0,1319.191795689403,0,1,319.19179568940314,0.0,106,16,22,130.8082043105967,0,round_censored
coarse-f16-h6-u25,persistent,16,6,0.25,102,confirmation_coarse-f16-h6-u25_s102,11,51,153645,,1666385441,,,0,1,observation_end_right_censored,3224799,17944481,17944481,,,,,,,0,0,0,0,,,262926,hold,0,0,0,0,0,0,0,0,11241920.625,1,1331.5908943748343,14383680,15011359,1,persistent,1000.0,450.0,1450.0,150.0,146.2740466899432,1000.0,1331.590894374834,0,1,331.590894374834,0.0,106,16,22,118.4091056251657,0,round_censored
coarse-f16-h6-u25,persistent,16,6,0.25,103,confirmation_coarse-f16-h6-u25_s103,4,0,22273,25729,280618721,324199681,43580960,1,0,,2318880,21501280,21501280,22908000,-0.06542494214297939,1,1,1,1,42590080,3,3,3,1.0,1.0,262926,hold,0,8,0,0,8,0,7,4,10340522.857142856,1,1325.073297506321,43580960,62855840,1,persistent,1000.0,450.0,1450.0,150.0,145.87184226740604,1000.0,1325.0732975063213,0,1,325.0732975063212,0.0,99,16,29,124.92670249367893,1,
coarse-f16-h6-u25,persistent,16,6,0.25,103,confirmation_coarse-f16-h6-u25_s103,11,0,22507,24908,283363681,313154721,29791040,1,0,,4579520,25553760,25553760,27988960,-0.09529713044186061,1,1,1,1,29127040,2,2,2,1.0,1.0,262926,hold,0,8,0,0,8,0,8,7,11353753.6,1,1356.94625771526,29791040,46787840,1,persistent,1000.0,450.0,1450.0,150.0,145.87184226740604,1000.0,1356.94625771526,0,1,356.94625771525983,0.0,99,16,29,93.05374228474011,1,
coarse-f16-h6-u25,persistent,16,6,0.25,103,confirmation_coarse-f16-h6-u25_s103,2,0,22553,26069,284017441,328634721,44617280,1,0,,2324000,21833280,21833280,23068000,-0.05655219921147899,1,1,1,1,42704000,3,3,3,1.0,1.0,262926,hold,0,8,0,0,8,0,7,6,12676047.05882353,1,1325.8266928447647,44617280,62855840,1,persistent,1000.0,450.0,1450.0,150.0,145.87184226740604,1000.0,1325.8266928447647,0,1,325.8266928447646,0.0,99,16,29,124.1733071552353,1,
coarse-f16-h6-u25,persistent,16,6,0.25,103,confirmation_coarse-f16-h6-u25_s103,16,0,22565,,284032801,,,0,1,hold_exit_before_slot_completion,15360,23809920,23809920,,,,,,,502428639,35,36,36,1.0,0.9722222222222222,262926,hold,1,7,0,0,415,0,7,4,11745584.38390093,1,1284.8421167203028,534037759,559552000,1,persistent,1000.0,450.0,1450.0,150.0,145.87184226740604,1000.0,1284.8421167203028,0,1,284.8421167203027,0.0,99,16,29,165.15788327969722,0,round_censored
coarse-f16-h6-u25,persistent,16,6,0.25,103,confirmation_coarse-f16-h6-u25_s103,12,0,22732,23997,286262721,300959681,14696960,1,0,,6561280,21574880,21574880,25475040,-0.18077319549401896,1,1,1,1,14276000,1,1,1,1.0,1.0,262926,hold,0,8,0,0,8,0,7,5,14101523.2,1,1379.3342103397786,14696960,31955840,1,persistent,1000.0,450.0,1450.0,150.0,145.87184226740604,1000.0,1379.3342103397786,0,1,379.3342103397786,0.0,99,16,29,70.66578966022144,1,
coarse-f16-h6-u25,persistent,16,6,0.25,103,confirmation_coarse-f16-h6-u25_s103,5,0,22796,,286931841,,,0,1,hold_exit_before_slot_completion,516800,14676480,14676480,,,,,,,0,0,1,1,1.0,0.0,262926,hold,1,6,0,0,6,0,8,6,9473001.142857144,1,1378.8652914918353,14608000,31955840,1,persistent,1000.0,450.0,1450.0,150.0,145.87184226740604,1000.0,1378.8652914918353,0,1,378.8652914918352,0.0,99,16,29,71.13470850816475,0,round_censored
coarse-f16-h6-u25,persistent,16,6,0.25,103,confirmation_coarse-f16-h6-u25_s103,7,0,22872,,287748161,,,0,1,hold_exit_before_slot_completion,742720,24236000,24236000,,,,,,,533037120,37,38,38,1.0,0.9736842105263158,262926,hold,1,7,0,0,402,0,5,5,14524880.657534247,1,1283.3937694076828,567630560,592288000,1,persistent,1000.0,450.0,1450.0,150.0,145.87184226740604,1000.0,1283.3937694076828,0,1,283.3937694076829,0.0,99,16,29,166.60623059231716,0,round_censored
coarse-f16-h6-u25,persistent,16,6,0.25,103,confirmation_coarse-f16-h6-u25_s103,10,0,22976,25364,288923841,319418401,30494560,1,0,,1918400,26217760,26217760,33793600,-0.28895832443351377,1,1,1,1,28507680,2,2,2,1.0,1.0,262926,hold,0,8,0,0,8,0,7,7,10874183.225806452,1,1314.4668459817717,30494560,46430400,1,persistent,1000.0,450.0,1450.0,150.0,145.87184226740604,1000.0,1314.4668459817717,0,1,314.4668459817716,0.0,99,16,29,135.5331540182283,1,
coarse-f16-h6-u25,persistent,16,6,0.25,103,confirmation_coarse-f16-h6-u25_s103,8,0,23350,25622,293392161,322842721,29450560,1,0,,253280,15256640,15256640,22874880,-0.49933930406695054,1,1,1,1,28786560,2,2,2,1.0,1.0,262926,hold,1,7,1,0,8,0,8,8,11601248.0,1,1304.3606867394894,29450560,58094880,1,persistent,1000.0,450.0,1450.0,150.0,145.87184226740604,1000.0,1304.3606867394897,0,1,304.3606867394896,0.0,99,16,29,145.63931326051056,1,
coarse-f16-h6-u25,persistent,16,6,0.25,103,confirmation_coarse-f16-h6-u25_s103,1,0,23458,25754,294562721,324531681,29968960,1,0,,580160,25901120,25901120,23909120,0.07690787116541678,0,0,1,1,28308960,2,2,2,1.0,1.0,262926,hold,1,7,1,0,8,0,8,7,12081543.529411765,1,1300.8684408181925,29968960,57935680,1,persistent,1000.0,450.0,1450.0,150.0,145.87184226740604,1000.0,1300.8684408181925,0,1,300.86844081819254,0.0,99,16,29,149.13155918180746,1,
coarse-f16-h6-u25,persistent,16,6,0.25,103,confirmation_coarse-f16-h6-u25_s103,12,1,23997,31283,300959681,391475681,90516000,1,0,,3905280,25475040,25475040,38015840,-0.4922779316538855,1,1,1,1,86899360,6,6,6,1.0,1.0,262926,hold,0,8,0,0,8,0,7,5,21922054.63414634,1,1270.1112039448094,90516000,117865760,1,persistent,1000.0,450.0,1450.0,150.0,145.87184226740604,1000.0,1270.1112039448094,0,1,270.1112039448094,0.0,99,16,29,179.8887960551906,1,
coarse-f16-h6-u25,persistent,16,6,0.25,103,confirmation_coarse-f16-h6-u25_s103,9,0,24399,,306514721,,,0,1,hold_exit_before_slot_completion,917280,16926880,16926880,,,,,,,57846720,4,5,5,1.0,0.8,262926,hold,1,7,0,0,45,0,6,5,8973706.315789474,1,1256.230219373761,74778720,102606560,1,persistent,1000.0,450.0,1450.0,150.0,145.87184226740604,1000.0,1256.230219373761,0,1,256.230219373761,0.0,99,16,29,193.76978062623903,0,round_censored
coarse-f16-h6-u25,persistent,16,6,0.25,103,confirmation_coarse-f16-h6-u25_s103,6,0,24525,25597,308000161,322529441,14529280,1,0,,2235040,17274240,17274240,17596000,-0.01862657923011374,1,1,1,1,14197280,1,1,1,1.0,1.0,262926,hold,0,8,0,0,8,0,8,7,10223064.615384616,1,1258.746456888569,14529280,31119040,1,persistent,1000.0,450.0,1450.0,150.0,145.87184226740604,1000.0,1258.746456888569,0,1,258.74645688856896,0.0,99,16,29,191.2535431114311,1,
coarse-f16-h6-u25,persistent,16,6,0.25,103,confirmation_coarse-f16-h6-u25_s103,11,1,24908,31095,313154721,389514721,76360000,1,0,,3811200,27988960,27988960,35964000,-0.28493520302290615,1,1,1,1,72263040,5,5,5,1.0,1.0,262926,hold,0,8,0,0,8,0,7,6,15969893.85620915,1,1258.7613845317935,76360000,103522720,1,persistent,1000.0,450.0,1450.0,150.0,145.87184226740604,1000.0,1258.7613845317937,0,1,258.7613845317937,0.0,99,16,29,191.2386154682065,1,
coarse-f16-h6-u25,persistent,16,6,0.25,103,confirmation_coarse-f16-h6-u25_s103,15,0,24983,26088,314042721,328846721,14804000,1,0,,1520320,16818720,16818720,16441920,0.02240360740888724,0,1,1,1,14346880,1,1,1,1.0,1.0,262926,hold,0,8,0,0,8,0,8,5,11187852.631578946,1,1247.853945567622,14804000,31208000,1,persistent,1000.0,450.0,1450.0,150.0,145.87184226740604,1000.0,1247.853945567622,0,1,247.85394556762213,0.0,99,16,29,202.14605443237792,1,
coarse-f16-h6-u25,persistent,16,6,0.25,103,confirmation_coarse-f16-h6-u25_s103,10,1,25364,27666,319418401,349010721,29592320,1,0,,120000,33793600,33793600,38776000,-0.1474362009374556,1,1,1,1,28781600,2,2,2,1.0,1.0,262926,hold,1,7,1,0,9,0,7,7,14670601.379310345,1,1230.6358238129185,29592320,46457760,1,persistent,1000.0,450.0,1450.0,150.0,145.87184226740604,1000.0,1230.6358238129187,0,1,230.63582381291863,0.0,99,16,29,219.3641761870815,1,
coarse-f16-h6-u25,persistent,16,6,0.25,103,confirmation_coarse-f16-h6-u25_s103,6,1,25597,26722,322529441,337058721,14529280,1,0,,2830560,17596000,17596000,19920480,-0.13210275062514207,1,1,1,1,14197280,1,1,1,1.0,1.0,262926,hold,0,8,0,0,8,0,8,7,9382757.647058824,1,1225.5800079252365,14529280,32052000,1,persistent,1000.0,450.0,1450.0,150.0,145.87184226740604,1000.0,1225.5800079252363,0,1,225.58000792523634,0.0,99,16,29,224.4199920747635,1,
coarse-f16-h6-u25,persistent,16,6,0.25,103,confirmation_coarse-f16-h6-u25_s103,8,1,25622,27927,322842721,352238721,29396000,1,0,,383840,22874880,22874880,24234560,-0.05943987465726596,1,1,1,1,28280000,2,2,2,1.0,1.0,262926,hold,1,7,1,0,15,0,8,8,12996786.849315068,1,1238.6708558233745,29396000,47980160,1,persistent,1000.0,450.0,1450.0,150.0,145.87184226740604,1000.0,1238.6708558233745,0,1,238.67085582337444,0.0,99,16,29,211.3291441766255,1,
coarse-f16-h6-u25,persistent,16,6,0.25,103,confirmation_coarse-f16-h6-u25_s103,4,1,25729,28008,324199681,353405441,29205760,1,0,,1249280,22908000,22908000,25299040,-0.10437576392526628,1,1,1,1,28501760,2,2,2,1.0,1.0,262926,hold,1,7,1,0,20,0,8,4,9189031.794871794,1,1237.108609956131,29205760,47980160,1,persistent,1000.0,450.0,1450.0,150.0,145.87184226740604,1000.0,1237.1086099561312,0,1,237.1086099561312,0.0,99,16,29,212.89139004386902,1,
coarse-f16-h6-u25,persistent,16,6,0.25,103,confirmation_coarse-f16-h6-u25_s103,1,1,25754,28121,324531681,354743681,30212000,1,0,,1665120,23909120,23909120,29549920,-0.23592670913860486,1,1,1,1,29542880,2,2,2,1.0,1.0,262926,hold,1,8,0,1,8,0,7,6,14239220.0,1,1235.7230503178384,30212000,47980160,1,persistent,1000.0,450.0,1450.0,150.0,145.87184226740604,1000.0,1235.7230503178387,0,1,235.72305031783867,0.0,99,16,29,214.27694968216156,1,
coarse-f16-h6-u25,persistent,16,6,0.25,103,confirmation_coarse-f16-h6-u25_s103,2,1,26069,29586,328634721,372702721,44068000,1,0,,965280,23068000,23068000,36889280,-0.5991538061383735,1,1,1,1,42788000,3,3,3,1.0,1.0,262926,hold,1,7,1,0,7,0,8,6,18168156.32183908,1,1245.6821579127707,44068000,64100160,1,persistent,1000.0,450.0,1450.0,150.0,145.87184226740604,1000.0,1245.6821579127704,0,1,245.68215791277046,0.0,99,16,29,204.31784208722934,1,
coarse-f16-h6-u25,persistent,16,6,0.25,103,confirmation_coarse-f16-h6-u25_s103,15,1,26088,28386,328846721,358002721,29156000,1,0,,3705280,16441920,16441920,20532000,-0.24875926899048287,1,1,1,1,28372000,2,2,2,1.0,1.0,262926,hold,1,7,1,0,23,0,8,5,10348583.783783784,1,1239.0999466408418,29156000,47980160,1,persistent,1000.0,450.0,1450.0,150.0,145.87184226740604,1000.0,1239.0999466408418,0,1,239.09994664084175,0.0,99,16,29,210.90005335915816,1,
coarse-f16-h6-u25,persistent,16,6,0.25,103,confirmation_coarse-f16-h6-u25_s103,5,1,26222,28561,330586401,360130721,29544320,1,0,,0,23392160,23392160,33479840,-0.4312419203699017,1,1,1,1,28212000,2,2,2,1.0,1.0,262926,hold,0,8,0,0,8,0,8,6,16308796.59574468,1,1233.5512485725246,29544320,58552000,1,persistent,1000.0,450.0,1450.0,150.0,145.87184226740604,1000.0,1233.5512485725244,0,1,233.55124857252446,0.0,99,16,29,216.44875142747537,1,
coarse-f16-h6-u25,persistent,16,6,0.25,103,confirmation_coarse-f16-h6-u25_s103,3,0,26233,28557,330757441,360089441,29332000,1,0,,817280,16586720,16586720,21464000,-0.29404728602158836,1,1,1,1,28428000,2,2,2,1.0,1.0,262926,hold,0,8,0,0,8,0,8,6,10741228.888888888,1,1231.1294589274016,29332000,47980160,1,persistent,1000.0,450.0,1450.0,150.0,145.87184226740604,1000.0,1231.1294589274014,0,1,231.1294589274015,0.0,99,16,29,218.87054107259837,1,
coarse-f16-h6-u25,persistent,16,6,0.25,103,confirmation_coarse-f16-h6-u25_s103,6,2,26722,27853,337058721,351413441,14354720,1,0,,2324000,19920480,19920480,20330720,-0.020593881271937224,1,1,1,1,14022720,1,1,1,1.0,1.0,262926,hold,0,8,0,0,8,0,8,7,11976617.142857144,1,1244.6422158104433,14354720,31912160,1,persistent,1000.0,450.0,1450.0,150.0,145.87184226740604,1000.0,1244.642215810443,0,1,244.642215810443,0.0,99,16,29,205.3577841895567,1,
coarse-f16-h6-u25,persistent,16,6,0.25,103,confirmation_coarse-f16-h6-u25_s103,14,0,26819,29253,338418721,368676161,30257440,1,0,,2645280,19736000,19736000,26645120,-0.35007701661937574,1,1,1,1,28661440,2,2,2,1.0,1.0,262926,hold,0,8,0,0,8,0,8,5,15361330.666666666,1,1239.4241017089716,30257440,58752480,1,persistent,1000.0,450.0,1450.0,150.0,145.87184226740604,1000.0,1239.4241017089714,0,1,239.42410170897145,0.0,99,16,29,210.57589829102835,1,
coarse-f16-h6-u25,persistent,16,6,0.25,103,confirmation_coarse-f16-h6-u25_s103,10,2,27666,30063,349010721,378062881,29052160,1,0,,227200,38776000,38776000,37342560,0.03696719620383743,0,0,1,1,28056160,2,2,2,1.0,1.0,262926,hold,0,8,0,0,8,0,8,8,11334334.246575342,1,1258.164649596075,29052160,48032160,1,persistent,1000.0,450.0,1450.0,150.0,145.87184226740604,1000.0,1258.164649596075,0,1,258.1646495960749,0.0,99,16,29,191.83535040392508,1,
coarse-f16-h6-u25,persistent,16,6,0.25,103,confirmation_coarse-f16-h6-u25_s103,6,3,27853,29015,351413441,365947841,14534400,1,0,,3494560,20330720,20330720,17522400,0.1381318517002841,0,0,0,1,14202400,1,1,1,1.0,1.0,262926,hold,0,8,0,0,8,0,7,7,8867076.0,1,1237.3706125296696,14534400,30257440,1,persistent,1000.0,450.0,1450.0,150.0,145.87184226740604,1000.0,1237.3706125296696,0,1,237.37061252966956,0.0,99,16,29,212.62938747033036,1,
coarse-f16-h6-u25,persistent,16,6,0.25,103,confirmation_coarse-f16-h6-u25_s103,8,2,27927,29081,352238721,366674721,14436000,1,0,,3193280,24234560,24234560,17430560,0.28075607727146684,0,0,0,0,14104000,1,1,1,1.0,1.0,262926,hold,0,8,0,0,8,0,7,7,13207571.764705881,1,1240.7288006516148,14436000,32048160,1,persistent,1000.0,450.0,1450.0,150.0,145.87184226740604,1000.0,1240.7288006516146,0,1,240.7288006516147,0.0,99,16,29,209.27119934838515,1,
coarse-f16-h6-u25,persistent,16,6,0.25,103,confirmation_coarse-f16-h6-u25_s103,4,2,28008,29214,353405441,368077281,14671840,1,0,,1959840,25299040,25299040,29096800,-0.15011478696424846,1,1,1,1,14210880,1,1,1,1.0,1.0,262926,hold,1,7,1,0,21,0,8,4,8232408.421052632,1,1243.2785494743462,14671840,32048160,1,persistent,1000.0,450.0,1450.0,150.0,145.87184226740604,1000.0,1243.2785494743462,0,1,243.2785494743461,0.0,99,16,29,206.72145052565384,1,
coarse-f16-h6-u25,persistent,16,6,0.25,103,confirmation_coarse-f16-h6-u25_s103,1,2,28121,29322,354743681,369351681,14608000,1,0,,4498880,29549920,29549920,31856640,-0.07806180185936205,1,1,1,1,14276000,1,1,1,1.0,1.0,262926,hold,0,8,0,0,8,0,8,7,12380065.88235294,1,1246.2133999951411,14608000,32048160,1,persistent,1000.0,450.0,1450.0,150.0,145.87184226740604,1000.0,1246.2133999951411,0,1,246.21339999514106,0.0,99,16,29,203.78660000485888,1,
coarse-f16-h6-u25,persistent,16,6,0.25,103,confirmation_coarse-f16-h6-u25_s103,15,2,28386,32255,358002721,402270721,44268000,1,0,,2773280,20532000,20532000,20708000,-0.008571985193843756,1,1,1,1,43032000,3,3,3,1.0,1.0,262926,hold,1,7,1,0,7,0,7,4,13024537.6,1,1273.1480501260708,44268000,62048160,1,persistent,1000.0,450.0,1450.0,150.0,145.87184226740604,1000.0,1273.148050126071,0,1,273.148050126071,0.0,99,16,29,176.85194987392924,1,
coarse-f16-h6-u25,persistent,16,6,0.25,103,confirmation_coarse-f16-h6-u25_s103,3,1,28557,49967,360089441,611137441,251048000,1,0,,2257280,21464000,21464000,32730080,-0.5248825941110697,1,1,1,1,243004000,17,17,17,1.0,1.0,262926,hold,0,8,0,0,8,0,8,6,13341021.773913043,1,1278.893987171893,251048000,270750719,1,persistent,1000.0,450.0,1450.0,150.0,145.87184226740604,1000.0,1278.8939871718928,0,1,278.89398717189283,0.0,99,16,29,171.10601282810694,1,
coarse-f16-h6-u25,persistent,16,6,0.25,103,confirmation_coarse-f16-h6-u25_s103,5,2,28561,31079,360130721,389325281,29194560,1,0,,573440,33479840,33479840,38248480,-0.14243317769738445,1,1,1,1,28530560,2,2,2,1.0,1.0,262926,hold,1,7,1,0,16,0,8,6,16575136.507936507,1,1271.0287139569577,29194560,46896160,1,persistent,1000.0,450.0,1450.0,150.0,145.87184226740604,1000.0,1271.0287139569577,0,1,271.0287139569577,0.0,99,16,29,178.97128604304226,1,
coarse-f16-h6-u25,persistent,16,6,0.25,103,confirmation_coarse-f16-h6-u25_s103,6,4,29015,30303,365947841,380629441,14681600,1,0,,580160,17522400,17522400,16921760,0.034278409350317306,0,1,1,1,14276000,1,1,1,1.0,1.0,262926,hold,0,8,0,0,8,0,8,7,8421596.279069768,1,1275.1247705356084,14681600,32048160,1,persistent,1000.0,450.0,1450.0,150.0,145.87184226740604,1000.0,1275.1247705356084,0,1,275.12477053560843,0.0,99,16,29,174.87522946439162,1,
coarse-f16-h6-u25,persistent,16,6,0.25,103,confirmation_coarse-f16-h6-u25_s103,8,3,29081,31687,366674721,395998721,29324000,1,0,,3669280,17430560,17430560,14288000,0.18029024885029513,0,0,0,1,28540000,2,2,2,1.0,1.0,262926,hold,1,7,1,0,7,0,8,8,13497145.88235294,1,1281.213264397945,29324000,58432000,1,persistent,1000.0,450.0,1450.0,150.0,145.87184226740604,1000.0,1281.2132643979453,0,1,281.2132643979452,0.0,99,16,29,168.78673560205493,1,
coarse-f16-h6-u25,persistent,16,6,0.25,103,confirmation_coarse-f16-h6-u25_s103,4,3,29214,31796,368077281,397312001,29234720,1,0,,117920,29096800,29096800,31585120,-0.08551868246680047,1,1,1,1,28570720,2,2,2,1.0,1.0,262926,hold,1,7,1,0,27,0,8,4,10046012.235294119,1,1280.4745497960037,29234720,46120000,1,persistent,1000.0,450.0,1450.0,150.0,145.87184226740604,1000.0,1280.4745497960037,0,1,280.4745497960037,0.0,99,16,29,169.52545020399634,1,
coarse-f16-h6-u25,persistent,16,6,0.25,103,confirmation_coarse-f16-h6-u25_s103,14,1,29253,31866,368676161,397994721,29318560,1,0,,1422720,26645120,26645120,32674720,-0.2262928446184517,1,1,1,1,28534560,2,2,2,1.0,1.0,262926,hold,1,8,0,1,27,0,7,5,14340536.338028168,1,1282.9620142733945,29318560,46120000,1,persistent,1000.0,450.0,1450.0,150.0,145.87184226740604,1000.0,1282.9620142733947,0,1,282.9620142733947,0.0,99,16,29,167.03798572660548,1,
coarse-f16-h6-u25,persistent,16,6,0.25,103,confirmation_coarse-f16-h6-u25_s103,1,3,29322,30614,369351681,383959681,14608000,1,0,,1502560,31856640,31856640,29791040,0.06484048537447766,0,0,0,1,14276000,1,1,1,1.0,1.0,262926,hold,0,8,0,0,8,0,8,7,12893984.864864865,1,1286.5412680429527,14608000,30968000,1,persistent,1000.0,450.0,1450.0,150.0,145.87184226740604,1000.0,1286.5412680429527,0,1,286.54126804295277,0.0,99,16,29,163.45873195704735,1,
coarse-f16-h6-u25,persistent,16,6,0.25,103,confirmation_coarse-f16-h6-u25_s103,2,2,29586,32294,372702721,402733441,30030720,1,0,,212000,36889280,36889280,35389440,0.04065788218149012,0,0,1,1,28844160,2,2,2,1.0,1.0,262926,hold,0,8,0,0,8,0,6,5,15087336.393442623,1,1291.1459018925125,30030720,58980000,1,persistent,1000.0,450.0,1450.0,150.0,145.87184226740604,1000.0,1291.1459018925125,0,1,291.1459018925125,0.0,99,16,29,158.85409810748752,1,
coarse-f16-h6-u25,persistent,16,6,0.25,103,confirmation_coarse-f16-h6-u25_s103,10,3,30063,31401,378062881,392670881,14608000,1,0,,1085440,37342560,37342560,37020160,0.008633580557947822,0,1,1,1,14276000,1,1,1,1.0,1.0,262926,hold,0,8,0,0,8,0,8,8,8446024.186046511,1,1305.5133258049464,14608000,30984000,1,persistent,1000.0,450.0,1450.0,150.0,145.87184226740604,1000.0,1305.5133258049464,0,1,305.5133258049465,0.0,99,16,29,144.48667419505364,1,
coarse-f16-h6-u25,persistent,16,6,0.25,103,confirmation_coarse-f16-h6-u25_s103,6,5,30303,31625,380629441,395242561,14613120,1,0,,5120,16921760,16921760,15677600,0.0735242669793213,0,0,1,1,14281120,1,1,1,1.0,1.0,262926,hold,0,8,0,0,8,0,8,7,9043531.42857143,1,1301.4620050954147,14613120,30984000,1,persistent,1000.0,450.0,1450.0,150.0,145.87184226740604,1000.0,1301.4620050954147,0,1,301.46200509541467,0.0,99,16,29,148.53799490458528,1,
coarse-f16-h6-u25,persistent,16,6,0.25,103,confirmation_coarse-f16-h6-u25_s103,1,4,30614,31912,383959681,398478721,14519040,1,0,,2334240,29791040,29791040,31124160,-0.04474902521026456,1,1,1,1,14187040,1,1,1,1.0,1.0,262926,hold,0,8,0,0,8,0,8,7,10969748.292682927,1,1291.9037886721812,14519040,30984000,1,persistent,1000.0,450.0,1450.0,150.0,145.87184226740604,1000.0,1291.903788672181,0,1,291.9037886721811,0.0,99,16,29,158.09621132781876,1,
coarse-f16-h6-u25,persistent,16,6,0.25,103,confirmation_coarse-f16-h6-u25_s103,13,0,30623,31958,384078401,398972001,14893600,1,0,,1249280,15604000,15604000,17974400,-0.15190976672648038,1,1,1,1,14561600,1,1,1,1.0,1.0,262926,hold,0,8,0,0,8,0,8,6,8537708.57142857,1,1297.7586952106544,14893600,30984000,1,persistent,1000.0,450.0,1450.0,150.0,145.87184226740604,1000.0,1297.7586952106544,0,1,297.7586952106544,0.0,99,16,29,152.24130478934558,1,
coarse-f16-h6-u25,persistent,16,6,0.25,103,confirmation_coarse-f16-h6-u25_s103,5,3,31079,,389325281,,,0,1,observation_end_right_censored,1065120,38248480,38248480,,,,,,,1229068160,86,86,86,1.0,1.0,262926,hold,1,7,0,0,1592,1,5,4,13956978.89721929,1,1294.4933500765515,1280632960,1305892000,1,persistent,1000.0,450.0,1450.0,150.0,145.87184226740604,1000.0,1294.4933500765512,0,1,294.4933500765512,0.0,99,16,29,155.50664992344855,0,round_censored
coarse-f16-h6-u25,persistent,16,6,0.25,103,confirmation_coarse-f16-h6-u25_s103,11,2,31095,33605,389514721,418695681,29180960,1,0,,625280,35964000,35964000,28983840,0.19408742075408741,0,0,0,0,28516960,2,2,2,1.0,1.0,262926,hold,1,8,0,1,15,0,8,7,15853500.606060605,1,1291.1216868485417,29180960,46101600,1,persistent,1000.0,450.0,1450.0,150.0,145.87184226740604,1000.0,1291.1216868485417,0,1,291.12168684854163,0.0,99,16,29,158.87831315145831,1,
coarse-f16-h6-u25,persistent,16,6,0.25,103,confirmation_coarse-f16-h6-u25_s103,12,2,31283,40116,391475681,495591681,104116000,1,0,,169440,38015840,38015840,27229120,0.2837427766951881,0,0,0,0,100279840,7,7,7,1.0,1.0,262926,hold,0,8,0,0,8,0,7,4,21678707.692307692,1,1282.5803111268756,104116000,121916000,1,persistent,1000.0,450.0,1450.0,150.0,145.87184226740604,1000.0,1282.5803111268758,0,1,282.58031112687576,0.0,99,16,29,167.41968887312441,1,
coarse-f16-h6-u25,persistent,16,6,0.25,103,confirmation_coarse-f16-h6-u25_s103,10,4,31401,33888,392670881,422153441,29482560,1,0,,1249280,37020160,37020160,29716160,0.1972979047092179,0,0,0,0,28818560,2,2,2,1.0,1.0,262926,hold,1,8,0,1,30,0,8,8,10035241.846153846,1,1282.5045340320255,29482560,46101600,1,persistent,1000.0,450.0,1450.0,150.0,145.87184226740604,1000.0,1282.5045340320257,0,1,282.5045340320256,0.0,99,16,29,167.4954659679745,1,
coarse-f16-h6-u25,persistent,16,6,0.25,103,confirmation_coarse-f16-h6-u25_s103,6,6,31625,,395242561,,,0,1,hold_exit_before_slot_completion,1918400,15677600,15677600,,,,,,,0,0,1,1,1.0,0.0,262926,hold,1,7,0,0,18,0,8,7,7880913.1707317075,1,1299.9547994974469,14524160,30892000,1,persistent,1000.0,450.0,1450.0,150.0,145.87184226740604,1000.0,1299.9547994974469,0,1,299.9547994974468,0.0,99,16,29,150.04520050255314,0,round_censored
coarse-f16-h6-u25,persistent,16,6,0.25,103,confirmation_coarse-f16-h6-u25_s103,8,4,31687,,395998721,,,0,1,hold_exit_before_slot_completion,7045280,14288000,14288000,,,,,,,14500000,1,2,2,1.0,0.5,262926,hold,0,0,0,0,0,0,8,8,13958680.579710145,1,1279.2871362987328,30616000,57970240,1,persistent,1000.0,450.0,1450.0,150.0,145.87184226740604,1000.0,1279.287136298733,0,1,279.28713629873306,0.0,99,16,29,170.71286370126722,0,round_censored
coarse-f16-h6-u25,persistent,16,6,0.25,103,confirmation_coarse-f16-h6-u25_s103,4,4,31796,34206,397312001,426293120,28981119,1,0,,1117600,31585120,31585120,24126879,0.23613147583419028,0,0,0,0,28317119,2,2,2,1.0,1.0,262926,hold,1,8,0,1,16,0,7,4,9342165.133333333,1,1267.6233956573226,28981119,46101600,1,persistent,1000.0,450.0,1450.0,150.0,145.87184226740604,1000.0,1267.6233956573228,0,1,267.6233956573228,0.0,99,16,29,182.3766043426774,1,
coarse-f16-h6-u25,persistent,16,6,0.25,103,confirmation_coarse-f16-h6-u25_s103,14,2,31866,33118,397994721,412550721,14556000,1,0,,2271840,32674720,32674720,33685280,-0.03092788553352561,1,1,1,1,14104000,1,1,1,1.0,1.0,262926,hold,0,8,0,0,8,0,7,5,12917985.88235294,1,1283.0347085107087,14556000,30892000,1,persistent,1000.0,450.0,1450.0,150.0,145.87184226740604,1000.0,1283.034708510709,0,1,283.0347085107089,0.0,99,16,29,166.9652914892913,1,
coarse-f16-h6-u25,persistent,16,6,0.25,103,confirmation_coarse-f16-h6-u25_s103,1,5,31912,33177,398478721,413170561,14691840,1,0,,3915520,31124160,31124160,26643840,0.14394990900959254,0,0,0,0,14270880,1,1,1,1.0,1.0,262926,hold,0,8,0,0,8,0,8,7,10197603.902439024,1,1282.4999952156454,14691840,30892000,1,persistent,1000.0,450.0,1450.0,150.0,145.87184226740604,1000.0,1282.4999952156456,0,1,282.49999521564564,0.0,99,16,29,167.5000047843546,1,
coarse-f16-h6-u25,persistent,16,6,0.25,103,confirmation_coarse-f16-h6-u25_s103,13,1,31958,,398972001,,,0,1,hold_exit_before_slot_completion,1202880,17974400,17974400,,,,,,,981721279,68,69,69,1.0,0.9855072463768116,262926,hold,1,7,0,0,800,0,6,4,11127882.31824611,1,1293.5290311954725,1032921440,1056560000,1,persistent,1000.0,450.0,1450.0,150.0,145.87184226740604,1000.0,1293.5290311954725,0,1,293.52903119547256,0.0,99,16,29,156.4709688045275,0,round_censored
coarse-f16-h6-u25,persistent,16,6,0.25,103,confirmation_coarse-f16-h6-u25_s103,15,3,32255,37086,402270721,460882721,58612000,1,0,,3301280,20708000,20708000,17684000,0.1460305196059494,0,0,0,1,56924000,4,4,4,1.0,1.0,262926,hold,1,8,0,1,12,0,8,5,14465169.696969697,1,1275.2981297078209,58612000,77142400,1,persistent,1000.0,450.0,1450.0,150.0,145.87184226740604,1000.0,1275.2981297078206,0,1,275.29812970782064,0.0,99,16,29,174.70187029217914,1,
coarse-f16-h6-u25,persistent,16,6,0.25,103,confirmation_coarse-f16-h6-u25_s103,2,3,32294,34700,402733441,432385441,29652000,1,0,,1723840,35389440,35389440,43556000,-0.23076262297453703,1,1,1,1,28988000,2,2,2,1.0,1.0,262926,hold,1,8,0,1,13,0,7,6,17214872.258064516,1,1268.322366437719,29652000,46148000,1,persistent,1000.0,450.0,1450.0,150.0,145.87184226740604,1000.0,1268.3223664377192,0,1,268.3223664377192,0.0,99,16,29,181.67763356228102,1,
coarse-f16-h6-u25,persistent,16,6,0.25,103,confirmation_coarse-f16-h6-u25_s103,14,3,33118,34271,412550721,427106721,14556000,1,0,,3401280,33685280,33685280,27672000,0.17851358219376534,0,0,0,0,14104000,1,1,1,1.0,1.0,262926,hold,0,8,0,0,8,0,7,5,15174183.470588235,1,1272.1391366566586,14556000,31208000,1,persistent,1000.0,450.0,1450.0,150.0,145.87184226740604,1000.0,1272.1391366566588,0,1,272.1391366566589,0.0,99,16,29,177.8608633433414,1,
coarse-f16-h6-u25,persistent,16,6,0.25,103,confirmation_coarse-f16-h6-u25_s103,1,6,33177,34327,413170561,427778561,14608000,1,0,,5897280,26643840,26643840,26886880,-0.009121808267877302,1,1,1,1,14276000,1,1,1,1.0,1.0,262926,hold,0,8,0,0,8,0,8,7,8822958.139534883,1,1273.6490746545126,14608000,31208000,1,persistent,1000.0,450.0,1450.0,150.0,145.87184226740604,1000.0,1273.6490746545126,0,1,273.64907465451256,0.0,99,16,29,176.35092534548744,1,
coarse-f16-h6-u25,persistent,16,6,0.25,103,confirmation_coarse-f16-h6-u25_s103,11,3,33605,35988,418695681,447946721,29251040,1,0,,1498400,28983840,28983840,33511040,-0.1561973844735549,1,1,1,1,28587040,2,2,2,1.0,1.0,262926,hold,1,7,1,0,7,0,8,7,14748295.211267605,1,1258.8897554660664,29251040,46490240,1,persistent,1000.0,450.0,1450.0,150.0,145.87184226740604,1000.0,1258.8897554660664,0,1,258.8897554660665,0.0,99,16,29,191.1102445339336,1,
coarse-f16-h6-u25,persistent,16,6,0.25,103,confirmation_coarse-f16-h6-u25_s103,10,5,33888,,422153441,,,0,1,hold_exit_before_slot_completion,2179840,29716160,29716160,,,,,,,842637599,59,60,60,1.0,0.9833333333333333,262926,hold,1,7,0,0,809,0,6,6,9771794.34853273,1,1290.5228203866675,883249440,911663040,1,persistent,1000.0,450.0,1450.0,150.0,145.87184226740604,1000.0,1290.5228203866677,0,1,290.5228203866678,0.0,99,16,29,159.4771796133325,0,round_censored
coarse-f16-h6-u25,persistent,16,6,0.25,103,confirmation_coarse-f16-h6-u25_s103,9,1,34188,,426113441,,,0,1,hold_exit_before_slot_completion,1913280,14608000,14608000,,,,,,,0,0,1,1,1.0,0.0,262926,hold,1,7,0,0,8,0,7,5,7111083.636363637,1,1255.1159373305984,15282240,44040000,1,persistent,1000.0,450.0,1450.0,150.0,145.87184226740604,1000.0,1255.1159373305984,0,1,255.1159373305984,0.0,99,16,29,194.8840626694016,0,round_censored
coarse-f16-h6-u25,persistent,16,6,0.25,103,confirmation_coarse-f16-h6-u25_s103,4,5,34206,36625,426293120,455541441,29248321,1,0,,539680,24126879,24126879,23341439,0.03255456290057243,0,1,1,1,28584321,2,2,2,1.0,1.0,262926,hold,1,7,1,0,27,0,8,4,8997191.061728396,1,1263.3674019054256,29248321,45270400,1,persistent,1000.0,450.0,1450.0,150.0,145.87184226740604,1000.0,1263.3674019054256,0,1,263.3674019054256,0.0,99,16,29,186.6325980945744,1,
coarse-f16-h6-u25,persistent,16,6,0.25,103,confirmation_coarse-f16-h6-u25_s103,14,4,34271,36771,427106721,457242721,30136000,1,0,,6049280,27672000,27672000,30499680,-0.1021856027753686,1,1,1,1,29352000,2,2,2,1.0,1.0,262926,hold,0,8,0,0,8,0,7,5,13520484.720588235,1,1270.0057880530735,30136000,58016160,1,persistent,1000.0,450.0,1450.0,150.0,145.87184226740604,1000.0,1270.0057880530735,0,1,270.00578805307345,0.0,99,16,29,179.9942119469265,1,
coarse-f16-h6-u25,persistent,16,6,0.25,103,confirmation_coarse-f16-h6-u25_s103,1,7,34327,36719,427778561,456667681,28889120,1,0,,3905280,26886880,26886880,25232000,0.061549722392482874,0,0,1,1,28225120,2,2,2,1.0,1.0,262926,hold,1,8,0,1,23,0,8,7,7425032.9382716045,1,1269.596103479218,28889120,45270400,1,persistent,1000.0,450.0,1450.0,150.0,145.87184226740604,1000.0,1269.596103479218,0,1,269.5961034792181,0.0,99,16,29,180.40389652078193,1,
coarse-f16-h6-u25,persistent,16,6,0.25,103,confirmation_coarse-f16-h6-u25_s103,2,4,34700,35923,432385441,447177120,14791679,1,0,,241280,43556000,43556000,44681601,-0.02584261640187345,1,1,1,1,14304000,1,1,1,1.0,1.0,262926,hold,0,8,0,0,8,0,8,6,14472769.6875,1,1260.7008779133166,14791679,30886240,1,persistent,1000.0,450.0,1450.0,150.0,145.87184226740604,1000.0,1260.7008779133166,0,1,260.7008779133167,0.0,99,16,29,189.29912208668338,1,
coarse-f16-h6-u25,persistent,16,6,0.25,103,confirmation_coarse-f16-h6-u25_s103,2,5,35923,38540,447177120,477206721,30029601,1,0,,315679,44681601,44681601,48907679,-0.09458206298382191,1,1,1,1,29000481,2,2,2,1.0,1.0,262926,hold,0,8,0,0,8,0,7,5,18496487.983333334,1,1285.2124661062974,30029601,46350240,1,persistent,1000.0,450.0,1450.0,150.0,145.87184226740604,1000.0,1285.2124661062976,0,1,285.2124661062975,0.0,99,16,29,164.78753389370263,1,
coarse-f16-h6-u25,persistent,16,6,0.25,103,confirmation_coarse-f16-h6-u25_s103,11,4,35988,37231,447946721,462554721,14608000,1,0,,1577280,33511040,33511040,29889120,0.10808139645919673,0,0,0,1,14187040,1,1,1,1.0,1.0,262926,hold,0,8,0,0,8,0,8,7,11629621.621621622,1,1293.9861071118587,14608000,30994400,1,persistent,1000.0,450.0,1450.0,150.0,145.87184226740604,1000.0,1293.9861071118587,0,1,293.9861071118587,0.0,99,16,29,156.0138928881413,1,
coarse-f16-h6-u25,persistent,16,6,0.25,103,confirmation_coarse-f16-h6-u25_s103,4,6,36625,37911,455541441,470190721,14649280,1,0,,488161,23341439,23341439,22574400,0.03286168432031975,0,1,1,1,14317280,1,1,1,1.0,1.0,262926,hold,0,8,0,0,8,0,8,4,11150653.418604651,1,1300.557201253189,14649280,31029120,1,persistent,1000.0,450.0,1450.0,150.0,145.87184226740604,1000.0,1300.557201253189,0,1,300.557201253189,0.0,99,16,29,149.44279874681092,1,
coarse-f16-h6-u25,persistent,16,6,0.25,103,confirmation_coarse-f16-h6-u25_s103,1,8,36719,38002,456667681,471186721,14519040,1,0,,258400,25232000,25232000,27234240,-0.07935320228281548,1,1,1,1,14187040,1,1,1,1.0,1.0,262926,hold,0,8,0,0,8,0,8,7,9508854.727272727,1,1299.968827686523,14519040,31029120,1,persistent,1000.0,450.0,1450.0,150.0,145.87184226740604,1000.0,1299.968827686523,0,1,299.96882768652296,0.0,99,16,29,150.0311723134771,1,
coarse-f16-h6-u25,persistent,16,6,0.25,103,confirmation_coarse-f16-h6-u25_s103,14,5,36771,38084,457242721,471990721,14748000,1,0,,333280,30499680,30499680,27891680,0.08550909386590286,0,0,0,1,14416000,1,1,1,1.0,1.0,262926,hold,0,8,0,0,8,0,8,5,12463374.147058824,1,1296.0064389401082,14748000,31029120,1,persistent,1000.0,450.0,1450.0,150.0,145.87184226740604,1000.0,1296.0064389401082,0,1,296.00643894010824,0.0,99,16,29,153.99356105989182,1,
coarse-f16-h6-u25,persistent,16,6,0.25,103,confirmation_coarse-f16-h6-u25_s103,15,4,37086,39657,460882721,489966721,29084000,1,0,,4149280,17684000,17684000,20044000,-0.13345396969011536,1,1,1,1,28420000,2,2,2,1.0,1.0,262926,hold,1,7,1,0,16,0,8,5,13596872.94117647,1,1295.014805053754,29084000,45922720,1,persistent,1000.0,450.0,1450.0,150.0,145.87184226740604,1000.0,1295.014805053754,0,1,295.0148050537539,0.0,99,16,29,154.9851949462461,1,
coarse-f16-h6-u25,persistent,16,6,0.25,103,confirmation_coarse-f16-h6-u25_s103,11,5,37231,42439,462554721,522646721,60092000,1,0,,3696160,29889120,29889120,31800960,-0.06396441246848351,1,1,1,1,57395040,4,4,4,1.0,1.0,262926,hold,0,8,0,0,8,0,7,6,14797675.0,1,1293.5830120174057,60092000,88728000,1,persistent,1000.0,450.0,1450.0,150.0,145.87184226740604,1000.0,1293.583012017406,0,1,293.5830120174059,0.0,99,16,29,156.41698798259426,1,
coarse-f16-h6-u25,persistent,16,6,0.25,103,confirmation_coarse-f16-h6-u25_s103,4,7,37911,39197,470190721,484798721,14608000,1,0,,591200,22574400,22574400,18565600,0.17758168544900418,0,0,0,0,14276000,1,1,1,1.0,1.0,262926,hold,0,8,0,0,8,0,8,4,8812869.794871794,1,1288.5984303436794,14608000,31623840,1,persistent,1000.0,450.0,1450.0,150.0,145.87184226740604,1000.0,1288.5984303436794,0,1,288.59843034367947,0.0,99,16,29,161.4015696563206,1,
coarse-f16-h6-u25,persistent,16,6,0.25,103,confirmation_coarse-f16-h6-u25_s103,1,9,38002,39293,471186721,485832961,14646240,1,0,,1244160,27234240,27234240,22671359,0.16754207203872773,0,0,0,0,14314240,1,1,1,1.0,1.0,262926,hold,0,8,0,0,8,0,8,7,9156914.948717948,1,1282.1550744289461,14646240,31623840,1,persistent,1000.0,450.0,1450.0,150.0,145.87184226740604,1000.0,1282.1550744289464,0,1,282.1550744289463,0.0,99,16,29,167.84492557105386,1,
coarse-f16-h6-u25,persistent,16,6,0.25,103,confirmation_coarse-f16-h6-u25_s103,14,6,38084,41849,471990721,515954401,43963680,1,0,,1733600,27891680,27891680,30531841,-0.09465765418217906,1,1,1,1,42727680,3,3,3,1.0,1.0,262926,hold,1,8,0,1,16,0,6,3,14687053.60638298,1,1289.2566792601897,43963680,60756000,1,persistent,1000.0,450.0,1450.0,150.0,145.87184226740604,1000.0,1289.25667926019,0,1,289.2566792601898,0.0,99,16,29,160.74332073981031,1,
coarse-f16-h6-u25,persistent,16,6,0.25,103,confirmation_coarse-f16-h6-u25_s103,2,6,38540,39830,477206721,492002721,14796000,1,0,,722881,48907679,48907679,48816000,0.0018745318092073025,0,1,1,1,14464000,1,1,1,1.0,1.0,262926,hold,0,8,0,0,8,0,8,6,17094207.20588235,1,1281.5113637814752,14796000,30914240,1,persistent,1000.0,450.0,1450.0,150.0,145.87184226740604,1000.0,1281.5113637814752,0,1,281.51136378147515,0.0,99,16,29,168.4886362185248,1,
coarse-f16-h6-u25,persistent,16,6,0.25,103,confirmation_coarse-f16-h6-u25_s103,4,8,39197,41676,484798721,514009121,29210400,1,0,,1939680,18565600,18565600,15889280,0.14415478088507777,0,0,0,1,28546400,2,2,2,1.0,1.0,262926,hold,0,8,0,0,8,0,8,4,10217992.727272727,1,1279.9053527996891,29210400,46236960,1,persistent,1000.0,450.0,1450.0,150.0,145.87184226740604,1000.0,1279.9053527996891,0,1,279.9053527996892,0.0,99,16,29,170.09464720031087,1,
coarse-f16-h6-u25,persistent,16,6,0.25,103,confirmation_coarse-f16-h6-u25_s103,8,5,39265,,485522721,,,0,1,hold_exit_before_slot_completion,6345280,14556000,14556000,,,,,,,0,0,1,1,1.0,0.0,262926,hold,0,0,0,0,0,0,7,7,14576585.142857144,1,1285.8458409872749,14768000,30914240,1,persistent,1000.0,450.0,1450.0,150.0,145.87184226740604,1000.0,1285.8458409872749,0,1,285.8458409872749,0.0,99,16,29,164.15415901272513,0,round_censored
coarse-f16-h6-u25,persistent,16,6,0.25,103,confirmation_coarse-f16-h6-u25_s103,1,10,39293,41768,485832961,515010721,29177760,1,0,,1856161,22671359,22671359,15862400,0.30033307663647335,0,0,0,0,28513760,2,2,2,1.0,1.0,262926,hold,0,8,0,0,8,0,8,7,9159141.475609757,1,1285.4761271016803,29177760,46236960,1,persistent,1000.0,450.0,1450.0,150.0,145.87184226740604,1000.0,1285.4761271016803,0,1,285.47612710168033,0.0,99,16,29,164.52387289831972,1,
coarse-f16-h6-u25,persistent,16,6,0.25,103,confirmation_coarse-f16-h6-u25_s103,9,2,39405,,487122721,,,0,1,hold_exit_before_slot_completion,2909280,15183040,15183040,,,,,,,0,0,1,1,1.0,0.0,262926,hold,1,3,0,0,3,0,6,5,8577080.1,1,1274.270669336333,15310240,30892000,1,persistent,1000.0,450.0,1450.0,150.0,145.87184226740604,1000.0,1274.270669336333,0,1,274.270669336333,0.0,99,16,29,175.72933066366704,0,round_censored
coarse-f16-h6-u25,persistent,16,6,0.25,103,confirmation_coarse-f16-h6-u25_s103,15,5,39657,45889,489966721,563854721,73888000,1,0,,3365280,20044000,20044000,21120481,-0.05370589702654161,1,1,1,1,71748000,5,5,5,1.0,1.0,262926,hold,0,8,0,0,8,0,7,5,14198992.478787879,1,1282.0290982460203,73888000,90399680,1,persistent,1000.0,450.0,1450.0,150.0,145.87184226740604,1000.0,1282.0290982460203,0,1,282.02909824602045,0.0,99,16,29,167.97090175397966,1,
coarse-f16-h6-u25,persistent,16,6,0.25,103,confirmation_coarse-f16-h6-u25_s103,2,7,39830,41090,492002721,507269120,15266399,1,0,,1861280,48816000,48816000,42844000,0.12233693870862013,0,0,0,0,14574399,1,1,1,1.0,1.0,262926,hold,0,8,0,0,8,0,8,6,17554645.03125,1,1279.7753493046544,15266399,30892000,1,persistent,1000.0,450.0,1450.0,150.0,145.87184226740604,1000.0,1279.7753493046546,0,1,279.7753493046545,0.0,99,16,29,170.22465069534564,1,
coarse-f16-h6-u25,persistent,16,6,0.25,103,confirmation_coarse-f16-h6-u25_s103,12,3,40116,52760,495591681,644822721,149231040,1,0,,4564160,27229120,27229120,24741281,0.09136685283990081,0,0,0,1,143630560,10,10,10,1.0,1.0,262926,hold,0,8,0,0,8,0,7,5,19829761.71582734,1,1279.177610171178,149231040,176415680,1,persistent,1000.0,450.0,1450.0,150.0,145.87184226740604,1000.0,1279.1776101711782,0,1,279.1776101711781,0.0,99,16,29,170.822389828822,1,
coarse-f16-h6-u25,persistent,16,6,0.25,103,confirmation_coarse-f16-h6-u25_s103,6,7,40232,,496970721,,,0,1,hold_exit_before_slot_completion,2610400,14022721,14022721,,,,,,,0,0,1,1,1.0,0.0,262926,hold,0,5,0,0,5,0,8,7,8915301.43902439,1,1280.353357756922,14426240,30892000,1,persistent,1000.0,450.0,1450.0,150.0,145.87184226740604,1000.0,1280.3533577569217,0,1,280.35335775692164,0.0,99,16,29,169.64664224307808,0,round_censored
coarse-f16-h6-u25,persistent,16,6,0.25,103,confirmation_coarse-f16-h6-u25_s103,2,8,41090,44813,507269120,550790721,43521601,1,0,,3845280,42844000,42844000,43102880,-0.006042386331808421,1,1,1,1,42525601,3,3,3,1.0,1.0,262926,hold,0,8,0,0,8,0,8,6,15613941.340206185,1,1283.2488183339547,43521601,60505600,1,persistent,1000.0,450.0,1450.0,150.0,145.87184226740604,1000.0,1283.248818333955,0,1,283.2488183339549,0.0,99,16,29,166.75118166604534,1,
coarse-f16-h6-u25,persistent,16,6,0.25,103,confirmation_coarse-f16-h6-u25_s103,4,9,41676,44142,514009121,543066401,29057280,1,0,,3562560,15889280,15889280,19169920,-0.20646876384581303,1,1,1,1,28393280,2,2,2,1.0,1.0,262926,hold,1,8,0,1,34,0,8,4,8613081.445783133,1,1294.6303794441283,29057280,45873440,1,persistent,1000.0,450.0,1450.0,150.0,145.87184226740604,1000.0,1294.6303794441285,0,1,294.6303794441285,0.0,99,16,29,155.36962055587173,1,
coarse-f16-h6-u25,persistent,16,6,0.25,103,confirmation_coarse-f16-h6-u25_s103,1,11,41768,44225,515010721,544014561,29003840,1,0,,4232160,15862400,15862400,18686080,-0.178010893685697,1,1,1,1,28339840,2,2,2,1.0,1.0,262926,hold,1,7,1,0,15,0,8,7,7925385.365853659,1,1296.1860330324025,29003840,45873440,1,persistent,1000.0,450.0,1450.0,150.0,145.87184226740604,1000.0,1296.1860330324027,0,1,296.18603303240275,0.0,99,16,29,153.81396696759748,1,
coarse-f16-h6-u25,persistent,16,6,0.25,103,confirmation_coarse-f16-h6-u25_s103,8,6,41799,,515326721,,,0,1,hold_exit_before_slot_completion,7313280,14344000,14344000,,,,,,,0,0,1,1,1.0,0.0,262926,hold,0,0,0,0,0,0,8,8,13896580.57142857,1,1294.4757694421628,14408000,30926720,1,persistent,1000.0,450.0,1450.0,150.0,145.87184226740604,1000.0,1294.4757694421628,0,1,294.4757694421629,0.0,99,16,29,155.5242305578372,0,round_censored
coarse-f16-h6-u25,persistent,16,6,0.25,103,confirmation_coarse-f16-h6-u25_s103,14,7,41849,45606,515954401,560590401,44636000,1,0,,3457119,30531841,30531841,26620000,0.12812332541624333,0,0,0,1,42612000,3,3,3,1.0,1.0,262926,hold,1,8,0,1,15,0,8,5,16750155.010416666,1,1287.9135342683867,44636000,60505600,1,persistent,1000.0,450.0,1450.0,150.0,145.87184226740604,1000.0,1287.913534268387,0,1,287.913534268387,0.0,99,16,29,162.08646573161332,1,
coarse-f16-h6-u25,persistent,16,6,0.25,103,confirmation_coarse-f16-h6-u25_s103,9,3,41999,,517755681,,,0,1,hold_exit_before_slot_completion,1951520,14276000,14276000,,,,,,,0,0,1,1,1.0,0.0,262926,hold,1,7,0,0,8,0,8,6,6955417.6,1,1300.5265555866401,15604000,30586560,1,persistent,1000.0,450.0,1450.0,150.0,145.87184226740604,1000.0,1300.5265555866401,0,1,300.52655558664014,0.0,99,16,29,149.47344441335986,0,round_censored
coarse-f16-h6-u25,persistent,16,6,0.25,103,confirmation_coarse-f16-h6-u25_s103,11,6,42439,47438,522646721,581627681,58980960,1,0,,324320,31800960,31800960,27726080,0.12813701221598342,0,0,0,0,57647840,4,4,4,1.0,1.0,262926,hold,0,8,0,0,8,0,8,7,14771183.28358209,1,1285.483198606909,58980960,74885600,1,persistent,1000.0,450.0,1450.0,150.0,145.87184226740604,1000.0,1285.483198606909,0,1,285.48319860690896,0.0,99,16,29,164.5168013930911,1,
coarse-f16-h6-u25,persistent,16,6,0.25,103,confirmation_coarse-f16-h6-u25_s103,4,10,44142,45348,543066401,557506721,14440320,1,0,,91200,19169920,19169920,19588000,-0.021809167696057157,1,1,1,1,14108320,1,1,1,1.0,1.0,262926,hold,0,8,0,0,8,0,8,4,9190029.268292682,1,1264.4782962540708,14440320,30257600,1,persistent,1000.0,450.0,1450.0,150.0,145.87184226740604,1000.0,1264.4782962540705,0,1,264.47829625407053,0.0,99,16,29,185.52170374592924,1,
coarse-f16-h6-u25,persistent,16,6,0.25,103,confirmation_coarse-f16-h6-u25_s103,1,12,44225,45439,544014561,558622561,14608000,1,0,,279040,18686080,18686080,20469280,-0.09542932493064356,1,1,1,1,14276000,1,1,1,1.0,1.0,262926,hold,0,8,0,0,8,0,8,7,9825316.923076924,1,1268.102809530952,14608000,30257600,1,persistent,1000.0,450.0,1450.0,150.0,145.87184226740604,1000.0,1268.1028095309518,0,1,268.10280953095184,0.0,99,16,29,181.89719046904793,1,
coarse-f16-h6-u25,persistent,16,6,0.25,103,confirmation_coarse-f16-h6-u25_s103,2,9,44813,46031,550790721,565521120,14730399,1,0,,789280,43102880,43102880,43302399,-0.004628901827441693,1,1,1,1,14278399,1,1,1,1.0,1.0,262926,hold,0,8,0,0,8,0,8,6,15083994.6875,1,1266.6446689145102,14730399,30257600,1,persistent,1000.0,450.0,1450.0,150.0,145.87184226740604,1000.0,1266.6446689145102,0,1,266.64466891451025,0.0,99,16,29,183.35533108548975,1,
coarse-f16-h6-u25,persistent,16,6,0.25,103,confirmation_coarse-f16-h6-u25_s103,4,11,45348,46586,557506721,571921441,14414720,1,0,,221760,19588000,19588000,18892480,0.0355074535429855,0,1,1,1,14082720,1,1,1,1.0,1.0,262926,hold,0,8,0,0,8,0,8,4,8973141.818181818,1,1268.06163966936,14414720,31090399,1,persistent,1000.0,450.0,1450.0,150.0,145.87184226740604,1000.0,1268.06163966936,0,1,268.06163966936,0.0,99,16,29,181.93836033064008,1,
coarse-f16-h6-u25,persistent,16,6,0.25,103,confirmation_coarse-f16-h6-u25_s103,1,13,45439,46704,558622561,573230561,14608000,1,0,,1607040,20469280,20469280,18289280,0.10650105914814786,0,0,0,1,14276000,1,1,1,1.0,1.0,262926,hold,0,8,0,0,8,0,8,7,8669628.444444444,1,1264.508526983132,14608000,31090399,1,persistent,1000.0,450.0,1450.0,150.0,145.87184226740604,1000.0,1264.508526983132,0,1,264.50852698313207,0.0,99,16,29,185.49147301686799,1,
coarse-f16-h6-u25,persistent,16,6,0.25,103,confirmation_coarse-f16-h6-u25_s103,14,8,45606,48258,560590401,590625441,30035040,1,0,,613280,26620000,26620000,29490400,-0.10782870022539444,1,1,1,1,28439040,2,2,2,1.0,1.0,262926,hold,1,7,1,0,9,0,8,5,14198450.909090908,1,1289.9184401407565,30035040,58928960,1,persistent,1000.0,450.0,1450.0,150.0,145.87184226740604,1000.0,1289.9184401407567,0,1,289.91844014075673,0.0,99,16,29,160.0815598592435,1,
coarse-f16-h6-u25,persistent,16,6,0.25,103,confirmation_coarse-f16-h6-u25_s103,15,6,45889,48501,563854721,593326721,29472000,1,0,,3368799,21120481,21120481,23660000,-0.12023963848171829,1,1,1,1,28448000,2,2,2,1.0,1.0,262926,hold,0,8,0,0,8,0,7,4,14093435.23880597,1,1290.1249350865833,29472000,45606399,1,persistent,1000.0,450.0,1450.0,150.0,145.87184226740604,1000.0,1290.1249350865835,0,1,290.1249350865835,0.0,99,16,29,159.87506491341674,1,
coarse-f16-h6-u25,persistent,16,6,0.25,103,confirmation_coarse-f16-h6-u25_s103,2,10,46031,47463,565521120,581881120,16360000,1,0,,1221280,43302399,43302399,43392000,-0.002069192517486156,1,1,1,1,15908000,1,1,1,1.0,1.0,262926,hold,0,8,0,0,8,0,8,6,13823808.322580645,1,1286.7491809623043,16360000,44555040,1,persistent,1000.0,450.0,1450.0,150.0,145.87184226740604,1000.0,1286.7491809623043,0,1,286.74918096230437,0.0,99,16,29,163.2508190376957,1,
coarse-f16-h6-u25,persistent,16,6,0.25,103,confirmation_coarse-f16-h6-u25_s103,4,12,46586,47863,571921441,586338401,14416960,1,0,,917280,18892480,18892480,19734080,-0.044546824980097904,1,1,1,1,14084960,1,1,1,1.0,1.0,262926,hold,0,8,0,0,8,0,8,4,8273023.971428571,1,1295.3586158056028,14416960,30876000,1,persistent,1000.0,450.0,1450.0,150.0,145.87184226740604,1000.0,1295.3586158056028,0,1,295.3586158056028,0.0,99,16,29,154.64138419439723,1,
coarse-f16-h6-u25,persistent,16,6,0.25,103,confirmation_coarse-f16-h6-u25_s103,1,14,46704,49274,573230561,602422401,29191840,1,0,,3905280,18289280,18289280,24119520,-0.31877908807782485,1,1,1,1,28103840,2,2,2,1.0,1.0,262926,hold,1,8,0,1,31,0,8,7,8628796.097560976,1,1290.536586141773,29191840,45690720,1,persistent,1000.0,450.0,1450.0,150.0,145.87184226740604,1000.0,1290.536586141773,0,1,290.53658614177294,0.0,99,16,29,159.4634138582271,1,
coarse-f16-h6-u25,persistent,16,6,0.25,103,confirmation_coarse-f16-h6-u25_s103,11,7,47438,48770,581627681,596350721,14723040,1,0,,1296160,27726080,27726080,30599040,-0.10361940815290153,1,1,1,1,14391040,1,1,1,1.0,1.0,262926,hold,0,8,0,0,8,0,7,7,13432520.0,1,1295.395679795136,14723040,44516000,1,persistent,1000.0,450.0,1450.0,150.0,145.87184226740604,1000.0,1295.395679795136,0,1,295.39567979513595,0.0,99,16,29,154.60432020486405,1,
coarse-f16-h6-u25,persistent,16,6,0.25,103,confirmation_coarse-f16-h6-u25_s103,2,11,47463,48773,581881120,596397120,14516000,1,0,,1317280,43392000,43392000,40513279,0.06634220593657818,0,0,0,1,14064000,1,1,1,1.0,1.0,262926,hold,0,8,0,0,8,0,6,5,16916936.23529412,1,1302.6987923856611,14516000,30212000,1,persistent,1000.0,450.0,1450.0,150.0,145.87184226740604,1000.0,1302.6987923856611,0,1,302.6987923856612,0.0,99,16,29,147.30120761433886,1,
coarse-f16-h6-u25,persistent,16,6,0.25,103,confirmation_coarse-f16-h6-u25_s103,4,13,47863,50321,586338401,615321120,28982719,1,0,,1050880,19734080,19734080,15033760,0.2381828795667191,0,0,0,0,28318719,2,2,2,1.0,1.0,262926,hold,0,8,0,0,8,0,8,4,9534670.19047619,1,1297.1158792359508,28982719,45484000,1,persistent,1000.0,450.0,1450.0,150.0,145.87184226740604,1000.0,1297.115879235951,0,1,297.11587923595096,0.0,99,16,29,152.88412076404916,1,
coarse-f16-h6-u25,persistent,16,6,0.25,103,confirmation_coarse-f16-h6-u25_s103,8,7,48053,,588387841,,,0,1,hold_exit_before_slot_completion,5845280,16808000,16808000,,,,,,,28384000,2,3,3,1.0,0.6666666666666666,262926,hold,0,0,0,0,0,0,8,8,13577705.0,1,1274.2306530411001,43534880,60663679,1,persistent,1000.0,450.0,1450.0,150.0,145.87184226740604,1000.0,1274.2306530411004,0,1,274.2306530411004,0.0,99,16,29,175.76934695889986,0,round_censored
coarse-f16-h6-u25,persistent,16,6,0.25,103,confirmation_coarse-f16-h6-u25_s103,14,9,48258,49464,590625441,605030721,14405280,1,0,,2581600,29490400,29490400,34485280,-0.16937308412229066,1,1,1,1,14073280,1,1,1,1.0,1.0,262926,hold,0,8,0,0,8,0,7,4,14019342.074074075,1,1281.0171065565764,14405280,30133280,1,persistent,1000.0,450.0,1450.0,150.0,145.87184226740604,1000.0,1281.0171065565767,0,1,281.0171065565766,0.0,99,16,29,168.98289344342356,1,
coarse-f16-h6-u25,persistent,16,6,0.25,103,confirmation_coarse-f16-h6-u25_s103,9,4,48390,,592034721,,,0,1,hold_exit_before_slot_completion,893120,19280160,19280160,,,,,,,14039680,1,2,2,1.0,0.5,262926,hold,1,6,0,0,6,0,7,5,9231824.0,1,1280.979425445224,29311680,45059679,1,persistent,1000.0,450.0,1450.0,150.0,145.87184226740604,1000.0,1280.979425445224,0,1,280.97942544522414,0.0,99,16,29,169.02057455477598,0,round_censored
coarse-f16-h6-u25,persistent,16,6,0.25,103,confirmation_coarse-f16-h6-u25_s103,15,7,48501,49727,593326721,608186721,14860000,1,0,,3965280,23660000,23660000,22064000,0.06745562130177515,0,0,1,1,14528000,1,1,1,1.0,1.0,262926,hold,0,8,0,0,8,0,8,5,14538266.638888888,1,1282.1247368730624,14860000,30133280,1,persistent,1000.0,450.0,1450.0,150.0,145.87184226740604,1000.0,1282.1247368730626,0,1,282.12473687306255,0.0,99,16,29,167.87526312693763,1,
coarse-f16-h6-u25,persistent,16,6,0.25,103,confirmation_coarse-f16-h6-u25_s103,11,8,48770,50009,596350721,611623841,15273120,1,0,,597280,30599040,30599040,30781601,-0.00596623292756897,1,1,1,1,14296160,1,1,1,1.0,1.0,262926,hold,0,8,0,0,8,0,8,7,14153855.771428572,1,1278.7552284704996,15273120,44205601,1,persistent,1000.0,450.0,1450.0,150.0,145.87184226740604,1000.0,1278.7552284704996,0,1,278.7552284704995,0.0,99,16,29,171.24477152950044,1,
coarse-f16-h6-u25,persistent,16,6,0.25,103,confirmation_coarse-f16-h6-u25_s103,2,12,48773,52453,596397120,641155680,44758560,1,0,,2005280,40513279,40513279,45290242,-0.11791104343837486,1,1,1,1,43637440,3,3,3,1.0,1.0,262926,hold,0,8,0,0,8,0,7,6,17898086.108433735,1,1260.2530709490284,44758560,72618560,1,persistent,1000.0,450.0,1450.0,150.0,145.87184226740604,1000.0,1260.2530709490281,0,1,260.2530709490282,0.0,99,16,29,189.74692905097163,1,
coarse-f16-h6-u25,persistent,16,6,0.25,103,confirmation_coarse-f16-h6-u25_s103,6,8,49031,50215,599458561,614066561,14608000,1,0,,3029120,17168320,17168320,11548000,0.3273657527352705,0,0,0,0,0,0,1,1,1.0,0.0,262926,hold,0,8,0,0,8,0,8,7,9265525.558139535,1,1280.2842205772101,14608000,30133280,1,persistent,1000.0,450.0,1450.0,150.0,145.87184226740604,1000.0,1280.28422057721,0,1,280.2842205772099,0.0,99,16,29,169.71577942278986,1,
coarse-f16-h6-u25,persistent,16,6,0.25,103,confirmation_coarse-f16-h6-u25_s103,1,15,49274,51670,602422401,631667681,29245280,1,0,,2784320,24119520,24119520,20916000,0.13281856355350355,0,0,0,1,28249280,2,2,2,1.0,1.0,262926,hold,0,8,0,0,8,0,8,7,10369271.232876712,1,1250.1575195238136,29245280,45582719,1,persistent,1000.0,450.0,1450.0,150.0,145.87184226740604,1000.0,1250.1575195238136,0,1,250.1575195238135,0.0,99,16,29,199.84248047618644,1,
coarse-f16-h6-u25,persistent,16,6,0.25,103,confirmation_coarse-f16-h6-u25_s103,14,10,49464,50736,605030721,620633120,15602399,1,0,,1273280,34485280,34485280,33057439,0.041404361513086164,0,0,1,1,14910399,1,1,1,1.0,1.0,262926,hold,0,8,0,0,8,0,8,5,17912494.84375,1,1262.1047875766583,15602399,43900000,1,persistent,1000.0,450.0,1450.0,150.0,145.87184226740604,1000.0,1262.1047875766585,0,1,262.1047875766585,0.0,99,16,29,187.89521242334172,1,
coarse-f16-h6-u25,persistent,16,6,0.25,103,confirmation_coarse-f16-h6-u25_s103,15,8,49727,52167,608186721,637750721,29564000,1,0,,4537280,22064000,22064000,17940000,0.1869108049311095,0,0,0,0,28778880,2,2,2,1.0,1.0,262926,hold,0,8,0,0,8,0,8,5,12917221.264705881,1,1258.0518860992133,29564000,45828000,1,persistent,1000.0,450.0,1450.0,150.0,145.87184226740604,1000.0,1258.051886099213,0,1,258.0518860992132,0.0,99,16,29,191.94811390078667,1,
coarse-f16-h6-u25,persistent,16,6,0.25,103,confirmation_coarse-f16-h6-u25_s103,3,2,49967,53599,611137441,654537441,43400000,1,0,,3999200,32730080,32730080,32672000,0.0017745144527602744,0,1,1,1,42404000,3,3,3,1.0,1.0,262926,hold,1,8,0,1,11,0,8,6,13757774.257425742,1,1255.4318719177809,43400000,61128000,1,persistent,1000.0,450.0,1450.0,150.0,145.87184226740604,1000.0,1255.4318719177809,0,1,255.4318719177809,0.0,99,16,29,194.56812808221912,1,
coarse-f16-h6-u25,persistent,16,6,0.25,103,confirmation_coarse-f16-h6-u25_s103,11,9,50009,53720,611623841,656110721,44486880,1,0,,746719,30781601,30781601,28298720,0.08066120407447293,0,0,0,1,42980960,3,3,3,1.0,1.0,262926,hold,1,8,0,1,13,0,6,5,14442633.56,1,1259.5221700692084,44486880,73783041,1,persistent,1000.0,450.0,1450.0,150.0,145.87184226740604,1000.0,1259.5221700692086,0,1,259.5221700692086,0.0,99,16,29,190.4778299307916,1,
coarse-f16-h6-u25,persistent,16,6,0.25,103,confirmation_coarse-f16-h6-u25_s103,4,14,50321,52727,615321120,644330401,29009281,1,0,,2956480,15033760,15033760,15838880,-0.053554134162045956,1,1,1,1,28340161,2,2,2,1.0,1.0,262926,hold,1,7,1,0,18,0,8,4,8301534.376470588,1,1257.4266042293852,29009281,46812000,1,persistent,1000.0,450.0,1450.0,150.0,145.87184226740604,1000.0,1257.4266042293852,0,1,257.4266042293852,0.0,99,16,29,192.57339577061475,1,
coarse-f16-h6-u25,persistent,16,6,0.25,103,confirmation_coarse-f16-h6-u25_s103,14,11,50736,53302,620633120,650858721,30225601,1,0,,3878560,33057439,33057439,31414399,0.0497025798035958,0,0,1,1,29423202,2,2,2,1.0,1.0,262926,hold,1,8,0,1,9,0,7,5,18028222.04477612,1,1265.0839707939012,30225601,46812000,1,persistent,1000.0,450.0,1450.0,150.0,145.87184226740604,1000.0,1265.0839707939015,0,1,265.08397079390147,0.0,99,16,29,184.91602920609876,1,
coarse-f16-h6-u25,persistent,16,6,0.25,103,confirmation_coarse-f16-h6-u25_s103,1,16,51670,52889,631667681,646258721,14591040,1,0,,585280,20916000,20916000,20038560,0.04195065978198508,0,1,1,1,14259040,1,1,1,1.0,1.0,262926,hold,0,8,0,0,8,0,8,7,9452140.487804879,1,1248.099940581357,14591040,31208000,1,persistent,1000.0,450.0,1450.0,150.0,145.87184226740604,1000.0,1248.0999405813573,0,1,248.09994058135723,0.0,99,16,29,201.90005941864297,1,
coarse-f16-h6-u25,persistent,16,6,0.25,103,confirmation_coarse-f16-h6-u25_s103,15,9,52167,53428,637750721,652278721,14528000,1,0,,3725280,17940000,17940000,18080000,-0.007803790412486065,1,1,1,1,14196000,1,1,1,1.0,1.0,262926,hold,0,8,0,0,8,0,8,5,13793051.42857143,1,1252.0229728547065,14528000,31568000,1,persistent,1000.0,450.0,1450.0,150.0,145.87184226740604,1000.0,1252.0229728547067,0,1,252.02297285470678,0.0,99,16,29,197.9770271452935,1,
coarse-f16-h6-u25,persistent,16,6,0.25,103,confirmation_coarse-f16-h6-u25_s103,2,13,52453,54946,641155680,670392161,29236481,1,0,,348639,45290242,45290242,41489440,0.08392099119276068,0,0,0,1,28452481,2,2,2,1.0,1.0,262926,hold,0,8,0,0,8,0,8,6,18124594.0,1,1267.6487898018634,29236481,47012960,1,persistent,1000.0,450.0,1450.0,150.0,145.87184226740604,1000.0,1267.6487898018631,0,1,267.64878980186324,0.0,99,16,29,182.35121019813664,1,
coarse-f16-h6-u25,persistent,16,6,0.25,103,confirmation_coarse-f16-h6-u25_s103,6,9,52640,55217,643306721,673470721,30164000,1,0,,1908160,18482400,18482400,14133441,0.2353027204259187,0,0,0,0,28552320,2,2,2,1.0,1.0,262926,hold,1,8,0,1,19,0,8,7,8907095.271604938,1,1265.420007183522,30164000,47012960,1,persistent,1000.0,450.0,1450.0,150.0,145.87184226740604,1000.0,1265.420007183522,0,1,265.420007183522,0.0,99,16,29,184.5799928164779,1,
coarse-f16-h6-u25,persistent,16,6,0.25,103,confirmation_coarse-f16-h6-u25_s103,4,15,52727,53968,644330401,658905441,14575040,1,0,,4030561,15838880,15838880,13612000,0.1405957997030093,0,0,0,1,0,0,1,1,1.0,0.0,262926,hold,0,8,0,0,8,0,8,4,7352520.0227272725,1,1263.0321846561474,14575040,31568000,1,persistent,1000.0,450.0,1450.0,150.0,145.87184226740604,1000.0,1263.0321846561474,0,1,263.0321846561473,0.0,99,16,29,186.96781534385264,1,
coarse-f16-h6-u25,persistent,16,6,0.25,103,confirmation_coarse-f16-h6-u25_s103,12,4,52760,55540,644822721,677227681,32404960,1,0,,4503679,24741281,24741281,29697120,-0.20030648372652976,1,1,1,1,29029280,2,2,2,1.0,1.0,262926,hold,0,8,0,0,8,0,7,5,22034237.393442623,1,1275.0620332764256,32404960,58768000,1,persistent,1000.0,450.0,1450.0,150.0,145.87184226740604,1000.0,1275.0620332764256,0,1,275.06203327642555,0.0,99,16,29,174.9379667235744,1,
coarse-f16-h6-u25,persistent,16,6,0.25,103,confirmation_coarse-f16-h6-u25_s103,1,17,52889,54136,646258721,660854401,14595680,1,0,,821600,20038560,20038560,17944960,0.10447856532605138,0,0,0,1,14263680,1,1,1,1.0,1.0,262926,hold,0,8,0,0,8,0,7,6,10222616.0,1,1260.5765186771127,14595680,31568000,1,persistent,1000.0,450.0,1450.0,150.0,145.87184226740604,1000.0,1260.5765186771127,0,1,260.5765186771127,0.0,99,16,29,189.42348132288726,1,
coarse-f16-h6-u25,persistent,16,6,0.25,103,confirmation_coarse-f16-h6-u25_s103,8,8,52936,,646746721,,,0,1,hold_exit_before_slot_completion,7157280,17232000,17232000,,,,,,,28660000,2,3,3,1.0,0.6666666666666666,262926,hold,0,2,0,0,2,0,8,8,14390013.203883495,1,1269.0576173730135,43944000,61169601,1,persistent,1000.0,450.0,1450.0,150.0,145.87184226740604,1000.0,1269.0576173730135,0,1,269.05761737301344,0.0,99,16,29,180.9423826269865,0,round_censored
coarse-f16-h6-u25,persistent,16,6,0.25,103,confirmation_coarse-f16-h6-u25_s103,14,12,53302,55784,650858721,680341441,29482720,1,0,,3138881,31414399,31414399,28457921,0.09411219358358566,0,0,0,1,28698720,2,2,2,1.0,1.0,262926,hold,0,8,0,0,8,0,8,5,15742205.753846154,1,1272.5308802735367,29482720,47052960,1,persistent,1000.0,450.0,1450.0,150.0,145.87184226740604,1000.0,1272.5308802735367,0,1,272.5308802735367,0.0,99,16,29,177.4691197264633,1,
coarse-f16-h6-u25,persistent,16,6,0.25,103,confirmation_coarse-f16-h6-u25_s103,9,5,53385,,651890401,,,0,1,hold_exit_before_slot_completion,2577280,15272000,15272000,,,,,,,14304000,1,2,2,1.0,0.5,262926,hold,1,6,0,1,6,0,6,5,9280903.509803921,1,1265.5380373822575,30572000,59404000,1,persistent,1000.0,450.0,1450.0,150.0,145.87184226740604,1000.0,1265.5380373822575,0,1,265.53803738225747,0.0,99,16,29,184.46196261774253,0,round_censored
coarse-f16-h6-u25,persistent,16,6,0.25,103,confirmation_coarse-f16-h6-u25_s103,15,10,53428,54672,652278721,667166721,14888000,1,0,,3337280,18080000,18080000,19738880,-0.09175221238938053,1,1,1,1,14556000,1,1,1,1.0,1.0,262926,hold,0,8,0,0,8,0,8,5,14543076.57142857,1,1274.3069948888594,14888000,32404960,1,persistent,1000.0,450.0,1450.0,150.0,145.87184226740604,1000.0,1274.3069948888597,0,1,274.3069948888596,0.0,99,16,29,175.69300511114056,1,
coarse-f16-h6-u25,persistent,16,6,0.25,103,confirmation_coarse-f16-h6-u25_s103,3,3,53599,59740,654537441,727649441,73112000,1,0,,4057280,32672000,32672000,33152000,-0.014691478942213516,1,1,1,1,70971200,5,5,5,1.0,1.0,262926,hold,0,8,0,0,8,0,8,6,13590209.34730539,1,1270.1378740073753,73112000,91756960,1,persistent,1000.0,450.0,1450.0,150.0,145.87184226740604,1000.0,1270.1378740073758,0,1,270.13787400737584,0.0,99,16,29,179.86212599262467,1,
coarse-f16-h6-u25,persistent,16,6,0.25,103,confirmation_coarse-f16-h6-u25_s103,11,10,53720,54969,656110721,670618561,14507840,1,0,,2498560,28298720,28298720,31711042,-0.12058220301130228,1,1,1,1,14175840,1,1,1,1.0,1.0,262926,hold,0,8,0,0,8,0,8,7,15473539.51724138,1,1260.4931886154293,14507840,32404960,1,persistent,1000.0,450.0,1450.0,150.0,145.87184226740604,1000.0,1260.4931886154293,0,1,260.4931886154293,0.0,99,16,29,189.5068113845707,1,
coarse-f16-h6-u25,persistent,16,6,0.25,103,confirmation_coarse-f16-h6-u25_s103,1,18,54136,56599,660854401,690098401,29244000,1,0,,1232320,17944960,17944960,9087680,0.49358037019865186,0,0,0,0,14276000,1,2,2,1.0,0.5,262926,hold,1,7,1,0,17,0,7,6,9149626.987951808,1,1269.3294680376532,29244000,47052960,1,persistent,1000.0,450.0,1450.0,150.0,145.87184226740604,1000.0,1269.329468037653,0,1,269.3294680376531,0.0,99,16,29,180.6705319623468,1,
coarse-f16-h6-u25,persistent,16,6,0.25,103,confirmation_coarse-f16-h6-u25_s103,15,11,54672,57188,667166721,697154721,29988000,1,0,,3309280,19738880,19738880,22184000,-0.12387328966993061,1,1,1,1,29087840,2,2,2,1.0,1.0,262926,hold,0,8,0,0,8,0,7,5,12904477.714285715,1,1276.8222080133169,29988000,59788000,1,persistent,1000.0,450.0,1450.0,150.0,145.87184226740604,1000.0,1276.8222080133166,0,1,276.8222080133167,0.0,99,16,29,173.17779198668313,1,
coarse-f16-h6-u25,persistent,16,6,0.25,103,confirmation_coarse-f16-h6-u25_s103,2,14,54946,57477,670392161,700450721,30058560,1,0,,1332321,41489440,41489440,40424481,0.025668194123613142,0,0,1,1,29274560,2,2,2,1.0,1.0,262926,hold,0,8,0,0,8,0,7,5,13783015.203125,1,1268.33633786601,30058560,57750720,1,persistent,1000.0,450.0,1450.0,150.0,145.87184226740604,1000.0,1268.3363378660097,0,1,268.3363378660097,0.0,99,16,29,181.6636621339901,1,
coarse-f16-h6-u25,persistent,16,6,0.25,103,confirmation_coarse-f16-h6-u25_s103,11,11,54969,57381,670618561,699349441,28730880,1,0,,63679,31711042,31711042,25153280,0.2067974303714145,0,0,0,0,28066880,2,2,2,1.0,1.0,262926,hold,1,7,1,0,10,0,8,7,15368209.5,1,1273.0538667804428,28730880,45565601,1,persistent,1000.0,450.0,1450.0,150.0,145.87184226740604,1000.0,1273.0538667804428,0,1,273.05386678044283,0.0,99,16,29,176.94613321955717,1,
coarse-f16-h6-u25,persistent,16,6,0.25,103,confirmation_coarse-f16-h6-u25_s103,6,10,55217,,673470721,,,0,1,hold_exit_before_slot_completion,3714559,14133441,14133441,,,,,,,0,0,1,1,1.0,0.0,262926,hold,0,4,0,0,4,0,8,7,9519505.11627907,1,1269.4584017745865,14512000,30736000,1,persistent,1000.0,450.0,1450.0,150.0,145.87184226740604,1000.0,1269.458401774586,0,1,269.45840177458615,0.0,99,16,29,180.5415982254135,0,round_censored
coarse-f16-h6-u25,persistent,16,6,0.25,103,confirmation_coarse-f16-h6-u25_s103,4,16,55226,,673513441,,,0,1,hold_exit_before_slot_completion,1249280,14575040,14575040,,,,,,,0,0,1,1,1.0,0.0,262926,hold,0,6,0,0,6,0,8,4,8250108.444444444,1,1274.3771441840572,14608000,30736000,1,persistent,1000.0,450.0,1450.0,150.0,145.87184226740604,1000.0,1274.3771441840572,0,1,274.3771441840571,0.0,99,16,29,175.62285581594278,0,round_censored
coarse-f16-h6-u25,persistent,16,6,0.25,103,confirmation_coarse-f16-h6-u25_s103,12,5,55540,63214,677227681,766557441,89329760,1,0,,2760160,29697120,29697120,28055520,0.05527808757212821,0,0,1,1,87241600,6,6,6,1.0,1.0,262926,hold,0,8,0,0,8,0,7,4,18063674.537142858,1,1275.8006373994353,89329760,105660000,1,persistent,1000.0,450.0,1450.0,150.0,145.87184226740604,1000.0,1275.8006373994351,0,1,275.8006373994352,0.0,99,16,29,174.19936260056465,1,
coarse-f16-h6-u25,persistent,16,6,0.25,103,confirmation_coarse-f16-h6-u25_s103,14,13,55784,58298,680341441,709877121,29535680,1,0,,3335680,28457921,28457921,34570400,-0.214790075494271,1,1,1,1,28654080,2,2,2,1.0,1.0,262926,hold,1,7,1,0,19,0,7,4,14614934.339622641,1,1264.9579766087174,29535680,46162400,1,persistent,1000.0,450.0,1450.0,150.0,145.87184226740604,1000.0,1264.9579766087174,0,1,264.9579766087175,0.0,99,16,29,185.04202339128256,1,
coarse-f16-h6-u25,persistent,16,6,0.25,103,confirmation_coarse-f16-h6-u25_s103,15,12,57188,58475,697154721,711978721,14824000,1,0,,2645280,22184000,22184000,17092000,0.2295347998557519,0,0,0,0,14372000,1,1,1,1.0,1.0,262926,hold,0,8,0,0,8,0,8,5,14304431.515151516,1,1274.7828330387047,14824000,31208000,1,persistent,1000.0,450.0,1450.0,150.0,145.87184226740604,1000.0,1274.782833038705,0,1,274.78283303870484,0.0,99,16,29,175.21716696129533,1,
coarse-f16-h6-u25,persistent,16,6,0.25,103,confirmation_coarse-f16-h6-u25_s103,11,12,57381,61143,699349441,743758721,44409280,1,0,,2988000,25153280,25153280,25037760,0.0045926415958475394,0,1,1,1,43413280,3,3,3,1.0,1.0,262926,hold,1,8,0,1,8,0,7,7,13535830.103092784,1,1269.9061499939999,44409280,61271040,1,persistent,1000.0,450.0,1450.0,150.0,145.87184226740604,1000.0,1269.9061499939999,0,1,269.906149994,0.0,99,16,29,180.09385000600014,1,
coarse-f16-h6-u25,persistent,16,6,0.25,103,confirmation_coarse-f16-h6-u25_s103,2,15,57477,59923,700450721,730002721,29552000,1,0,,1541280,40424481,40424481,49311839,-0.2198508868920296,1,1,1,1,28768000,2,2,2,1.0,1.0,262926,hold,1,8,0,1,12,0,8,6,17108375.968253966,1,1272.1517649940183,29552000,46148000,1,persistent,1000.0,450.0,1450.0,150.0,145.87184226740604,1000.0,1272.1517649940183,0,1,272.1517649940183,0.0,99,16,29,177.84823500598168,1,
coarse-f16-h6-u25,persistent,16,6,0.25,103,confirmation_coarse-f16-h6-u25_s103,14,14,58298,59484,709877121,724717121,14840000,1,0,,333280,34570400,34570400,39181600,-0.13338578668456252,1,1,1,1,14148000,1,1,1,1.0,1.0,262926,hold,0,8,0,0,8,0,8,5,19366623.03030303,1,1272.024453128745,14840000,30370400,1,persistent,1000.0,450.0,1450.0,150.0,145.87184226740604,1000.0,1272.0244531287453,0,1,272.02445312874545,0.0,99,16,29,177.9755468712549,1,
coarse-f16-h6-u25,persistent,16,6,0.25,103,confirmation_coarse-f16-h6-u25_s103,15,13,58475,,711978721,,,0,1,hold_exit_before_slot_completion,6345280,17092000,17092000,,,,,,,14344000,1,2,2,1.0,0.5,262926,hold,0,0,0,0,0,0,7,4,15146963.692307692,1,1265.1563668084677,29168000,45493440,1,persistent,1000.0,450.0,1450.0,150.0,145.87184226740604,1000.0,1265.1563668084677,0,1,265.1563668084678,0.0,99,16,29,184.84363319153226,0,round_censored
coarse-f16-h6-u25,persistent,16,6,0.25,103,confirmation_coarse-f16-h6-u25_s103,4,17,58892,61404,717198721,746414721,29216000,1,0,,1249280,14801280,14801280,11952000,0.19250227007393955,0,0,0,1,14276000,1,2,2,1.0,0.5,262926,hold,1,7,1,0,38,0,8,4,7050908.764044944,1,1270.8935906871602,29216000,45152000,1,persistent,1000.0,450.0,1450.0,150.0,145.87184226740604,1000.0,1270.8935906871602,0,1,270.8935906871603,0.0,99,16,29,179.1064093128398,1,
coarse-f16-h6-u25,persistent,16,6,0.25,103,confirmation_coarse-f16-h6-u25_s103,1,19,59030,61562,718954401,748198401,29244000,1,0,,3208160,16299680,16299680,19093599,-0.17140943871290726,1,1,1,1,28580000,2,2,2,1.0,1.0,262926,hold,1,7,1,0,17,0,7,7,8525198.285714285,1,1273.3282659746887,29244000,45152000,1,persistent,1000.0,450.0,1450.0,150.0,145.87184226740604,1000.0,1273.328265974689,0,1,273.3282659746889,0.0,99,16,29,176.67173402531125,1,
coarse-f16-h6-u25,persistent,16,6,0.25,103,confirmation_coarse-f16-h6-u25_s103,14,15,59484,60745,724717121,739262721,14545600,1,0,,115680,39181600,39181600,36690400,0.06358086448741246,0,0,0,1,14213600,1,1,1,1.0,1.0,262926,hold,0,8,0,0,8,0,8,5,18231398.78787879,1,1266.504413553528,14545600,30544000,1,persistent,1000.0,450.0,1450.0,150.0,145.87184226740604,1000.0,1266.504413553528,0,1,266.5044135535279,0.0,99,16,29,183.4955864464721,1,
coarse-f16-h6-u25,persistent,16,6,0.25,103,confirmation_coarse-f16-h6-u25_s103,3,4,59740,62363,727649441,756881441,29232000,1,0,,5477280,33152000,33152000,32368000,0.02364864864864865,0,1,1,1,28328000,2,2,2,1.0,1.0,262926,hold,0,8,0,0,8,0,8,6,12983154.626865672,1,1284.4909928681627,29232000,45042720,1,persistent,1000.0,450.0,1450.0,150.0,145.87184226740604,1000.0,1284.4909928681627,0,1,284.4909928681627,0.0,99,16,29,165.50900713183728,1,
coarse-f16-h6-u25,persistent,16,6,0.25,103,confirmation_coarse-f16-h6-u25_s103,2,16,59923,61227,730002721,744598560,14595839,1,0,,529441,49311839,49311839,47976000,0.027089620405355397,0,0,1,1,14143839,1,1,1,1.0,1.0,262926,hold,0,8,0,0,8,0,8,6,14685348.542857142,1,1285.8541878220133,14595839,30212000,1,persistent,1000.0,450.0,1450.0,150.0,145.87184226740604,1000.0,1285.8541878220133,0,1,285.85418782201333,0.0,99,16,29,164.14581217798673,1,
coarse-f16-h6-u25,persistent,16,6,0.25,103,confirmation_coarse-f16-h6-u25_s103,14,16,60745,63415,739262721,768854721,29592000,1,0,,2254880,36690400,36690400,30585600,0.16638684778579682,0,0,0,0,28448000,2,2,2,1.0,1.0,262926,hold,1,8,0,1,12,0,7,4,15938261.492537314,1,1288.2073589356762,29592000,44820000,1,persistent,1000.0,450.0,1450.0,150.0,145.87184226740604,1000.0,1288.2073589356762,0,1,288.2073589356762,0.0,99,16,29,161.7926410643238,1,
coarse-f16-h6-u25,persistent,16,6,0.25,103,confirmation_coarse-f16-h6-u25_s103,11,13,61143,62517,743758721,758698721,14940000,1,0,,3435520,25037760,25037760,29944000,-0.19595363163477883,1,1,1,1,14073280,1,1,1,1.0,1.0,262926,hold,0,8,0,0,8,0,8,7,14172529.23076923,1,1301.882144658413,14940000,43671680,1,persistent,1000.0,450.0,1450.0,150.0,145.87184226740604,1000.0,1301.882144658413,0,1,301.88214465841287,0.0,99,16,29,148.11785534158707,1,
coarse-f16-h6-u25,persistent,16,6,0.25,103,confirmation_coarse-f16-h6-u25_s103,2,17,61227,63858,744598560,773746721,29148161,1,0,,773440,47976000,47976000,47523839,0.0094247331999333,0,1,1,1,28364161,2,2,2,1.0,1.0,262926,hold,1,8,0,1,18,0,8,6,14548140.035714285,1,1288.8292566026264,29148161,44706720,1,persistent,1000.0,450.0,1450.0,150.0,145.87184226740604,1000.0,1288.8292566026266,0,1,288.8292566026265,0.0,99,16,29,161.1707433973736,1,
coarse-f16-h6-u25,persistent,16,6,0.25,103,confirmation_coarse-f16-h6-u25_s103,6,11,61379,,746178401,,,0,1,hold_exit_before_slot_completion,3568160,16245120,16245120,,,,,,,0,0,1,1,1.0,0.0,262926,hold,1,7,0,0,17,0,8,7,8526265.263157895,1,1291.5080569039171,14641120,30036000,1,persistent,1000.0,450.0,1450.0,150.0,145.87184226740604,1000.0,1291.5080569039173,0,1,291.50805690391724,0.0,99,16,29,158.49194309608288,0,round_censored
coarse-f16-h6-u25,persistent,16,6,0.25,103,confirmation_coarse-f16-h6-u25_s103,1,20,61562,64169,748198401,777454721,29256320,1,0,,912001,19093599,19093599,10629120,0.44331500834389576,0,0,0,0,14296320,1,2,2,1.0,0.5,262926,hold,1,7,1,0,24,0,7,7,9026924.92682927,1,1303.2718922621966,29256320,44585760,1,persistent,1000.0,450.0,1450.0,150.0,145.87184226740604,1000.0,1303.2718922621966,0,1,303.2718922621967,0.0,99,16,29,146.72810773780338,1,
coarse-f16-h6-u25,persistent,16,6,0.25,103,confirmation_coarse-f16-h6-u25_s103,8,9,61767,67020,750474721,808706721,58232000,1,0,,5505280,21152000,21152000,12028000,0.4313540090771558,0,0,0,0,42560000,3,4,4,1.0,0.75,262926,hold,0,8,0,0,8,0,7,7,13509901.313868614,1,1311.9288028783099,58232000,75239040,1,persistent,1000.0,450.0,1450.0,150.0,145.87184226740604,1000.0,1311.9288028783096,0,1,311.9288028783096,0.0,99,16,29,138.07119712169015,1,
coarse-f16-h6-u25,persistent,16,6,0.25,103,confirmation_coarse-f16-h6-u25_s103,15,14,62253,66266,755758721,800378721,44620000,1,0,,8061280,16208000,16208000,32237920,-0.9890128331688055,1,1,1,1,42784000,3,3,3,1.0,1.0,262926,hold,0,8,0,0,8,0,8,5,14180510.0,1,1316.8523367502628,44620000,60424000,1,persistent,1000.0,450.0,1450.0,150.0,145.87184226740604,1000.0,1316.8523367502628,0,1,316.85233675026274,0.0,99,16,29,133.1476632497372,1,
coarse-f16-h6-u25,persistent,16,6,0.25,103,confirmation_coarse-f16-h6-u25_s103,9,6,62354,,756830401,,,0,1,hold_exit_before_slot_completion,1941280,15272000,15272000,,,,,,,0,0,1,1,1.0,0.0,262926,hold,0,1,0,0,1,0,5,4,9571193.043478262,1,1300.618375205417,14484320,30098720,1,persistent,1000.0,450.0,1450.0,150.0,145.87184226740604,1000.0,1300.6183752054171,0,1,300.6183752054172,0.0,99,16,29,149.3816247945831,0,round_censored
coarse-f16-h6-u25,persistent,16,6,0.25,103,confirmation_coarse-f16-h6-u25_s103,3,5,62363,71555,756881441,860001441,103120000,1,0,,4269280,32368000,32368000,31012000,0.04189322787938705,0,0,1,1,99956000,7,7,7,1.0,1.0,262926,hold,0,8,0,0,8,0,8,6,14060192.554112554,1,1307.7234592579866,103120000,120262720,1,persistent,1000.0,450.0,1450.0,150.0,145.87184226740604,1000.0,1307.723459257987,0,1,307.72345925798703,0.0,99,16,29,142.27654074201337,1,
coarse-f16-h6-u25,persistent,16,6,0.25,103,confirmation_coarse-f16-h6-u25_s103,11,14,62517,63817,758698721,773306721,14608000,1,0,,644320,29944000,29944000,30412000,-0.015629174458990116,1,1,1,1,14276000,1,1,1,1.0,1.0,262926,hold,0,8,0,0,8,0,8,7,13006797.575757576,1,1287.4203491279193,14608000,30098720,1,persistent,1000.0,450.0,1450.0,150.0,145.87184226740604,1000.0,1287.420349127919,0,1,287.420349127919,0.0,99,16,29,162.57965087208072,1,
coarse-f16-h6-u25,persistent,16,6,0.25,103,confirmation_coarse-f16-h6-u25_s103,12,6,63214,65846,766557441,795773441,29216000,1,0,,4323040,28055520,28055520,27318240,0.026279320433198174,0,1,1,1,28552000,2,2,2,1.0,1.0,262926,hold,1,7,1,0,9,0,8,5,16545816.470588235,1,1318.3170057562327,29216000,44654239,1,persistent,1000.0,450.0,1450.0,150.0,145.87184226740604,1000.0,1318.3170057562324,0,1,318.31700575623245,0.0,99,16,29,131.68299424376733,1,
coarse-f16-h6-u25,persistent,16,6,0.25,103,confirmation_coarse-f16-h6-u25_s103,14,17,63415,64759,768854721,783770721,14916000,1,0,,865280,30585600,30585600,32756000,-0.07096149822138523,1,1,1,1,14344000,1,1,1,1.0,1.0,262926,hold,0,8,0,0,8,0,8,5,13271985.88235294,1,1309.8797567552108,14916000,29952000,1,persistent,1000.0,450.0,1450.0,150.0,145.87184226740604,1000.0,1309.8797567552108,0,1,309.87975675521085,0.0,99,16,29,140.1202432447892,1,
coarse-f16-h6-u25,persistent,16,6,0.25,103,confirmation_coarse-f16-h6-u25_s103,11,15,63817,67772,773306721,817135841,43829120,1,0,,2099520,30412000,30412000,25236000,0.17019597527291858,0,0,0,0,42588000,3,3,3,1.0,1.0,262926,hold,0,8,0,0,8,0,8,7,14858987.826086957,1,1311.1645853649052,43829120,59869280,1,persistent,1000.0,450.0,1450.0,150.0,145.87184226740604,1000.0,1311.1645853649047,0,1,311.16458536490484,0.0,99,16,29,138.83541463509482,1,
coarse-f16-h6-u25,persistent,16,6,0.25,103,confirmation_coarse-f16-h6-u25_s103,2,18,63858,65223,773746721,788698721,14952000,1,0,,3071041,47523839,47523839,47305600,0.004592200558544944,0,1,1,1,14260000,1,1,1,1.0,1.0,262926,hold,0,8,0,0,8,0,8,6,16524371.891891891,1,1320.6318656759488,14952000,29874880,1,persistent,1000.0,450.0,1450.0,150.0,145.87184226740604,1000.0,1320.6318656759488,0,1,320.63186567594886,0.0,99,16,29,129.3681343240512,1,
coarse-f16-h6-u25,persistent,16,6,0.25,103,confirmation_coarse-f16-h6-u25_s103,6,12,64062,65414,776277121,790694401,14417280,1,0,,2923840,14152320,14152320,10974080,0.22457378012933568,0,0,0,1,0,0,1,1,1.0,0.0,262926,hold,0,8,0,0,8,0,8,7,9472730.909090908,1,1329.4296537674097,14417280,30247839,1,persistent,1000.0,450.0,1450.0,150.0,145.87184226740604,1000.0,1329.4296537674097,0,1,329.4296537674098,0.0,99,16,29,120.57034623259028,1,
coarse-f16-h6-u25,persistent,16,6,0.25,103,confirmation_coarse-f16-h6-u25_s103,14,18,64759,66075,783770721,798314721,14544000,1,0,,2821280,32756000,32756000,32092000,0.020271095371840273,0,1,1,1,14212000,1,1,1,1.0,1.0,262926,hold,0,8,0,0,8,0,7,5,12143868.235294119,1,1332.9426223261996,14544000,30653280,1,persistent,1000.0,450.0,1450.0,150.0,145.87184226740604,1000.0,1332.9426223261996,0,1,332.9426223261997,0.0,99,16,29,117.05737767380037,1,
coarse-f16-h6-u25,persistent,16,6,0.25,103,confirmation_coarse-f16-h6-u25_s103,2,19,65223,66604,788698721,803994560,15295839,1,0,,2883680,47305600,47305600,48808000,-0.031759453426232834,1,1,1,1,14603839,1,1,1,1.0,1.0,262926,hold,0,8,0,0,8,0,7,5,16698534.6875,1,1313.1443232559918,15295839,43683999,1,persistent,1000.0,450.0,1450.0,150.0,145.87184226740604,1000.0,1313.1443232559918,0,1,313.1443232559918,0.0,99,16,29,136.85567674400818,1,
coarse-f16-h6-u25,persistent,16,6,0.25,103,confirmation_coarse-f16-h6-u25_s103,12,7,65846,68632,795773441,826426721,30653280,1,0,,4807040,27318240,27318240,23457600,0.1413209635759844,0,0,0,1,29399040,2,2,2,1.0,1.0,262926,hold,0,8,0,0,8,0,8,5,13868609.523809524,1,1309.5581864693781,30653280,58620000,1,persistent,1000.0,450.0,1450.0,150.0,145.87184226740604,1000.0,1309.5581864693781,0,1,309.55818646937803,0.0,99,16,29,140.44181353062186,1,
coarse-f16-h6-u25,persistent,16,6,0.25,103,confirmation_coarse-f16-h6-u25_s103,14,19,66075,68760,798314721,827922721,29608000,1,0,,2249280,32092000,32092000,39920000,-0.2439237193069924,1,1,1,1,28584000,2,2,2,1.0,1.0,262926,hold,1,8,0,1,32,0,8,5,14696691.764705881,1,1315.8537252307901,29608000,46168000,1,persistent,1000.0,450.0,1450.0,150.0,145.87184226740604,1000.0,1315.8537252307904,0,1,315.85372523079025,0.0,99,16,29,134.14627476920987,1,
coarse-f16-h6-u25,persistent,16,6,0.25,103,confirmation_coarse-f16-h6-u25_s103,15,15,66266,71424,800378721,858582721,58204000,1,0,,3543360,32237920,32237920,18682080,0.4204936298619762,0,0,0,0,56876000,4,4,4,1.0,1.0,262926,hold,0,8,0,0,8,0,7,5,14790634.20289855,1,1306.4893569428675,58204000,76441440,1,persistent,1000.0,450.0,1450.0,150.0,145.87184226740604,1000.0,1306.4893569428677,0,1,306.4893569428677,0.0,99,16,29,143.51064305713248,1,
coarse-f16-h6-u25,persistent,16,6,0.25,103,confirmation_coarse-f16-h6-u25_s103,2,20,66604,67967,803994560,819130721,15136161,1,0,,1681280,48808000,48808000,49736161,-0.01901657515161449,1,1,1,1,14564161,1,1,1,1.0,1.0,262926,hold,0,8,0,0,8,0,8,6,16016654.484848484,1,1315.1683133611484,15136161,30653280,1,persistent,1000.0,450.0,1450.0,150.0,145.87184226740604,1000.0,1315.1683133611484,0,1,315.1683133611483,0.0,99,16,29,134.83168663885158,1,
coarse-f16-h6-u25,persistent,16,6,0.25,103,confirmation_coarse-f16-h6-u25_s103,6,13,66719,69318,805302401,834278881,28976480,1,0,,912160,14404800,14404800,13699360,0.048972564700655336,0,1,1,1,14036480,1,2,2,1.0,0.5,262926,hold,1,8,0,1,26,0,7,6,7432301.395348838,1,1308.3746389490284,28976480,46168000,1,persistent,1000.0,450.0,1450.0,150.0,145.87184226740604,1000.0,1308.3746389490286,0,1,308.3746389490286,0.0,99,16,29,141.6253610509716,1,
coarse-f16-h6-u25,persistent,16,6,0.25,103,confirmation_coarse-f16-h6-u25_s103,11,16,67772,70383,817135841,846367681,29231840,1,0,,1909280,25236000,25236000,23745761,0.05905210809954034,0,0,1,1,28572960,2,2,2,1.0,1.0,262926,hold,0,8,0,0,8,0,7,7,15377286.985074626,1,1310.0629075306329,29231840,46456000,1,persistent,1000.0,450.0,1450.0,150.0,145.87184226740604,1000.0,1310.0629075306329,0,1,310.06290753063286,0.0,99,16,29,139.93709246936714,1,
coarse-f16-h6-u25,persistent,16,6,0.25,103,confirmation_coarse-f16-h6-u25_s103,2,21,67967,70612,819130721,848842721,29712000,1,0,,3133280,49736161,49736161,42100000,0.1535333818788306,0,0,0,0,28688000,2,2,2,1.0,1.0,262926,hold,0,8,0,0,8,0,8,6,17653277.524590164,1,1304.6146736907071,29712000,58598720,1,persistent,1000.0,450.0,1450.0,150.0,145.87184226740604,1000.0,1304.6146736907071,0,1,304.6146736907071,0.0,99,16,29,145.38532630929285,1,
coarse-f16-h6-u25,persistent,16,6,0.25,103,confirmation_coarse-f16-h6-u25_s103,12,8,68632,71285,826426721,856679681,30252960,1,0,,2686560,23457600,23457600,24293601,-0.03563881215469613,1,1,1,1,29064000,2,2,2,1.0,1.0,262926,hold,0,8,0,0,8,0,7,4,16006821.696969697,1,1303.380383838603,30252960,46480000,1,persistent,1000.0,450.0,1450.0,150.0,145.87184226740604,1000.0,1303.3803838386027,0,1,303.38038383860277,0.0,99,16,29,146.61961616139706,1,
coarse-f16-h6-u25,persistent,16,6,0.25,103,confirmation_coarse-f16-h6-u25_s103,14,20,68760,71412,827922721,858310721,30388000,1,0,,985280,39920000,39920000,29488000,0.26132264529058113,0,0,0,0,29724000,2,2,2,1.0,1.0,262926,hold,1,7,1,0,13,0,8,5,15795949.206349207,1,1300.3836222592067,30388000,46480000,1,persistent,1000.0,450.0,1450.0,150.0,145.87184226740604,1000.0,1300.3836222592067,0,1,300.3836222592067,0.0,99,16,29,149.61637774079327,1,
coarse-f16-h6-u25,persistent,16,6,0.25,103,confirmation_coarse-f16-h6-u25_s103,16,1,69163,,832434721,,,0,1,hold_exit_before_slot_completion,3568160,45046400,45046400,,,,,,,0,0,1,1,1.0,0.0,262926,hold,1,5,0,0,5,0,7,4,7181336.162162162,1,1289.383527349957,14684000,31523840,1,persistent,1000.0,450.0,1450.0,150.0,145.87184226740604,1000.0,1289.3835273499571,0,1,289.3835273499571,0.0,99,16,29,160.61647265004308,0,round_censored
coarse-f16-h6-u25,persistent,16,6,0.25,103,confirmation_coarse-f16-h6-u25_s103,1,21,69402,70673,835169441,849666721,14497280,1,0,,1581280,14384000,14384000,14497280,-0.007875417130144604,1,1,1,1,14165280,1,1,1,1.0,1.0,262926,hold,0,8,0,0,8,0,8,7,7660053.333333333,1,1289.7632737001431,14497280,31523840,1,persistent,1000.0,450.0,1450.0,150.0,145.87184226740604,1000.0,1289.7632737001431,0,1,289.7632737001432,0.0,99,16,29,160.23672629985685,1,
coarse-f16-h6-u25,persistent,16,6,0.25,103,confirmation_coarse-f16-h6-u25_s103,11,17,70383,71637,846367681,860954721,14587040,1,0,,1250559,23745761,23745761,26061440,-0.0975196794072003,1,1,1,1,14255040,1,1,1,1.0,1.0,262926,hold,0,8,0,0,8,0,8,7,14900762.236842105,1,1303.3746839709352,14587040,31540000,1,persistent,1000.0,450.0,1450.0,150.0,145.87184226740604,1000.0,1303.3746839709352,0,1,303.3746839709351,0.0,99,16,29,146.62531602906483,1,
coarse-f16-h6-u25,persistent,16,6,0.25,103,confirmation_coarse-f16-h6-u25_s103,2,22,70612,73197,848842721,878118721,29276000,1,0,,4061280,42100000,42100000,47280000,-0.12304038004750593,1,1,1,1,28612000,2,2,2,1.0,1.0,262926,hold,1,7,1,0,10,0,7,6,16327079.92857143,1,1287.430944925758,29276000,47144000,1,persistent,1000.0,450.0,1450.0,150.0,145.87184226740604,1000.0,1287.4309449257582,0,1,287.4309449257582,0.0,99,16,29,162.569055074242,1,
coarse-f16-h6-u25,persistent,16,6,0.25,103,confirmation_coarse-f16-h6-u25_s103,1,22,70673,71936,849666721,864274721,14608000,1,0,,2356000,14497280,14497280,16378720,-0.12977882747660252,1,1,1,1,14276000,1,1,1,1.0,1.0,262926,hold,0,8,0,0,8,0,8,7,7634545.116279069,1,1285.2491067831672,14608000,31540000,1,persistent,1000.0,450.0,1450.0,150.0,145.87184226740604,1000.0,1285.2491067831672,0,1,285.2491067831673,0.0,99,16,29,164.75089321683276,1,
coarse-f16-h6-u25,persistent,16,6,0.25,103,confirmation_coarse-f16-h6-u25_s103,12,9,71285,,856679681,,,0,1,hold_exit_before_slot_completion,1855679,24293601,24293601,,,,,,,14235040,1,2,2,1.0,0.5,262926,hold,0,1,0,0,1,0,8,5,18464760.842105262,1,1299.6240399415678,29028000,47144000,1,persistent,1000.0,450.0,1450.0,150.0,145.87184226740604,1000.0,1299.624039941568,0,1,299.624039941568,0.0,99,16,29,150.37596005843216,0,round_censored
coarse-f16-h6-u25,persistent,16,6,0.25,103,confirmation_coarse-f16-h6-u25_s103,14,21,71412,74095,858310721,887730881,29420160,1,0,,3469280,29488000,29488000,26251840,0.10974498100922409,0,0,0,1,28396160,2,2,2,1.0,1.0,262926,hold,0,8,0,0,8,0,7,5,14474318.644067796,1,1297.4810300603297,29420160,58116960,1,persistent,1000.0,450.0,1450.0,150.0,145.87184226740604,1000.0,1297.4810300603299,0,1,297.4810300603299,0.0,99,16,29,152.51896993967034,1,
coarse-f16-h6-u25,persistent,16,6,0.25,103,confirmation_coarse-f16-h6-u25_s103,15,16,71424,72731,858582721,873018721,14436000,1,0,,2735200,18682080,18682080,19260000,-0.030934456976953316,1,1,1,1,14104000,1,1,1,1.0,1.0,262926,hold,0,8,0,0,8,0,8,5,11538654.11764706,1,1293.282402751637,14436000,31540000,1,persistent,1000.0,450.0,1450.0,150.0,145.87184226740604,1000.0,1293.282402751637,0,1,293.28240275163694,0.0,99,16,29,156.71759724836306,1,
coarse-f16-h6-u25,persistent,16,6,0.25,103,confirmation_coarse-f16-h6-u25_s103,3,6,71555,79523,860001441,948077441,88076000,1,0,,4085280,31012000,31012000,23272000,0.24958080742938218,0,0,0,0,85124000,6,6,6,1.0,1.0,262926,hold,0,8,0,0,8,0,7,5,15060764.536082475,1,1305.2736495554502,88076000,107670720,1,persistent,1000.0,450.0,1450.0,150.0,145.87184226740604,1000.0,1305.2736495554498,0,1,305.2736495554499,0.0,99,16,29,144.72635044454978,1,
coarse-f16-h6-u25,persistent,16,6,0.25,103,confirmation_coarse-f16-h6-u25_s103,11,18,71637,72959,860954721,875562721,14608000,1,0,,137280,26061440,26061440,21617601,0.17051394704206674,0,0,0,0,14031040,1,1,1,1.0,1.0,262926,hold,0,8,0,0,8,0,7,6,14189048.48275862,1,1277.5316716406119,14608000,29952000,1,persistent,1000.0,450.0,1450.0,150.0,145.87184226740604,1000.0,1277.531671640612,0,1,277.53167164061205,0.0,99,16,29,172.46832835938812,1,
coarse-f16-h6-u25,persistent,16,6,0.25,103,confirmation_coarse-f16-h6-u25_s103,16,2,71697,74412,861618721,890998721,29380000,1,0,,39840,45276480,45276480,50166399,-0.10800130663867863,1,1,1,1,28713279,2,2,2,1.0,1.0,262926,hold,1,7,1,0,16,0,8,5,9017502.24390244,1,1308.238340204053,29380000,44840000,1,persistent,1000.0,450.0,1450.0,150.0,145.87184226740604,1000.0,1308.2383402040532,0,1,308.23834020405315,0.0,99,16,29,141.76165979594703,1,
coarse-f16-h6-u25,persistent,16,6,0.25,103,confirmation_coarse-f16-h6-u25_s103,6,14,71843,74560,863149121,892492161,29343040,1,0,,1778560,16056960,16056960,16544000,-0.030332018015863525,1,1,1,1,28679040,2,2,2,1.0,1.0,262926,hold,1,7,1,0,25,0,8,7,8135607.619047619,1,1307.0585787228022,29343040,58181440,1,persistent,1000.0,450.0,1450.0,150.0,145.87184226740604,1000.0,1307.0585787228022,0,1,307.0585787228022,0.0,99,16,29,142.94142127719783,1,
coarse-f16-h6-u25,persistent,16,6,0.25,103,confirmation_coarse-f16-h6-u25_s103,1,23,71936,73275,864274721,878885281,14610560,1,0,,1797440,16378720,16378720,20945120,-0.27880078540936043,1,1,1,1,14278560,1,1,1,1.0,1.0,262926,hold,0,8,0,0,8,0,8,7,8998871.35135135,1,1290.1295368312908,14610560,31872000,1,persistent,1000.0,450.0,1450.0,150.0,145.87184226740604,1000.0,1290.129536831291,0,1,290.129536831291,0.0,99,16,29,159.8704631687092,1,
coarse-f16-h6-u25,persistent,16,6,0.25,103,confirmation_coarse-f16-h6-u25_s103,8,10,72223,73590,867438721,882326721,14888000,1,0,,7461280,16124000,16124000,20940000,-0.2986851897792111,1,1,1,1,14316000,1,1,1,1.0,1.0,262926,hold,0,8,0,0,8,0,8,8,14051072.0,1,1298.0358417118935,14888000,43840160,1,persistent,1000.0,450.0,1450.0,150.0,145.87184226740604,1000.0,1298.0358417118935,0,1,298.0358417118935,0.0,99,16,29,151.96415828810655,1,
coarse-f16-h6-u25,persistent,16,6,0.25,103,confirmation_coarse-f16-h6-u25_s103,7,1,72427,75173,869814721,899230721,29416000,1,0,,5433280,44452000,44452000,53752000,-0.20921443354629712,1,1,1,1,28512000,2,2,2,1.0,1.0,262926,hold,1,7,1,0,33,0,7,7,14727441.15942029,1,1302.4167709631529,29416000,46582720,1,persistent,1000.0,450.0,1450.0,150.0,145.87184226740604,1000.0,1302.416770963153,0,1,302.41677096315306,0.0,99,16,29,147.58322903684711,1,
coarse-f16-h6-u25,persistent,16,6,0.25,103,confirmation_coarse-f16-h6-u25_s103,15,17,72731,75447,873018721,902255681,29236960,1,0,,2765280,19260000,19260000,20468000,-0.06272066458982346,1,1,1,1,28452960,2,2,2,1.0,1.0,262926,hold,1,7,1,0,12,0,8,5,12719042.285714285,1,1303.501340969637,29236960,46582720,1,persistent,1000.0,450.0,1450.0,150.0,145.87184226740604,1000.0,1303.5013409696373,0,1,303.5013409696373,0.0,99,16,29,146.4986590303629,1,
coarse-f16-h6-u25,persistent,16,6,0.25,103,confirmation_coarse-f16-h6-u25_s103,11,19,72959,74338,875562721,890170721,14608000,1,0,,1925280,21617601,21617601,18510080,0.14374957702290833,0,0,0,1,14276000,1,1,1,1.0,1.0,262926,hold,0,8,0,0,8,0,8,7,14877404.472222222,1,1306.2972282029073,14608000,31872000,1,persistent,1000.0,450.0,1450.0,150.0,145.87184226740604,1000.0,1306.2972282029075,0,1,306.29722820290743,0.0,99,16,29,143.70277179709274,1,
coarse-f16-h6-u25,persistent,16,6,0.25,103,confirmation_coarse-f16-h6-u25_s103,2,23,73197,74601,878118721,892948161,14829440,1,0,,1039679,47280000,47280000,43685280,0.07603045685279188,0,0,0,1,14137440,1,1,1,1.0,1.0,262926,hold,0,8,0,0,8,0,8,6,15261778.911764706,1,1321.7019767005584,14829440,30314720,1,persistent,1000.0,450.0,1450.0,150.0,145.87184226740604,1000.0,1321.7019767005584,0,1,321.7019767005585,0.0,99,16,29,128.29802329944164,1,
coarse-f16-h6-u25,persistent,16,6,0.25,103,confirmation_coarse-f16-h6-u25_s103,1,24,73275,74649,878885281,893493281,14608000,1,0,,450560,20945120,20945120,18705440,0.10693087459035804,0,0,0,1,14278560,1,1,1,1.0,1.0,262926,hold,0,8,0,0,8,0,8,7,10947417.435897436,1,1314.5658294538903,14608000,30314720,1,persistent,1000.0,450.0,1450.0,150.0,145.87184226740604,1000.0,1314.5658294538903,0,1,314.5658294538903,0.0,99,16,29,135.43417054610973,1,
coarse-f16-h6-u25,persistent,16,6,0.25,103,confirmation_coarse-f16-h6-u25_s103,8,11,73590,75022,882326721,897602721,15276000,1,0,,5025280,20940000,20940000,18744000,0.10487106017191977,0,0,0,1,14584000,1,1,1,1.0,1.0,262926,hold,0,8,0,0,8,0,8,8,12627312.94117647,1,1300.1213069027476,15276000,30314720,1,persistent,1000.0,450.0,1450.0,150.0,145.87184226740604,1000.0,1300.1213069027474,0,1,300.1213069027474,0.0,99,16,29,149.87869309725238,1,
coarse-f16-h6-u25,persistent,16,6,0.25,103,confirmation_coarse-f16-h6-u25_s103,14,22,74095,76764,887730881,917149601,29418720,1,0,,3017280,26251840,26251840,32290880,-0.23004254177992856,1,1,1,1,28274720,2,2,2,1.0,1.0,262926,hold,1,7,1,0,7,0,8,5,18575790.769230768,1,1325.592688430625,29418720,45152960,1,persistent,1000.0,450.0,1450.0,150.0,145.87184226740604,1000.0,1325.5926884306245,0,1,325.59268843062466,0.0,99,16,29,124.407311569375,1,
coarse-f16-h6-u25,persistent,16,6,0.25,103,confirmation_coarse-f16-h6-u25_s103,11,20,74338,78257,890170721,934163681,43992960,1,0,,5647200,18510080,18510080,18617440,-0.005800082981813152,1,1,1,1,42841440,3,3,3,1.0,1.0,262926,hold,0,8,0,0,8,0,8,7,14295825.6,1,1316.9710748508996,43992960,61393120,1,persistent,1000.0,450.0,1450.0,150.0,145.87184226740604,1000.0,1316.9710748508999,0,1,316.9710748508999,0.0,99,16,29,133.02892514910036,1,
coarse-f16-h6-u25,persistent,16,6,0.25,103,confirmation_coarse-f16-h6-u25_s103,16,3,74412,75716,890998721,905570721,14572000,1,0,,1378881,50166399,50166399,50185440,-0.0003795568424195645,1,1,1,1,14240000,1,1,1,1.0,1.0,262926,hold,0,8,0,0,8,0,8,5,11337630.139534883,1,1324.3638651909619,14572000,30314720,1,persistent,1000.0,450.0,1450.0,150.0,145.87184226740604,1000.0,1324.3638651909616,0,1,324.36386519096163,0.0,99,16,29,125.63613480903814,1,
coarse-f16-h6-u25,persistent,16,6,0.25,103,confirmation_coarse-f16-h6-u25_s103,9,7,74507,,891941441,,,0,1,hold_exit_before_slot_completion,3573280,16710720,16710720,,,,,,,14046720,1,2,2,1.0,0.5,262926,hold,1,7,0,1,7,0,7,5,8639369.23076923,1,1323.032459027014,29318720,57968960,1,persistent,1000.0,450.0,1450.0,150.0,145.87184226740604,1000.0,1323.0324590270138,0,1,323.0324590270138,0.0,99,16,29,126.96754097298594,0,round_censored
coarse-f16-h6-u25,persistent,16,6,0.25,103,confirmation_coarse-f16-h6-u25_s103,6,15,74560,77158,892492161,921378721,28886560,1,0,,2625600,16544000,16544000,12948000,0.2173597678916828,0,0,0,1,14030400,1,2,2,1.0,0.5,262926,hold,0,8,0,0,8,0,8,7,7918807.619047619,1,1319.405116729373,28886560,45789120,1,persistent,1000.0,450.0,1450.0,150.0,145.87184226740604,1000.0,1319.4051167293728,0,1,319.4051167293729,0.0,99,16,29,130.59488327062695,1,
coarse-f16-h6-u25,persistent,16,6,0.25,103,confirmation_coarse-f16-h6-u25_s103,2,24,74601,77214,892948161,922006721,29058560,1,0,,2832000,43685280,43685280,51797440,-0.1856955020089147,1,1,1,1,28394560,2,2,2,1.0,1.0,262926,hold,0,8,0,0,8,0,7,5,20275682.98148148,1,1316.4492095962435,29058560,45789120,1,persistent,1000.0,450.0,1450.0,150.0,145.87184226740604,1000.0,1316.4492095962432,0,1,316.44920959624324,0.0,99,16,29,133.55079040375654,1,
coarse-f16-h6-u25,persistent,16,6,0.25,103,confirmation_coarse-f16-h6-u25_s103,1,25,74649,75938,893493281,908098721,14605440,1,0,,134720,18705440,18705440,17145440,0.08339819859891026,0,0,1,1,14192160,1,1,1,1.0,1.0,262926,hold,0,8,0,0,8,0,8,7,10065124.210526315,1,1313.4968389711917,14605440,30044000,1,persistent,1000.0,450.0,1450.0,150.0,145.87184226740604,1000.0,1313.4968389711914,0,1,313.4968389711915,0.0,99,16,29,136.50316102880834,1,
coarse-f16-h6-u25,persistent,16,6,0.25,103,confirmation_coarse-f16-h6-u25_s103,8,12,75022,,897602721,,,0,1,hold_exit_before_slot_completion,3005280,18744000,18744000,,,,,,,28356000,2,3,3,1.0,0.6666666666666666,262926,hold,1,3,0,1,3,0,7,7,15273918.383838383,1,1315.6707739625533,44056000,60526720,1,persistent,1000.0,450.0,1450.0,150.0,145.87184226740604,1000.0,1315.6707739625533,0,1,315.6707739625533,0.0,99,16,29,134.3292260374467,0,round_censored
coarse-f16-h6-u25,persistent,16,6,0.25,103,confirmation_coarse-f16-h6-u25_s103,7,2,75173,76462,899230721,913906721,14676000,1,0,,1889280,53752000,53752000,51068000,0.049933025747879146,0,0,0,1,14344000,1,1,1,1.0,1.0,262926,hold,0,8,0,0,8,0,7,7,11444456.470588235,1,1318.6861717902634,14676000,30630240,1,persistent,1000.0,450.0,1450.0,150.0,145.87184226740604,1000.0,1318.6861717902634,0,1,318.68617179026336,0.0,99,16,29,131.31382820973658,1,
coarse-f16-h6-u25,persistent,16,6,0.25,103,confirmation_coarse-f16-h6-u25_s103,12,10,75257,,900130721,,,0,1,hold_exit_before_slot_completion,4107680,20675200,20675200,,,,,,,28749280,2,3,3,1.0,0.6666666666666666,262926,hold,0,4,0,0,4,0,7,5,16297939.591836736,1,1313.6546127555866,44612960,60687840,1,persistent,1000.0,450.0,1450.0,150.0,145.87184226740604,1000.0,1313.6546127555864,0,1,313.6546127555865,0.0,99,16,29,136.34538724441336,0,round_censored
coarse-f16-h6-u25,persistent,16,6,0.25,103,confirmation_coarse-f16-h6-u25_s103,15,18,75447,76731,902255681,916931681,14676000,1,0,,806240,20468000,20468000,18776960,0.0826187219073676,0,0,1,1,14224000,1,1,1,1.0,1.0,262926,hold,0,8,0,0,8,0,7,5,12948790.588235294,1,1325.4019433501107,14676000,30630240,1,persistent,1000.0,450.0,1450.0,150.0,145.87184226740604,1000.0,1325.4019433501107,0,1,325.4019433501107,0.0,99,16,29,124.59805664988926,1,
coarse-f16-h6-u25,persistent,16,6,0.25,103,confirmation_coarse-f16-h6-u25_s103,16,4,75716,77023,905570721,919932161,14361440,1,0,,2823840,50185440,50185440,50678560,-0.009825957488865297,1,1,1,1,14029440,1,1,1,1.0,1.0,262926,hold,0,8,0,0,8,0,8,5,7745287.047619048,1,1317.0110098952005,14361440,30630240,1,persistent,1000.0,450.0,1450.0,150.0,145.87184226740604,1000.0,1317.0110098952002,0,1,317.01100989520023,0.0,99,16,29,132.98899010479954,1,
coarse-f16-h6-u25,persistent,16,6,0.25,103,confirmation_coarse-f16-h6-u25_s103,1,26,75938,77279,908098721,922706721,14608000,1,0,,1451680,17145440,17145440,13945280,0.18664787838632313,0,0,0,1,0,0,1,1,1.0,0.0,262926,hold,0,8,0,0,8,0,8,7,10526816.0,1,1320.3980773948838,14608000,31078400,1,persistent,1000.0,450.0,1450.0,150.0,145.87184226740604,1000.0,1320.3980773948836,0,1,320.3980773948835,0.0,99,16,29,129.60192260511621,1,
coarse-f16-h6-u25,persistent,16,6,0.25,103,confirmation_coarse-f16-h6-u25_s103,7,3,76462,77778,913906721,928618721,14712000,1,0,,2285280,51068000,51068000,49884000,0.023184773243518447,0,0,1,1,14140000,1,1,1,1.0,1.0,262926,hold,0,8,0,0,8,0,8,8,15289950.216216216,1,1321.7769063832939,14712000,31078400,1,persistent,1000.0,450.0,1450.0,150.0,145.87184226740604,1000.0,1321.776906383294,0,1,321.77690638329403,0.0,99,16,29,128.22309361670614,1,
coarse-f16-h6-u25,persistent,16,6,0.25,103,confirmation_coarse-f16-h6-u25_s103,15,19,76731,79404,916931681,946799681,29868000,1,0,,1953280,18776960,18776960,16760000,0.10741674903711783,0,0,0,1,28844000,2,2,2,1.0,1.0,262926,hold,0,8,0,0,8,0,8,5,13459840.0,1,1309.796926477809,29868000,59100000,1,persistent,1000.0,450.0,1450.0,150.0,145.87184226740604,1000.0,1309.7969264778092,0,1,309.79692647780917,0.0,99,16,29,140.20307352219106,1,
coarse-f16-h6-u25,persistent,16,6,0.25,103,confirmation_coarse-f16-h6-u25_s103,14,23,76764,79375,917149601,946473601,29324000,1,0,,1225280,32290880,32290880,22938880,0.2896173780336739,0,0,0,0,28537920,2,2,2,1.0,1.0,262926,hold,1,7,1,0,10,0,8,5,13575230.588235294,1,1309.8153171932674,29324000,45816000,1,persistent,1000.0,450.0,1450.0,150.0,145.87184226740604,1000.0,1309.8153171932677,0,1,309.81531719326756,0.0,99,16,29,140.18468280673255,1,
coarse-f16-h6-u25,persistent,16,6,0.25,103,confirmation_coarse-f16-h6-u25_s103,16,5,77023,78289,919932161,934506561,14574400,1,0,,617280,50678560,50678560,47501441,0.06269158002910896,0,0,0,1,14242400,1,1,1,1.0,1.0,262926,hold,0,8,0,0,8,0,8,5,7462887.925,1,1311.1691411003108,14574400,31078400,1,persistent,1000.0,450.0,1450.0,150.0,145.87184226740604,1000.0,1311.1691411003108,0,1,311.1691411003108,0.0,99,16,29,138.83085889968925,1,
coarse-f16-h6-u25,persistent,16,6,0.25,103,confirmation_coarse-f16-h6-u25_s103,2,25,77214,78455,922006721,936486721,14480000,1,0,,1011840,51797440,51797440,50081280,0.03313213934897169,0,0,1,1,14148000,1,1,1,1.0,1.0,262926,hold,0,8,0,0,8,0,7,6,14231622.32,1,1301.9428782565922,14480000,31023840,1,persistent,1000.0,450.0,1450.0,150.0,145.87184226740604,1000.0,1301.9428782565924,0,1,301.9428782565924,0.0,99,16,29,148.05712174340783,1,
coarse-f16-h6-u25,persistent,16,6,0.25,103,confirmation_coarse-f16-h6-u25_s103,7,4,77778,79076,928618721,943266721,14648000,1,0,,2341280,49884000,49884000,49276000,0.01218827680218106,0,1,1,1,14076000,1,1,1,1.0,1.0,262926,hold,0,8,0,0,8,0,8,8,13787712.085714286,1,1304.1763882152613,14648000,31208000,1,persistent,1000.0,450.0,1450.0,150.0,145.87184226740604,1000.0,1304.1763882152616,0,1,304.17638821526157,0.0,99,16,29,145.82361178473866,1,
coarse-f16-h6-u25,persistent,16,6,0.25,103,confirmation_coarse-f16-h6-u25_s103,11,21,78257,80833,934163681,963247681,29084000,1,0,,4543840,18617440,18617440,24591200,-0.32086903462559835,1,1,1,1,28420000,2,2,2,1.0,1.0,262926,hold,0,8,0,0,8,0,7,7,12649316.57142857,1,1296.0246372238735,29084000,58183840,1,persistent,1000.0,450.0,1450.0,150.0,145.87184226740604,1000.0,1296.0246372238735,0,1,296.0246372238735,0.0,99,16,29,153.97536277612653,1,
coarse-f16-h6-u25,persistent,16,6,0.25,103,confirmation_coarse-f16-h6-u25_s103,16,6,78289,79615,934506561,949050400,14543839,1,0,,0,47501441,47501441,50614399,-0.06553396980104245,1,1,1,1,14216959,1,1,1,1.0,1.0,262926,hold,0,8,0,0,8,0,8,5,10586354.02631579,1,1292.2841508063727,14543839,31208000,1,persistent,1000.0,450.0,1450.0,150.0,145.87184226740604,1000.0,1292.2841508063727,0,1,292.28415080637274,0.0,99,16,29,157.71584919362726,1,
coarse-f16-h6-u25,persistent,16,6,0.25,103,confirmation_coarse-f16-h6-u25_s103,2,26,78455,79801,936486721,951078721,14592000,1,0,,21280,50081280,50081280,48217601,0.037213086406737206,0,0,1,1,14260000,1,1,1,1.0,1.0,262926,hold,0,8,0,0,8,0,7,5,24318660.09375,1,1301.7830903729928,14592000,31208000,1,persistent,1000.0,450.0,1450.0,150.0,145.87184226740604,1000.0,1301.7830903729928,0,1,301.7830903729929,0.0,99,16,29,148.21690962700723,1,
coarse-f16-h6-u25,persistent,16,6,0.25,103,confirmation_coarse-f16-h6-u25_s103,7,5,79076,80371,943266721,957970721,14704000,1,0,,3945280,49276000,49276000,51028000,-0.03555483399626593,1,1,1,1,14252000,1,1,1,1.0,1.0,262926,hold,0,8,0,0,8,0,7,7,9257037.575757576,1,1292.6818790552732,14704000,30804000,1,persistent,1000.0,450.0,1450.0,150.0,145.87184226740604,1000.0,1292.6818790552732,0,1,292.68187905527327,0.0,99,16,29,157.31812094472684,1,
coarse-f16-h6-u25,persistent,16,6,0.25,103,confirmation_coarse-f16-h6-u25_s103,14,24,79375,81957,946473601,976009601,29536000,1,0,,2885280,22938880,22938880,28632000,-0.24818648512917807,1,1,1,1,28872000,2,2,2,1.0,1.0,262926,hold,1,7,1,0,21,0,8,5,13691844.63768116,1,1298.3986632396172,29536000,45613600,1,persistent,1000.0,450.0,1450.0,150.0,145.87184226740604,1000.0,1298.3986632396172,0,1,298.3986632396172,0.0,99,16,29,151.60133676038276,1,
coarse-f16-h6-u25,persistent,16,6,0.25,103,confirmation_coarse-f16-h6-u25_s103,15,20,79404,81971,946799681,976151681,29352000,1,0,,5957280,16760000,16760000,16364000,0.023627684964200476,0,1,1,1,28568000,2,2,2,1.0,1.0,262926,hold,1,8,0,1,14,0,8,5,13824623.28358209,1,1294.017577308346,29352000,45613600,1,persistent,1000.0,450.0,1450.0,150.0,145.87184226740604,1000.0,1294.017577308346,0,1,294.017577308346,0.0,99,16,29,155.98242269165394,1,
coarse-f16-h6-u25,persistent,16,6,0.25,103,confirmation_coarse-f16-h6-u25_s103,3,7,79523,82081,948077441,977409441,29332000,1,0,,4953280,23272000,23272000,29048000,-0.2481952561017532,1,1,1,1,28428000,2,2,2,1.0,1.0,262926,hold,0,8,0,0,8,0,8,6,13748268.888888888,1,1295.4958106387992,29332000,45613600,1,persistent,1000.0,450.0,1450.0,150.0,145.87184226740604,1000.0,1295.4958106387992,0,1,295.4958106387992,0.0,99,16,29,154.50418936120082,1,
coarse-f16-h6-u25,persistent,16,6,0.25,103,confirmation_coarse-f16-h6-u25_s103,16,7,79615,82168,949050400,978406721,29356321,1,0,,337120,50614399,50614399,43267358,0.1451571320643361,0,0,0,0,28144000,2,2,2,1.0,1.0,262926,hold,1,8,0,1,16,0,7,4,10677425.925,1,1294.7319306491586,29356321,45613600,1,persistent,1000.0,450.0,1450.0,150.0,145.87184226740604,1000.0,1294.7319306491584,0,1,294.7319306491584,0.0,99,16,29,155.26806935084142,1,
coarse-f16-h6-u25,persistent,16,6,0.25,103,confirmation_coarse-f16-h6-u25_s103,2,27,79801,83740,951078721,996990721,45912000,1,0,,2645280,48217601,48217601,49047679,-0.01721524884657783,1,1,1,1,44718880,3,3,3,1.0,1.0,262926,hold,1,8,0,1,8,0,8,6,19248836.361445785,1,1291.8741502385687,45912000,72708000,1,persistent,1000.0,450.0,1450.0,150.0,145.87184226740604,1000.0,1291.8741502385685,0,1,291.8741502385685,0.0,99,16,29,158.12584976143125,1,
coarse-f16-h6-u25,persistent,16,6,0.25,103,confirmation_coarse-f16-h6-u25_s103,1,27,79873,81094,951922721,966466881,14544160,1,0,,1908160,14276000,14276000,12675840,0.11208741944522276,0,0,1,1,0,0,1,1,1.0,0.0,262926,hold,0,8,0,0,8,0,8,7,8077335.95,1,1279.7301772075673,14544160,30728160,1,persistent,1000.0,450.0,1450.0,150.0,145.87184226740604,1000.0,1279.730177207567,0,1,279.730177207567,0.0,99,16,29,170.2698227924327,1,
coarse-f16-h6-u25,persistent,16,6,0.25,103,confirmation_coarse-f16-h6-u25_s103,7,6,80371,82913,957970721,987378721,29408000,1,0,,3909280,51028000,51028000,44728799,0.12344597083953908,0,0,0,0,28504000,2,2,2,1.0,1.0,262926,hold,1,8,0,1,25,0,8,8,15273939.692307692,1,1287.9661828611709,29408000,45912000,1,persistent,1000.0,450.0,1450.0,150.0,145.87184226740604,1000.0,1287.9661828611709,0,1,287.96618286117075,0.0,99,16,29,162.03381713882914,1,
coarse-f16-h6-u25,persistent,16,6,0.25,103,confirmation_coarse-f16-h6-u25_s103,12,11,80484,85586,959226721,1017658721,58432000,1,0,,9812320,15036960,15036960,17265120,-0.14817888722188527,1,1,1,1,56779200,4,4,4,1.0,1.0,262926,hold,0,8,0,0,8,0,7,4,17717490.793650795,1,1297.9859878319355,58432000,76344000,1,persistent,1000.0,450.0,1450.0,150.0,145.87184226740604,1000.0,1297.9859878319353,0,1,297.9859878319353,0.0,99,16,29,152.01401216806448,1,
coarse-f16-h6-u25,persistent,16,6,0.25,103,confirmation_coarse-f16-h6-u25_s103,11,22,80833,82109,963247681,977711681,14464000,1,0,,1041760,24591200,24591200,26728160,-0.08689937863951332,1,1,1,1,14132000,1,1,1,1.0,1.0,262926,hold,0,8,0,0,8,0,8,7,11760555.294117646,1,1294.7759779633418,14464000,30876000,1,persistent,1000.0,450.0,1450.0,150.0,145.87184226740604,1000.0,1294.7759779633418,0,1,294.77597796334175,0.0,99,16,29,155.2240220366582,1,
coarse-f16-h6-u25,persistent,16,6,0.25,103,confirmation_coarse-f16-h6-u25_s103,6,16,80964,82267,964806881,979414881,14608000,1,0,,2429600,14022720,14022720,12030720,0.14205517902375572,0,0,1,1,0,0,1,1,1.0,0.0,262926,hold,0,8,0,0,8,0,8,7,7942950.697674419,1,1290.8741635828403,14608000,30876000,1,persistent,1000.0,450.0,1450.0,150.0,145.87184226740604,1000.0,1290.8741635828405,0,1,290.8741635828404,0.0,99,16,29,159.1258364171597,1,
coarse-f16-h6-u25,persistent,16,6,0.25,103,confirmation_coarse-f16-h6-u25_s103,14,25,81957,84490,976009601,1005594721,29585120,1,0,,2461280,28632000,28632000,31224000,-0.09052808046940486,1,1,1,1,28921120,2,2,2,1.0,1.0,262926,hold,0,8,0,0,8,0,8,5,14780618.507462686,1,1309.6408463871112,29585120,46266560,1,persistent,1000.0,450.0,1450.0,150.0,145.87184226740604,1000.0,1309.6408463871114,0,1,309.6408463871113,0.0,99,16,29,140.3591536128888,1,
coarse-f16-h6-u25,persistent,16,6,0.25,103,confirmation_coarse-f16-h6-u25_s103,15,21,81971,84520,976151681,1005863681,29712000,1,0,,5957280,16364000,16364000,18139840,-0.10852114397457835,1,1,1,1,28928000,2,2,2,1.0,1.0,262926,hold,1,8,0,1,11,0,8,5,14205048.358208954,1,1305.9437211943268,29712000,46266560,1,persistent,1000.0,450.0,1450.0,150.0,145.87184226740604,1000.0,1305.9437211943268,0,1,305.9437211943268,0.0,99,16,29,144.05627880567317,1,
coarse-f16-h6-u25,persistent,16,6,0.25,103,confirmation_coarse-f16-h6-u25_s103,3,8,82081,83322,977409441,992057441,14648000,1,0,,1741280,29048000,29048000,30708000,-0.0571467915174883,1,1,1,1,14316000,1,1,1,1.0,1.0,262926,hold,0,8,0,0,8,0,8,6,10973243.42857143,1,1294.6674140197867,14648000,43942720,1,persistent,1000.0,450.0,1450.0,150.0,145.87184226740604,1000.0,1294.6674140197867,0,1,294.6674140197867,0.0,99,16,29,155.33258598021325,1,
coarse-f16-h6-u25,persistent,16,6,0.25,103,confirmation_coarse-f16-h6-u25_s103,11,23,82109,,977711681,,,0,1,hold_exit_before_slot_completion,912160,26728160,26728160,,,,,,,28263200,2,3,3,1.0,0.6666666666666666,262926,hold,1,6,0,1,6,0,7,7,14538815.0,1,1293.869499633137,43599040,60756000,1,persistent,1000.0,450.0,1450.0,150.0,145.87184226740604,1000.0,1293.8694996331371,0,1,293.86949963313725,0.0,99,16,29,156.1305003668631,0,round_censored
coarse-f16-h6-u25,persistent,16,6,0.25,103,confirmation_coarse-f16-h6-u25_s103,16,8,82168,83402,978406721,992974560,14567839,1,0,,4780481,43267358,43267358,40868482,0.05544308945325481,0,0,0,1,14235839,1,1,1,1.0,1.0,262926,hold,0,8,0,0,8,0,8,5,9806194.666666666,1,1297.1622473611546,14567839,30544000,1,persistent,1000.0,450.0,1450.0,150.0,145.87184226740604,1000.0,1297.1622473611549,0,1,297.1622473611548,0.0,99,16,29,152.83775263884536,1,
coarse-f16-h6-u25,persistent,16,6,0.25,103,confirmation_coarse-f16-h6-u25_s103,8,13,82797,,986018721,,,0,1,hold_exit_before_slot_completion,5865280,15976000,15976000,,,,,,,14048000,1,2,2,1.0,0.5,262926,hold,0,2,0,0,2,0,8,8,13698345.142857144,1,1293.9230615014283,28908000,45280000,1,persistent,1000.0,450.0,1450.0,150.0,145.87184226740604,1000.0,1293.9230615014278,0,1,293.9230615014279,0.0,99,16,29,156.07693849857174,0,round_censored
coarse-f16-h6-u25,persistent,16,6,0.25,103,confirmation_coarse-f16-h6-u25_s103,7,7,82913,85525,987378721,1016970721,29592000,1,0,,2756481,44728799,44728799,48068000,-0.07465438542179503,1,1,1,1,28808000,2,2,2,1.0,1.0,262926,hold,0,8,0,0,8,0,7,7,14230533.731343284,1,1292.3502723866955,29592000,45280000,1,persistent,1000.0,450.0,1450.0,150.0,145.87184226740604,1000.0,1292.350272386695,0,1,292.35027238669505,0.0,99,16,29,157.64972761330455,1,
coarse-f16-h6-u25,persistent,16,6,0.25,103,confirmation_coarse-f16-h6-u25_s103,3,9,83322,89882,992057441,1065529441,73472000,1,0,,2229280,30708000,30708000,31152000,-0.014458772958186792,1,1,1,1,70972000,5,5,5,1.0,1.0,262926,hold,0,8,0,0,8,0,7,6,13787014.131736526,1,1306.040007921402,73472000,102050720,1,persistent,1000.0,450.0,1450.0,150.0,145.87184226740604,1000.0,1306.040007921402,0,1,306.04000792140204,0.0,99,16,29,143.9599920785979,1,
coarse-f16-h6-u25,persistent,16,6,0.25,103,confirmation_coarse-f16-h6-u25_s103,16,9,83402,84658,992974560,1007366721,14392161,1,0,,3432959,40868482,40868482,44638720,-0.0922529493510427,1,1,1,1,14060161,1,1,1,1.0,1.0,262926,hold,0,8,0,0,8,0,8,5,6939018.7105263155,1,1300.6165496558554,14392161,30662560,1,persistent,1000.0,450.0,1450.0,150.0,145.87184226740604,1000.0,1300.6165496558554,0,1,300.61654965585535,0.0,99,16,29,149.38345034414465,1,
coarse-f16-h6-u25,persistent,16,6,0.25,103,confirmation_coarse-f16-h6-u25_s103,2,28,83740,85082,996990721,1012003840,15013119,1,0,,3976000,49047679,49047679,55830399,-0.13828829698547,1,1,1,1,14102559,1,1,1,1.0,1.0,262926,hold,0,8,0,0,8,0,8,6,22071524.70967742,1,1307.2895890624754,15013119,43696160,1,persistent,1000.0,450.0,1450.0,150.0,145.87184226740604,1000.0,1307.2895890624752,0,1,307.28958906247516,0.0,99,16,29,142.71041093752456,1,
coarse-f16-h6-u25,persistent,16,6,0.25,103,confirmation_coarse-f16-h6-u25_s103,14,26,84490,85802,1005594721,1020172161,14577440,1,0,,1274400,31224000,31224000,28052000,0.10158852165001281,0,0,0,1,14125440,1,1,1,1.0,1.0,262926,hold,0,8,0,0,8,0,7,5,13012347.586206896,1,1290.6631847962394,14577440,30720000,1,persistent,1000.0,450.0,1450.0,150.0,145.87184226740604,1000.0,1290.663184796239,0,1,290.6631847962391,0.0,99,16,29,159.33681520376058,1,
coarse-f16-h6-u25,persistent,16,6,0.25,103,confirmation_coarse-f16-h6-u25_s103,15,22,84520,85828,1005863681,1020567681,14704000,1,0,,2401440,18139840,18139840,17084000,0.05820558505477446,0,0,1,1,14372000,1,1,1,1.0,1.0,262926,hold,0,8,0,0,8,0,8,5,13721275.151515152,1,1292.716101433556,14704000,30720000,1,persistent,1000.0,450.0,1450.0,150.0,145.87184226740604,1000.0,1292.7161014335559,0,1,292.7161014335559,0.0,99,16,29,157.2838985664439,1,
coarse-f16-h6-u25,persistent,16,6,0.25,103,confirmation_coarse-f16-h6-u25_s103,16,10,84658,85933,1007366721,1021721441,14354720,1,0,,226720,44638720,44638720,48108161,-0.07772268111630441,1,1,1,1,14022720,1,1,1,1.0,1.0,262926,hold,0,8,0,0,8,0,8,5,10158098.638888888,1,1301.70899896799,14354720,30720000,1,persistent,1000.0,450.0,1450.0,150.0,145.87184226740604,1000.0,1301.7089989679903,0,1,301.7089989679903,0.0,99,16,29,148.29100103200994,1,
coarse-f16-h6-u25,persistent,16,6,0.25,103,confirmation_coarse-f16-h6-u25_s103,4,18,84761,86043,1008451681,1023054561,14602880,1,0,,253280,14470560,14470560,11812160,0.18371092756603752,0,0,0,1,0,0,1,1,1.0,0.0,262926,hold,0,8,0,0,8,0,8,4,7653948.577777778,1,1302.3787838448973,14602880,30720000,1,persistent,1000.0,450.0,1450.0,150.0,145.87184226740604,1000.0,1302.3787838448973,0,1,302.3787838448973,0.0,99,16,29,147.62121615510273,1,
coarse-f16-h6-u25,persistent,16,6,0.25,103,confirmation_coarse-f16-h6-u25_s103,2,29,85082,86380,1012003840,1026954721,14950881,1,0,,0,55830399,55830399,55135678,0.012443418145730967,0,1,1,1,14498881,1,1,1,1.0,1.0,262926,hold,0,8,0,0,8,0,6,5,15249647.703703703,1,1284.80862694198,14950881,30720000,1,persistent,1000.0,450.0,1450.0,150.0,145.87184226740604,1000.0,1284.80862694198,0,1,284.8086269419801,0.0,99,16,29,165.19137305801996,1,
coarse-f16-h6-u25,persistent,16,6,0.25,103,confirmation_coarse-f16-h6-u25_s103,7,8,85525,86786,1016970721,1031686561,14715840,1,0,,1853280,48068000,48068000,50755840,-0.05591745027877174,1,1,1,1,14263840,1,1,1,1.0,1.0,262926,hold,0,8,0,0,8,0,8,8,12685059.45945946,1,1292.0224764244597,14715840,30720000,1,persistent,1000.0,450.0,1450.0,150.0,145.87184226740604,1000.0,1292.0224764244597,0,1,292.02247642445957,0.0,99,16,29,157.97752357554032,1,
coarse-f16-h6-u25,persistent,16,6,0.25,103,confirmation_coarse-f16-h6-u25_s103,12,12,85586,92593,1017658721,1095543840,77885119,1,0,,4965120,17265120,17265120,24900000,-0.4422141288331619,1,1,1,1,73546398,5,5,5,1.0,1.0,262926,hold,0,8,0,0,8,0,8,5,16502710.628205128,1,1300.5491791890709,77885119,103015840,1,persistent,1000.0,450.0,1450.0,150.0,145.87184226740604,1000.0,1300.5491791890709,0,1,300.5491791890709,0.0,99,16,29,149.45082081092914,1,
coarse-f16-h6-u25,persistent,16,6,0.25,103,confirmation_coarse-f16-h6-u25_s103,14,27,85802,88463,1020172161,1049927841,29755680,1,0,,2327840,28052000,28052000,32341120,-0.1528989020390703,1,1,1,1,28731680,2,2,2,1.0,1.0,262926,hold,0,8,0,0,8,0,7,5,15962778.823529411,1,1309.1000125068517,29755680,46364960,1,persistent,1000.0,450.0,1450.0,150.0,145.87184226740604,1000.0,1309.100012506852,0,1,309.100012506852,0.0,99,16,29,140.89998749314827,1,
coarse-f16-h6-u25,persistent,16,6,0.25,103,confirmation_coarse-f16-h6-u25_s103,15,23,85828,88474,1020567681,1049983681,29416000,1,0,,4573280,17084000,17084000,19836160,-0.16109576211660032,1,1,1,1,28632000,2,2,2,1.0,1.0,262926,hold,0,8,0,0,8,0,8,5,13541180.289855072,1,1308.269697657152,29416000,46364960,1,persistent,1000.0,450.0,1450.0,150.0,145.87184226740604,1000.0,1308.2696976571522,0,1,308.26969765715205,0.0,99,16,29,141.73030234284806,1,
coarse-f16-h6-u25,persistent,16,6,0.25,103,confirmation_coarse-f16-h6-u25_s103,16,11,85933,87169,1021721441,1036094561,14373120,1,0,,202400,48108161,48108161,49781600,-0.034784929733647475,1,1,1,1,14041120,1,1,1,1.0,1.0,262926,hold,0,8,0,0,8,0,8,5,8089159.888888889,1,1310.6032570289317,14373120,30960960,1,persistent,1000.0,450.0,1450.0,150.0,145.87184226740604,1000.0,1310.603257028932,0,1,310.60325702893186,0.0,99,16,29,139.3967429710683,1,
coarse-f16-h6-u25,persistent,16,6,0.25,103,confirmation_coarse-f16-h6-u25_s103,6,17,86055,88732,1023133281,1052681281,29548000,1,0,,391041,16794239,16794239,11345920,0.32441595001714574,0,0,0,0,14608000,1,2,2,1.0,0.5,262926,hold,1,7,1,0,19,0,8,7,8582110.488095239,1,1313.2566095192356,29548000,46364960,1,persistent,1000.0,450.0,1450.0,150.0,145.87184226740604,1000.0,1313.2566095192356,0,1,313.2566095192356,0.0,99,16,29,136.74339048076445,1,
coarse-f16-h6-u25,persistent,16,6,0.25,103,confirmation_coarse-f16-h6-u25_s103,1,28,86182,87432,1024602721,1039002721,14400000,1,0,,585280,14940000,14940000,11710880,0.2161392235609103,0,0,0,1,0,0,1,1,1.0,0.0,262926,hold,0,8,0,0,8,0,8,7,8464117.07317073,1,1311.2933984426263,14400000,30960960,1,persistent,1000.0,450.0,1450.0,150.0,145.87184226740604,1000.0,1311.2933984426263,0,1,311.29339844262626,0.0,99,16,29,138.7066015573737,1,
coarse-f16-h6-u25,persistent,16,6,0.25,103,confirmation_coarse-f16-h6-u25_s103,2,30,86380,89140,1026954721,1057158561,30203840,1,0,,22721,55135678,55135678,54296160,0.015226402040435596,0,1,1,1,28404001,2,2,2,1.0,1.0,262926,hold,1,8,0,1,14,0,7,5,19351202.075757574,1,1321.3342432769377,30203840,46364960,1,persistent,1000.0,450.0,1450.0,150.0,145.87184226740604,1000.0,1321.3342432769375,0,1,321.3342432769375,0.0,99,16,29,128.66575672306226,1,
coarse-f16-h6-u25,persistent,16,6,0.25,103,confirmation_coarse-f16-h6-u25_s103,8,14,86628,,1029750721,,,0,1,hold_exit_before_slot_completion,4757280,17388000,17388000,,,,,,,14076000,1,2,2,1.0,0.5,262926,hold,0,0,0,0,0,0,8,8,14198206.045454545,1,1320.1881922743955,29020000,46364960,1,persistent,1000.0,450.0,1450.0,150.0,145.87184226740604,1000.0,1320.1881922743955,0,1,320.18819227439553,0.0,99,16,29,129.81180772560447,0,round_censored
coarse-f16-h6-u25,persistent,16,6,0.25,103,confirmation_coarse-f16-h6-u25_s103,7,9,86786,88104,1031686561,1046246721,14560160,1,0,,2157280,50755840,50755840,54092000,-0.06572957909868106,1,1,1,1,14232000,1,1,1,1.0,1.0,262926,hold,0,8,0,0,8,0,7,7,11290968.394736841,1,1332.9425629856005,14560160,30960960,1,persistent,1000.0,450.0,1450.0,150.0,145.87184226740604,1000.0,1332.9425629856005,0,1,332.9425629856005,0.0,99,16,29,117.05743701439951,1,
coarse-f16-h6-u25,persistent,16,6,0.25,103,confirmation_coarse-f16-h6-u25_s103,11,24,87146,92453,1035918721,1093883840,57965119,1,0,,882559,22635521,22635521,26534719,-0.1722601392740198,1,1,1,1,56637119,4,4,4,1.0,1.0,262926,hold,0,8,0,0,8,0,8,7,14099956.895522388,1,1310.8508961966227,57965119,74241280,1,persistent,1000.0,450.0,1450.0,150.0,145.87184226740604,1000.0,1310.8508961966222,0,1,310.8508961966222,0.0,99,16,29,139.14910380337733,1,
coarse-f16-h6-u25,persistent,16,6,0.25,103,confirmation_coarse-f16-h6-u25_s103,16,12,87169,89859,1036094561,1065218561,29124000,1,0,,18400,49781600,49781600,52023840,-0.045041541453067,1,1,1,1,28460000,2,2,2,1.0,1.0,262926,hold,1,7,1,0,20,0,8,5,9923315.36,1,1312.9265122774532,29124000,46146399,1,persistent,1000.0,450.0,1450.0,150.0,145.87184226740604,1000.0,1312.926512277453,0,1,312.92651227745296,0.0,99,16,29,137.07348772254682,1,
coarse-f16-h6-u25,persistent,16,6,0.25,103,confirmation_coarse-f16-h6-u25_s103,9,8,87818,89167,1043104161,1057498721,14394560,1,0,,3728000,14785280,14785280,11620000,0.21408319626006406,0,0,0,1,0,0,1,1,1.0,0.0,262926,hold,0,8,0,0,8,0,7,6,8374068.148148148,1,1331.2672591807418,14394560,30428960,1,persistent,1000.0,450.0,1450.0,150.0,145.87184226740604,1000.0,1331.267259180742,0,1,331.2672591807419,0.0,99,16,29,118.7327408192582,1,
coarse-f16-h6-u25,persistent,16,6,0.25,103,confirmation_coarse-f16-h6-u25_s103,7,10,88104,93420,1046246721,1104830721,58584000,1,0,,2681280,54092000,54092000,51488000,0.048140205575685865,0,0,0,1,56776000,4,4,4,1.0,1.0,262926,hold,1,8,0,1,32,0,7,7,14667609.030075189,1,1306.1349363393222,58584000,76360000,1,persistent,1000.0,450.0,1450.0,150.0,145.87184226740604,1000.0,1306.1349363393224,0,1,306.1349363393223,0.0,99,16,29,143.86506366067783,1,
coarse-f16-h6-u25,persistent,16,6,0.25,103,confirmation_coarse-f16-h6-u25_s103,14,28,88463,89809,1049927841,1064636161,14708320,1,0,,3457280,32341120,32341120,29749120,0.08014564739872955,0,0,0,1,14256320,1,1,1,1.0,1.0,262926,hold,0,8,0,0,8,0,8,5,15359411.612903226,1,1308.745952598236,14708320,44000000,1,persistent,1000.0,450.0,1450.0,150.0,145.87184226740604,1000.0,1308.745952598236,0,1,308.74595259823593,0.0,99,16,29,141.25404740176396,1,
coarse-f16-h6-u25,persistent,16,6,0.25,103,confirmation_coarse-f16-h6-u25_s103,15,24,88474,91110,1049983681,1079159681,29176000,1,0,,5413280,19836160,19836160,21308000,-0.07419984513131574,1,1,1,1,28512000,2,2,2,1.0,1.0,262926,hold,1,7,1,0,18,0,8,5,13513321.739130436,1,1311.8116569772149,29176000,44748000,1,persistent,1000.0,450.0,1450.0,150.0,145.87184226740604,1000.0,1311.8116569772146,0,1,311.8116569772146,0.0,99,16,29,138.18834302278515,1,
coarse-f16-h6-u25,persistent,16,6,0.25,103,confirmation_coarse-f16-h6-u25_s103,2,31,89140,91728,1057158561,1086001281,28842720,1,0,,1529280,54296160,54296160,56654721,-0.04343881777274857,1,1,1,1,28178720,2,2,2,1.0,1.0,262926,hold,1,8,0,1,11,0,7,6,17232498.916666668,1,1306.215879644267,28842720,46924159,1,persistent,1000.0,450.0,1450.0,150.0,145.87184226740604,1000.0,1306.2158796442668,0,1,306.2158796442668,0.0,99,16,29,143.78412035573297,1,
coarse-f16-h6-u25,persistent,16,6,0.25,103,confirmation_coarse-f16-h6-u25_s103,14,29,89809,93741,1064636161,1108610561,43974400,1,0,,4389280,29749120,29749120,27766720,0.06663726523675322,0,0,1,1,42498400,3,3,3,1.0,1.0,262926,hold,1,8,0,1,23,0,8,5,14896931.666666666,1,1299.2940515600242,43974400,72241119,1,persistent,1000.0,450.0,1450.0,150.0,145.87184226740604,1000.0,1299.2940515600242,0,1,299.2940515600241,0.0,99,16,29,150.70594843997583,1,
coarse-f16-h6-u25,persistent,16,6,0.25,103,confirmation_coarse-f16-h6-u25_s103,16,13,89859,92548,1065218561,1094965281,29746720,1,0,,3149280,52023840,52023840,53624960,-0.030776659316190422,1,1,1,1,29082720,2,2,2,1.0,1.0,262926,hold,0,8,0,0,8,0,7,5,12147923.767441861,1,1301.499352339058,29746720,58528000,1,persistent,1000.0,450.0,1450.0,150.0,145.87184226740604,1000.0,1301.499352339058,0,1,301.499352339058,0.0,99,16,29,148.50064766094192,1,
coarse-f16-h6-u25,persistent,16,6,0.25,103,confirmation_coarse-f16-h6-u25_s103,3,10,89882,117382,1065529441,1373089441,307560000,1,0,,2617280,31152000,31152000,20284000,0.3488700564971751,0,0,0,0,298787520,21,21,21,1.0,1.0,262926,hold,0,8,0,0,8,0,7,5,14084244.052098408,1,1297.3382214353219,307560000,326034240,1,persistent,1000.0,450.0,1450.0,150.0,145.87184226740604,1000.0,1297.3382214353219,0,1,297.33822143532194,0.0,99,16,29,152.66177856467812,1,
coarse-f16-h6-u25,persistent,16,6,0.25,103,confirmation_coarse-f16-h6-u25_s103,15,25,91110,92450,1079159681,1093835681,14676000,1,0,,2673280,21308000,21308000,22008000,-0.0328515111695138,1,1,1,1,14344000,1,1,1,1.0,1.0,262926,hold,0,8,0,0,8,0,8,5,12649741.176470589,1,1308.322076272661,14676000,31520159,1,persistent,1000.0,450.0,1450.0,150.0,145.87184226740604,1000.0,1308.322076272661,0,1,308.32207627266104,0.0,99,16,29,141.67792372733902,1,
coarse-f16-h6-u25,persistent,16,6,0.25,103,confirmation_coarse-f16-h6-u25_s103,2,32,91728,94370,1086001281,1116020001,30018720,1,0,,701279,56654721,56654721,51094721,0.09813833519716741,0,0,0,0,28889440,2,2,2,1.0,1.0,262926,hold,1,8,0,1,30,0,7,6,17304003.25,1,1285.6594655147594,30018720,45869600,1,persistent,1000.0,450.0,1450.0,150.0,145.87184226740604,1000.0,1285.6594655147592,0,1,285.6594655147592,0.0,99,16,29,164.3405344852406,1,
coarse-f16-h6-u25,persistent,16,6,0.25,103,confirmation_coarse-f16-h6-u25_s103,15,26,92450,95030,1093835681,1123575681,29740000,1,0,,2129280,22008000,22008000,16816000,0.23591421301344964,0,0,0,0,28716000,2,2,2,1.0,1.0,262926,hold,0,8,0,0,8,0,8,5,14393401.212121213,1,1285.2541046850206,29740000,58689440,1,persistent,1000.0,450.0,1450.0,150.0,145.87184226740604,1000.0,1285.2541046850206,0,1,285.2541046850207,0.0,99,16,29,164.7458953149794,1,
coarse-f16-h6-u25,persistent,16,6,0.25,103,confirmation_coarse-f16-h6-u25_s103,11,25,92453,93718,1093883840,1108294721,14410881,1,0,,1601,26534719,26534719,21646561,0.18421743980028582,0,0,0,0,14078881,1,1,1,1.0,1.0,262926,hold,0,8,0,0,8,0,8,7,11645815.068965517,1,1274.9382299045853,14410881,31261600,1,persistent,1000.0,450.0,1450.0,150.0,145.87184226740604,1000.0,1274.9382299045853,0,1,274.9382299045854,0.0,99,16,29,175.06177009541466,1,
coarse-f16-h6-u25,persistent,16,6,0.25,103,confirmation_coarse-f16-h6-u25_s103,16,14,92548,95081,1094965281,1124230721,29265440,1,0,,552160,53624960,53624960,48097440,0.10307737292484694,0,0,0,0,28506240,2,2,2,1.0,1.0,262926,hold,1,8,0,1,34,0,8,5,7442385.641025641,1,1279.7805662752667,29265440,46597600,1,persistent,1000.0,450.0,1450.0,150.0,145.87184226740604,1000.0,1279.780566275267,0,1,279.7805662752669,0.0,99,16,29,170.21943372473334,1,
coarse-f16-h6-u25,persistent,16,6,0.25,103,confirmation_coarse-f16-h6-u25_s103,12,13,92593,,1095543840,,,0,1,hold_exit_before_slot_completion,2577280,24900000,24900000,,,,,,,14078881,1,2,2,1.0,0.5,262926,hold,0,0,0,0,0,0,8,5,16633872.266666668,1,1278.5586439578574,29203841,46597600,1,persistent,1000.0,450.0,1450.0,150.0,145.87184226740604,1000.0,1278.5586439578576,0,1,278.55864395785756,0.0,99,16,29,171.44135604214262,0,round_censored
coarse-f16-h6-u25,persistent,16,6,0.25,103,confirmation_coarse-f16-h6-u25_s103,9,9,93155,94431,1101868161,1116808161,14940000,1,0,,420000,16101280,16101280,13944000,0.13398189460713683,0,0,0,1,0,0,1,1,1.0,0.0,262926,hold,0,8,0,0,8,0,7,5,11262894.11764706,1,1282.5998482918253,14940000,31261600,1,persistent,1000.0,450.0,1450.0,150.0,145.87184226740604,1000.0,1282.5998482918249,0,1,282.59984829182497,0.0,99,16,29,167.4001517081747,1,
coarse-f16-h6-u25,persistent,16,6,0.25,103,confirmation_coarse-f16-h6-u25_s103,7,11,93420,94684,1104830721,1119806401,14975680,1,0,,3153280,51488000,51488000,13108000,0.7454164077066501,0,0,0,0,0,0,1,1,1.0,0.0,262926,hold,0,8,0,0,8,0,6,6,6852430.0,1,1279.8959366199515,14975680,31261600,1,persistent,1000.0,450.0,1450.0,150.0,145.87184226740604,1000.0,1279.8959366199515,0,1,279.89593661995144,0.0,99,16,29,170.1040633800485,1,
coarse-f16-h6-u25,persistent,16,6,0.25,103,confirmation_coarse-f16-h6-u25_s103,11,26,93718,94952,1108294721,1122767840,14473119,1,0,,1049439,21646561,21646561,19675840,0.09104083553964992,0,0,1,1,14141119,1,1,1,1.0,1.0,262926,hold,0,8,0,0,8,0,8,7,14180624.30952381,1,1291.2607036567451,14473119,30212000,1,persistent,1000.0,450.0,1450.0,150.0,145.87184226740604,1000.0,1291.2607036567451,0,1,291.2607036567451,0.0,99,16,29,158.73929634325486,1,
coarse-f16-h6-u25,persistent,16,6,0.25,103,confirmation_coarse-f16-h6-u25_s103,14,30,93741,95011,1108610561,1123422721,14812160,1,0,,2177440,27766720,27766720,25830560,0.06972951792649618,0,0,1,1,14480160,1,1,1,1.0,1.0,262926,hold,0,8,0,0,8,0,7,4,16835729.655172415,1,1276.1637804436878,14812160,31246880,1,persistent,1000.0,450.0,1450.0,150.0,145.87184226740604,1000.0,1276.1637804436878,0,1,276.1637804436878,0.0,99,16,29,173.83621955631224,1,
coarse-f16-h6-u25,persistent,16,6,0.25,103,confirmation_coarse-f16-h6-u25_s103,2,33,94370,96884,1116020001,1144870721,28850720,1,0,,0,51094721,51094721,56094560,-0.09785431649582743,1,1,1,1,28186720,2,2,2,1.0,1.0,262926,hold,0,8,0,0,8,0,7,5,17110139.387096774,1,1282.505513287441,28850720,46122880,1,persistent,1000.0,450.0,1450.0,150.0,145.87184226740604,1000.0,1282.5055132874413,0,1,282.5055132874413,0.0,99,16,29,167.4944867125589,1,
coarse-f16-h6-u25,persistent,16,6,0.25,103,confirmation_coarse-f16-h6-u25_s103,11,27,94952,100141,1122767840,1182330721,59562881,1,0,,3013439,19675840,19675840,25083040,-0.27481418836502025,1,1,1,1,57837441,4,4,4,1.0,1.0,262926,hold,1,8,0,1,8,0,8,7,13494578.953488372,1,1279.2895739638122,59562881,75314880,1,persistent,1000.0,450.0,1450.0,150.0,145.87184226740604,1000.0,1279.2895739638122,0,1,279.2895739638122,0.0,99,16,29,170.71042603618776,1,
coarse-f16-h6-u25,persistent,16,6,0.25,103,confirmation_coarse-f16-h6-u25_s103,14,31,95011,97550,1123422721,1152588161,29165440,1,0,,1981120,25830560,25830560,29406560,-0.13844066872727498,1,1,1,1,28261440,2,2,2,1.0,1.0,262926,hold,1,7,1,0,13,0,8,5,15613673.846153846,1,1276.4412082426556,29165440,45152000,1,persistent,1000.0,450.0,1450.0,150.0,145.87184226740604,1000.0,1276.4412082426556,0,1,276.4412082426557,0.0,99,16,29,173.55879175734435,1,
coarse-f16-h6-u25,persistent,16,6,0.25,103,confirmation_coarse-f16-h6-u25_s103,15,27,95030,97628,1123575681,1153471681,29896000,1,0,,6105280,16816000,16816000,19012000,-0.13058991436726927,1,1,1,1,29232000,2,2,2,1.0,1.0,262926,hold,1,7,1,0,17,0,8,5,14031772.753623188,1,1276.0071610127143,29896000,58612000,1,persistent,1000.0,450.0,1450.0,150.0,145.87184226740604,1000.0,1276.0071610127145,0,1,276.0071610127145,0.0,99,16,29,173.99283898728572,1,
coarse-f16-h6-u25,persistent,16,6,0.25,103,confirmation_coarse-f16-h6-u25_s103,16,15,95081,96344,1124230721,1138889441,14658720,1,0,,0,48097440,48097440,56660160,-0.17802860193806572,1,1,1,1,14326720,1,1,1,1.0,1.0,262926,hold,0,8,0,0,8,0,8,5,10588865.641025642,1,1280.9030822366872,14658720,30341760,1,persistent,1000.0,450.0,1450.0,150.0,145.87184226740604,1000.0,1280.9030822366874,0,1,280.9030822366873,0.0,99,16,29,169.09691776331283,1,
coarse-f16-h6-u25,persistent,16,6,0.25,103,confirmation_coarse-f16-h6-u25_s103,6,18,95217,96461,1125563841,1140166721,14602880,1,0,,585280,16100320,16100320,15444000,0.04076440716706252,0,1,1,1,14276000,1,1,1,1.0,1.0,262926,hold,0,8,0,0,8,0,8,7,8330151.111111111,1,1297.239056722085,14602880,30359040,1,persistent,1000.0,450.0,1450.0,150.0,145.87184226740604,1000.0,1297.2390567220853,0,1,297.23905672208525,0.0,99,16,29,152.76094327791498,1,
coarse-f16-h6-u25,persistent,16,6,0.25,103,confirmation_coarse-f16-h6-u25_s103,1,29,95245,96489,1125895841,1140503841,14608000,1,0,,912160,16273120,16273120,15485440,0.0484037480212768,0,1,1,1,14274880,1,1,1,1.0,1.0,262926,hold,0,8,0,0,8,0,8,7,8507857.777777778,1,1287.011739048825,14608000,30359040,1,persistent,1000.0,450.0,1450.0,150.0,145.87184226740604,1000.0,1287.0117390488251,0,1,287.0117390488252,0.0,99,16,29,162.9882609511751,1,
coarse-f16-h6-u25,persistent,16,6,0.25,103,confirmation_coarse-f16-h6-u25_s103,8,15,95812,97118,1132850721,1147526721,14676000,1,0,,4001280,16844000,16844000,15552000,0.07670387081453336,0,0,1,1,14224000,1,1,1,1.0,1.0,262926,hold,0,8,0,0,8,0,8,8,12555675.294117646,1,1278.257020222223,14676000,30359040,1,persistent,1000.0,450.0,1450.0,150.0,145.87184226740604,1000.0,1278.2570202222232,0,1,278.2570202222232,0.0,99,16,29,171.742979777777,1,
coarse-f16-h6-u25,persistent,16,6,0.25,103,confirmation_coarse-f16-h6-u25_s103,7,12,95934,98513,1134266721,1163774721,29508000,1,0,,2305280,51464000,51464000,62310880,-0.21076636095134463,1,1,1,1,28484000,2,2,2,1.0,1.0,262926,hold,1,8,0,1,19,0,7,7,17855931.414285716,1,1280.4006547991285,29508000,44954881,1,persistent,1000.0,450.0,1450.0,150.0,145.87184226740604,1000.0,1280.4006547991285,0,1,280.4006547991285,0.0,99,16,29,169.59934520087154,1,
coarse-f16-h6-u25,persistent,16,6,0.25,103,confirmation_coarse-f16-h6-u25_s103,16,16,96344,98889,1138889441,1168005441,29116000,1,0,,0,56660160,56660160,58696640,-0.035942009341307896,1,1,1,1,28452000,2,2,2,1.0,1.0,262926,hold,1,7,1,0,14,0,8,5,11016627.027027028,1,1279.1442974613392,29116000,45152000,1,persistent,1000.0,450.0,1450.0,150.0,145.87184226740604,1000.0,1279.1442974613396,0,1,279.14429746133965,0.0,99,16,29,170.8557025386608,1,
coarse-f16-h6-u25,persistent,16,6,0.25,103,confirmation_coarse-f16-h6-u25_s103,12,14,96386,107239,1139395681,1261346721,121951040,1,0,,6758399,19234881,19234881,22936000,-0.19241704692636258,1,1,1,1,118192000,8,8,8,1.0,1.0,262926,hold,0,8,0,0,8,0,8,5,18233614.14285714,1,1292.3771050385722,121951040,147377440,1,persistent,1000.0,450.0,1450.0,150.0,145.87184226740604,1000.0,1292.3771050385724,0,1,292.3771050385724,0.0,99,16,29,157.62289496142785,1,
coarse-f16-h6-u25,persistent,16,6,0.25,103,confirmation_coarse-f16-h6-u25_s103,6,19,96461,97721,1140166721,1154582721,14416000,1,0,,585280,15444000,15444000,12410240,0.19643615643615644,0,0,0,1,0,0,1,1,1.0,0.0,262926,hold,0,8,0,0,8,0,8,7,7900890.909090909,1,1283.2397992899619,14416000,30544000,1,persistent,1000.0,450.0,1450.0,150.0,145.87184226740604,1000.0,1283.2397992899619,0,1,283.23979928996187,0.0,99,16,29,166.76020071003813,1,
coarse-f16-h6-u25,persistent,16,6,0.25,103,confirmation_coarse-f16-h6-u25_s103,1,30,96489,97779,1140503841,1155106721,14602880,1,0,,34720,15485440,15485440,17383680,-0.12258224499917342,1,1,1,1,14270880,1,1,1,1.0,1.0,262926,hold,0,8,0,0,8,0,7,7,10276751.627906976,1,1285.6319897713688,14602880,30544000,1,persistent,1000.0,450.0,1450.0,150.0,145.87184226740604,1000.0,1285.6319897713688,0,1,285.63198977136875,0.0,99,16,29,164.3680102286312,1,
coarse-f16-h6-u25,persistent,16,6,0.25,103,confirmation_coarse-f16-h6-u25_s103,2,34,96884,98155,1144870721,1159578721,14708000,1,0,,2448000,56094560,56094560,58084161,-0.03546869785590617,1,1,1,1,14376000,1,1,1,1.0,1.0,262926,hold,0,8,0,0,8,0,7,6,13863694.205882354,1,1286.146155537744,14708000,30544000,1,persistent,1000.0,450.0,1450.0,150.0,145.87184226740604,1000.0,1286.146155537744,0,1,286.14615553774416,0.0,99,16,29,163.8538444622559,1,
coarse-f16-h6-u25,persistent,16,6,0.25,103,confirmation_coarse-f16-h6-u25_s103,8,16,97118,,1147526721,,,0,1,hold_exit_before_slot_completion,4093280,15552000,15552000,,,,,,,0,0,1,1,1.0,0.0,262926,hold,1,0,0,0,0,0,8,8,13528915.555555556,1,1283.135170898301,14740000,30544000,1,persistent,1000.0,450.0,1450.0,150.0,145.87184226740604,1000.0,1283.1351708983013,0,1,283.13517089830134,0.0,99,16,29,166.8648291016989,0,round_censored
coarse-f16-h6-u25,persistent,16,6,0.25,103,confirmation_coarse-f16-h6-u25_s103,14,32,97550,100167,1152588161,1182462721,29874560,1,0,,3274720,29406560,29406560,33313440,-0.1328574304508926,1,1,1,1,28968000,2,2,2,1.0,1.0,262926,hold,0,8,0,0,8,0,7,4,16298014.426229509,1,1277.6872619571893,29874560,59595839,1,persistent,1000.0,450.0,1450.0,150.0,145.87184226740604,1000.0,1277.6872619571893,0,1,277.6872619571892,0.0,99,16,29,172.31273804281068,1,
coarse-f16-h6-u25,persistent,16,6,0.25,103,confirmation_coarse-f16-h6-u25_s103,15,28,97628,100170,1153471681,1182527681,29056000,1,0,,3429280,19012000,19012000,21004000,-0.10477593099095309,1,1,1,1,28392000,2,2,2,1.0,1.0,262926,hold,1,8,0,1,13,0,8,5,13337106.086956521,1,1279.94856134446,29056000,59595839,1,persistent,1000.0,450.0,1450.0,150.0,145.87184226740604,1000.0,1279.9485613444601,0,1,279.9485613444602,0.0,99,16,29,170.0514386555401,1,
coarse-f16-h6-u25,persistent,16,6,0.25,103,confirmation_coarse-f16-h6-u25_s103,1,31,97779,99032,1155106721,1169601281,14494560,1,0,,3235040,17383680,17383680,19926400,-0.14627052499815918,1,1,1,1,14162560,1,1,1,1.0,1.0,262926,hold,0,8,0,0,8,0,8,7,8529393.170731707,1,1288.022951475603,14494560,30639040,1,persistent,1000.0,450.0,1450.0,150.0,145.87184226740604,1000.0,1288.022951475603,0,1,288.0229514756029,0.0,99,16,29,161.9770485243971,1,
coarse-f16-h6-u25,persistent,16,6,0.25,103,confirmation_coarse-f16-h6-u25_s103,2,35,98155,100760,1159578721,1189190721,29612000,1,0,,1169280,58084161,58084161,46298720,0.202902836110519,0,0,0,0,28948000,2,2,2,1.0,1.0,262926,hold,1,8,0,1,10,0,7,5,16149561.290322581,1,1275.308945210937,29612000,48152480,1,persistent,1000.0,450.0,1450.0,150.0,145.87184226740604,1000.0,1275.3089452109375,0,1,275.3089452109375,0.0,99,16,29,174.69105478906295,1,
coarse-f16-h6-u25,persistent,16,6,0.25,103,confirmation_coarse-f16-h6-u25_s103,7,13,98513,101143,1163774721,1193242561,29467840,1,0,,4694400,62310880,62310880,48557280,0.22072549769799432,0,0,0,0,28563840,2,2,2,1.0,1.0,262926,hold,1,8,0,1,19,0,8,8,13365696.984848484,1,1275.910909841205,29467840,48152480,1,persistent,1000.0,450.0,1450.0,150.0,145.87184226740604,1000.0,1275.9109098412052,0,1,275.9109098412052,0.0,99,16,29,174.089090158795,1,
coarse-f16-h6-u25,persistent,16,6,0.25,103,confirmation_coarse-f16-h6-u25_s103,16,17,98889,101591,1168005441,1198485280,30479839,1,0,,2070400,58696640,58696640,45525440,0.22439444574680936,0,0,0,0,29820959,2,2,2,1.0,1.0,262926,hold,0,8,0,0,8,0,8,5,12752375.263888888,1,1277.2402217145757,30479839,58295679,1,persistent,1000.0,450.0,1450.0,150.0,145.87184226740604,1000.0,1277.2402217145755,0,1,277.2402217145754,0.0,99,16,29,172.75977828542432,1,
coarse-f16-h6-u25,persistent,16,6,0.25,103,confirmation_coarse-f16-h6-u25_s103,4,19,99021,100312,1169496161,1184104161,14608000,1,0,,609760,14559520,14559520,14940000,-0.026132729650428035,1,1,1,1,14226880,1,1,1,1.0,1.0,262926,hold,0,8,0,0,8,0,8,4,8137234.285714285,1,1283.3430899097577,14608000,43492000,1,persistent,1000.0,450.0,1450.0,150.0,145.87184226740604,1000.0,1283.3430899097575,0,1,283.3430899097576,0.0,99,16,29,166.65691009024226,1,
coarse-f16-h6-u25,persistent,16,6,0.25,103,confirmation_coarse-f16-h6-u25_s103,1,32,99032,100300,1169601281,1184065441,14464160,1,0,,3779200,19926400,19926400,21099360,-0.05886462180825438,1,1,1,1,14134560,1,1,1,1.0,1.0,262926,hold,0,8,0,0,8,0,8,7,9098428.717948718,1,1282.0159580660666,14464160,32121440,1,persistent,1000.0,450.0,1450.0,150.0,145.87184226740604,1000.0,1282.0159580660663,0,1,282.01595806606645,0.0,99,16,29,167.98404193393344,1,
coarse-f16-h6-u25,persistent,16,6,0.25,103,confirmation_coarse-f16-h6-u25_s103,11,28,100141,101707,1182330721,1199844161,17513440,1,0,,729120,25083040,25083040,24603040,0.019136436412811205,0,1,1,1,17181440,1,1,1,1.0,1.0,262926,hold,0,8,0,0,8,0,8,7,14307803.076923076,1,1280.817959733125,17513440,45531839,1,persistent,1000.0,450.0,1450.0,150.0,145.87184226740604,1000.0,1280.8179597331248,0,1,280.8179597331249,0.0,99,16,29,169.182040266875,1,
coarse-f16-h6-u25,persistent,16,6,0.25,103,confirmation_coarse-f16-h6-u25_s103,14,33,100167,101494,1182462721,1197280161,14817440,1,0,,617120,33313440,33313440,28465440,0.14552685042433325,0,0,0,0,14245440,1,1,1,1.0,1.0,262926,hold,0,8,0,0,8,0,8,5,14429915.151515152,1,1273.5734825097243,14817440,43788000,1,persistent,1000.0,450.0,1450.0,150.0,145.87184226740604,1000.0,1273.5734825097243,0,1,273.5734825097242,0.0,99,16,29,176.42651749027573,1,
coarse-f16-h6-u25,persistent,16,6,0.25,103,confirmation_coarse-f16-h6-u25_s103,15,29,100170,101483,1182527681,1197231681,14704000,1,0,,4065280,21004000,21004000,19924000,0.051418777375737953,0,0,1,1,14252000,1,1,1,1.0,1.0,262926,hold,0,8,0,0,8,0,8,5,14110249.696969697,1,1270.7642700941415,14704000,31574720,1,persistent,1000.0,450.0,1450.0,150.0,145.87184226740604,1000.0,1270.7642700941415,0,1,270.76427009414147,0.0,99,16,29,179.23572990585853,1,
coarse-f16-h6-u25,persistent,16,6,0.25,103,confirmation_coarse-f16-h6-u25_s103,1,33,100300,101608,1184065441,1198598721,14533280,1,0,,4443200,21099360,21099360,14791040,0.2989815804839578,0,0,0,0,14201280,1,1,1,1.0,1.0,262926,hold,0,8,0,0,8,0,8,7,8797148.717948718,1,1272.8936301156987,14533280,31574720,1,persistent,1000.0,450.0,1450.0,150.0,145.87184226740604,1000.0,1272.8936301156984,0,1,272.8936301156985,0.0,99,16,29,177.10636988430133,1,
coarse-f16-h6-u25,persistent,16,6,0.25,103,confirmation_coarse-f16-h6-u25_s103,4,20,100312,,1184104161,,,0,1,hold_exit_before_slot_completion,277760,14940000,14940000,,,,,,,0,0,1,1,1.0,0.0,262926,hold,1,7,0,0,28,0,8,4,7999864.888888889,1,1281.7765276590044,14608000,31574720,1,persistent,1000.0,450.0,1450.0,150.0,145.87184226740604,1000.0,1281.7765276590042,0,1,281.7765276590042,0.0,99,16,29,168.2234723409956,0,round_censored
coarse-f16-h6-u25,persistent,16,6,0.25,103,confirmation_coarse-f16-h6-u25_s103,2,36,100760,103420,1189190721,1219388000,30197279,1,0,,4233280,46298720,46298720,51710721,-0.11689310201232345,1,1,1,1,28553439,2,2,2,1.0,1.0,262926,hold,1,8,0,1,9,0,6,6,14641922.533333333,1,1280.911533704553,30197279,47961440,1,persistent,1000.0,450.0,1450.0,150.0,145.87184226740604,1000.0,1280.9115337045528,0,1,280.9115337045528,0.0,99,16,29,169.088466295447,1,
coarse-f16-h6-u25,persistent,16,6,0.25,103,confirmation_coarse-f16-h6-u25_s103,7,14,101143,105036,1193242561,1237790721,44548160,1,0,,72000,48557280,48557280,56860000,-0.1709881607866009,1,1,1,1,43308000,3,3,3,1.0,1.0,262926,hold,1,8,0,1,30,0,7,7,15286033.398058252,1,1284.7847538155863,44548160,62388960,1,persistent,1000.0,450.0,1450.0,150.0,145.87184226740604,1000.0,1284.7847538155863,0,1,284.7847538155864,0.0,99,16,29,165.21524618441367,1,
coarse-f16-h6-u25,persistent,16,6,0.25,103,confirmation_coarse-f16-h6-u25_s103,15,30,101483,102748,1197231681,1211759681,14528000,1,0,,4813280,19924000,19924000,20560000,-0.031921300943585626,1,1,1,1,14076000,1,1,1,1.0,1.0,262926,hold,0,8,0,0,8,0,8,5,13122994.285714285,1,1271.929060527304,14528000,43728000,1,persistent,1000.0,450.0,1450.0,150.0,145.87184226740604,1000.0,1271.929060527304,0,1,271.9290605273041,0.0,99,16,29,178.07093947269595,1,
coarse-f16-h6-u25,persistent,16,6,0.25,103,confirmation_coarse-f16-h6-u25_s103,14,34,101494,102739,1197280161,1211665281,14385120,1,0,,1059840,28465440,28465440,33309600,-0.17017688818440888,1,1,1,1,14053120,1,1,1,1.0,1.0,262926,hold,0,8,0,0,8,0,8,5,17733158.620689657,1,1265.182932924317,14385120,33200000,1,persistent,1000.0,450.0,1450.0,150.0,145.87184226740604,1000.0,1265.1829329243171,0,1,265.1829329243171,0.0,99,16,29,184.8170670756831,1,
coarse-f16-h6-u25,persistent,16,6,0.25,103,confirmation_coarse-f16-h6-u25_s103,16,18,101591,104223,1198485280,1228636161,30150881,1,0,,3955839,45525440,45525440,51598398,-0.13339701933688067,1,1,1,1,28850720,2,2,2,1.0,1.0,262926,hold,0,8,0,0,8,0,8,5,10751144.361111112,1,1275.387240572876,30150881,58357280,1,persistent,1000.0,450.0,1450.0,150.0,145.87184226740604,1000.0,1275.3872405728757,0,1,275.3872405728758,0.0,99,16,29,174.61275942712405,1,
coarse-f16-h6-u25,persistent,16,6,0.25,103,confirmation_coarse-f16-h6-u25_s103,1,34,101608,102884,1198598721,1213206721,14608000,1,0,,842560,14791040,14791040,15787040,-0.0673380641253083,1,1,1,1,14276000,1,1,1,1.0,1.0,262926,hold,0,8,0,0,8,0,8,7,9469887.25,1,1278.994562260901,14608000,33200000,1,persistent,1000.0,450.0,1450.0,150.0,145.87184226740604,1000.0,1278.994562260901,0,1,278.99456226090103,0.0,99,16,29,171.00543773909908,1,
coarse-f16-h6-u25,persistent,16,6,0.25,103,confirmation_coarse-f16-h6-u25_s103,11,29,101707,105667,1199844161,1244691681,44847520,1,0,,1641280,24603040,24603040,23918400,0.027827455468917663,0,1,1,1,42855520,3,3,3,1.0,1.0,262926,hold,0,8,0,0,8,0,8,7,14130330.76923077,1,1293.6738405154113,44847520,73184160,1,persistent,1000.0,450.0,1450.0,150.0,145.87184226740604,1000.0,1293.6738405154113,0,1,293.67384051541137,0.0,99,16,29,156.32615948458874,1,
coarse-f16-h6-u25,persistent,16,6,0.25,103,confirmation_coarse-f16-h6-u25_s103,8,17,102264,,1206202721,,,0,1,hold_exit_before_slot_completion,5717280,15340000,15340000,,,,,,,28780000,2,3,3,1.0,0.6666666666666666,262926,hold,0,0,0,0,0,0,8,8,13963588.57142857,1,1304.0624725058424,43844000,60092000,1,persistent,1000.0,450.0,1450.0,150.0,145.87184226740604,1000.0,1304.0624725058422,0,1,304.0624725058421,0.0,99,16,29,145.93752749415762,0,round_censored
coarse-f16-h6-u25,persistent,16,6,0.25,103,confirmation_coarse-f16-h6-u25_s103,14,35,102739,103998,1211665281,1226190721,14525440,1,0,,423840,33309600,33309600,32293600,0.030501717222662535,0,0,1,1,14193440,1,1,1,1.0,1.0,262926,hold,0,8,0,0,8,0,7,4,17435643.42857143,1,1297.1655810188481,14525440,31029440,1,persistent,1000.0,450.0,1450.0,150.0,145.87184226740604,1000.0,1297.1655810188481,0,1,297.16558101884806,0.0,99,16,29,152.83441898115188,1,
coarse-f16-h6-u25,persistent,16,6,0.25,103,confirmation_coarse-f16-h6-u25_s103,15,31,102748,105314,1211759681,1240927681,29168000,1,0,,3541280,20560000,20560000,20136000,0.020622568093385214,0,1,1,1,28259840,2,2,2,1.0,1.0,262926,hold,1,7,1,0,7,0,8,5,14045220.923076924,1,1299.560032206859,29168000,58188000,1,persistent,1000.0,450.0,1450.0,150.0,145.87184226740604,1000.0,1299.5600322068588,0,1,299.56003220685875,0.0,99,16,29,150.43996779314102,1,
coarse-f16-h6-u25,persistent,16,6,0.25,103,confirmation_coarse-f16-h6-u25_s103,6,20,102858,105415,1212878400,1241977281,29098881,1,0,,1576160,14718720,14718720,7184000,0.5119140794851726,0,0,0,0,14214560,1,2,2,1.0,0.5,262926,hold,1,7,1,0,19,0,8,7,8029240.107142857,1,1300.0330779268238,29098881,45456960,1,persistent,1000.0,450.0,1450.0,150.0,145.87184226740604,1000.0,1300.0330779268236,0,1,300.0330779268236,0.0,99,16,29,149.9669220731762,1,
coarse-f16-h6-u25,persistent,16,6,0.25,103,confirmation_coarse-f16-h6-u25_s103,1,35,102884,104150,1213206721,1227862721,14656000,1,0,,1174560,15787040,15787040,16198400,-0.02605681622394065,1,1,1,1,14324000,1,1,1,1.0,1.0,262926,hold,0,8,0,0,8,0,8,7,8344025.454545454,1,1283.1173395837461,14656000,31029440,1,persistent,1000.0,450.0,1450.0,150.0,145.87184226740604,1000.0,1283.117339583746,0,1,283.11733958374595,0.0,99,16,29,166.88266041625388,1,
coarse-f16-h6-u25,persistent,16,6,0.25,103,confirmation_coarse-f16-h6-u25_s103,2,37,103420,104686,1219388000,1233948161,14560161,1,0,,290559,51710721,51710721,53791360,-0.04023612434257105,1,1,1,1,14108161,1,1,1,1.0,1.0,262926,hold,0,8,0,0,8,0,7,6,18349315.407407407,1,1296.2423729162467,14560161,30335520,1,persistent,1000.0,450.0,1450.0,150.0,145.87184226740604,1000.0,1296.2423729162467,0,1,296.24237291624667,0.0,99,16,29,153.75762708375328,1,
coarse-f16-h6-u25,persistent,16,6,0.25,103,confirmation_coarse-f16-h6-u25_s103,14,36,103998,108065,1226190721,1270210721,44020000,1,0,,3858400,32293600,32293600,27064000,0.16193920776872198,0,0,0,0,42904000,3,3,3,1.0,1.0,262926,hold,1,8,0,1,23,0,7,4,15470011.666666666,1,1316.0097027405254,44020000,72708000,1,persistent,1000.0,450.0,1450.0,150.0,145.87184226740604,1000.0,1316.0097027405257,0,1,316.00970274052565,0.0,99,16,29,133.99029725947457,1,
coarse-f16-h6-u25,persistent,16,6,0.25,103,confirmation_coarse-f16-h6-u25_s103,1,36,104150,105462,1227862721,1242422721,14560000,1,0,,1908160,16198400,16198400,9912000,0.3880877123666535,0,0,0,0,0,0,1,1,1.0,0.0,262926,hold,0,8,0,0,8,0,8,7,7963549.76744186,1,1302.160426540629,14560000,44002720,1,persistent,1000.0,450.0,1450.0,150.0,145.87184226740604,1000.0,1302.1604265406288,0,1,302.16042654062886,0.0,99,16,29,147.83957345937097,1,
coarse-f16-h6-u25,persistent,16,6,0.25,103,confirmation_coarse-f16-h6-u25_s103,16,19,104223,106877,1228636161,1257590881,28954720,1,0,,445441,51598398,51598398,57692480,-0.1181060311213538,1,1,1,1,28290720,2,2,2,1.0,1.0,262926,hold,1,7,1,0,14,0,7,5,11308141.266666668,1,1319.5979745540849,28954720,44898720,1,persistent,1000.0,450.0,1450.0,150.0,145.87184226740604,1000.0,1319.597974554085,0,1,319.59797455408517,0.0,99,16,29,130.40202544591511,1,
coarse-f16-h6-u25,persistent,16,6,0.25,103,confirmation_coarse-f16-h6-u25_s103,2,38,104686,106044,1233948161,1248746881,14798720,1,0,,0,53791360,53791360,56113440,-0.04316827088960012,1,1,1,1,14466720,1,1,1,1.0,1.0,262926,hold,1,7,1,0,13,0,8,6,14855481.515151516,1,1318.762357249424,14798720,30112160,1,persistent,1000.0,450.0,1450.0,150.0,145.87184226740604,1000.0,1318.7623572494242,0,1,318.76235724942416,0.0,99,16,29,131.23764275057601,1,
coarse-f16-h6-u25,persistent,16,6,0.25,103,confirmation_coarse-f16-h6-u25_s103,7,15,105036,106430,1237790721,1252834721,15044000,1,0,,5817280,56860000,56860000,55716000,0.020119591980302498,0,0,1,1,14352000,1,1,1,1.0,1.0,262926,hold,0,8,0,0,8,0,7,7,10784475.789473685,1,1322.8942679934376,15044000,30112160,1,persistent,1000.0,450.0,1450.0,150.0,145.87184226740604,1000.0,1322.8942679934378,0,1,322.89426799343767,0.0,99,16,29,127.10573200656245,1,
coarse-f16-h6-u25,persistent,16,6,0.25,103,confirmation_coarse-f16-h6-u25_s103,15,32,105314,106736,1240927681,1256055681,15128000,1,0,,3993280,20136000,20136000,19671840,0.02305125148986889,0,1,1,1,14556000,1,1,1,1.0,1.0,262926,hold,0,8,0,0,8,0,8,5,14509156.57142857,1,1326.2862536096713,15128000,43758880,1,persistent,1000.0,450.0,1450.0,150.0,145.87184226740604,1000.0,1326.2862536096711,0,1,326.2862536096711,0.0,99,16,29,123.71374639032865,1,
coarse-f16-h6-u25,persistent,16,6,0.25,103,confirmation_coarse-f16-h6-u25_s103,11,30,105667,107040,1244691681,1259254881,14563200,1,0,,623840,23918400,23918400,22854400,0.044484580908421965,0,0,1,1,14231200,1,1,1,1.0,1.0,262926,hold,0,8,0,0,8,0,8,7,14822705.454545455,1,1322.6073923398187,14563200,29880000,1,persistent,1000.0,450.0,1450.0,150.0,145.87184226740604,1000.0,1322.607392339819,0,1,322.6073923398189,0.0,99,16,29,127.39260766018128,1,
coarse-f16-h6-u25,persistent,16,6,0.25,103,confirmation_coarse-f16-h6-u25_s103,2,39,106044,108771,1248746881,1277914721,29167840,1,0,,776000,56113440,56113440,57636160,-0.027136457861075707,1,1,1,1,28503840,2,2,2,1.0,1.0,262926,hold,1,8,0,1,19,0,8,6,17765814.94029851,1,1323.754637530695,29167840,44820000,1,persistent,1000.0,450.0,1450.0,150.0,145.87184226740604,1000.0,1323.754637530695,0,1,323.75463753069494,0.0,99,16,29,126.24536246930506,1,
coarse-f16-h6-u25,persistent,16,6,0.25,103,confirmation_coarse-f16-h6-u25_s103,7,16,106430,109151,1252834721,1282186721,29352000,1,0,,3973280,55716000,55716000,60801440,-0.09127431976452006,1,1,1,1,28448000,2,2,2,1.0,1.0,262926,hold,1,7,1,0,30,0,7,7,8476733.134328358,1,1324.0725571862747,29352000,45834720,1,persistent,1000.0,450.0,1450.0,150.0,145.87184226740604,1000.0,1324.0725571862747,0,1,324.07255718627465,0.0,99,16,29,125.92744281372529,1,
coarse-f16-h6-u25,persistent,16,6,0.25,103,confirmation_coarse-f16-h6-u25_s103,15,33,106736,108111,1256055681,1270555681,14500000,1,0,,2341280,19671840,19671840,22028000,-0.11977323931060846,1,1,1,1,14168000,1,1,1,1.0,1.0,262926,hold,0,8,0,0,8,0,8,5,13057608.888888888,1,1318.9499816720222,14500000,30212000,1,persistent,1000.0,450.0,1450.0,150.0,145.87184226740604,1000.0,1318.949981672022,0,1,318.9499816720221,0.0,99,16,29,131.0500183279778,1,
coarse-f16-h6-u25,persistent,16,6,0.25,103,confirmation_coarse-f16-h6-u25_s103,4,21,106851,109564,1257322881,1286582881,29260000,1,0,,467360,14276000,14276000,17338400,-0.21451386943121323,1,1,1,1,28570560,2,2,2,1.0,1.0,262926,hold,1,7,1,0,23,0,8,4,9972781.176470589,1,1322.0589302530593,29260000,45834720,1,persistent,1000.0,450.0,1450.0,150.0,145.87184226740604,1000.0,1322.0589302530593,0,1,322.05893025305926,0.0,99,16,29,127.94106974694068,1,
coarse-f16-h6-u25,persistent,16,6,0.25,103,confirmation_coarse-f16-h6-u25_s103,16,20,106877,108265,1257590881,1272222721,14631840,1,0,,800000,57692480,57692480,60628161,-0.050884985356843736,1,1,1,1,14299840,1,1,1,1.0,1.0,262926,hold,0,8,0,0,8,0,8,5,11869651.972972972,1,1331.1753715952682,14631840,30212000,1,persistent,1000.0,450.0,1450.0,150.0,145.87184226740604,1000.0,1331.1753715952682,0,1,331.1753715952683,0.0,99,16,29,118.82462840473181,1,
coarse-f16-h6-u25,persistent,16,6,0.25,103,confirmation_coarse-f16-h6-u25_s103,11,31,107040,,1259254881,,,0,1,hold_exit_before_slot_completion,1813440,22854400,22854400,,,,,,,28200800,2,3,3,1.0,0.6666666666666666,262926,hold,1,7,0,1,7,0,8,7,14246260.594059406,1,1304.76122151467,43497120,60834720,1,persistent,1000.0,450.0,1450.0,150.0,145.87184226740604,1000.0,1304.7612215146698,0,1,304.7612215146699,0.0,99,16,29,145.23877848532993,0,round_censored
coarse-f16-h6-u25,persistent,16,6,0.25,103,confirmation_coarse-f16-h6-u25_s103,12,15,107239,,1261346721,,,0,1,hold_exit_before_slot_completion,2909280,22936000,22936000,,,,,,,28452160,2,3,3,1.0,0.6666666666666666,262926,hold,0,4,0,0,4,0,8,5,15724953.535353536,1,1302.4843833402667,43724160,60834720,1,persistent,1000.0,450.0,1450.0,150.0,145.87184226740604,1000.0,1302.4843833402667,0,1,302.4843833402668,0.0,99,16,29,147.51561665973327,0,round_censored
coarse-f16-h6-u25,persistent,16,6,0.25,103,confirmation_coarse-f16-h6-u25_s103,14,37,108065,110699,1270210721,1300162721,29952000,1,0,,1945280,27064000,27064000,24196000,0.1059710316287319,0,0,0,1,29282880,2,2,2,1.0,1.0,262926,hold,1,8,0,1,16,0,8,5,14708890.746268656,1,1304.7684369090105,29952000,59854720,1,persistent,1000.0,450.0,1450.0,150.0,145.87184226740604,1000.0,1304.7684369090102,0,1,304.7684369090103,0.0,99,16,29,145.23156309098954,1,
coarse-f16-h6-u25,persistent,16,6,0.25,103,confirmation_coarse-f16-h6-u25_s103,15,34,108111,111963,1270555681,1314519681,43964000,1,0,,3577280,22028000,22028000,15044000,0.31705102596695117,0,0,0,0,42728000,3,3,3,1.0,1.0,262926,hold,0,8,0,0,8,0,8,5,13991853.06122449,1,1292.6433365227465,43964000,60442720,1,persistent,1000.0,450.0,1450.0,150.0,145.87184226740604,1000.0,1292.6433365227465,0,1,292.64333652274644,0.0,99,16,29,157.3566634772535,1,
coarse-f16-h6-u25,persistent,16,6,0.25,103,confirmation_coarse-f16-h6-u25_s103,16,21,108265,110860,1272222721,1301827841,29605120,1,0,,435840,60628161,60628161,53253280,0.12164117925331762,0,0,0,0,28861280,2,2,2,1.0,1.0,262926,hold,1,7,1,0,29,0,8,5,10365617.839506174,1,1297.1411309409507,29605120,45562720,1,persistent,1000.0,450.0,1450.0,150.0,145.87184226740604,1000.0,1297.1411309409507,0,1,297.14113094095075,0.0,99,16,29,152.8588690590493,1,
coarse-f16-h6-u25,persistent,16,6,0.25,103,confirmation_coarse-f16-h6-u25_s103,2,40,108771,110106,1277914721,1292922721,15008000,1,0,,969120,57636160,57636160,57644000,-0.0001360257171886538,1,1,1,1,14316000,1,1,1,1.0,1.0,262926,hold,0,8,0,0,8,0,8,6,17724461.742857143,1,1310.4595208192982,15008000,30562720,1,persistent,1000.0,450.0,1450.0,150.0,145.87184226740604,1000.0,1310.4595208192982,0,1,310.45952081929823,0.0,99,16,29,139.54047918070182,1,
coarse-f16-h6-u25,persistent,16,6,0.25,103,confirmation_coarse-f16-h6-u25_s103,7,17,109151,114426,1282186721,1341250721,59064000,1,0,,2884000,60801440,60801440,51830720,0.1475412424442579,0,0,0,0,57016000,4,4,4,1.0,1.0,262926,hold,0,8,0,0,8,0,7,7,15631317.894736841,1,1308.8512363416753,59064000,74778720,1,persistent,1000.0,450.0,1450.0,150.0,145.87184226740604,1000.0,1308.8512363416755,0,1,308.8512363416755,0.0,99,16,29,141.1487636583247,1,
coarse-f16-h6-u25,persistent,16,6,0.25,103,confirmation_coarse-f16-h6-u25_s103,4,22,109564,112083,1286582881,1315796161,29213280,1,0,,3538720,17338400,17338400,16698880,0.03688460296221105,0,1,1,1,28548320,2,2,2,1.0,1.0,262926,hold,1,7,1,0,9,0,8,4,7238308.837209302,1,1293.0334032286369,29213280,45502720,1,persistent,1000.0,450.0,1450.0,150.0,145.87184226740604,1000.0,1293.0334032286366,0,1,293.0334032286367,0.0,99,16,29,156.96659677136313,1,
coarse-f16-h6-u25,persistent,16,6,0.25,103,confirmation_coarse-f16-h6-u25_s103,2,41,110106,111368,1292922721,1307602721,14680000,1,0,,2737280,57644000,57644000,54956000,0.046631045728957043,0,0,0,1,14348000,1,1,1,1.0,1.0,262926,hold,0,8,0,0,8,0,7,5,9964651.034482758,1,1275.8151062622976,14680000,30622720,1,persistent,1000.0,450.0,1450.0,150.0,145.87184226740604,1000.0,1275.815106262298,0,1,275.81510626229795,0.0,99,16,29,174.1848937377024,1,
coarse-f16-h6-u25,persistent,16,6,0.25,103,confirmation_coarse-f16-h6-u25_s103,14,38,110699,114711,1300162721,1344106721,43944000,1,0,,2977280,24196000,24196000,19436000,0.19672673169118862,0,0,0,0,42708000,3,3,3,1.0,1.0,262926,hold,0,8,0,0,8,0,7,4,14083147.18446602,1,1312.9509742439473,43944000,60116000,1,persistent,1000.0,450.0,1450.0,150.0,145.87184226740604,1000.0,1312.9509742439473,0,1,312.95097424394726,0.0,99,16,29,137.04902575605274,1,
coarse-f16-h6-u25,persistent,16,6,0.25,103,confirmation_coarse-f16-h6-u25_s103,16,22,110860,113443,1301827841,1330813441,28985600,1,0,,601440,53253280,53253280,55905120,-0.049796744914116085,1,1,1,1,28323840,2,2,2,1.0,1.0,262926,hold,1,8,0,1,23,0,8,5,11885214.0,1,1297.6658924743635,28985600,45440000,1,persistent,1000.0,450.0,1450.0,150.0,145.87184226740604,1000.0,1297.6658924743635,0,1,297.6658924743636,0.0,99,16,29,152.33410752563645,1,
coarse-f16-h6-u25,persistent,16,6,0.25,103,confirmation_coarse-f16-h6-u25_s103,2,42,111368,112652,1307602721,1322157441,14554720,1,0,,657280,54956000,54956000,54150560,0.014656088507169372,0,1,1,1,14222720,1,1,1,1.0,1.0,262926,hold,0,8,0,0,8,0,8,6,17468727.741935484,1,1297.3616524374381,14554720,30604160,1,persistent,1000.0,450.0,1450.0,150.0,145.87184226740604,1000.0,1297.3616524374381,0,1,297.361652437438,0.0,99,16,29,152.63834756256188,1,
coarse-f16-h6-u25,persistent,16,6,0.25,103,confirmation_coarse-f16-h6-u25_s103,15,35,111963,113284,1314519681,1329143841,14624160,1,0,,7489280,15044000,15044000,19288000,-0.2821058229194363,1,1,1,1,14292160,1,1,1,1.0,1.0,262926,hold,0,8,0,0,8,0,8,5,13460266.666666666,1,1305.4397297544965,14624160,30604160,1,persistent,1000.0,450.0,1450.0,150.0,145.87184226740604,1000.0,1305.4397297544963,0,1,305.4397297544962,0.0,99,16,29,144.5602702455035,1,
coarse-f16-h6-u25,persistent,16,6,0.25,103,confirmation_coarse-f16-h6-u25_s103,1,37,112015,114722,1315135841,1344246881,29111040,1,0,,3301280,16312960,16312960,19360000,-0.18678645690297777,1,1,1,1,28447040,2,2,2,1.0,1.0,262926,hold,0,8,0,0,8,0,8,7,9079626.666666666,1,1321.0398783205007,29111040,45244000,1,persistent,1000.0,450.0,1450.0,150.0,145.87184226740604,1000.0,1321.0398783205007,0,1,321.0398783205008,0.0,99,16,29,128.96012167949925,1,
coarse-f16-h6-u25,persistent,16,6,0.25,103,confirmation_coarse-f16-h6-u25_s103,4,23,112083,113398,1315796161,1330333441,14537280,1,0,,1244320,16698880,16698880,12616000,0.24450022995554194,0,0,0,0,0,0,1,1,1.0,0.0,262926,hold,0,8,0,0,8,0,8,4,8413272.727272727,1,1316.5760159679694,14537280,29974720,1,persistent,1000.0,450.0,1450.0,150.0,145.87184226740604,1000.0,1316.5760159679694,0,1,316.57601596796934,0.0,99,16,29,133.4239840320306,1,
coarse-f16-h6-u25,persistent,16,6,0.25,103,confirmation_coarse-f16-h6-u25_s103,11,32,112248,114990,1317739681,1347155681,29416000,1,0,,1992000,18536480,18536480,30851840,-0.6643850396623308,1,1,1,1,28372960,2,2,2,1.0,1.0,262926,hold,0,8,0,0,8,0,8,7,16547410.149253732,1,1325.7036339899987,29416000,44510720,1,persistent,1000.0,450.0,1450.0,150.0,145.87184226740604,1000.0,1325.7036339899987,0,1,325.7036339899988,0.0,99,16,29,124.2963660100013,1,
coarse-f16-h6-u25,persistent,16,6,0.25,103,confirmation_coarse-f16-h6-u25_s103,12,16,112404,113717,1319446721,1333806561,14359840,1,0,,837280,19924960,19924960,23987840,-0.20390906681870377,1,1,1,1,14027840,1,1,1,1.0,1.0,262926,hold,0,8,0,0,8,0,8,5,14333375.0,1,1331.2281755728839,14359840,29832000,1,persistent,1000.0,450.0,1450.0,150.0,145.87184226740604,1000.0,1331.2281755728839,0,1,331.22817557288386,0.0,99,16,29,118.77182442711614,1,
coarse-f16-h6-u25,persistent,16,6,0.25,103,confirmation_coarse-f16-h6-u25_s103,10,6,112455,113787,1320076001,1334684001,14608000,1,0,,650400,18260000,18260000,23305120,-0.2762935377875137,1,1,1,1,14276000,1,1,1,1.0,1.0,262926,hold,0,8,0,0,8,0,8,8,7893792.0,1,1332.1592914715197,14608000,29832000,1,persistent,1000.0,450.0,1450.0,150.0,145.87184226740604,1000.0,1332.1592914715197,0,1,332.1592914715198,0.0,99,16,29,117.84070852848026,1,
coarse-f16-h6-u25,persistent,16,6,0.25,103,confirmation_coarse-f16-h6-u25_s103,2,43,112652,113993,1322157441,1336882721,14725280,1,0,,293280,54150560,54150560,51460160,0.04968369671523249,0,0,0,1,14153280,1,1,1,1.0,1.0,262926,hold,0,8,0,0,8,0,7,6,14250377.931034483,1,1327.7805552931675,14725280,29832000,1,persistent,1000.0,450.0,1450.0,150.0,145.87184226740604,1000.0,1327.7805552931675,0,1,327.7805552931674,0.0,99,16,29,122.21944470683252,1,
coarse-f16-h6-u25,persistent,16,6,0.25,103,confirmation_coarse-f16-h6-u25_s103,15,36,113284,116056,1329143841,1358675681,29531840,1,0,,4509280,19288000,19288000,20948000,-0.08606387391124015,1,1,1,1,28752000,2,2,2,1.0,1.0,262926,hold,1,8,0,1,17,0,8,5,13170782.608695652,1,1318.3194724732675,29531840,45111679,1,persistent,1000.0,450.0,1450.0,150.0,145.87184226740604,1000.0,1318.3194724732678,0,1,318.31947247326775,0.0,99,16,29,131.68052752673248,1,
coarse-f16-h6-u25,persistent,16,6,0.25,103,confirmation_coarse-f16-h6-u25_s103,16,23,113443,116188,1330813441,1360029441,29216000,1,0,,884160,55905120,55905120,11657280,0.7914809949428603,0,0,0,0,14192000,1,2,2,1.0,0.5,262926,hold,1,7,1,0,20,0,7,4,7989065.150684931,1,1316.1843747711846,29216000,45111679,1,persistent,1000.0,450.0,1450.0,150.0,145.87184226740604,1000.0,1316.1843747711846,0,1,316.1843747711846,0.0,99,16,29,133.8156252288154,1,
coarse-f16-h6-u25,persistent,16,6,0.25,103,confirmation_coarse-f16-h6-u25_s103,12,17,113717,130207,1333806561,1512687681,178881120,1,0,,1681120,23987840,23987840,26379360,-0.09969717990448494,1,1,1,1,172322880,12,12,12,1.0,1.0,262926,hold,1,8,0,1,8,0,7,4,17440973.296398893,1,1307.4238453291352,178881120,204136160,1,persistent,1000.0,450.0,1450.0,150.0,145.87184226740604,1000.0,1307.4238453291355,0,1,307.42384532913553,0.0,99,16,29,142.57615467086475,1,
coarse-f16-h6-u25,persistent,16,6,0.25,103,confirmation_coarse-f16-h6-u25_s103,10,7,113787,116493,1334684001,1363550401,28866400,1,0,,1249280,23305120,23305120,20116960,0.1368008403303652,0,0,0,1,28202400,2,2,2,1.0,1.0,262926,hold,1,8,0,1,37,0,7,7,7482809.302325581,1,1312.6663411227328,28866400,45157120,1,persistent,1000.0,450.0,1450.0,150.0,145.87184226740604,1000.0,1312.666341122733,0,1,312.6663411227329,0.0,99,16,29,137.33365887726723,1,
coarse-f16-h6-u25,persistent,16,6,0.25,103,confirmation_coarse-f16-h6-u25_s103,2,44,113993,116844,1336882721,1367269120,30386399,1,0,,597120,51460160,51460160,48516000,0.05721241441923228,0,0,0,1,28882399,2,2,2,1.0,1.0,262926,hold,1,8,0,1,15,0,7,5,19294404.984375,1,1312.7772560168148,30386399,58980000,1,persistent,1000.0,450.0,1450.0,150.0,145.87184226740604,1000.0,1312.7772560168148,0,1,312.7772560168148,0.0,99,16,29,137.22274398318518,1,
coarse-f16-h6-u25,persistent,16,6,0.25,103,confirmation_coarse-f16-h6-u25_s103,7,18,114426,118438,1341250721,1384846721,43596000,1,0,,2581280,51830720,51830720,53244000,-0.027267226849250793,1,1,1,1,42480000,3,3,3,1.0,1.0,262926,hold,1,8,0,1,21,0,7,7,15330941.276595745,1,1305.5374530987935,43596000,59760000,1,persistent,1000.0,450.0,1450.0,150.0,145.87184226740604,1000.0,1305.5374530987933,0,1,305.53745309879326,0.0,99,16,29,144.46254690120645,1,
coarse-f16-h6-u25,persistent,16,6,0.25,103,confirmation_coarse-f16-h6-u25_s103,14,39,114711,116093,1344106721,1358966721,14860000,1,0,,4213280,19436000,19436000,21668000,-0.11483844412430541,1,1,1,1,14168000,1,1,1,1.0,1.0,262926,hold,0,8,0,0,8,0,8,5,11708502.222222222,1,1314.588571005483,14860000,43575840,1,persistent,1000.0,450.0,1450.0,150.0,145.87184226740604,1000.0,1314.5885710054831,0,1,314.5885710054832,0.0,99,16,29,135.4114289945171,1,
coarse-f16-h6-u25,persistent,16,6,0.25,103,confirmation_coarse-f16-h6-u25_s103,1,38,114722,116078,1344246881,1358854881,14608000,1,0,,1908160,19360000,19360000,15975840,0.17480165289256197,0,0,0,1,14276000,1,1,1,1.0,1.0,262926,hold,0,8,0,0,8,0,8,7,9253767.111111112,1,1313.3321867338316,14608000,30386399,1,persistent,1000.0,450.0,1450.0,150.0,145.87184226740604,1000.0,1313.3321867338318,0,1,313.33218673383175,0.0,99,16,29,136.66781326616842,1,
coarse-f16-h6-u25,persistent,16,6,0.25,103,confirmation_coarse-f16-h6-u25_s103,4,24,114823,117498,1345241441,1374207521,28966080,1,0,,216160,16023200,16023200,16230880,-0.012961206250936143,1,1,1,1,28302080,2,2,2,1.0,1.0,262926,hold,1,7,1,0,24,0,8,4,9197536.373493975,1,1307.3091617828393,28966080,45157120,1,persistent,1000.0,450.0,1450.0,150.0,145.87184226740604,1000.0,1307.3091617828393,0,1,307.3091617828392,0.0,99,16,29,142.69083821716072,1,
coarse-f16-h6-u25,persistent,16,6,0.25,103,confirmation_coarse-f16-h6-u25_s103,11,33,114990,116419,1347155681,1362606721,15451040,1,0,,272320,30851840,30851840,27038080,0.12361531759532009,0,0,0,1,14608000,1,1,1,1.0,1.0,262926,hold,0,8,0,0,8,0,8,7,13611520.0,1,1302.3427953201224,15451040,44115679,1,persistent,1000.0,450.0,1450.0,150.0,145.87184226740604,1000.0,1302.3427953201226,0,1,302.34279532012255,0.0,99,16,29,147.65720467987762,1,
coarse-f16-h6-u25,persistent,16,6,0.25,103,confirmation_coarse-f16-h6-u25_s103,15,37,116056,118719,1358675681,1388083681,29408000,1,0,,5117280,20948000,20948000,22396000,-0.06912354401374833,1,1,1,1,28504000,2,2,2,1.0,1.0,262926,hold,1,7,1,0,7,0,7,4,13851495.384615384,1,1291.291546463321,29408000,58223840,1,persistent,1000.0,450.0,1450.0,150.0,145.87184226740604,1000.0,1291.291546463321,0,1,291.29154646332114,0.0,99,16,29,158.70845353667892,1,
coarse-f16-h6-u25,persistent,16,6,0.25,103,confirmation_coarse-f16-h6-u25_s103,6,21,116075,117402,1358854881,1373230721,14375840,1,0,,1576160,14181280,14181280,16362720,-0.1538253246533458,1,1,1,1,14043840,1,1,1,1.0,1.0,262926,hold,0,8,0,0,8,0,8,7,8303250.909090909,1,1299.4050826833293,14375840,30728160,1,persistent,1000.0,450.0,1450.0,150.0,145.87184226740604,1000.0,1299.4050826833293,0,1,299.40508268332934,0.0,99,16,29,150.59491731667072,1,
coarse-f16-h6-u25,persistent,16,6,0.25,103,confirmation_coarse-f16-h6-u25_s103,1,39,116078,118699,1358854881,1387838721,28983840,1,0,,3478560,15975840,15975840,11758720,0.26396859257478794,0,0,0,0,14082720,1,2,2,1.0,0.5,262926,hold,1,8,0,1,18,0,6,6,7490226.506024096,1,1291.435718274235,28983840,45331040,1,persistent,1000.0,450.0,1450.0,150.0,145.87184226740604,1000.0,1291.435718274235,0,1,291.4357182742349,0.0,99,16,29,158.5642817257651,1,
coarse-f16-h6-u25,persistent,16,6,0.25,103,confirmation_coarse-f16-h6-u25_s103,14,40,116093,117449,1358966721,1373698721,14732000,1,0,,2497280,21668000,21668000,24528000,-0.1319918774229278,1,1,1,1,14280000,1,1,1,1.0,1.0,262926,hold,0,8,0,0,8,0,8,5,12637905.0,1,1284.8326890085045,14732000,30728160,1,persistent,1000.0,450.0,1450.0,150.0,145.87184226740604,1000.0,1284.8326890085045,0,1,284.8326890085046,0.0,99,16,29,165.16731099149547,1,
coarse-f16-h6-u25,persistent,16,6,0.25,103,confirmation_coarse-f16-h6-u25_s103,11,34,116419,117834,1362606721,1377883841,15277120,1,0,,2048000,27038080,27038080,21654880,0.19909697730016332,0,0,0,0,14124160,1,1,1,1.0,1.0,262926,hold,0,8,0,0,8,0,8,7,14395474.285714285,1,1316.0915917707382,15277120,30333440,1,persistent,1000.0,450.0,1450.0,150.0,145.87184226740604,1000.0,1316.0915917707382,0,1,316.09159177073826,0.0,99,16,29,133.9084082292618,1,
coarse-f16-h6-u25,persistent,16,6,0.25,103,confirmation_coarse-f16-h6-u25_s103,10,8,116493,117872,1363550401,1378228161,14677760,1,0,,1890880,20116960,20116960,18835840,0.06368357843332194,0,0,1,1,14345760,1,1,1,1.0,1.0,262926,hold,0,8,0,0,8,0,8,8,7049969.523809524,1,1294.204718123716,14677760,30333440,1,persistent,1000.0,450.0,1450.0,150.0,145.87184226740604,1000.0,1294.204718123716,0,1,294.20471812371613,0.0,99,16,29,155.79528187628398,1,
coarse-f16-h6-u25,persistent,16,6,0.25,103,confirmation_coarse-f16-h6-u25_s103,8,18,116824,,1367066721,,,0,1,hold_exit_before_slot_completion,3761280,17240000,17240000,,,,,,,28780000,2,3,3,1.0,0.6666666666666666,262926,hold,1,2,0,1,2,0,7,7,13676112.94117647,1,1303.994731554641,44452000,74514399,1,persistent,1000.0,450.0,1450.0,150.0,145.87184226740604,1000.0,1303.9947315546412,0,1,303.99473155464125,0.0,99,16,29,146.00526844535898,0,round_censored
coarse-f16-h6-u25,persistent,16,6,0.25,103,confirmation_coarse-f16-h6-u25_s103,2,45,116844,119466,1367269120,1396233601,28964481,1,0,,3284000,48516000,48516000,50958880,-0.05035204880864045,1,1,1,1,28180481,2,2,2,1.0,1.0,262926,hold,1,8,0,1,14,0,7,6,14488319.754098361,1,1308.7554309128545,28964481,44956000,1,persistent,1000.0,450.0,1450.0,150.0,145.87184226740604,1000.0,1308.7554309128545,0,1,308.7554309128546,0.0,99,16,29,141.24456908714546,1,
coarse-f16-h6-u25,persistent,16,6,0.25,103,confirmation_coarse-f16-h6-u25_s103,9,10,116995,,1368874881,,,0,1,hold_exit_before_slot_completion,580160,18652000,18652000,,,,,,,0,0,1,1,1.0,0.0,262926,hold,1,7,0,0,9,0,7,5,7571961.904761905,1,1293.1326615858347,14658080,30332000,1,persistent,1000.0,450.0,1450.0,150.0,145.87184226740604,1000.0,1293.132661585835,0,1,293.13266158583485,0.0,99,16,29,156.86733841416526,0,round_censored
coarse-f16-h6-u25,persistent,16,6,0.25,103,confirmation_coarse-f16-h6-u25_s103,3,11,117382,126871,1373089441,1475665441,102576000,1,0,,8069280,20284000,20284000,14668000,0.2768684677578387,0,0,0,0,99532000,7,7,7,1.0,1.0,262926,hold,0,8,0,0,8,0,8,6,14461800.524017468,1,1309.2440063985366,102576000,131106560,1,persistent,1000.0,450.0,1450.0,150.0,145.87184226740604,1000.0,1309.2440063985364,0,1,309.24400639853644,0.0,99,16,29,140.7559936014634,1,
coarse-f16-h6-u25,persistent,16,6,0.25,103,confirmation_coarse-f16-h6-u25_s103,6,22,117402,118722,1373230721,1388130881,14900160,1,0,,1581280,16362720,16362720,18214560,-0.11317433776291472,1,1,1,1,14568160,1,1,1,1.0,1.0,262926,hold,0,8,0,0,8,0,8,7,7870630.697674419,1,1297.5867037315786,14900160,43844000,1,persistent,1000.0,450.0,1450.0,150.0,145.87184226740604,1000.0,1297.5867037315788,0,1,297.5867037315788,0.0,99,16,29,152.4132962684214,1,
coarse-f16-h6-u25,persistent,16,6,0.25,103,confirmation_coarse-f16-h6-u25_s103,14,41,117449,,1373698721,,,0,1,hold_exit_before_slot_completion,2045280,24528000,24528000,,,,,,,28228000,2,3,3,1.0,0.6666666666666666,262926,hold,0,7,0,0,7,0,8,5,16380821.666666666,1,1309.8155715621924,44140000,72674720,1,persistent,1000.0,450.0,1450.0,150.0,145.87184226740604,1000.0,1309.8155715621926,0,1,309.8155715621927,0.0,99,16,29,140.18442843780758,0,round_censored
coarse-f16-h6-u25,persistent,16,6,0.25,103,confirmation_coarse-f16-h6-u25_s103,4,25,117498,118804,1374207521,1389065441,14857920,1,0,,3241280,16230880,16230880,11370080,0.2994785248858965,0,0,0,0,0,0,1,1,1.0,0.0,262926,hold,0,8,0,0,8,0,8,4,7764334.545454546,1,1292.1884398008876,14857920,30332000,1,persistent,1000.0,450.0,1450.0,150.0,145.87184226740604,1000.0,1292.1884398008879,0,1,292.1884398008878,0.0,99,16,29,157.81156019911236,1,
coarse-f16-h6-u25,persistent,16,6,0.25,103,confirmation_coarse-f16-h6-u25_s103,16,24,117543,118824,1374637441,1389254561,14617120,1,0,,2349280,49140960,49140960,52465760,-0.06765842588341782,1,1,1,1,14285120,1,1,1,1.0,1.0,262926,hold,0,8,0,0,8,0,8,5,14316921.857142856,1,1299.4673951665238,14617120,30332000,1,persistent,1000.0,450.0,1450.0,150.0,145.87184226740604,1000.0,1299.4673951665243,0,1,299.46739516652417,0.0,99,16,29,150.53260483347617,1,
coarse-f16-h6-u25,persistent,16,6,0.25,103,confirmation_coarse-f16-h6-u25_s103,11,35,117834,121808,1377883841,1421349120,43465279,1,0,,3830400,21654880,21654880,25633440,-0.18372579298523012,1,1,1,1,42469279,3,3,3,1.0,1.0,262926,hold,0,8,0,0,8,0,7,6,13535029.612903226,1,1313.3393456383083,43465279,60208000,1,persistent,1000.0,450.0,1450.0,150.0,145.87184226740604,1000.0,1313.3393456383083,0,1,313.3393456383084,0.0,99,16,29,136.66065436169174,1,
coarse-f16-h6-u25,persistent,16,6,0.25,103,confirmation_coarse-f16-h6-u25_s103,10,9,117872,119155,1378228161,1392857441,14629280,1,0,,2315040,18835840,18835840,20736160,-0.10088851890863375,1,1,1,1,14297280,1,1,1,1.0,1.0,262926,hold,0,8,0,0,8,0,7,7,6974098.181818182,1,1304.9496880401562,14629280,30041601,1,persistent,1000.0,450.0,1450.0,150.0,145.87184226740604,1000.0,1304.9496880401564,0,1,304.9496880401565,0.0,99,16,29,145.05031195984384,1,
coarse-f16-h6-u25,persistent,16,6,0.25,103,confirmation_coarse-f16-h6-u25_s103,7,19,118438,119744,1384846721,1399254721,14408000,1,0,,4205280,53244000,53244000,51584000,0.031177221846593044,0,0,1,1,14076000,1,1,1,1.0,1.0,262926,hold,0,8,0,0,8,0,8,8,15908397.714285715,1,1309.0180883445832,14408000,30041601,1,persistent,1000.0,450.0,1450.0,150.0,145.87184226740604,1000.0,1309.0180883445835,0,1,309.01808834458353,0.0,99,16,29,140.98191165541675,1,
coarse-f16-h6-u25,persistent,16,6,0.25,103,confirmation_coarse-f16-h6-u25_s103,15,38,118719,122875,1388083681,1432499681,44416000,1,0,,3633280,22396000,22396000,17636000,0.21253795320592964,0,0,0,0,43180000,3,3,3,1.0,1.0,262926,hold,0,8,0,0,8,0,7,4,14507869.090909092,1,1318.1669355077163,44416000,72768000,1,persistent,1000.0,450.0,1450.0,150.0,145.87184226740604,1000.0,1318.1669355077163,0,1,318.16693550771623,0.0,99,16,29,131.8330644922837,1,
coarse-f16-h6-u25,persistent,16,6,0.25,103,confirmation_coarse-f16-h6-u25_s103,6,23,118722,120028,1388130881,1402490721,14359840,1,0,,725440,18214560,18214560,9301120,0.48935796417810806,0,0,0,0,0,0,1,1,1.0,0.0,262926,hold,0,8,0,0,8,0,8,7,9021779.512195121,1,1312.3972916126472,14359840,30041601,1,persistent,1000.0,450.0,1450.0,150.0,145.87184226740604,1000.0,1312.3972916126477,0,1,312.3972916126477,0.0,99,16,29,137.60270838735278,1,
coarse-f16-h6-u25,persistent,16,6,0.25,103,confirmation_coarse-f16-h6-u25_s103,16,25,118824,120170,1389254561,1403862561,14608000,1,0,,594400,52465760,52465760,47485120,0.09493124658825108,0,0,0,0,14276000,1,1,1,1.0,1.0,262926,hold,0,8,0,0,8,0,8,5,8036583.177777777,1,1307.6448067961514,14608000,30041601,1,persistent,1000.0,450.0,1450.0,150.0,145.87184226740604,1000.0,1307.6448067961514,0,1,307.64480679615144,0.0,99,16,29,142.35519320384856,1,
coarse-f16-h6-u25,persistent,16,6,0.25,103,confirmation_coarse-f16-h6-u25_s103,10,10,119155,120471,1392857441,1407252161,14394720,1,0,,0,20736160,20736160,25901920,-0.2491184481601222,1,1,1,1,14062720,1,1,1,1.0,1.0,262926,hold,0,8,0,0,8,0,8,8,7978163.636363637,1,1310.0443152489859,14394720,30130399,1,persistent,1000.0,450.0,1450.0,150.0,145.87184226740604,1000.0,1310.0443152489859,0,1,310.0443152489859,0.0,99,16,29,139.95568475101413,1,
coarse-f16-h6-u25,persistent,16,6,0.25,103,confirmation_coarse-f16-h6-u25_s103,2,46,119466,120776,1396233601,1410610721,14377120,1,0,,75680,50958880,50958880,54336000,-0.06627147221445998,1,1,1,1,14045120,1,1,1,1.0,1.0,262926,hold,0,8,0,0,8,0,8,6,19755178.0,1,1318.5362041966544,14377120,30948000,1,persistent,1000.0,450.0,1450.0,150.0,145.87184226740604,1000.0,1318.5362041966546,0,1,318.53620419665447,0.0,99,16,29,131.46379580334565,1,
coarse-f16-h6-u25,persistent,16,6,0.25,103,confirmation_coarse-f16-h6-u25_s103,7,20,119744,122476,1399254721,1428218721,28964000,1,0,,4149280,51584000,51584000,51444000,0.0027140198511166253,0,1,1,1,28180000,2,2,2,1.0,1.0,262926,hold,1,7,1,0,23,0,8,8,11557381.176470589,1,1330.0602823171569,28964000,45615200,1,persistent,1000.0,450.0,1450.0,150.0,145.87184226740604,1000.0,1330.0602823171566,0,1,330.06028231715675,0.0,99,16,29,119.93971768284314,1,
coarse-f16-h6-u25,persistent,16,6,0.25,103,confirmation_coarse-f16-h6-u25_s103,1,40,120025,,1402470721,,,0,1,hold_exit_before_slot_completion,5521280,15410720,15410720,,,,,,,0,0,1,1,1.0,0.0,262926,hold,0,5,0,0,5,0,8,7,7597875.348837209,1,1320.5108308554602,14584000,30948000,1,persistent,1000.0,450.0,1450.0,150.0,145.87184226740604,1000.0,1320.5108308554602,0,1,320.5108308554603,0.0,99,16,29,129.4891691445398,0,round_censored
coarse-f16-h6-u25,persistent,16,6,0.25,103,confirmation_coarse-f16-h6-u25_s103,16,26,120170,121532,1403862561,1418502721,14640160,1,0,,1249280,47485120,47485120,47749441,-0.005566396378486566,1,1,1,1,14308160,1,1,1,1.0,1.0,262926,hold,0,8,0,0,8,0,8,5,8571800.068181818,1,1328.7530557471061,14640160,30948000,1,persistent,1000.0,450.0,1450.0,150.0,145.87184226740604,1000.0,1328.7530557471064,0,1,328.7530557471063,0.0,99,16,29,121.24694425289385,1,
coarse-f16-h6-u25,persistent,16,6,0.25,103,confirmation_coarse-f16-h6-u25_s103,10,11,120471,123222,1407252161,1436096161,28844000,1,0,,377120,25901920,25901920,21114400,0.18483263016795667,0,0,0,0,28174880,2,2,2,1.0,1.0,262926,hold,1,7,1,0,27,0,8,8,7853979.534883721,1,1318.9089926878366,28844000,45615200,1,persistent,1000.0,450.0,1450.0,150.0,145.87184226740604,1000.0,1318.9089926878364,0,1,318.9089926878365,0.0,99,16,29,131.09100731216336,1,
coarse-f16-h6-u25,persistent,16,6,0.25,103,confirmation_coarse-f16-h6-u25_s103,2,47,120776,125023,1410610721,1455278721,44668000,1,0,,157280,54336000,54336000,51299519,0.05588341063015312,0,0,0,1,43192000,3,3,3,1.0,1.0,262926,hold,1,8,0,1,8,0,7,5,21173850.608108107,1,1305.8788456360826,44668000,73452000,1,persistent,1000.0,450.0,1450.0,150.0,145.87184226740604,1000.0,1305.8788456360826,0,1,305.87884563608253,0.0,99,16,29,144.1211543639174,1,
coarse-f16-h6-u25,persistent,16,6,0.25,103,confirmation_coarse-f16-h6-u25_s103,16,27,121532,124320,1418502721,1447593120,29090399,1,0,,917280,47749441,47749441,12230880,0.7438529175660925,0,0,0,0,14322720,1,2,2,1.0,0.5,262926,hold,1,7,1,0,11,0,7,4,7466266.926829268,1,1324.6360549095255,29090399,45494399,1,persistent,1000.0,450.0,1450.0,150.0,145.87184226740604,1000.0,1324.6360549095252,0,1,324.6360549095253,0.0,99,16,29,125.36394509047454,1,
coarse-f16-h6-u25,persistent,16,6,0.25,103,confirmation_coarse-f16-h6-u25_s103,11,36,121808,124618,1421349120,1450763681,29414561,1,0,,178720,25633440,25633440,26671040,-0.04047837512249624,1,1,1,1,28418721,2,2,2,1.0,1.0,262926,hold,1,7,1,0,12,0,8,7,12754533.263888888,1,1323.0829458928724,29414561,45494399,1,persistent,1000.0,450.0,1450.0,150.0,145.87184226740604,1000.0,1323.0829458928724,0,1,323.08294589287243,0.0,99,16,29,126.91705410712757,1,
coarse-f16-h6-u25,persistent,16,6,0.25,103,confirmation_coarse-f16-h6-u25_s103,7,21,122476,125233,1428218721,1457662721,29444000,1,0,,3061280,51444000,51444000,53888000,-0.04750796983127284,1,1,1,1,28780000,2,2,2,1.0,1.0,262926,hold,1,7,1,0,29,0,8,8,14537338.823529411,1,1311.8193883503252,29444000,45573601,1,persistent,1000.0,450.0,1450.0,150.0,145.87184226740604,1000.0,1311.8193883503254,0,1,311.81938835032537,0.0,99,16,29,138.1806116496748,1,
coarse-f16-h6-u25,persistent,16,6,0.25,103,confirmation_coarse-f16-h6-u25_s103,15,39,122875,124280,1432499681,1447091681,14592000,1,0,,3237280,17636000,17636000,20552000,-0.1653436153322749,1,1,1,1,14260000,1,1,1,1.0,1.0,262926,hold,0,8,0,0,8,0,8,5,14535437.837837838,1,1324.4196617746454,14592000,43645280,1,persistent,1000.0,450.0,1450.0,150.0,145.87184226740604,1000.0,1324.4196617746452,0,1,324.41966177464525,0.0,99,16,29,125.58033822535458,1,
coarse-f16-h6-u25,persistent,16,6,0.25,103,confirmation_coarse-f16-h6-u25_s103,14,42,122888,131032,1432606721,1521922721,89316000,1,0,,4149280,19584000,19584000,24160960,-0.2337091503267974,1,1,1,1,85244000,6,6,6,1.0,1.0,262926,hold,0,8,0,0,8,0,7,5,14816260.102564102,1,1301.0030312060044,89316000,116778399,1,persistent,1000.0,450.0,1450.0,150.0,145.87184226740604,1000.0,1301.0030312060046,0,1,301.00303120600455,0.0,99,16,29,148.99696879399562,1,
coarse-f16-h6-u25,persistent,16,6,0.25,103,confirmation_coarse-f16-h6-u25_s103,4,26,122893,124277,1432644161,1447073441,14429280,1,0,,945280,15576000,15576000,16932000,-0.08705701078582434,1,1,1,1,14097280,1,1,1,1.0,1.0,262926,hold,0,8,0,0,8,0,8,4,8200019.5121951215,1,1320.1630190321134,14429280,29988000,1,persistent,1000.0,450.0,1450.0,150.0,145.87184226740604,1000.0,1320.1630190321132,0,1,320.1630190321133,0.0,99,16,29,129.83698096788657,1,
coarse-f16-h6-u25,persistent,16,6,0.25,103,confirmation_coarse-f16-h6-u25_s103,10,12,123222,124636,1436096161,1450918721,14822560,1,0,,680160,21114400,21114400,18687520,0.1149395673095139,0,0,0,1,14490560,1,1,1,1.0,1.0,262926,hold,0,8,0,0,8,0,8,8,8725840.0,1,1299.5563606373514,14822560,29988000,1,persistent,1000.0,450.0,1450.0,150.0,145.87184226740604,1000.0,1299.5563606373514,0,1,299.55636063735136,0.0,99,16,29,150.44363936264858,1,
coarse-f16-h6-u25,persistent,16,6,0.25,103,confirmation_coarse-f16-h6-u25_s103,6,24,124162,125516,1445998721,1460607521,14608800,1,0,,781440,15755840,15755840,16132160,-0.02388447712086439,1,1,1,1,14276800,1,1,1,1.0,1.0,262926,hold,0,8,0,0,8,0,8,7,8721800.0,1,1292.1206641825418,14608800,44112000,1,persistent,1000.0,450.0,1450.0,150.0,145.87184226740604,1000.0,1292.1206641825415,0,1,292.1206641825415,0.0,99,16,29,157.87933581745824,1,
coarse-f16-h6-u25,persistent,16,6,0.25,103,confirmation_coarse-f16-h6-u25_s103,1,41,124192,125524,1446270721,1460682721,14412000,1,0,,1244160,16605120,16605120,15941120,0.03998766645468386,0,1,1,1,14080000,1,1,1,1.0,1.0,262926,hold,0,8,0,0,8,0,8,7,7568901.795454546,1,1293.0016715478585,14412000,30473601,1,persistent,1000.0,450.0,1450.0,150.0,145.87184226740604,1000.0,1293.0016715478582,0,1,293.0016715478581,0.0,99,16,29,156.99832845214155,1,
coarse-f16-h6-u25,persistent,16,6,0.25,103,confirmation_coarse-f16-h6-u25_s103,4,27,124277,,1447073441,,,0,1,hold_exit_before_slot_completion,585280,16932000,16932000,,,,,,,0,0,1,1,1.0,0.0,262926,hold,1,7,0,0,27,0,8,4,9133937.777777778,1,1297.7345824600095,14608000,30473601,1,persistent,1000.0,450.0,1450.0,150.0,145.87184226740604,1000.0,1297.7345824600095,0,1,297.7345824600094,0.0,99,16,29,152.2654175399905,0,round_censored
coarse-f16-h6-u25,persistent,16,6,0.25,103,confirmation_coarse-f16-h6-u25_s103,15,40,124280,,1447091681,,,0,1,hold_exit_before_slot_completion,3605280,20552000,20552000,,,,,,,28716000,2,3,3,1.0,0.6666666666666666,262926,hold,0,6,0,0,6,0,7,4,14557514.343434343,1,1295.9906844573984,44536000,74428000,1,persistent,1000.0,450.0,1450.0,150.0,145.87184226740604,1000.0,1295.9906844573984,0,1,295.99068445739834,0.0,99,16,29,154.0093155426016,0,round_censored
coarse-f16-h6-u25,persistent,16,6,0.25,103,confirmation_coarse-f16-h6-u25_s103,11,37,124618,129999,1450763681,1510346721,59583040,1,0,,1931200,26671040,26671040,25657760,0.03799176934982663,0,0,1,1,58100000,4,4,4,1.0,1.0,262926,hold,1,8,0,1,8,0,8,7,13265213.920289855,1,1296.0806468656504,59583040,88116000,1,persistent,1000.0,450.0,1450.0,150.0,145.87184226740604,1000.0,1296.0806468656504,0,1,296.0806468656504,0.0,99,16,29,153.91935313434965,1,
coarse-f16-h6-u25,persistent,16,6,0.25,103,confirmation_coarse-f16-h6-u25_s103,10,13,124636,125954,1450918721,1465526881,14608160,1,0,,1424160,18687520,18687520,15721440,0.15871983013262328,0,0,0,1,14158720,1,1,1,1.0,1.0,262926,hold,0,8,0,0,8,0,8,8,9277169.23076923,1,1283.507815970874,14608160,30473601,1,persistent,1000.0,450.0,1450.0,150.0,145.87184226740604,1000.0,1283.507815970874,0,1,283.50781597087393,0.0,99,16,29,166.49218402912607,1,
coarse-f16-h6-u25,persistent,16,6,0.25,103,confirmation_coarse-f16-h6-u25_s103,8,19,124993,,1454926721,,,0,1,hold_exit_before_slot_completion,5329280,16732000,16732000,,,,,,,14344000,1,2,2,1.0,0.5,262926,hold,0,0,0,0,0,0,7,7,13591320.0,1,1298.634634780033,30525120,58493601,1,persistent,1000.0,450.0,1450.0,150.0,145.87184226740604,1000.0,1298.634634780033,0,1,298.6346347800329,0.0,99,16,29,151.3653652199671,0,round_censored
coarse-f16-h6-u25,persistent,16,6,0.25,103,confirmation_coarse-f16-h6-u25_s103,2,48,125023,127650,1455278721,1484410721,29132000,1,0,,286881,51299519,51299519,54788000,-0.0680022165509973,1,1,1,1,28468000,2,2,2,1.0,1.0,262926,hold,1,7,1,0,7,0,7,5,19675472.2,1,1306.6757265379408,29132000,45234561,1,persistent,1000.0,450.0,1450.0,150.0,145.87184226740604,1000.0,1306.6757265379406,0,1,306.6757265379407,0.0,99,16,29,143.32427346205918,1,
coarse-f16-h6-u25,persistent,16,6,0.25,103,confirmation_coarse-f16-h6-u25_s103,7,22,125233,127864,1457662721,1486950721,29288000,1,0,,4545280,53888000,53888000,50124000,0.06984857482185274,0,0,0,1,28624000,2,2,2,1.0,1.0,262926,hold,0,8,0,0,8,0,7,7,14316807.384615384,1,1300.637009055228,29288000,45348000,1,persistent,1000.0,450.0,1450.0,150.0,145.87184226740604,1000.0,1300.637009055228,0,1,300.63700905522796,0.0,99,16,29,149.36299094477204,1,
coarse-f16-h6-u25,persistent,16,6,0.25,103,confirmation_coarse-f16-h6-u25_s103,6,25,125516,126807,1460607521,1475021441,14413920,1,0,,1732800,16132160,16132160,15322880,0.0501656318806657,0,1,1,1,14081920,1,1,1,1.0,1.0,262926,hold,0,8,0,0,8,0,8,7,8565390.476190476,1,1296.4963781757067,14413920,30525120,1,persistent,1000.0,450.0,1450.0,150.0,145.87184226740604,1000.0,1296.4963781757067,0,1,296.49637817570675,0.0,99,16,29,153.5036218242933,1,
coarse-f16-h6-u25,persistent,16,6,0.25,103,confirmation_coarse-f16-h6-u25_s103,1,42,125524,126842,1460682721,1475358561,14675840,1,0,,2572160,15941120,15941120,11288000,0.29189417054761524,0,0,0,0,0,0,1,1,1.0,0.0,262926,hold,0,8,0,0,8,0,8,7,7425787.317073171,1,1293.4185440635704,14675840,30525120,1,persistent,1000.0,450.0,1450.0,150.0,145.87184226740604,1000.0,1293.4185440635704,0,1,293.41854406357044,0.0,99,16,29,156.58145593642962,1,
coarse-f16-h6-u25,persistent,16,6,0.25,103,confirmation_coarse-f16-h6-u25_s103,16,28,125675,128265,1462270881,1491320801,29049920,1,0,,28641,50664959,50664959,48958400,0.03368322078381629,0,0,1,1,28385920,2,2,2,1.0,1.0,262926,hold,1,8,0,1,22,0,8,5,9769650.077922078,1,1295.1223702925015,29049920,45348000,1,persistent,1000.0,450.0,1450.0,150.0,145.87184226740604,1000.0,1295.1223702925015,0,1,295.1223702925015,0.0,99,16,29,154.8776297074985,1,
coarse-f16-h6-u25,persistent,16,6,0.25,103,confirmation_coarse-f16-h6-u25_s103,10,14,125954,128586,1465526881,1494742881,29216000,1,0,,136000,15721440,15721440,16937280,-0.07733642719750862,1,1,1,1,28552000,2,2,2,1.0,1.0,262926,hold,1,7,1,0,13,0,8,8,8688647.61904762,1,1295.1452884451326,29216000,45348000,1,persistent,1000.0,450.0,1450.0,150.0,145.87184226740604,1000.0,1295.1452884451326,0,1,295.14528844513256,0.0,99,16,29,154.85471155486744,1,
coarse-f16-h6-u25,persistent,16,6,0.25,103,confirmation_coarse-f16-h6-u25_s103,6,26,126807,128081,1475021441,1489430721,14409280,1,0,,3009920,15322880,15322880,13280000,0.1333221953053212,0,0,0,1,0,0,1,1,1.0,0.0,262926,hold,0,8,0,0,8,0,8,7,7908000.0,1,1310.3023653978735,14409280,30312000,1,persistent,1000.0,450.0,1450.0,150.0,145.87184226740604,1000.0,1310.3023653978737,0,1,310.30236539787364,0.0,99,16,29,139.69763460212653,1,
coarse-f16-h6-u25,persistent,16,6,0.25,103,confirmation_coarse-f16-h6-u25_s103,3,12,126871,129506,1475665441,1505025441,29360000,1,0,,8069280,14668000,14668000,23660000,-0.6130351786201255,1,1,1,1,28456000,2,2,2,1.0,1.0,262926,hold,0,8,0,0,8,0,8,6,12478395.492957747,1,1298.4632312730653,29360000,45256000,1,persistent,1000.0,450.0,1450.0,150.0,145.87184226740604,1000.0,1298.463231273065,0,1,298.4632312730651,0.0,99,16,29,151.53676872693472,1,
coarse-f16-h6-u25,persistent,16,6,0.25,103,confirmation_coarse-f16-h6-u25_s103,2,49,127650,130331,1484410721,1514011681,29600960,1,0,,1045280,54788000,54788000,54277920,0.009310067898079871,0,1,1,1,28456960,2,2,2,1.0,1.0,262926,hold,0,8,0,0,8,0,7,5,19760791.0754717,1,1291.4353820589565,29600960,45256000,1,persistent,1000.0,450.0,1450.0,150.0,145.87184226740604,1000.0,1291.4353820589565,0,1,291.4353820589564,0.0,99,16,29,158.56461794104348,1,
coarse-f16-h6-u25,persistent,16,6,0.25,103,confirmation_coarse-f16-h6-u25_s103,7,23,127864,130575,1486950721,1516670721,29720000,1,0,,3181280,50124000,50124000,51564000,-0.028728752693320564,1,1,1,1,28816000,2,2,2,1.0,1.0,262926,hold,1,7,1,0,32,0,8,8,10779168.450704226,1,1299.9257065150066,29720000,45168000,1,persistent,1000.0,450.0,1450.0,150.0,145.87184226740604,1000.0,1299.9257065150066,0,1,299.9257065150066,0.0,99,16,29,150.0742934849934,1,
coarse-f16-h6-u25,persistent,16,6,0.25,103,confirmation_coarse-f16-h6-u25_s103,13,2,128125,129465,1489961441,1504574561,14613120,1,0,,564160,14686720,14686720,14004000,0.04648553250827959,0,1,1,1,14281120,1,1,1,1.0,1.0,262926,hold,0,8,0,0,8,0,8,6,7528718.222222222,1,1287.8674923031492,14613120,30280000,1,persistent,1000.0,450.0,1450.0,150.0,145.87184226740604,1000.0,1287.867492303149,0,1,287.8674923031491,0.0,99,16,29,162.13250769685078,1,
coarse-f16-h6-u25,persistent,16,6,0.25,103,confirmation_coarse-f16-h6-u25_s103,1,43,128128,129462,1489961441,1504569441,14608000,1,0,,1581280,14338720,14338720,17328321,-0.20849845732394523,1,1,1,1,14276000,1,1,1,1.0,1.0,262926,hold,1,7,1,0,16,0,8,7,7044212.23255814,1,1290.1402195758765,14608000,30280000,1,persistent,1000.0,450.0,1450.0,150.0,145.87184226740604,1000.0,1290.1402195758765,0,1,290.14021957587636,0.0,99,16,29,159.85978042412353,1,
coarse-f16-h6-u25,persistent,16,6,0.25,103,confirmation_coarse-f16-h6-u25_s103,16,29,128265,129601,1491320801,1505923681,14602880,1,0,,162240,48958400,48958400,48521921,0.008915303604692964,0,1,1,1,14276000,1,1,1,1.0,1.0,262926,hold,0,8,0,0,8,0,8,5,13726013.25,1,1277.1572001994405,14602880,29832000,1,persistent,1000.0,450.0,1450.0,150.0,145.87184226740604,1000.0,1277.1572001994402,0,1,277.1572001994403,0.0,99,16,29,172.84279980055953,1,
coarse-f16-h6-u25,persistent,16,6,0.25,103,confirmation_coarse-f16-h6-u25_s103,10,15,128586,131252,1494742881,1524212161,29469280,1,0,,912000,16937280,16937280,17567040,-0.037181885166921724,1,1,1,1,28732320,2,2,2,1.0,1.0,262926,hold,1,8,0,1,15,0,8,8,8903528.0,1,1292.0108965067607,29469280,45620000,1,persistent,1000.0,450.0,1450.0,150.0,145.87184226740604,1000.0,1292.0108965067604,0,1,292.0108965067605,0.0,99,16,29,157.98910349323933,1,
coarse-f16-h6-u25,persistent,16,6,0.25,103,confirmation_coarse-f16-h6-u25_s103,9,11,129059,130380,1500115521,1514529441,14413920,1,0,,862080,15512000,15512000,16645760,-0.07308922124806601,1,1,1,1,14081920,1,1,1,1.0,1.0,262926,hold,0,8,0,0,8,0,8,6,8445196.363636363,1,1293.632898932674,14413920,30612000,1,persistent,1000.0,450.0,1450.0,150.0,145.87184226740604,1000.0,1293.632898932674,0,1,293.6328989326739,0.0,99,16,29,156.36710106732608,1,
coarse-f16-h6-u25,persistent,16,6,0.25,103,confirmation_coarse-f16-h6-u25_s103,6,27,129419,130758,1504038721,1518707521,14668800,1,0,,446880,15349600,15349600,17545440,-0.14305519362068067,1,1,1,1,14336800,1,1,1,1.0,1.0,262926,hold,0,8,0,0,8,0,8,7,8879162.790697675,1,1298.446480824097,14668800,30612000,1,persistent,1000.0,450.0,1450.0,150.0,145.87184226740604,1000.0,1298.446480824097,0,1,298.4464808240971,0.0,99,16,29,151.55351917590292,1,
coarse-f16-h6-u25,persistent,16,6,0.25,103,confirmation_coarse-f16-h6-u25_s103,1,44,129462,132114,1504569441,1533586721,29017280,1,0,,580160,17328321,17328321,18586880,-0.07263017576832746,1,1,1,1,28353280,2,2,2,1.0,1.0,262926,hold,1,7,1,0,21,0,8,7,8499547.654320987,1,1294.3541935860296,29017280,45831519,1,persistent,1000.0,450.0,1450.0,150.0,145.87184226740604,1000.0,1294.3541935860294,0,1,294.35419358602934,0.0,99,16,29,155.64580641397038,1,
coarse-f16-h6-u25,persistent,16,6,0.25,103,confirmation_coarse-f16-h6-u25_s103,13,3,129465,130775,1504574561,1518991681,14417120,1,0,,1576160,14004000,14004000,14940000,-0.06683804627249357,1,1,1,1,14090240,1,1,1,1.0,1.0,262926,hold,0,8,0,0,8,0,8,6,7127423.2558139535,1,1293.6028930659986,14417120,30612000,1,persistent,1000.0,450.0,1450.0,150.0,145.87184226740604,1000.0,1293.6028930659986,0,1,293.60289306599867,0.0,99,16,29,156.39710693400139,1,
coarse-f16-h6-u25,persistent,16,6,0.25,103,confirmation_coarse-f16-h6-u25_s103,3,13,129506,,1505025441,,,0,1,hold_exit_before_slot_completion,3853280,23660000,23660000,,,,,,,99352800,7,8,8,1.0,0.875,262926,hold,0,0,0,0,0,0,7,6,14121820.076628352,1,1302.6594413259381,117160000,135282560,1,persistent,1000.0,450.0,1450.0,150.0,145.87184226740604,1000.0,1302.6594413259381,0,1,302.65944132593825,0.0,99,16,29,147.34055867406187,0,round_censored
coarse-f16-h6-u25,persistent,16,6,0.25,103,confirmation_coarse-f16-h6-u25_s103,16,30,129601,132269,1505923681,1535281120,29357439,1,0,,2822560,48521921,48521921,5106721,0.894754352367871,0,0,0,0,14608000,1,2,2,1.0,0.5,262926,hold,1,8,0,1,8,0,6,4,9900579.57142857,1,1297.4378885783863,29357439,45831519,1,persistent,1000.0,450.0,1450.0,150.0,145.87184226740604,1000.0,1297.437888578386,0,1,297.43788857838604,0.0,99,16,29,152.56211142161374,1,
coarse-f16-h6-u25,persistent,16,6,0.25,103,confirmation_coarse-f16-h6-u25_s103,15,41,129671,131001,1506783681,1521551681,14768000,1,0,,5293280,14612000,14612000,19952000,-0.3654530522857925,1,1,1,1,14436000,1,1,1,1.0,1.0,262926,hold,0,8,0,0,8,0,8,5,13330084.57142857,1,1294.1395305373494,14768000,30612000,1,persistent,1000.0,450.0,1450.0,150.0,145.87184226740604,1000.0,1294.139530537349,0,1,294.139530537349,0.0,99,16,29,155.8604694626506,1,
coarse-f16-h6-u25,persistent,16,6,0.25,103,confirmation_coarse-f16-h6-u25_s103,11,38,129999,135559,1510346721,1570775841,60429120,1,0,,912320,25657760,25657760,25362720,0.011499055256577347,0,1,1,1,57846720,4,4,4,1.0,1.0,262926,hold,0,8,0,0,8,0,8,7,15188021.984732825,1,1303.7264128367333,60429120,87237760,1,persistent,1000.0,450.0,1450.0,150.0,145.87184226740604,1000.0,1303.726412836733,0,1,303.7264128367331,0.0,99,16,29,146.2735871632667,1,
coarse-f16-h6-u25,persistent,16,6,0.25,103,confirmation_coarse-f16-h6-u25_s103,12,18,130207,137105,1512687681,1587007681,74320000,1,0,,1454880,26379360,26379360,26470081,-0.0034390902584444808,1,1,1,1,71790400,5,5,5,1.0,1.0,262926,hold,0,8,0,0,8,0,8,5,17971601.605442178,1,1306.4418091133136,74320000,89598880,1,persistent,1000.0,450.0,1450.0,150.0,145.87184226740604,1000.0,1306.4418091133136,0,1,306.4418091133137,0.0,99,16,29,143.55819088668636,1,
coarse-f16-h6-u25,persistent,16,6,0.25,103,confirmation_coarse-f16-h6-u25_s103,2,50,130331,134468,1514011681,1559238721,45227040,1,0,,2441280,54277920,54277920,56143519,-0.034371232353782165,1,1,1,1,44131519,3,3,3,1.0,1.0,262926,hold,0,8,0,0,8,0,7,5,20965402.013157893,1,1301.7069615301457,45227040,72845920,1,persistent,1000.0,450.0,1450.0,150.0,145.87184226740604,1000.0,1301.706961530146,0,1,301.7069615301458,0.0,99,16,29,148.2930384698543,1,
coarse-f16-h6-u25,persistent,16,6,0.25,103,confirmation_coarse-f16-h6-u25_s103,9,12,130380,131704,1514529441,1529137441,14608000,1,0,,391200,16645760,16645760,13428160,0.19329847360529048,0,0,0,1,0,0,1,1,1.0,0.0,262926,hold,0,8,0,0,8,0,8,6,7380444.444444444,1,1299.2170662791473,14608000,30710559,1,persistent,1000.0,450.0,1450.0,150.0,145.87184226740604,1000.0,1299.2170662791475,0,1,299.2170662791475,0.0,99,16,29,150.78293372085272,1,
coarse-f16-h6-u25,persistent,16,6,0.25,103,confirmation_coarse-f16-h6-u25_s103,8,20,130448,,1515218721,,,0,1,hold_exit_before_slot_completion,7821280,15220000,15220000,,,,,,,28688000,2,3,3,1.0,0.6666666666666666,262926,hold,0,0,0,0,0,0,8,8,14348685.940594058,1,1304.962628951171,44240000,60429120,1,persistent,1000.0,450.0,1450.0,150.0,145.87184226740604,1000.0,1304.962628951171,0,1,304.96262895117087,0.0,99,16,29,145.03737104882907,0,round_censored
coarse-f16-h6-u25,persistent,16,6,0.25,103,confirmation_coarse-f16-h6-u25_s103,7,24,130575,134610,1516670721,1560854721,44184000,1,0,,1289280,51564000,51564000,62752000,-0.21697308199519044,1,1,1,1,43068000,3,3,3,1.0,1.0,262926,hold,1,8,0,1,20,0,8,8,14714334.757281553,1,1304.919640475059,44184000,60429120,1,persistent,1000.0,450.0,1450.0,150.0,145.87184226740604,1000.0,1304.919640475059,0,1,304.9196404750588,0.0,99,16,29,145.08035952494106,1,
coarse-f16-h6-u25,persistent,16,6,0.25,103,confirmation_coarse-f16-h6-u25_s103,6,28,130758,132088,1518707521,1533315521,14608000,1,0,,912160,17545440,17545440,21242880,-0.21073509698246382,1,1,1,1,14276000,1,1,1,1.0,1.0,262926,hold,0,8,0,0,8,0,7,7,8982826.666666666,1,1300.4035395295437,14608000,30710559,1,persistent,1000.0,450.0,1450.0,150.0,145.87184226740604,1000.0,1300.4035395295437,0,1,300.40353952954365,0.0,99,16,29,149.59646047045635,1,
coarse-f16-h6-u25,persistent,16,6,0.25,103,confirmation_coarse-f16-h6-u25_s103,13,4,130775,,1518991681,,,0,1,hold_exit_before_slot_completion,394400,14940000,14940000,,,,,,,0,0,1,1,1.0,0.0,262926,hold,1,7,0,0,20,0,8,6,7800913.1707317075,1,1301.2638255720562,14608000,43492000,1,persistent,1000.0,450.0,1450.0,150.0,145.87184226740604,1000.0,1301.2638255720565,0,1,301.2638255720564,0.0,99,16,29,148.73617442794375,0,round_censored
coarse-f16-h6-u25,persistent,16,6,0.25,103,confirmation_coarse-f16-h6-u25_s103,15,42,131001,132329,1521551681,1535959681,14408000,1,0,,3485280,19952000,19952000,19528000,0.021251002405773857,0,1,1,1,14076000,1,1,1,1.0,1.0,262926,hold,0,8,0,0,8,0,8,5,13039712.0,1,1307.6122735278057,14408000,30710559,1,persistent,1000.0,450.0,1450.0,150.0,145.87184226740604,1000.0,1307.6122735278059,0,1,307.6122735278058,0.0,99,16,29,142.38772647219434,1,
coarse-f16-h6-u25,persistent,16,6,0.25,103,confirmation_coarse-f16-h6-u25_s103,14,43,131032,132416,1521922721,1536930721,15008000,1,0,,3248320,24160960,24160960,24856000,-0.028767068858191067,1,1,1,1,14676000,1,1,1,1.0,1.0,262926,hold,0,8,0,0,8,0,8,5,13928137.142857144,1,1305.132658645055,15008000,30710559,1,persistent,1000.0,450.0,1450.0,150.0,145.87184226740604,1000.0,1305.132658645055,0,1,305.13265864505496,0.0,99,16,29,144.86734135494498,1,
coarse-f16-h6-u25,persistent,16,6,0.25,103,confirmation_coarse-f16-h6-u25_s103,10,16,131252,134039,1524212161,1554466401,30254240,1,0,,2522560,17567040,17567040,23275040,-0.32492668087509335,1,1,1,1,28298240,2,2,2,1.0,1.0,262926,hold,1,7,1,0,12,0,8,8,9633733.012048192,1,1299.4799512901925,30254240,45816000,1,persistent,1000.0,450.0,1450.0,150.0,145.87184226740604,1000.0,1299.4799512901925,0,1,299.47995129019245,0.0,99,16,29,150.5200487098075,1,
coarse-f16-h6-u25,persistent,16,6,0.25,103,confirmation_coarse-f16-h6-u25_s103,6,29,132088,133403,1533315521,1547729441,14413920,1,0,,1974080,21242880,21242880,18790400,0.11544950590503736,0,0,0,1,14081920,1,1,1,1.0,1.0,262926,hold,0,8,0,0,8,0,8,7,8651967.272727273,1,1302.6052571861717,14413920,30544000,1,persistent,1000.0,450.0,1450.0,150.0,145.87184226740604,1000.0,1302.6052571861717,0,1,302.60525718617174,0.0,99,16,29,147.39474281382832,1,
coarse-f16-h6-u25,persistent,16,6,0.25,103,confirmation_coarse-f16-h6-u25_s103,1,45,132114,,1533586721,,,0,1,hold_exit_before_slot_completion,2577280,18586880,18586880,,,,,,,0,0,1,1,1.0,0.0,262926,hold,0,4,0,0,4,0,8,7,8856441.904761905,1,1300.3617495592318,14474720,30544000,1,persistent,1000.0,450.0,1450.0,150.0,145.87184226740604,1000.0,1300.3617495592318,0,1,300.3617495592317,0.0,99,16,29,149.63825044076816,0,round_censored
coarse-f16-h6-u25,persistent,16,6,0.25,103,confirmation_coarse-f16-h6-u25_s103,15,43,132329,135055,1535959681,1565403681,29444000,1,0,,5025280,19528000,19528000,19564000,-0.0018435067595247848,1,1,1,1,28780000,2,2,2,1.0,1.0,262926,hold,0,8,0,0,8,0,8,5,13382807.05882353,1,1305.062694880331,29444000,45157120,1,persistent,1000.0,450.0,1450.0,150.0,145.87184226740604,1000.0,1305.0626948803308,0,1,305.06269488033087,0.0,99,16,29,144.93730511966896,1,
coarse-f16-h6-u25,persistent,16,6,0.25,103,confirmation_coarse-f16-h6-u25_s103,14,44,132416,135152,1536930721,1566530721,29600000,1,0,,2525280,24856000,24856000,21760000,0.12455745091728355,0,0,0,1,28696000,2,2,2,1.0,1.0,262926,hold,1,8,0,1,18,0,8,5,13638223.768115941,1,1305.715192651946,29600000,45157120,1,persistent,1000.0,450.0,1450.0,150.0,145.87184226740604,1000.0,1305.715192651946,0,1,305.7151926519459,0.0,99,16,29,144.28480734805407,1,
coarse-f16-h6-u25,persistent,16,6,0.25,103,confirmation_coarse-f16-h6-u25_s103,6,30,133403,134793,1547729441,1562753281,15023840,1,0,,2572960,18790400,18790400,7110080,0.6216110354223433,0,0,0,0,0,0,1,1,1.0,0.0,262926,hold,0,8,0,0,8,0,8,7,7287482.790697674,1,1306.474620813441,15023840,43492000,1,persistent,1000.0,450.0,1450.0,150.0,145.87184226740604,1000.0,1306.4746208134413,0,1,306.4746208134413,0.0,99,16,29,143.5253791865589,1,
coarse-f16-h6-u25,persistent,16,6,0.25,103,confirmation_coarse-f16-h6-u25_s103,13,5,133464,136203,1548207681,1577423681,29216000,1,0,,1951360,15565920,15565920,14276000,0.0828682146638297,0,0,1,1,28552000,2,2,2,1.0,1.0,262926,hold,1,8,0,1,65,0,8,6,6950995.056179775,1,1309.9295791852687,29216000,45199520,1,persistent,1000.0,450.0,1450.0,150.0,145.87184226740604,1000.0,1309.929579185269,0,1,309.929579185269,0.0,99,16,29,140.07042081473128,1,
coarse-f16-h6-u25,persistent,16,6,0.25,103,confirmation_coarse-f16-h6-u25_s103,16,31,133629,134957,1549902721,1564383840,14481119,1,0,,477280,63925120,63925120,62565120,0.021274891623199142,0,0,1,1,14149119,1,1,1,1.0,1.0,262926,hold,0,8,0,0,8,0,8,5,7402140.864864865,1,1296.732283150026,14481119,29885120,1,persistent,1000.0,450.0,1450.0,150.0,145.87184226740604,1000.0,1296.732283150026,0,1,296.732283150026,0.0,99,16,29,153.26771684997402,1,
coarse-f16-h6-u25,persistent,16,6,0.25,103,confirmation_coarse-f16-h6-u25_s103,10,17,134039,135383,1554466401,1568931840,14465439,1,0,,0,23275040,23275040,19632000,0.15652132069375604,0,0,0,1,14091679,1,1,1,1.0,1.0,262926,hold,1,7,1,0,13,0,8,8,7719372.578947368,1,1291.7553048631955,14465439,29885120,1,persistent,1000.0,450.0,1450.0,150.0,145.87184226740604,1000.0,1291.7553048631958,0,1,291.75530486319565,0.0,99,16,29,158.24469513680447,1,
coarse-f16-h6-u25,persistent,16,6,0.25,103,confirmation_coarse-f16-h6-u25_s103,2,51,134468,137254,1559238721,1588489601,29250880,1,0,,221761,56143519,56143519,52802240,0.05951317372892141,0,0,0,1,28346880,2,2,2,1.0,1.0,262926,hold,1,7,1,0,7,0,7,5,20283989.03448276,1,1308.916807772155,29250880,46315040,1,persistent,1000.0,450.0,1450.0,150.0,145.87184226740604,1000.0,1308.916807772155,0,1,308.9168077721548,0.0,99,16,29,141.08319222784507,1,
coarse-f16-h6-u25,persistent,16,6,0.25,103,confirmation_coarse-f16-h6-u25_s103,7,25,134610,135993,1560854721,1575290721,14436000,1,0,,5173280,62752000,62752000,64956000,-0.03512238653748088,1,1,1,1,14104000,1,1,1,1.0,1.0,262926,hold,0,8,0,0,8,0,8,8,15565280.0,1,1309.6014525565888,14436000,30680000,1,persistent,1000.0,450.0,1450.0,150.0,145.87184226740604,1000.0,1309.6014525565888,0,1,309.60145255658875,0.0,99,16,29,140.3985474434112,1,
coarse-f16-h6-u25,persistent,16,6,0.25,103,confirmation_coarse-f16-h6-u25_s103,16,32,134957,136372,1564383840,1579217441,14833601,1,0,,0,62565120,62565120,59400640,0.050578980748378646,0,0,0,1,14501601,1,1,1,1.0,1.0,262926,hold,0,8,0,0,8,0,8,5,11748940.097560976,1,1311.6854723808858,14833601,30680000,1,persistent,1000.0,450.0,1450.0,150.0,145.87184226740604,1000.0,1311.6854723808858,0,1,311.6854723808858,0.0,99,16,29,138.3145276191142,1,
coarse-f16-h6-u25,persistent,16,6,0.25,103,confirmation_coarse-f16-h6-u25_s103,15,44,135055,137860,1565403681,1594875681,29472000,1,0,,3273280,19564000,19564000,22876000,-0.16929053363320384,1,1,1,1,28568000,2,2,2,1.0,1.0,262926,hold,0,8,0,0,8,0,8,5,13054493.134328358,1,1310.8950918424584,29472000,46315040,1,persistent,1000.0,450.0,1450.0,150.0,145.87184226740604,1000.0,1310.8950918424584,0,1,310.89509184245844,0.0,99,16,29,139.10490815754156,1,
coarse-f16-h6-u25,persistent,16,6,0.25,103,confirmation_coarse-f16-h6-u25_s103,14,45,135152,137983,1566530721,1596114721,29584000,1,0,,4821280,21760000,21760000,21548000,0.00974264705882353,0,1,1,1,28440000,2,2,2,1.0,1.0,262926,hold,0,8,0,0,8,0,7,5,14436322.352941176,1,1312.767472640005,29584000,46315040,1,persistent,1000.0,450.0,1450.0,150.0,145.87184226740604,1000.0,1312.767472640005,0,1,312.767472640005,0.0,99,16,29,137.23252735999495,1,
coarse-f16-h6-u25,persistent,16,6,0.25,103,confirmation_coarse-f16-h6-u25_s103,10,18,135383,138147,1568931840,1597994721,29062881,1,0,,0,19632000,19632000,18335200,0.06605541972290138,0,0,1,1,28398881,2,2,2,1.0,1.0,262926,hold,1,8,0,1,26,0,8,8,9488216.548780488,1,1315.1187016269564,29062881,46315040,1,persistent,1000.0,450.0,1450.0,150.0,145.87184226740604,1000.0,1315.1187016269562,0,1,315.11870162695624,0.0,99,16,29,134.8812983730436,1,
coarse-f16-h6-u25,persistent,16,6,0.25,103,confirmation_coarse-f16-h6-u25_s103,11,39,135559,136966,1570775841,1585411681,14635840,1,0,,538240,25362720,25362720,27971680,-0.10286593866903865,1,1,1,1,14303840,1,1,1,1.0,1.0,262926,hold,0,8,0,0,8,0,8,7,13204969.142857144,1,1317.0725764195663,14635840,30680000,1,persistent,1000.0,450.0,1450.0,150.0,145.87184226740604,1000.0,1317.0725764195663,0,1,317.07257641956636,0.0,99,16,29,132.9274235804337,1,
coarse-f16-h6-u25,persistent,16,6,0.25,103,confirmation_coarse-f16-h6-u25_s103,7,26,135993,138760,1575290721,1604486721,29196000,1,0,,2489280,64956000,64956000,52404000,0.19323849990762978,0,0,0,0,28532000,2,2,2,1.0,1.0,262926,hold,1,8,0,1,30,0,7,7,11414120.0,1,1317.9616423956352,29196000,46186560,1,persistent,1000.0,450.0,1450.0,150.0,145.87184226740604,1000.0,1317.9616423956352,0,1,317.9616423956352,0.0,99,16,29,132.03835760436482,1,
coarse-f16-h6-u25,persistent,16,6,0.25,103,confirmation_coarse-f16-h6-u25_s103,6,31,136192,138966,1577363681,1606579681,29216000,1,0,,0,14795360,14795360,21636800,-0.4624044294968152,1,1,1,1,28444160,2,2,2,1.0,1.0,262926,hold,1,7,1,0,25,0,8,7,8753666.976744186,1,1323.6454404182139,29216000,58183840,1,persistent,1000.0,450.0,1450.0,150.0,145.87184226740604,1000.0,1323.6454404182136,0,1,323.6454404182137,0.0,99,16,29,126.35455958178613,1,
coarse-f16-h6-u25,persistent,16,6,0.25,103,confirmation_coarse-f16-h6-u25_s103,13,6,136203,138950,1577423681,1606386401,28962720,1,0,,2577280,14276000,14276000,13612000,0.046511627906976744,0,1,1,1,14276000,1,2,2,1.0,0.5,262926,hold,1,8,0,1,50,0,7,6,7197040.0,1,1322.3663457251268,28962720,46186560,1,persistent,1000.0,450.0,1450.0,150.0,145.87184226740604,1000.0,1322.3663457251266,0,1,322.36634572512673,0.0,99,16,29,127.63365427487315,1,
coarse-f16-h6-u25,persistent,16,6,0.25,103,confirmation_coarse-f16-h6-u25_s103,4,28,136304,137739,1578498401,1593438401,14940000,1,0,,253280,14719680,14719680,13770720,0.06446879279984348,0,1,1,1,0,0,1,1,1.0,0.0,262926,hold,0,8,0,0,8,0,8,4,9837309.767441861,1,1308.0379471367464,14940000,31578560,1,persistent,1000.0,450.0,1450.0,150.0,145.87184226740604,1000.0,1308.0379471367464,0,1,308.0379471367465,0.0,99,16,29,141.96205286325358,1,
coarse-f16-h6-u25,persistent,16,6,0.25,103,confirmation_coarse-f16-h6-u25_s103,16,33,136372,139162,1579217441,1608564960,29347519,1,0,,967679,59400640,59400640,54393601,0.08429267765465154,0,0,0,0,28523359,2,2,2,1.0,1.0,262926,hold,1,8,0,1,14,0,8,5,9899437.379746836,1,1318.5140843858405,29347519,46186560,1,persistent,1000.0,450.0,1450.0,150.0,145.87184226740604,1000.0,1318.5140843858403,0,1,318.51408438584036,0.0,99,16,29,131.48591561415947,1,
coarse-f16-h6-u25,persistent,16,6,0.25,103,confirmation_coarse-f16-h6-u25_s103,11,40,136966,143788,1585411681,1659907681,74496000,1,0,,912160,27971680,27971680,26936960,0.0369917001767502,0,0,1,1,71671200,5,5,5,1.0,1.0,262926,hold,0,8,0,0,8,0,7,6,14017378.68263473,1,1292.674541102915,74496000,91767520,1,persistent,1000.0,450.0,1450.0,150.0,145.87184226740604,1000.0,1292.6745411029149,0,1,292.674541102915,0.0,99,16,29,157.3254588970849,1,
coarse-f16-h6-u25,persistent,16,6,0.25,103,confirmation_coarse-f16-h6-u25_s103,12,19,137105,140020,1587007681,1617250721,30243040,1,0,,2178719,26470081,26470081,20799520,0.21422529836610624,0,0,0,0,28725280,2,2,2,1.0,1.0,262926,hold,0,8,0,0,8,0,7,5,17710003.73846154,1,1313.2886718066632,30243040,58294080,1,persistent,1000.0,450.0,1450.0,150.0,145.87184226740604,1000.0,1313.2886718066632,0,1,313.28867180666305,0.0,99,16,29,136.71132819333684,1,
coarse-f16-h6-u25,persistent,16,6,0.25,103,confirmation_coarse-f16-h6-u25_s103,2,52,137254,140067,1588489601,1617670721,29181120,1,0,,1729280,52802240,52802240,59262721,-0.12235240398892168,1,1,1,1,28392000,2,2,2,1.0,1.0,262926,hold,1,8,0,1,20,0,6,4,20486595.140625,1,1312.3541261660398,29181120,46337760,1,persistent,1000.0,450.0,1450.0,150.0,145.87184226740604,1000.0,1312.3541261660396,0,1,312.35412616603946,0.0,99,16,29,137.6458738339602,1,
coarse-f16-h6-u25,persistent,16,6,0.25,103,confirmation_coarse-f16-h6-u25_s103,8,21,137297,,1589022721,,,0,1,hold_exit_before_slot_completion,9361280,14620000,14620000,,,,,,,14316000,1,2,2,1.0,0.5,262926,hold,0,0,0,0,0,0,8,8,14851127.272727273,1,1308.053919100558,29620000,46337760,1,persistent,1000.0,450.0,1450.0,150.0,145.87184226740604,1000.0,1308.0539191005578,0,1,308.0539191005578,0.0,99,16,29,141.946080899442,0,round_censored
coarse-f16-h6-u25,persistent,16,6,0.25,103,confirmation_coarse-f16-h6-u25_s103,1,46,137561,138942,1591686721,1606294721,14608000,1,0,,585280,17724160,17724160,18929120,-0.06798403986423052,1,1,1,1,14270880,1,1,1,1.0,1.0,262926,hold,0,8,0,0,8,0,8,7,7569650.731707317,1,1322.2986012876997,14608000,30243040,1,persistent,1000.0,450.0,1450.0,150.0,145.87184226740604,1000.0,1322.2986012876997,0,1,322.29860128769974,0.0,99,16,29,127.70139871230026,1,
coarse-f16-h6-u25,persistent,16,6,0.25,103,confirmation_coarse-f16-h6-u25_s103,15,45,137860,140694,1594875681,1624623681,29748000,1,0,,1917280,22876000,22876000,20524000,0.10281517747858017,0,0,0,1,28844000,2,2,2,1.0,1.0,262926,hold,1,8,0,1,21,0,8,5,13825714.285714285,1,1305.4990977248476,29748000,46337760,1,persistent,1000.0,450.0,1450.0,150.0,145.87184226740604,1000.0,1305.4990977248478,0,1,305.49909772484773,0.0,99,16,29,144.50090227515238,1,
coarse-f16-h6-u25,persistent,16,6,0.25,103,confirmation_coarse-f16-h6-u25_s103,14,46,137983,139385,1596114721,1610790721,14676000,1,0,,3321280,21548000,21548000,18920000,0.12196027473547429,0,0,0,1,14344000,1,1,1,1.0,1.0,262926,hold,0,8,0,0,8,0,8,5,14009402.352941176,1,1321.795158862926,14676000,30243040,1,persistent,1000.0,450.0,1450.0,150.0,145.87184226740604,1000.0,1321.7951588629262,0,1,321.7951588629261,0.0,99,16,29,128.20484113707403,1,
coarse-f16-h6-u25,persistent,16,6,0.25,103,confirmation_coarse-f16-h6-u25_s103,10,19,138147,139535,1597994721,1612429441,14434720,1,0,,2791520,18335200,18335200,17350560,0.05370216850647934,0,1,1,1,14102720,1,1,1,1.0,1.0,262926,hold,0,8,0,0,8,0,8,8,8851368.756756756,1,1316.9101546320906,14434720,30243040,1,persistent,1000.0,450.0,1450.0,150.0,145.87184226740604,1000.0,1316.9101546320908,0,1,316.9101546320908,0.0,99,16,29,133.08984536790945,1,
coarse-f16-h6-u25,persistent,16,6,0.25,103,confirmation_coarse-f16-h6-u25_s103,7,27,138760,140247,1604486721,1619558721,15072000,1,0,,4057280,52404000,52404000,59572000,-0.1367834516449126,1,1,1,1,14380000,1,1,1,1.0,1.0,262926,hold,0,8,0,0,8,0,8,8,14933846.486486487,1,1308.3464901377865,15072000,30702720,1,persistent,1000.0,450.0,1450.0,150.0,145.87184226740604,1000.0,1308.3464901377865,0,1,308.3464901377866,0.0,99,16,29,141.65350986221347,1,
coarse-f16-h6-u25,persistent,16,6,0.25,103,confirmation_coarse-f16-h6-u25_s103,1,47,138942,140366,1606294721,1620902721,14608000,1,0,,1581280,18929120,18929120,14929760,0.21128082023887007,0,0,0,1,14276000,1,1,1,1.0,1.0,262926,hold,0,8,0,0,8,0,8,7,8071331.555555556,1,1310.5994392297887,14608000,30702720,1,persistent,1000.0,450.0,1450.0,150.0,145.87184226740604,1000.0,1310.599439229789,0,1,310.59943922978886,0.0,99,16,29,139.4005607702113,1,
coarse-f16-h6-u25,persistent,16,6,0.25,103,confirmation_coarse-f16-h6-u25_s103,6,32,138966,140389,1606579681,1621187681,14608000,1,0,,2184480,21636800,21636800,15449120,0.28597944243141316,0,0,0,0,14276000,1,1,1,1.0,1.0,262926,hold,0,8,0,0,8,0,8,7,7618064.390243903,1,1305.1145924520963,14608000,30702720,1,persistent,1000.0,450.0,1450.0,150.0,145.87184226740604,1000.0,1305.1145924520965,0,1,305.1145924520965,0.0,99,16,29,144.8854075479037,1,
coarse-f16-h6-u25,persistent,16,6,0.25,103,confirmation_coarse-f16-h6-u25_s103,16,34,139162,140568,1608564960,1623185441,14620481,1,0,,1879519,54393601,54393601,56046561,-0.030388868720054037,1,1,1,1,14293601,1,1,1,1.0,1.0,262926,hold,0,8,0,0,8,0,8,5,7911285.837837838,1,1297.2638447234056,14620481,30702720,1,persistent,1000.0,450.0,1450.0,150.0,145.87184226740604,1000.0,1297.2638447234056,0,1,297.2638447234056,0.0,99,16,29,152.73615527659445,1,
coarse-f16-h6-u25,persistent,16,6,0.25,103,confirmation_coarse-f16-h6-u25_s103,14,47,139385,141974,1610790721,1639874721,29084000,1,0,,5921280,18920000,18920000,14770080,0.21934038054968288,0,0,0,0,28420000,2,2,2,1.0,1.0,262926,hold,0,8,0,0,8,0,8,5,13854571.764705881,1,1291.5471046347259,29084000,45816000,1,persistent,1000.0,450.0,1450.0,150.0,145.87184226740604,1000.0,1291.5471046347259,0,1,291.5471046347259,0.0,99,16,29,158.45289536527412,1,
coarse-f16-h6-u25,persistent,16,6,0.25,103,confirmation_coarse-f16-h6-u25_s103,10,20,139535,140894,1612429441,1627103681,14674240,1,0,,3573280,17350560,17350560,17301280,0.0028402541474165676,0,1,1,1,14342240,1,1,1,1.0,1.0,262926,hold,0,8,0,0,8,0,8,8,11163800.975609757,1,1297.3217444876911,14674240,30702720,1,persistent,1000.0,450.0,1450.0,150.0,145.87184226740604,1000.0,1297.321744487691,0,1,297.321744487691,0.0,99,16,29,152.67825551230885,1,
coarse-f16-h6-u25,persistent,16,6,0.25,103,confirmation_coarse-f16-h6-u25_s103,12,20,140020,,1617250721,,,0,1,observation_end_right_censored,5565280,20799520,20799520,,,,,,,44417600,3,3,3,1.0,1.0,262926,hold,0,4,0,0,4,0,7,5,17793458.34375,1,1278.8273876248968,58283200,74392000,1,persistent,1000.0,450.0,1450.0,150.0,145.87184226740604,1000.0,1278.8273876248968,0,1,278.8273876248967,0.0,99,16,29,171.1726123751032,0,round_censored
coarse-f16-h6-u25,persistent,16,6,0.25,103,confirmation_coarse-f16-h6-u25_s103,2,53,140067,142664,1617670721,1647743840,30073119,1,0,,2212160,59262721,59262721,54326399,0.08329556788322291,0,0,0,0,29289119,2,2,2,1.0,1.0,262926,hold,1,7,1,0,7,0,8,6,16355808.306451613,1,1272.8839305279655,30073119,45644960,1,persistent,1000.0,450.0,1450.0,150.0,145.87184226740604,1000.0,1272.8839305279655,0,1,272.88393052796545,0.0,99,16,29,177.1160694720345,1,
coarse-f16-h6-u25,persistent,16,6,0.25,103,confirmation_coarse-f16-h6-u25_s103,7,28,140247,142779,1619558721,1649002721,29444000,1,0,,2857280,59572000,59572000,62052000,-0.041630296112267505,1,1,1,1,28780000,2,2,2,1.0,1.0,262926,hold,0,8,0,0,8,0,8,8,15232748.235294119,1,1274.715910013979,29444000,45644960,1,persistent,1000.0,450.0,1450.0,150.0,145.87184226740604,1000.0,1274.715910013979,0,1,274.71591001397906,0.0,99,16,29,175.28408998602094,1,
coarse-f16-h6-u25,persistent,16,6,0.25,103,confirmation_coarse-f16-h6-u25_s103,1,48,140366,,1620902721,,,0,1,hold_exit_before_slot_completion,2245280,14929760,14929760,,,,,,,0,0,1,1,1.0,0.0,262926,hold,1,7,0,0,14,0,8,7,7575464.186046512,1,1279.9139826834053,14506720,43497760,1,persistent,1000.0,450.0,1450.0,150.0,145.87184226740604,1000.0,1279.9139826834055,0,1,279.9139826834054,0.0,99,16,29,170.08601731659473,0,round_censored
coarse-f16-h6-u25,persistent,16,6,0.25,103,confirmation_coarse-f16-h6-u25_s103,6,33,140389,141629,1621187681,1635795681,14608000,1,0,,1025120,15449120,15449120,15551840,-0.006648922398168957,1,1,1,1,14276000,1,1,1,1.0,1.0,262926,hold,0,8,0,0,8,0,8,7,8978388.57142857,1,1281.4630659966929,14608000,31208000,1,persistent,1000.0,450.0,1450.0,150.0,145.87184226740604,1000.0,1281.4630659966929,0,1,281.46306599669293,0.0,99,16,29,168.53693400330712,1,
coarse-f16-h6-u25,persistent,16,6,0.25,103,confirmation_coarse-f16-h6-u25_s103,16,35,140568,141834,1623185441,1638211840,15026399,1,0,,1734719,56046561,56046561,62444321,-0.11415080400740377,1,1,1,1,14275039,1,1,1,1.0,1.0,262926,hold,0,8,0,0,8,0,8,5,11739870.756756756,1,1276.9506524479498,15026399,31208000,1,persistent,1000.0,450.0,1450.0,150.0,145.87184226740604,1000.0,1276.9506524479498,0,1,276.9506524479498,0.0,99,16,29,173.04934755205022,1,
coarse-f16-h6-u25,persistent,16,6,0.25,103,confirmation_coarse-f16-h6-u25_s103,15,46,140694,143196,1624623681,1653791681,29168000,1,0,,4453280,20524000,20524000,19380000,0.055739621906061194,0,0,1,1,28504000,2,2,2,1.0,1.0,262926,hold,0,8,0,0,8,0,8,5,14664873.846153846,1,1273.7609323988906,29168000,45832160,1,persistent,1000.0,450.0,1450.0,150.0,145.87184226740604,1000.0,1273.7609323988906,0,1,273.76093239889076,0.0,99,16,29,176.23906760110935,1,
coarse-f16-h6-u25,persistent,16,6,0.25,103,confirmation_coarse-f16-h6-u25_s103,10,21,140894,143389,1627103681,1655846561,28742880,1,0,,6325280,17301280,17301280,19369280,-0.11952872851026052,1,1,1,1,28078880,2,2,2,1.0,1.0,262926,hold,0,8,0,0,8,0,8,8,9983909.743589744,1,1274.258985723303,28742880,45832160,1,persistent,1000.0,450.0,1450.0,150.0,145.87184226740604,1000.0,1274.2589857233033,0,1,274.2589857233033,0.0,99,16,29,175.7410142766969,1,
coarse-f16-h6-u25,persistent,16,6,0.25,103,confirmation_coarse-f16-h6-u25_s103,8,22,141448,,1633678721,,,0,1,hold_exit_before_slot_completion,5870080,15457280,15457280,,,,,,,14288000,1,2,2,1.0,0.5,262926,hold,0,0,0,0,0,0,8,8,13800941.420289855,1,1277.6342866622153,29416000,45832160,1,persistent,1000.0,450.0,1450.0,150.0,145.87184226740604,1000.0,1277.6342866622156,0,1,277.6342866622156,0.0,99,16,29,172.36571333778465,0,round_censored
coarse-f16-h6-u25,persistent,16,6,0.25,103,confirmation_coarse-f16-h6-u25_s103,13,7,141591,144204,1635349121,1664492161,29143040,1,0,,0,18338720,18338720,18006720,0.018103771691808372,0,1,1,1,28479040,2,2,2,1.0,1.0,262926,hold,1,7,1,0,21,0,8,6,7908269.090909091,1,1279.102190022048,29143040,45832160,1,persistent,1000.0,450.0,1450.0,150.0,145.87184226740604,1000.0,1279.1021900220483,0,1,279.10219002204826,0.0,99,16,29,170.89780997795197,1,
coarse-f16-h6-u25,persistent,16,6,0.25,103,confirmation_coarse-f16-h6-u25_s103,6,34,141629,142893,1635795681,1650349441,14553760,1,0,,1913280,15551840,15551840,8372000,0.4616714163725964,0,0,0,0,0,0,1,1,1.0,0.0,262926,hold,0,8,0,0,8,0,7,6,8806034.871794872,1,1265.64676545437,14553760,30372960,1,persistent,1000.0,450.0,1450.0,150.0,145.87184226740604,1000.0,1265.6467654543703,0,1,265.64676545437027,0.0,99,16,29,184.3532345456299,1,
coarse-f16-h6-u25,persistent,16,6,0.25,103,confirmation_coarse-f16-h6-u25_s103,3,14,141746,,1637165441,,,0,1,observation_end_right_censored,8033280,14612000,14612000,,,,,,,28216000,2,2,2,1.0,1.0,262926,hold,0,4,0,0,4,0,8,6,11674964.210526315,1,1278.0220020925553,43620000,59433120,1,persistent,1000.0,450.0,1450.0,150.0,145.87184226740604,1000.0,1278.0220020925553,0,1,278.0220020925554,0.0,99,16,29,171.97799790744466,0,round_censored
coarse-f16-h6-u25,persistent,16,6,0.25,103,confirmation_coarse-f16-h6-u25_s103,16,36,141834,143160,1638211840,1653453120,15241280,1,0,,172000,62444321,62444321,53834400,0.13788156972673304,0,0,0,0,14577280,1,1,1,1.0,1.0,262926,hold,0,8,0,0,8,0,8,5,13100804.45945946,1,1275.3543577223086,15241280,30372960,1,persistent,1000.0,450.0,1450.0,150.0,145.87184226740604,1000.0,1275.3543577223086,0,1,275.3543577223087,0.0,99,16,29,174.64564227769142,1,
coarse-f16-h6-u25,persistent,16,6,0.25,103,confirmation_coarse-f16-h6-u25_s103,14,48,141974,,1639874721,,,0,1,observation_end_right_censored,5957280,14770080,14770080,,,,,,,14452000,1,1,1,1.0,1.0,262926,hold,0,5,0,0,5,0,8,5,13482138.666666666,1,1278.8873442658696,29084000,44825120,1,persistent,1000.0,450.0,1450.0,150.0,145.87184226740604,1000.0,1278.8873442658696,0,1,278.88734426586956,0.0,99,16,29,171.11265573413039,0,round_censored
coarse-f16-h6-u25,persistent,16,6,0.25,103,confirmation_coarse-f16-h6-u25_s103,2,54,142664,,1647743840,,,0,1,observation_end_right_censored,589280,54326399,54326399,,,,,,,14297280,1,1,1,1.0,1.0,262926,hold,1,7,0,0,10,0,8,6,15130076.409090908,1,1274.1680700041813,29084000,44825120,1,persistent,1000.0,450.0,1450.0,150.0,145.87184226740604,1000.0,1274.1680700041811,0,1,274.1680700041812,0.0,99,16,29,175.83192999581865,0,round_censored
coarse-f16-h6-u25,persistent,16,6,0.25,103,confirmation_coarse-f16-h6-u25_s103,7,29,142779,,1649002721,,,0,1,observation_end_right_censored,3033280,62052000,62052000,,,,,,,14656000,1,1,1,1.0,1.0,262926,hold,1,7,0,0,18,0,8,8,9864880.0,1,1272.6083629688464,28884000,44825120,1,persistent,1000.0,450.0,1450.0,150.0,145.87184226740604,1000.0,1272.6083629688464,0,1,272.6083629688464,0.0,99,16,29,177.39163703115355,0,round_censored
coarse-f16-h6-u25,persistent,16,6,0.25,103,confirmation_coarse-f16-h6-u25_s103,4,29,143076,144486,1652534401,1667474401,14940000,1,0,,121439,15403841,15403841,20178400,-0.30995899009863837,1,1,1,1,14276000,1,1,1,1.0,1.0,262926,hold,0,8,0,0,8,0,8,4,11414470.767441861,1,1273.0324318052815,14940000,30805761,1,persistent,1000.0,450.0,1450.0,150.0,145.87184226740604,1000.0,1273.0324318052815,0,1,273.03243180528153,0.0,99,16,29,176.96756819471852,1,
coarse-f16-h6-u25,persistent,16,6,0.25,103,confirmation_coarse-f16-h6-u25_s103,16,37,143160,,1653453120,,,0,1,observation_end_right_censored,0,53834400,53834400,,,,,,,0,0,0,0,,,262926,hold,0,0,0,0,0,0,0,0,12248856.405405406,1,1278.6719446148566,15564481,29981280,1,persistent,1000.0,450.0,1450.0,150.0,145.87184226740604,1000.0,1278.6719446148566,0,1,278.67194461485667,0.0,99,16,29,171.32805538514344,0,round_censored
coarse-f16-h6-u25,persistent,16,6,0.25,103,confirmation_coarse-f16-h6-u25_s103,15,47,143196,144561,1653791681,1668319681,14528000,1,0,,2729280,19380000,19380000,20792000,-0.07285861713106295,1,1,1,1,14076000,1,1,1,1.0,1.0,262926,hold,0,8,0,0,8,0,8,5,13738669.714285715,1,1279.888268045636,14528000,29981280,1,persistent,1000.0,450.0,1450.0,150.0,145.87184226740604,1000.0,1279.8882680456363,0,1,279.8882680456362,0.0,99,16,29,170.1117319543639,1,
coarse-f16-h6-u25,persistent,16,6,0.25,103,confirmation_coarse-f16-h6-u25_s103,10,22,143389,,1655846561,,,0,1,observation_end_right_censored,332000,19369280,19369280,,,,,,,0,0,0,0,,,262926,hold,0,0,0,0,0,0,0,0,7925837.810810811,1,1284.7198409457067,14528000,29981280,1,persistent,1000.0,450.0,1450.0,150.0,145.87184226740604,1000.0,1284.7198409457067,0,1,284.7198409457067,0.0,99,16,29,165.28015905429334,0,round_censored
coarse-f16-h6-u25,persistent,16,6,0.25,103,confirmation_coarse-f16-h6-u25_s103,11,41,143788,,1659907681,,,0,1,observation_end_right_censored,4232160,26936960,26936960,,,,,,,0,0,0,0,,,262926,hold,0,0,0,0,0,0,0,0,16724948.57142857,1,1286.43572832585,14380000,29981280,1,persistent,1000.0,450.0,1450.0,150.0,145.87184226740604,1000.0,1286.43572832585,0,1,286.43572832585005,0.0,99,16,29,163.56427167414995,0,round_censored
coarse-f16-h6-u25,persistent,16,6,0.25,103,confirmation_coarse-f16-h6-u25_s103,13,8,144204,,1664492161,,,0,1,observation_end_right_censored,1840320,18006720,18006720,,,,,,,0,0,0,0,,,262926,hold,1,0,0,0,0,0,0,0,5137664.0,1,1286.0591275426043,14380000,29981280,1,persistent,1000.0,450.0,1450.0,150.0,145.87184226740604,1000.0,1286.0591275426043,0,1,286.0591275426043,0.0,99,16,29,163.9408724573957,0,round_censored
coarse-f16-h6-u25,persistent,16,6,0.25,103,confirmation_coarse-f16-h6-u25_s103,4,30,144486,,1667474401,,,0,1,observation_end_right_censored,253280,20178400,20178400,,,,,,,0,0,0,0,,,262926,hold,1,0,0,0,0,0,0,0,8205973.333333333,1,1285.1383351562165,14380000,15564481,1,persistent,1000.0,450.0,1450.0,150.0,145.87184226740604,1000.0,1285.1383351562165,0,1,285.13833515621644,0.0,99,16,29,164.8616648437835,0,round_censored
